"1"$"Cent. I, 81"$"https://online-service.nuernberg.de/viewer/api/v1/records/07063589/manifest/"$"https://nbn-resolving.de/urn:nbn:de:bvb:75-20221128101219"$"https://online-service.nuernberg.de/viewer/api/v1/records/07063589/files/images/75_cent_i_81_007.tif/full/!400,400/0/default.jpg"$"Komplett"$"Original"$"Standard"$"Einzelseite"$"26.02.2021"$"2022"$"Stadtbibliothek im Bildungscampus Nürnberg"$"https://d-nb.info/gnd/107529195X"$"Nürnberg"$"https://d-nb.info/gnd/4042742-0"$"Stadtbibliothek im Bildungscampus Nürnberg"$"https://d-nb.info/gnd/107529195X"$"Nürnberg"$"https://d-nb.info/gnd/4042742-0"
"2"$"Cent. II, 51"$"https://online-service.nuernberg.de/viewer/api/v1/records/07063590/manifest/"$"https://nbn-resolving.de/urn:nbn:de:bvb:75-20221128101241"$"https://online-service.nuernberg.de/viewer/api/v1/records/07063590/files/images/75_cent_ii_51_007.tif/full/!400,400/0/default.jpg"$"Komplett"$"Original"$"Standard"$"Einzelseite"$"10.10.2019"$"2022"$"Stadtbibliothek im Bildungscampus Nürnberg"$"https://d-nb.info/gnd/107529195X"$"Nürnberg"$"https://d-nb.info/gnd/4042742-0"$"Stadtbibliothek im Bildungscampus Nürnberg"$"https://d-nb.info/gnd/107529195X"$"Nürnberg"$"https://d-nb.info/gnd/4042742-0"
"3"$"Cent. II, 32"$"https://online-service.nuernberg.de/viewer/api/v1/records/07063591/manifest/"$"https://nbn-resolving.de/urn:nbn:de:bvb:75-20221128101221"$"https://online-service.nuernberg.de/viewer/api/v1/records/07063591/files/images/75_cent_ii_32_011.tif/full/!400,400/0/default.jpg"$"Komplett"$"Original"$"Standard"$"Einzelseite"$"10.12.2019"$"2022"$"Stadtbibliothek im Bildungscampus Nürnberg"$"https://d-nb.info/gnd/107529195X"$"Nürnberg"$"https://d-nb.info/gnd/4042742-0"$"Stadtbibliothek im Bildungscampus Nürnberg"$"https://d-nb.info/gnd/107529195X"$"Nürnberg"$"https://d-nb.info/gnd/4042742-0"
"4"$"Cent. III, 25"$"https://online-service.nuernberg.de/viewer/api/v1/records/07064428/manifest/"$"https://nbn-resolving.de/urn:nbn:de:bvb:75-20221128101222"$"https://online-service.nuernberg.de/viewer/api/v1/records/07064428/files/images/75_cent_iii_25_015.tif/full/!400,400/0/default.jpg"$"Komplett"$"Original"$"Standard"$"Einzelseite"$"12.10.2021"$"2022"$"Stadtbibliothek im Bildungscampus Nürnberg"$"https://d-nb.info/gnd/107529195X"$"Nürnberg"$"https://d-nb.info/gnd/4042742-0"$"Stadtbibliothek im Bildungscampus Nürnberg"$"https://d-nb.info/gnd/107529195X"$"Nürnberg"$"https://d-nb.info/gnd/4042742-0"
"5"$"Cent. IV, 4"$"https://online-service.nuernberg.de/viewer/api/v1/records/07064433/manifest/"$"https://nbn-resolving.de/urn:nbn:de:bvb:75-20221128101224"$"https://online-service.nuernberg.de/viewer/api/v1/records/07064433/files/images/75_cent_iv_4_0029.tif/full/!400,400/0/default.jpg"$"Komplett"$"Original"$"Standard"$"Einzelseite"$"24.08.2017"$"2022"$"Stadtbibliothek im Bildungscampus Nürnberg"$"https://d-nb.info/gnd/107529195X"$"Nürnberg"$"https://d-nb.info/gnd/4042742-0"$"Stadtbibliothek im Bildungscampus Nürnberg"$"https://d-nb.info/gnd/107529195X"$"Nürnberg"$"https://d-nb.info/gnd/4042742-0"
"6"$"Cent. IV, 5"$"https://online-service.nuernberg.de/viewer/api/v1/records/07069238/manifest/"$"https://nbn-resolving.de/urn:nbn:de:bvb:75-20221128101225"$"https://online-service.nuernberg.de/viewer/api/v1/records/07069238/files/images/75_cent_iv_5_005.tif/full/!400,400/0/default.jpg"$"Komplett"$"Original"$"Standard"$"Einzelseite"$"26.09.2019"$"2022"$"Stadtbibliothek im Bildungscampus Nürnberg"$"https://d-nb.info/gnd/107529195X"$"Nürnberg"$"https://d-nb.info/gnd/4042742-0"$"Stadtbibliothek im Bildungscampus Nürnberg"$"https://d-nb.info/gnd/107529195X"$"Nürnberg"$"https://d-nb.info/gnd/4042742-0"
"7"$"Cent. IV, 31"$"https://online-service.nuernberg.de/viewer/api/v1/records/07069239/manifest/"$"https://nbn-resolving.de/urn:nbn:de:bvb:75-20221128101227"$"https://online-service.nuernberg.de/viewer/api/v1/records/07069239/files/images/75_cent_iv_31_009.tif/full/!400,400/0/default.jpg"$"Komplett"$"Original"$"Standard"$"Einzelseite"$"11.03.2020"$"2022"$"Stadtbibliothek im Bildungscampus Nürnberg"$"https://d-nb.info/gnd/107529195X"$"Nürnberg"$"https://d-nb.info/gnd/4042742-0"$"Stadtbibliothek im Bildungscampus Nürnberg"$"https://d-nb.info/gnd/107529195X"$"Nürnberg"$"https://d-nb.info/gnd/4042742-0"
"8"$"Cent. IV, 32"$"https://online-service.nuernberg.de/viewer/api/v1/records/07069341/manifest/"$"https://nbn-resolving.de/urn:nbn:de:bvb:75-20221128101228"$"https://online-service.nuernberg.de/viewer/api/v1/records/07069341/files/images/75_cent_iv_32_005.tif/full/!400,400/0/default.jpg"$"Komplett"$"Original"$"Standard"$"Einzelseite"$"10.06.2022"$"2022"$"Stadtbibliothek im Bildungscampus Nürnberg"$"https://d-nb.info/gnd/107529195X"$"Nürnberg"$"https://d-nb.info/gnd/4042742-0"$"Stadtbibliothek im Bildungscampus Nürnberg"$"https://d-nb.info/gnd/107529195X"$"Nürnberg"$"https://d-nb.info/gnd/4042742-0"
"9"$"Cent. IV, 37"$"https://online-service.nuernberg.de/viewer/api/v1/records/07069342/manifest/"$"https://nbn-resolving.de/urn:nbn:de:bvb:75-20221128101230"$"https://online-service.nuernberg.de/viewer/api/v1/records/07069342/files/images/75_cent_iv_37_003.tif/full/!400,400/0/default.jpg"$"Komplett"$"Original"$"Standard"$"Einzelseite"$"17.10.2019"$"2022"$"Stadtbibliothek im Bildungscampus Nürnberg"$"https://d-nb.info/gnd/107529195X"$"Nürnberg"$"https://d-nb.info/gnd/4042742-0"$"Stadtbibliothek im Bildungscampus Nürnberg"$"https://d-nb.info/gnd/107529195X"$"Nürnberg"$"https://d-nb.info/gnd/4042742-0"
"10"$"Cent. IV, 43"$"https://online-service.nuernberg.de/viewer/api/v1/records/07072715/manifest/"$"https://nbn-resolving.de/urn:nbn:de:bvb:75-20221128101232"$"https://online-service.nuernberg.de/viewer/api/v1/records/07072715/files/images/75_cent_iv_43_005.tif/full/!400,400/0/default.jpg"$"Komplett"$"Original"$"Standard"$"Einzelseite"$"10.01.2020"$"2022"$"Stadtbibliothek im Bildungscampus Nürnberg"$"https://d-nb.info/gnd/107529195X"$"Nürnberg"$"https://d-nb.info/gnd/4042742-0"$"Stadtbibliothek im Bildungscampus Nürnberg"$"https://d-nb.info/gnd/107529195X"$"Nürnberg"$"https://d-nb.info/gnd/4042742-0"
"11"$"Cent. IV, 44"$"https://online-service.nuernberg.de/viewer/api/v1/records/07072743/manifest/"$"https://nbn-resolving.de/urn:nbn:de:bvb:75-20221128101233"$"https://online-service.nuernberg.de/viewer/api/v1/records/07072743/files/images/75_cent_iv_44_003.tif/full/!400,400/0/default.jpg"$"Komplett"$"Original"$"Standard"$"Einzelseite"$"16.04.2020"$"2022"$"Stadtbibliothek im Bildungscampus Nürnberg"$"https://d-nb.info/gnd/107529195X"$"Nürnberg"$"https://d-nb.info/gnd/4042742-0"$"Stadtbibliothek im Bildungscampus Nürnberg"$"https://d-nb.info/gnd/107529195X"$"Nürnberg"$"https://d-nb.info/gnd/4042742-0"
"12"$"Cent. V, 10a"$"https://online-service.nuernberg.de/viewer/api/v1/records/07072744/manifest/"$"https://nbn-resolving.de/urn:nbn:de:bvb:75-20221128101235"$"https://online-service.nuernberg.de/viewer/api/v1/records/07072744/files/images/75_cent_v_10a_011.tif/full/!400,400/0/default.jpg"$"Komplett"$"Original"$"Standard"$"Einzelseite"$"03.06.2022"$"2022"$"Stadtbibliothek im Bildungscampus Nürnberg"$"https://d-nb.info/gnd/107529195X"$"Nürnberg"$"https://d-nb.info/gnd/4042742-0"$"Stadtbibliothek im Bildungscampus Nürnberg"$"https://d-nb.info/gnd/107529195X"$"Nürnberg"$"https://d-nb.info/gnd/4042742-0"
"13"$"Cent. V, 68"$"https://online-service.nuernberg.de/viewer/api/v1/records/07072747/manifest/"$"https://nbn-resolving.de/urn:nbn:de:bvb:75-20221128101236"$"https://online-service.nuernberg.de/viewer/api/v1/records/07072747/files/images/75_cent_v_68_0011.tif/full/!400,400/0/default.jpg"$"Komplett"$"Original"$"Standard"$"Einzelseite"$"10.12.2019"$"2022"$"Stadtbibliothek im Bildungscampus Nürnberg"$"https://d-nb.info/gnd/107529195X"$"Nürnberg"$"https://d-nb.info/gnd/4042742-0"$"Stadtbibliothek im Bildungscampus Nürnberg"$"https://d-nb.info/gnd/107529195X"$"Nürnberg"$"https://d-nb.info/gnd/4042742-0"
"14"$"Cent. V, App. 34a"$"https://online-service.nuernberg.de/viewer/api/v1/records/07072761/manifest/"$"https://nbn-resolving.de/urn:nbn:de:bvb:75-20221128101339"$"https://online-service.nuernberg.de/viewer/api/v1/records/07072761/files/images/75_cent_v_app_34a_007.tif/full/!400,400/0/default.jpg"$"Komplett"$"Original"$"Standard"$"Einzelseite"$"16.11.2022"$"2022"$"Stadtbibliothek im Bildungscampus Nürnberg"$"https://d-nb.info/gnd/107529195X"$"Nürnberg"$"https://d-nb.info/gnd/4042742-0"$"Stadtbibliothek im Bildungscampus Nürnberg"$"https://d-nb.info/gnd/107529195X"$"Nürnberg"$"https://d-nb.info/gnd/4042742-0"
"15"$"Cent. V, App. 56c"$"https://online-service.nuernberg.de/viewer/api/v1/records/07072774/manifest/"$"https://nbn-resolving.de/urn:nbn:de:bvb:75-20221128101242"$"https://online-service.nuernberg.de/viewer/api/v1/records/07072774/files/images/75_cent_v_app_56c_e001.tif/full/!400,400/0/default.jpg"$"Komplett"$"Original"$"Standard"$"Einzelseite"$"16.11.2022"$"2022"$"Stadtbibliothek im Bildungscampus Nürnberg"$"https://d-nb.info/gnd/107529195X"$"Nürnberg"$"https://d-nb.info/gnd/4042742-0"$"Stadtbibliothek im Bildungscampus Nürnberg"$"https://d-nb.info/gnd/107529195X"$"Nürnberg"$"https://d-nb.info/gnd/4042742-0"
"16"$"Cent. V, App. 81"$"https://online-service.nuernberg.de/viewer/api/v1/records/07072777/manifest/"$"https://nbn-resolving.de/urn:nbn:de:bvb:75-20221128101238"$"https://online-service.nuernberg.de/viewer/api/v1/records/07072777/files/images/75_cent_v_app_81_007.tif/full/!400,400/0/default.jpg"$"Komplett"$"Original"$"Standard"$"Einzelseite"$"05.08.2020"$"2022"$"Stadtbibliothek im Bildungscampus Nürnberg"$"https://d-nb.info/gnd/107529195X"$"Nürnberg"$"https://d-nb.info/gnd/4042742-0"$"Stadtbibliothek im Bildungscampus Nürnberg"$"https://d-nb.info/gnd/107529195X"$"Nürnberg"$"https://d-nb.info/gnd/4042742-0"
"17"$"Cent. V, App. 96"$"https://online-service.nuernberg.de/viewer/api/v1/records/07072787/manifest/"$"https://nbn-resolving.de/urn:nbn:de:bvb:75-20221128101239"$"https://online-service.nuernberg.de/viewer/api/v1/records/07072787/files/images/75_cent_v_app_96_003.tif/full/!400,400/0/default.jpg"$"Komplett"$"Original"$"Standard"$"Einzelseite"$"06.02.2020"$"2022"$"Stadtbibliothek im Bildungscampus Nürnberg"$"https://d-nb.info/gnd/107529195X"$"Nürnberg"$"https://d-nb.info/gnd/4042742-0"$"Stadtbibliothek im Bildungscampus Nürnberg"$"https://d-nb.info/gnd/107529195X"$"Nürnberg"$"https://d-nb.info/gnd/4042742-0"
"18"$"Cent. V, App. 43b"$"https://online-service.nuernberg.de/viewer/api/v1/records/07072792/manifest/"$"https://nbn-resolving.de/urn:nbn:de:bvb:75-20221128101338"$"https://online-service.nuernberg.de/viewer/api/v1/records/07072792/files/images/75_cent_v_app_43b_015.tif/full/!400,400/0/default.jpg"$"Komplett"$"Original"$"Standard"$"Einzelseite"$"16.11.2022"$"2022"$"Stadtbibliothek im Bildungscampus Nürnberg"$"https://d-nb.info/gnd/107529195X"$"Nürnberg"$"https://d-nb.info/gnd/4042742-0"$"Stadtbibliothek im Bildungscampus Nürnberg"$"https://d-nb.info/gnd/107529195X"$"Nürnberg"$"https://d-nb.info/gnd/4042742-0"
"19"$"Cent. V, App. 99"$"https://online-service.nuernberg.de/viewer/api/v1/records/07074973/manifest/"$"https://nbn-resolving.de/urn:nbn:de:bvb:75-20221128101252"$"https://online-service.nuernberg.de/viewer/api/v1/records/07074973/files/images/75_cent_v_app_99_005.tif/full/!400,400/0/default.jpg"$"Komplett"$"Original"$"Standard"$"Einzelseite"$"12.11.2021"$"2022"$"Stadtbibliothek im Bildungscampus Nürnberg"$"https://d-nb.info/gnd/107529195X"$"Nürnberg"$"https://d-nb.info/gnd/4042742-0"$"Stadtbibliothek im Bildungscampus Nürnberg"$"https://d-nb.info/gnd/107529195X"$"Nürnberg"$"https://d-nb.info/gnd/4042742-0"
"20"$"Cent. VI, 43d"$"https://online-service.nuernberg.de/viewer/api/v1/records/07074977/manifest/"$"https://nbn-resolving.de/urn:nbn:de:bvb:75-20221128101253"$"https://online-service.nuernberg.de/viewer/api/v1/records/07074977/files/images/75_cent_vi_43d_015.tif/full/!400,400/0/default.jpg"$"Komplett"$"Original"$"Standard"$"Einzelseite"$"06.05.2020"$"2022"$"Stadtbibliothek im Bildungscampus Nürnberg"$"https://d-nb.info/gnd/107529195X"$"Nürnberg"$"https://d-nb.info/gnd/4042742-0"$"Stadtbibliothek im Bildungscampus Nürnberg"$"https://d-nb.info/gnd/107529195X"$"Nürnberg"$"https://d-nb.info/gnd/4042742-0"
"21"$"Cent. VI, 43g"$"https://online-service.nuernberg.de/viewer/api/v1/records/07074982/manifest/"$"https://nbn-resolving.de/urn:nbn:de:bvb:75-20221128101255"$"https://online-service.nuernberg.de/viewer/api/v1/records/07074982/files/images/75_cent_vi_43_g_005.tif/full/!400,400/0/default.jpg"$"Komplett"$"Original"$"Standard"$"Einzelseite"$"16.01.2020"$"2022"$"Stadtbibliothek im Bildungscampus Nürnberg"$"https://d-nb.info/gnd/107529195X"$"Nürnberg"$"https://d-nb.info/gnd/4042742-0"$"Stadtbibliothek im Bildungscampus Nürnberg"$"https://d-nb.info/gnd/107529195X"$"Nürnberg"$"https://d-nb.info/gnd/4042742-0"
"22"$"Cent. VI, 43o"$"https://online-service.nuernberg.de/viewer/api/v1/records/07074984/manifest/"$"https://nbn-resolving.de/urn:nbn:de:bvb:75-20221128101256"$"https://online-service.nuernberg.de/viewer/api/v1/records/07074984/files/images/75_cent_vi_43_o_005.tif/full/!400,400/0/default.jpg"$"Komplett"$"Original"$"Standard"$"Einzelseite"$"01.09.2021"$"2022"$"Stadtbibliothek im Bildungscampus Nürnberg"$"https://d-nb.info/gnd/107529195X"$"Nürnberg"$"https://d-nb.info/gnd/4042742-0"$"Stadtbibliothek im Bildungscampus Nürnberg"$"https://d-nb.info/gnd/107529195X"$"Nürnberg"$"https://d-nb.info/gnd/4042742-0"
"23"$"Cent. VI, 43p"$"https://online-service.nuernberg.de/viewer/api/v1/records/07074986/manifest/"$"https://nbn-resolving.de/urn:nbn:de:bvb:75-20221128101257"$"https://online-service.nuernberg.de/viewer/api/v1/records/07074986/files/images/75_cent_vi_43p_003.tif/full/!400,400/0/default.jpg"$"Komplett"$"Original"$"Standard"$"Einzelseite"$"27.01.2021"$"2022"$"Stadtbibliothek im Bildungscampus Nürnberg"$"https://d-nb.info/gnd/107529195X"$"Nürnberg"$"https://d-nb.info/gnd/4042742-0"$"Stadtbibliothek im Bildungscampus Nürnberg"$"https://d-nb.info/gnd/107529195X"$"Nürnberg"$"https://d-nb.info/gnd/4042742-0"
"24"$"Cent. VI, 43l"$"https://online-service.nuernberg.de/viewer/api/v1/records/07075187/manifest/"$"https://nbn-resolving.de/urn:nbn:de:bvb:75-20221128101259"$"https://online-service.nuernberg.de/viewer/api/v1/records/07075187/files/images/75_cent_vi_43_l_005.tif/full/!400,400/0/default.jpg"$"Komplett"$"Original"$"Standard"$"Einzelseite"$"16.01.2020"$"2022"$"Stadtbibliothek im Bildungscampus Nürnberg"$"https://d-nb.info/gnd/107529195X"$"Nürnberg"$"https://d-nb.info/gnd/4042742-0"$"Stadtbibliothek im Bildungscampus Nürnberg"$"https://d-nb.info/gnd/107529195X"$"Nürnberg"$"https://d-nb.info/gnd/4042742-0"
"25"$"Cent. VI, 46h"$"https://online-service.nuernberg.de/viewer/api/v1/records/07075377/manifest/"$"https://nbn-resolving.de/urn:nbn:de:bvb:75-20221128101300"$"https://online-service.nuernberg.de/viewer/api/v1/records/07075377/files/images/75_cent_vi_46h_009.tif/full/!400,400/0/default.jpg"$"Komplett"$"Original"$"Standard"$"Einzelseite"$"12.12.2019"$"2022"$"Stadtbibliothek im Bildungscampus Nürnberg"$"https://d-nb.info/gnd/107529195X"$"Nürnberg"$"https://d-nb.info/gnd/4042742-0"$"Stadtbibliothek im Bildungscampus Nürnberg"$"https://d-nb.info/gnd/107529195X"$"Nürnberg"$"https://d-nb.info/gnd/4042742-0"
"26"$"Cent. VII, 81"$"https://online-service.nuernberg.de/viewer/api/v1/records/07075474/manifest/"$"https://nbn-resolving.de/urn:nbn:de:bvb:75-20221128101304"$"https://online-service.nuernberg.de/viewer/api/v1/records/07075474/files/images/75_cent_vii_81_0007.tif/full/!400,400/0/default.jpg"$"Komplett"$"Original"$"Standard"$"Einzelseite"$"05.11.2022"$"2022"$"Stadtbibliothek im Bildungscampus Nürnberg"$"https://d-nb.info/gnd/107529195X"$"Nürnberg"$"https://d-nb.info/gnd/4042742-0"$"Stadtbibliothek im Bildungscampus Nürnberg"$"https://d-nb.info/gnd/107529195X"$"Nürnberg"$"https://d-nb.info/gnd/4042742-0"
"27"$"Cent. VIII, 16"$"https://online-service.nuernberg.de/viewer/api/v1/records/07075475/manifest/"$"https://nbn-resolving.de/urn:nbn:de:bvb:75-20221128101303"$"https://online-service.nuernberg.de/viewer/api/v1/records/07075475/files/images/75_cent_viii_16_003.tif/full/!400,400/0/default.jpg"$"Komplett"$"Original"$"Standard"$"Einzelseite"$"04.11.2020"$"2022"$"Stadtbibliothek im Bildungscampus Nürnberg"$"https://d-nb.info/gnd/107529195X"$"Nürnberg"$"https://d-nb.info/gnd/4042742-0"$"Stadtbibliothek im Bildungscampus Nürnberg"$"https://d-nb.info/gnd/107529195X"$"Nürnberg"$"https://d-nb.info/gnd/4042742-0"
"28"$"Cent. VIII, 19"$"https://online-service.nuernberg.de/viewer/api/v1/records/07075651/manifest/"$"https://nbn-resolving.de/urn:nbn:de:bvb:75-20221128101306"$"https://online-service.nuernberg.de/viewer/api/v1/records/07075651/files/images/75_cent_viii_19_005.tif/full/!400,400/0/default.jpg"$"Komplett"$"Original"$"Standard"$"Einzelseite"$"04.12.2020"$"2022"$"Stadtbibliothek im Bildungscampus Nürnberg"$"https://d-nb.info/gnd/107529195X"$"Nürnberg"$"https://d-nb.info/gnd/4042742-0"$"Stadtbibliothek im Bildungscampus Nürnberg"$"https://d-nb.info/gnd/107529195X"$"Nürnberg"$"https://d-nb.info/gnd/4042742-0"
"29"$"Cent. VII, 38"$"https://online-service.nuernberg.de/viewer/api/v1/records/07075994/manifest/"$"https://nbn-resolving.de/urn:nbn:de:bvb:75-20221128101321"$"https://online-service.nuernberg.de/viewer/api/v1/records/07075994/files/images/75_cent_vii_38_015.tif/full/!400,400/0/default.jpg"$"Komplett"$"Original"$"Standard"$"Einzelseite"$"09.11.2022"$"2022"$"Stadtbibliothek im Bildungscampus Nürnberg"$"https://d-nb.info/gnd/107529195X"$"Nürnberg"$"https://d-nb.info/gnd/4042742-0"$"Stadtbibliothek im Bildungscampus Nürnberg"$"https://d-nb.info/gnd/107529195X"$"Nürnberg"$"https://d-nb.info/gnd/4042742-0"
"30"$"Solg. Ms. 15.2°"$"https://online-service.nuernberg.de/viewer/api/v1/records/07076013/manifest/"$"https://nbn-resolving.de/urn:nbn:de:bvb:75-20221128101323"$"https://online-service.nuernberg.de/viewer/api/v1/records/07076013/files/images/75_solg_ms_2_15_0005.tif/full/!400,400/0/default.jpg"$"Komplett"$"Original"$"Standard"$"Einzelseite"$"10.12.2019"$"2022"$"Stadtbibliothek im Bildungscampus Nürnberg"$"https://d-nb.info/gnd/107529195X"$"Nürnberg"$"https://d-nb.info/gnd/4042742-0"$"Stadtbibliothek im Bildungscampus Nürnberg"$"https://d-nb.info/gnd/107529195X"$"Nürnberg"$"https://d-nb.info/gnd/4042742-0"
"31"$"Solg. Ms. 2.4°"$"https://online-service.nuernberg.de/viewer/api/v1/records/07076314/manifest/"$"https://nbn-resolving.de/urn:nbn:de:bvb:75-20221128101332"$"https://online-service.nuernberg.de/viewer/api/v1/records/07076314/files/images/75_solg_ms_4_2_005.tif/full/!400,400/0/default.jpg"$"Komplett"$"Original"$"Standard"$"Einzelseite"$"04.06.2019"$"2022"$"Stadtbibliothek im Bildungscampus Nürnberg"$"https://d-nb.info/gnd/107529195X"$"Nürnberg"$"https://d-nb.info/gnd/4042742-0"$"Stadtbibliothek im Bildungscampus Nürnberg"$"https://d-nb.info/gnd/107529195X"$"Nürnberg"$"https://d-nb.info/gnd/4042742-0"
"32"$"Cent. V, App. 40"$"https://online-service.nuernberg.de/viewer/api/v1/records/07077144/manifest/"$"https://nbn-resolving.de/urn:nbn:de:bvb:75-20221128101335"$"https://online-service.nuernberg.de/viewer/api/v1/records/07077144/files/images/75_cent_v_app_40_013.tif/full/!400,400/0/default.jpg"$"Komplett"$"Original"$"Standard"$"Einzelseite"$"13.12.2019"$"2022"$"Stadtbibliothek im Bildungscampus Nürnberg"$"https://d-nb.info/gnd/107529195X"$"Nürnberg"$"https://d-nb.info/gnd/4042742-0"$"Stadtbibliothek im Bildungscampus Nürnberg"$"https://d-nb.info/gnd/107529195X"$"Nürnberg"$"https://d-nb.info/gnd/4042742-0"
"33"$"Cent. II, 98"$"https://online-service.nuernberg.de/viewer/api/v1/records/07077145/manifest/"$"https://nbn-resolving.de/urn:nbn:de:bvb:75-20221128101336"$"https://online-service.nuernberg.de/viewer/api/v1/records/07077145/files/images/75_cent_ii_98_003.tif/full/!400,400/0/default.jpg"$"Komplett"$"Original"$"Standard"$"Einzelseite"$"28.04.2021"$"2022"$"Stadtbibliothek im Bildungscampus Nürnberg"$"https://d-nb.info/gnd/107529195X"$"Nürnberg"$"https://d-nb.info/gnd/4042742-0"$"Stadtbibliothek im Bildungscampus Nürnberg"$"https://d-nb.info/gnd/107529195X"$"Nürnberg"$"https://d-nb.info/gnd/4042742-0"
"34"$"Cent. II, 99"$"https://online-service.nuernberg.de/viewer/api/v1/records/07079711/manifest/"$"https://nbn-resolving.de/urn:nbn:de:bvb:75-20221209071847"$"https://online-service.nuernberg.de/viewer/api/v1/records/07079711/files/images/75_cent_ii_99_0003.tif/full/!400,400/0/default.jpg"$"Komplett"$"Original"$"Standard"$"Einzelseite"$"07.12.2022"$"2022"$"Stadtbibliothek im Bildungscampus Nürnberg"$"https://d-nb.info/gnd/107529195X"$"Nürnberg"$"https://d-nb.info/gnd/4042742-0"$"Stadtbibliothek im Bildungscampus Nürnberg"$"https://d-nb.info/gnd/107529195X"$"Nürnberg"$"https://d-nb.info/gnd/4042742-0"
"35"$"Amb. 526.4°"$"https://online-service.nuernberg.de/viewer/api/v1/records/07080535/manifest/"$"https://nbn-resolving.de/urn:nbn:de:bvb:75-20221222110030"$"https://online-service.nuernberg.de/viewer/api/v1/records/07080535/files/images/75_amb_4_526_011.tif/full/!400,400/0/default.jpg"$"Komplett"$"Original"$"Standard"$"Einzelseite"$"21.12.2022"$"2022"$"Stadtbibliothek im Bildungscampus Nürnberg"$"https://d-nb.info/gnd/107529195X"$"Nürnberg"$"https://d-nb.info/gnd/4042742-0"$"Stadtbibliothek im Bildungscampus Nürnberg"$"https://d-nb.info/gnd/107529195X"$"Nürnberg"$"https://d-nb.info/gnd/4042742-0"
"36"$"Cent. V, 21"$"https://online-service.nuernberg.de/viewer/api/v1/records/07080537/manifest/"$"https://nbn-resolving.de/urn:nbn:de:bvb:75-20221222121330"$"https://online-service.nuernberg.de/viewer/api/v1/records/07080537/files/images/75_cent_v_21_007.tif/full/!400,400/0/default.jpg"$"Komplett"$"Original"$"Standard"$"Einzelseite"$"21.12.2017"$"2022"$"Stadtbibliothek im Bildungscampus Nürnberg"$"https://d-nb.info/gnd/107529195X"$"Nürnberg"$"https://d-nb.info/gnd/4042742-0"$"Stadtbibliothek im Bildungscampus Nürnberg"$"https://d-nb.info/gnd/107529195X"$"Nürnberg"$"https://d-nb.info/gnd/4042742-0"
"37"$"Cent. V, 45"$"https://online-service.nuernberg.de/viewer/api/v1/records/07080546/manifest/"$"https://nbn-resolving.de/urn:nbn:de:bvb:75-20221222123311"$"https://online-service.nuernberg.de/viewer/api/v1/records/07080546/files/images/75_cent_v_45_003.tif/full/!400,400/0/default.jpg"$"Komplett"$"Original"$"Standard"$"Einzelseite"$"07.01.2020"$"2022"$"Stadtbibliothek im Bildungscampus Nürnberg"$"https://d-nb.info/gnd/107529195X"$"Nürnberg"$"https://d-nb.info/gnd/4042742-0"$"Stadtbibliothek im Bildungscampus Nürnberg"$"https://d-nb.info/gnd/107529195X"$"Nürnberg"$"https://d-nb.info/gnd/4042742-0"
"38"$"Cent. VI, 61"$"https://online-service.nuernberg.de/viewer/api/v1/records/07081060/manifest/"$"https://nbn-resolving.de/urn:nbn:de:bvb:75-20230103122522"$"https://online-service.nuernberg.de/viewer/api/v1/records/07081060/files/images/75_cent_vi_61_009.tif/full/!400,400/0/default.jpg"$"Komplett"$"Original"$"Standard"$"Einzelseite"$"13.06.2019"$"2023"$"Stadtbibliothek im Bildungscampus Nürnberg"$"https://d-nb.info/gnd/107529195X"$"Nürnberg"$"https://d-nb.info/gnd/4042742-0"$"Stadtbibliothek im Bildungscampus Nürnberg"$"https://d-nb.info/gnd/107529195X"$"Nürnberg"$"https://d-nb.info/gnd/4042742-0"
"39"$"Cent. VII, 8"$"https://online-service.nuernberg.de/viewer/api/v1/records/07081147/manifest/"$"https://nbn-resolving.de/urn:nbn:de:bvb:75-20230105065425"$"https://online-service.nuernberg.de/viewer/api/v1/records/07081147/files/images/75_cent_vii_8_003.tif/full/!400,400/0/default.jpg"$"Komplett"$"Original"$"Standard"$"Einzelseite"$"16.01.2020"$"2023"$"Stadtbibliothek im Bildungscampus Nürnberg"$"https://d-nb.info/gnd/107529195X"$"Nürnberg"$"https://d-nb.info/gnd/4042742-0"$"Stadtbibliothek im Bildungscampus Nürnberg"$"https://d-nb.info/gnd/107529195X"$"Nürnberg"$"https://d-nb.info/gnd/4042742-0"
"40"$"Cent. VII, 65"$"https://online-service.nuernberg.de/viewer/api/v1/records/07081276/manifest/"$"https://nbn-resolving.de/urn:nbn:de:bvb:75-20230109151823"$"https://online-service.nuernberg.de/viewer/api/v1/records/07081276/files/images/75_cent_vii_65_007.tif/full/!400,400/0/default.jpg"$"Komplett"$"Original"$"Standard"$"Einzelseite"$"27.01.2021"$"2023"$"Stadtbibliothek im Bildungscampus Nürnberg"$"https://d-nb.info/gnd/107529195X"$"Nürnberg"$"https://d-nb.info/gnd/4042742-0"$"Stadtbibliothek im Bildungscampus Nürnberg"$"https://d-nb.info/gnd/107529195X"$"Nürnberg"$"https://d-nb.info/gnd/4042742-0"
"41"$"Cent. VII, 66"$"https://online-service.nuernberg.de/viewer/api/v1/records/07081281/manifest/"$"https://nbn-resolving.de/urn:nbn:de:bvb:75-20230110090443"$"https://online-service.nuernberg.de/viewer/api/v1/records/07081281/files/images/75_cent_vii_66_003.tif/full/!400,400/0/default.jpg"$"Komplett"$"Original"$"Standard"$"Einzelseite"$"15.05.2020"$"2023"$"Stadtbibliothek im Bildungscampus Nürnberg"$"https://d-nb.info/gnd/107529195X"$"Nürnberg"$"https://d-nb.info/gnd/4042742-0"$"Stadtbibliothek im Bildungscampus Nürnberg"$"https://d-nb.info/gnd/107529195X"$"Nürnberg"$"https://d-nb.info/gnd/4042742-0"
"42"$"Cent. VII, 67"$"https://online-service.nuernberg.de/viewer/api/v1/records/07081282/manifest/"$"https://nbn-resolving.de/urn:nbn:de:bvb:75-20230110102603"$"https://online-service.nuernberg.de/viewer/api/v1/records/07081282/files/images/75_cent_vii_67_005.tif/full/!400,400/0/default.jpg"$"Komplett"$"Original"$"Standard"$"Einzelseite"$"31.07.2020"$"2023"$"Stadtbibliothek im Bildungscampus Nürnberg"$"https://d-nb.info/gnd/107529195X"$"Nürnberg"$"https://d-nb.info/gnd/4042742-0"$"Stadtbibliothek im Bildungscampus Nürnberg"$"https://d-nb.info/gnd/107529195X"$"Nürnberg"$"https://d-nb.info/gnd/4042742-0"
"43"$"Cent. VII, 83"$"https://online-service.nuernberg.de/viewer/api/v1/records/07081369/manifest/"$"https://nbn-resolving.de/urn:nbn:de:bvb:75-20230112095747"$"https://online-service.nuernberg.de/viewer/api/v1/records/07081369/files/images/75_cent_vii_83_003.tif/full/!400,400/0/default.jpg"$"Komplett"$"Original"$"Standard"$"Einzelseite"$"13.04.2021"$"2023"$"Stadtbibliothek im Bildungscampus Nürnberg"$"https://d-nb.info/gnd/107529195X"$"Nürnberg"$"https://d-nb.info/gnd/4042742-0"$"Stadtbibliothek im Bildungscampus Nürnberg"$"https://d-nb.info/gnd/107529195X"$"Nürnberg"$"https://d-nb.info/gnd/4042742-0"
"44"$"Will. II. 19.8°"$"https://online-service.nuernberg.de/viewer/api/v1/records/07081480/manifest/"$"https://nbn-resolving.de/urn:nbn:de:bvb:75-20230113113843"$"https://online-service.nuernberg.de/viewer/api/v1/records/07081480/files/images/75_will_ii_19_8_025.tif/full/!400,400/0/default.jpg"$"Komplett"$"Original"$"Standard"$"Einzelseite"$"27.01.2021"$"2023"$"Stadtbibliothek im Bildungscampus Nürnberg"$"https://d-nb.info/gnd/107529195X"$"Nürnberg"$"https://d-nb.info/gnd/4042742-0"$"Stadtbibliothek im Bildungscampus Nürnberg"$"https://d-nb.info/gnd/107529195X"$"Nürnberg"$"https://d-nb.info/gnd/4042742-0"
"45"$"Will. VII. 1447.8°"$"https://online-service.nuernberg.de/viewer/api/v1/records/07081592/manifest/"$"https://nbn-resolving.de/urn:nbn:de:bvb:75-20230116094142"$"https://online-service.nuernberg.de/viewer/api/v1/records/07081592/files/images/75_will_vii_1447_8_003.tif/full/!400,400/0/default.jpg"$"Komplett"$"Original"$"Standard"$"Einzelseite"$"16.04.2020"$"2023"$"Stadtbibliothek im Bildungscampus Nürnberg"$"https://d-nb.info/gnd/107529195X"$"Nürnberg"$"https://d-nb.info/gnd/4042742-0"$"Stadtbibliothek im Bildungscampus Nürnberg"$"https://d-nb.info/gnd/107529195X"$"Nürnberg"$"https://d-nb.info/gnd/4042742-0"
"46"$"Cent. VII, 12"$"https://online-service.nuernberg.de/viewer/api/v1/records/07075473/manifest/"$"https://nbn-resolving.de/urn:nbn:de:bvb:75-20240617091720"$"https://online-service.nuernberg.de/viewer/api/v1/records/07075473/files/images/75_cent_vii_12_005.tif/full/!400,400/0/default.jpg"$"Komplett"$"Original"$"Standard"$"Einzelseite"$"16.01.2020"$"2022"$"Stadtbibliothek im Bildungscampus Nürnberg"$"https://d-nb.info/gnd/107529195X"$"Nürnberg"$"https://d-nb.info/gnd/4042742-0"$"Stadtbibliothek im Bildungscampus Nürnberg"$"https://d-nb.info/gnd/107529195X"$"Nürnberg"$"https://d-nb.info/gnd/4042742-0"
"47"$"Cent. V, 2"$"https://online-service.nuernberg.de/viewer/api/v1/records/07082025/manifest/"$"https://nbn-resolving.de/urn:nbn:de:bvb:75-20230817100838"$"https://online-service.nuernberg.de/viewer/api/v1/records/07082025/files/images/75_cent_v_2_544.tif/full/!400,400/0/default.jpg"$"Komplett"$"Original"$"Standard"$"Einzelseite"$"21.12.2022"$"2023"$"Stadtbibliothek im Bildungscampus Nürnberg"$"https://d-nb.info/gnd/107529195X"$"Nürnberg"$"https://d-nb.info/gnd/4042742-0"$"Stadtbibliothek im Bildungscampus Nürnberg"$"https://d-nb.info/gnd/107529195X"$"Nürnberg"$"https://d-nb.info/gnd/4042742-0"
"48"$"Cent. VII, 20"$"https://online-service.nuernberg.de/viewer/api/v1/records/07086491/manifest/"$"https://nbn-resolving.de/urn:nbn:de:bvb:75-20230315162937"$"https://online-service.nuernberg.de/viewer/api/v1/records/07086491/files/images/75_cent_vii_20_mf_005.tif/full/!400,400/0/default.jpg"$"Komplett"$"Original"$"bitonal"$"Einzelseite"$"21.12.2022"$"2023"$"Stadtbibliothek im Bildungscampus Nürnberg"$"https://d-nb.info/gnd/107529195X"$"Nürnberg"$"https://d-nb.info/gnd/4042742-0"$"Stadtbibliothek im Bildungscampus Nürnberg"$"https://d-nb.info/gnd/107529195X"$"Nürnberg"$"https://d-nb.info/gnd/4042742-0"
"49"$"Cent. V, 50"$"https://online-service.nuernberg.de/viewer/api/v1/records/07086697/manifest/"$"https://nbn-resolving.de/urn:nbn:de:bvb:75-20230317095054"$"https://online-service.nuernberg.de/viewer/api/v1/records/07086697/files/images/75_cent_v_50_005.tif/full/!400,400/0/default.jpg"$"Komplett"$"Original"$"bitonal"$"Einzelseite"$"21.12.2022"$"2023"$"Stadtbibliothek im Bildungscampus Nürnberg"$"https://d-nb.info/gnd/107529195X"$"Nürnberg"$"https://d-nb.info/gnd/4042742-0"$"Stadtbibliothek im Bildungscampus Nürnberg"$"https://d-nb.info/gnd/107529195X"$"Nürnberg"$"https://d-nb.info/gnd/4042742-0"
"50"$"Cent. VI, 5"$"https://online-service.nuernberg.de/viewer/api/v1/records/07086698/manifest/"$"https://nbn-resolving.de/urn:nbn:de:bvb:75-20230317102029"$"https://online-service.nuernberg.de/viewer/api/v1/records/07086698/files/images/75_cent_vi_5_013.tif/full/!400,400/0/default.jpg"$"Komplett"$"Original"$"bitonal"$"Einzelseite"$"21.12.2022"$"2023"$"Stadtbibliothek im Bildungscampus Nürnberg"$"https://d-nb.info/gnd/107529195X"$"Nürnberg"$"https://d-nb.info/gnd/4042742-0"$"Stadtbibliothek im Bildungscampus Nürnberg"$"https://d-nb.info/gnd/107529195X"$"Nürnberg"$"https://d-nb.info/gnd/4042742-0"
"51"$"Amb. 55. 4°"$"https://online-service.nuernberg.de/viewer/api/v1/records/07087456/manifest/"$"https://nbn-resolving.de/urn:nbn:de:bvb:75-20230328124759"$"https://online-service.nuernberg.de/viewer/api/v1/records/07087456/files/images/75_amb_4_55_003.tif/full/!400,400/0/default.jpg"$"Komplett"$"Original"$"Standard"$"Einzelseite"$"21.12.2022"$"2023"$"Stadtbibliothek im Bildungscampus Nürnberg"$"https://d-nb.info/gnd/107529195X"$"Nürnberg"$"https://d-nb.info/gnd/4042742-0"$"Stadtbibliothek im Bildungscampus Nürnberg"$"https://d-nb.info/gnd/107529195X"$"Nürnberg"$"https://d-nb.info/gnd/4042742-0"
"52"$"Cent. IV, 75"$"https://online-service.nuernberg.de/viewer/api/v1/records/07091523/manifest/"$"https://nbn-resolving.de/urn:nbn:de:bvb:75-20230515112314"$"https://online-service.nuernberg.de/viewer/api/v1/records/07091523/files/images/75_cent_iv_75_005.tif/full/!400,400/0/default.jpg"$"Komplett"$"Original"$"Standard"$"Einzelseite"$"21.12.2022"$"2023"$"Stadtbibliothek im Bildungscampus Nürnberg"$"https://d-nb.info/gnd/107529195X"$"Nürnberg"$"https://d-nb.info/gnd/4042742-0"$"Stadtbibliothek im Bildungscampus Nürnberg"$"https://d-nb.info/gnd/107529195X"$"Nürnberg"$"https://d-nb.info/gnd/4042742-0"
"53"$"Cent. VII, 92"$"https://online-service.nuernberg.de/viewer/api/v1/records/07094468/manifest/"$"https://nbn-resolving.de/urn:nbn:de:bvb:75-20230629134813"$"https://online-service.nuernberg.de/viewer/api/v1/records/07094468/files/images/75_cent_vii_92_005.tif/full/!400,400/0/default.jpg"$"Komplett"$"Original"$"Standard"$"Einzelseite"$"21.12.2022"$"2023"$"Stadtbibliothek im Bildungscampus Nürnberg"$"https://d-nb.info/gnd/107529195X"$"Nürnberg"$"https://d-nb.info/gnd/4042742-0"$"Stadtbibliothek im Bildungscampus Nürnberg"$"https://d-nb.info/gnd/107529195X"$"Nürnberg"$"https://d-nb.info/gnd/4042742-0"
"54"$"Cent. VI, 89"$"https://online-service.nuernberg.de/viewer/api/v1/records/07095093/manifest/"$"https://nbn-resolving.de/urn:nbn:de:bvb:75-20230711104716"$"https://online-service.nuernberg.de/viewer/api/v1/records/07095093/files/images/75_cent_vi_89_011.tif/full/!400,400/0/default.jpg"$"Komplett"$"Original"$"Standard"$"Einzelseite"$"21.12.2022"$"2023"$"Stadtbibliothek im Bildungscampus Nürnberg"$"https://d-nb.info/gnd/107529195X"$"Nürnberg"$"https://d-nb.info/gnd/4042742-0"$"Stadtbibliothek im Bildungscampus Nürnberg"$"https://d-nb.info/gnd/107529195X"$"Nürnberg"$"https://d-nb.info/gnd/4042742-0"
"55"$"Cent. II, 79"$"https://online-service.nuernberg.de/viewer/api/v1/records/07100952/manifest/"$"https://nbn-resolving.de/urn:nbn:de:bvb:75-20231023124058"$"https://online-service.nuernberg.de/viewer/api/v1/records/07100952/files/images/75_cent_ii_79_398.tif/full/!400,400/0/default.jpg"$"Komplett"$"Original"$"Standard"$"Einzelseite"$"21.12.2022"$"2023"$"Stadtbibliothek im Bildungscampus Nürnberg"$"https://d-nb.info/gnd/107529195X"$"Nürnberg"$"https://d-nb.info/gnd/4042742-0"$"Stadtbibliothek im Bildungscampus Nürnberg"$"https://d-nb.info/gnd/107529195X"$"Nürnberg"$"https://d-nb.info/gnd/4042742-0"
"56"$"Cent. III, 41"$"https://online-service.nuernberg.de/viewer/api/v1/records/07101233/manifest/"$"https://nbn-resolving.de/urn:nbn:de:bvb:75-20231025110442"$"https://online-service.nuernberg.de/viewer/api/v1/records/07101233/files/images/75_cent_iii_41_190.tif/full/!400,400/0/default.jpg"$"Komplett"$"Original"$"Standard"$"Einzelseite"$"21.12.2022"$"2023"$"Stadtbibliothek im Bildungscampus Nürnberg"$"https://d-nb.info/gnd/107529195X"$"Nürnberg"$"https://d-nb.info/gnd/4042742-0"$"Stadtbibliothek im Bildungscampus Nürnberg"$"https://d-nb.info/gnd/107529195X"$"Nürnberg"$"https://d-nb.info/gnd/4042742-0"
"57"$"Cent. VII, 78"$"https://online-service.nuernberg.de/viewer/api/v1/records/07101329/manifest/"$"https://nbn-resolving.de/urn:nbn:de:bvb:75-20231107120316"$"https://online-service.nuernberg.de/viewer/api/v1/records/07101329/files/images/75_cent_vii_78_003.tif/full/!400,400/0/default.jpg"$"Komplett"$"Original"$"Standard"$"Einzelseite"$"21.12.2022"$"2023"$"Stadtbibliothek im Bildungscampus Nürnberg"$"https://d-nb.info/gnd/107529195X"$"Nürnberg"$"https://d-nb.info/gnd/4042742-0"$"Stadtbibliothek im Bildungscampus Nürnberg"$"https://d-nb.info/gnd/107529195X"$"Nürnberg"$"https://d-nb.info/gnd/4042742-0"
"58"$"Solg. Ms. 4.4°"$"https://online-service.nuernberg.de/viewer/api/v1/records/07105816/manifest/"$"https://nbn-resolving.de/urn:nbn:de:bvb:75-20231221161822"$"https://online-service.nuernberg.de/viewer/api/v1/records/07105816/files/images/75_solg_ms_4_4_044.tif/full/!400,400/0/default.jpg"$"Komplett"$"Original"$"Standard"$"Einzelseite"$"21.12.2022"$"2023"$"Stadtbibliothek im Bildungscampus Nürnberg"$"https://d-nb.info/gnd/107529195X"$"Nürnberg"$"https://d-nb.info/gnd/4042742-0"$"Stadtbibliothek im Bildungscampus Nürnberg"$"https://d-nb.info/gnd/107529195X"$"Nürnberg"$"https://d-nb.info/gnd/4042742-0"
"59"$"Cent. VI, 43b"$"https://online-service.nuernberg.de/viewer/api/v1/records/07106370/manifest/"$"https://nbn-resolving.de/urn:nbn:de:bvb:75-20240104105217"$"https://online-service.nuernberg.de/viewer/api/v1/records/07106370/files/images/75_cent_vii_43b_007.tif/full/!400,400/0/default.jp"$"Komplett"$"Original"$"bitonal"$"Einzelseite"$"21.12.2022"$"2023"$"Stadtbibliothek im Bildungscampus Nürnberg"$"https://d-nb.info/gnd/107529195X"$"Nürnberg"$"https://d-nb.info/gnd/4042742-0"$"Stadtbibliothek im Bildungscampus Nürnberg"$"https://d-nb.info/gnd/107529195X"$"Nürnberg"$"https://d-nb.info/gnd/4042742-0"
"60"$"Cent. III, 43"$"https://online-service.nuernberg.de/viewer/api/v1/records/07107632/manifest/"$"https://nbn-resolving.de/urn:nbn:de:bvb:75-20240124164444"$"https://online-service.nuernberg.de/viewer/api/v1/records/07107632/files/images/75_cent_iii_43_005.tif/full/!400,400/0/default.jpg"$"Komplett"$"Original"$"bitonal"$"Einzelseite"$"21.12.2022"$"2023"$"Stadtbibliothek im Bildungscampus Nürnberg"$"https://d-nb.info/gnd/107529195X"$"Nürnberg"$"https://d-nb.info/gnd/4042742-0"$"Stadtbibliothek im Bildungscampus Nürnberg"$"https://d-nb.info/gnd/107529195X"$"Nürnberg"$"https://d-nb.info/gnd/4042742-0"
"61"$"Cent. IV, 6"$"https://online-service.nuernberg.de/viewer/api/v1/records/07107638/manifest/"$"https://nbn-resolving.de/urn:nbn:de:bvb:75-20240124114630"$"https://online-service.nuernberg.de/viewer/api/v1/records/07107638/files/images/75_cent_iv_6_004.tif/full/!400,400/0/default.jpg"$"Komplett"$"Original"$"bitonal"$"Doppelseite"$"21.12.2022"$"2023"$"Stadtbibliothek im Bildungscampus Nürnberg"$"https://d-nb.info/gnd/107529195X"$"Nürnberg"$"https://d-nb.info/gnd/4042742-0"$"Stadtbibliothek im Bildungscampus Nürnberg"$"https://d-nb.info/gnd/107529195X"$"Nürnberg"$"https://d-nb.info/gnd/4042742-0"
"62"$"Cent. IV, 18"$"https://online-service.nuernberg.de/viewer/api/v1/records/07108088/manifest/"$"https://nbn-resolving.de/urn:nbn:de:bvb:75-20240131090841"$"https://online-service.nuernberg.de/viewer/api/v1/records/07108088/files/images/75_cent_iv_18_005.tif/full/!400,400/0/default.jpg"$"Komplett"$"Original"$"bitonal"$"Einzelseite"$"21.12.2022"$"2024"$"Stadtbibliothek im Bildungscampus Nürnberg"$"https://d-nb.info/gnd/107529195X"$"Nürnberg"$"https://d-nb.info/gnd/4042742-0"$"Stadtbibliothek im Bildungscampus Nürnberg"$"https://d-nb.info/gnd/107529195X"$"Nürnberg"$"https://d-nb.info/gnd/4042742-0"
"63"$"Cent. IV, 20"$"https://online-service.nuernberg.de/viewer/api/v1/records/07108194/manifest/"$"https://nbn-resolving.de/urn:nbn:de:bvb:75-20240131101152"$"https://online-service.nuernberg.de/viewer/api/v1/records/07108194/files/images/75_cent_iv_20_003.tif/full/!400,400/0/default.jpg"$"Komplett"$"Original"$"bitonal"$"Einzelseite"$"21.12.2022"$"2024"$"Stadtbibliothek im Bildungscampus Nürnberg"$"https://d-nb.info/gnd/107529195X"$"Nürnberg"$"https://d-nb.info/gnd/4042742-0"$"Stadtbibliothek im Bildungscampus Nürnberg"$"https://d-nb.info/gnd/107529195X"$"Nürnberg"$"https://d-nb.info/gnd/4042742-0"
"64"$"Cent. VI, 57"$"https://online-service.nuernberg.de/viewer/api/v1/records/07108865/manifest/"$"https://nbn-resolving.de/urn:nbn:de:bvb:75-20240209120627"$"https://online-service.nuernberg.de/viewer/api/v1/records/07108865/files/images/75_cent_vi_57_005.tif/full/!400,400/0/default.jpg"$"Komplett"$"Original"$"Standard"$"Einzelseite"$"21.12.2022"$"2024"$"Stadtbibliothek im Bildungscampus Nürnberg"$"https://d-nb.info/gnd/107529195X"$"Nürnberg"$"https://d-nb.info/gnd/4042742-0"$"Stadtbibliothek im Bildungscampus Nürnberg"$"https://d-nb.info/gnd/107529195X"$"Nürnberg"$"https://d-nb.info/gnd/4042742-0"
"65"$"Cent. VI, 59"$"https://online-service.nuernberg.de/viewer/api/v1/records/07109326/manifest/"$"https://nbn-resolving.de/urn:nbn:de:bvb:75-20240416143613"$"https://online-service.nuernberg.de/viewer/api/v1/records/07109326/files/images/75_cent_vi_59_013.tif/full/!400,400/0/default.jpg"$"Komplett"$"Original"$"Standard"$"Einzelseite"$"21.12.2022"$"2024"$"Stadtbibliothek im Bildungscampus Nürnberg"$"https://d-nb.info/gnd/107529195X"$"Nürnberg"$"https://d-nb.info/gnd/4042742-0"$"Stadtbibliothek im Bildungscampus Nürnberg"$"https://d-nb.info/gnd/107529195X"$"Nürnberg"$"https://d-nb.info/gnd/4042742-0"
"66"$"Cent. IV, 33"$"https://online-service.nuernberg.de/viewer/api/v1/records/07109713/manifest/"$"https://nbn-resolving.de/urn:nbn:de:bvb:75-20240226105956"$"https://online-service.nuernberg.de/viewer/api/v1/records/07109713/files/images/75_cent_iv_33_015.tif/full/!400,400/0/default.jpg"$"Komplett"$"Original"$"bitonal"$"Einzelseite"$"21.12.2022"$"2024"$"Stadtbibliothek im Bildungscampus Nürnberg"$"https://d-nb.info/gnd/107529195X"$"Nürnberg"$"https://d-nb.info/gnd/4042742-0"$"Stadtbibliothek im Bildungscampus Nürnberg"$"https://d-nb.info/gnd/107529195X"$"Nürnberg"$"https://d-nb.info/gnd/4042742-0"
"67"$"Cent. IV, 34"$"https://online-service.nuernberg.de/viewer/api/v1/records/07109784/manifest/"$"https://nbn-resolving.de/urn:nbn:de:bvb:75-20240227101213"$"https://online-service.nuernberg.de/viewer/api/v1/records/07109784/files/images/75_cent_iv_34_009.tif/full/!400,400/0/default.jpg"$"Komplett"$"Original"$"bitonal"$"Einzelseite"$"21.12.2022"$"2024"$"Stadtbibliothek im Bildungscampus Nürnberg"$"https://d-nb.info/gnd/107529195X"$"Nürnberg"$"https://d-nb.info/gnd/4042742-0"$"Stadtbibliothek im Bildungscampus Nürnberg"$"https://d-nb.info/gnd/107529195X"$"Nürnberg"$"https://d-nb.info/gnd/4042742-0"
"68"$"Cent. IV, 79"$"https://online-service.nuernberg.de/viewer/api/v1/records/07109777/manifest/"$"https://nbn-resolving.de/urn:nbn:de:bvb:75-20240227094315"$"https://online-service.nuernberg.de/viewer/api/v1/records/07109777/files/images/75_cent_iv_79_002.tif/full/!400,400/0/default.jpg"$"Komplett"$"Original"$"bitonal"$"Doppelseite"$"21.12.2022"$"2024"$"Stadtbibliothek im Bildungscampus Nürnberg"$"https://d-nb.info/gnd/107529195X"$"Nürnberg"$"https://d-nb.info/gnd/4042742-0"$"Stadtbibliothek im Bildungscampus Nürnberg"$"https://d-nb.info/gnd/107529195X"$"Nürnberg"$"https://d-nb.info/gnd/4042742-0"
"69"$"Cent. VII, 16"$"https://online-service.nuernberg.de/viewer/api/v1/records/07109835/manifest/"$"https://nbn-resolving.de/urn:nbn:de:bvb:75-20240228084805"$"https://online-service.nuernberg.de/viewer/api/v1/records/07109835/files/images/75_cent_vii_16_385.tif/full/!400,400/0/default.jpg"$"Komplett"$"Original"$"Standard"$"Einzelseite"$"21.12.2022"$"2024"$"Stadtbibliothek im Bildungscampus Nürnberg"$"https://d-nb.info/gnd/107529195X"$"Nürnberg"$"https://d-nb.info/gnd/4042742-0"$"Stadtbibliothek im Bildungscampus Nürnberg"$"https://d-nb.info/gnd/107529195X"$"Nürnberg"$"https://d-nb.info/gnd/4042742-0"
"70"$"Cent. IV, 36"$"https://online-service.nuernberg.de/viewer/api/v1/records/07109905/manifest/"$"https://nbn-resolving.de/urn:nbn:de:bvb:75-20240228114819"$"https://online-service.nuernberg.de/viewer/api/v1/records/07109905/files/images/75_cent_iv_36_005.tif/full/!400,400/0/default.jpg"$"Komplett"$"Original"$"bitonal"$"Einzelseite"$"21.12.2022"$"2024"$"Stadtbibliothek im Bildungscampus Nürnberg"$"https://d-nb.info/gnd/107529195X"$"Nürnberg"$"https://d-nb.info/gnd/4042742-0"$"Stadtbibliothek im Bildungscampus Nürnberg"$"https://d-nb.info/gnd/107529195X"$"Nürnberg"$"https://d-nb.info/gnd/4042742-0"
"71"$"Cent. IV, 38"$"https://online-service.nuernberg.de/viewer/api/v1/records/07110492/manifest/"$"https://nbn-resolving.de/urn:nbn:de:bvb:75-20240304142325"$"https://online-service.nuernberg.de/viewer/api/v1/records/07110492/files/images/75_cent_iv_38_003.tif/full/!400,400/0/default.jpg"$"Komplett"$"Original"$"bitonal"$"Doppelseite"$"21.12.2022"$"2024"$"Stadtbibliothek im Bildungscampus Nürnberg"$"https://d-nb.info/gnd/107529195X"$"Nürnberg"$"https://d-nb.info/gnd/4042742-0"$"Stadtbibliothek im Bildungscampus Nürnberg"$"https://d-nb.info/gnd/107529195X"$"Nürnberg"$"https://d-nb.info/gnd/4042742-0"
"72"$"Cent. IV, 39"$"https://online-service.nuernberg.de/viewer/api/v1/records/07110510/manifest/"$"https://nbn-resolving.de/urn:nbn:de:bvb:75-20240305124138"$"https://online-service.nuernberg.de/viewer/api/v1/records/07110510/files/images/75_cent_iv_39_003.tif/full/!400,400/0/default.jpg"$"Komplett"$"Original"$"bitonal"$"Einzelseite"$"21.12.2022"$"2024"$"Stadtbibliothek im Bildungscampus Nürnberg"$"https://d-nb.info/gnd/107529195X"$"Nürnberg"$"https://d-nb.info/gnd/4042742-0"$"Stadtbibliothek im Bildungscampus Nürnberg"$"https://d-nb.info/gnd/107529195X"$"Nürnberg"$"https://d-nb.info/gnd/4042742-0"
"73"$"Cent. IV, 40"$"https://online-service.nuernberg.de/viewer/api/v1/records/07110525/manifest/"$"https://nbn-resolving.de/urn:nbn:de:bvb:75-20240305152116"$"https://online-service.nuernberg.de/viewer/api/v1/records/07110525/files/images/75_cent_iv_40_002.tif/full/!400,400/0/default.jp"$"Komplett"$"Original"$"bitonal"$"Doppelseite"$"21.12.2022"$"2024"$"Stadtbibliothek im Bildungscampus Nürnberg"$"https://d-nb.info/gnd/107529195X"$"Nürnberg"$"https://d-nb.info/gnd/4042742-0"$"Stadtbibliothek im Bildungscampus Nürnberg"$"https://d-nb.info/gnd/107529195X"$"Nürnberg"$"https://d-nb.info/gnd/4042742-0"
"74"$"Cent. IV, 41"$"https://online-service.nuernberg.de/viewer/api/v1/records/07110526/manifest/"$"https://nbn-resolving.de/urn:nbn:de:bvb:75-20240304145204"$"https://online-service.nuernberg.de/viewer/api/v1/records/07110526/files/images/75_cent_iv_41_003.tif/full/!400,400/0/default.jpg"$"Komplett"$"Original"$"bitonal"$"Doppelseite"$"21.12.2022"$"2024"$"Stadtbibliothek im Bildungscampus Nürnberg"$"https://d-nb.info/gnd/107529195X"$"Nürnberg"$"https://d-nb.info/gnd/4042742-0"$"Stadtbibliothek im Bildungscampus Nürnberg"$"https://d-nb.info/gnd/107529195X"$"Nürnberg"$"https://d-nb.info/gnd/4042742-0"
"75"$"Cent. IV, 93"$"https://online-service.nuernberg.de/viewer/api/v1/records/07110649/manifest/"$"https://nbn-resolving.de/urn:nbn:de:bvb:75-20240306144451"$"https://online-service.nuernberg.de/viewer/api/v1/records/07110649/files/images/75_cent_iv_93_003.tif/full/!400,400/0/default.jpg"$"Komplett"$"Original"$"bitonal"$"Doppelseite"$"21.12.2022"$"2024"$"Stadtbibliothek im Bildungscampus Nürnberg"$"https://d-nb.info/gnd/107529195X"$"Nürnberg"$"https://d-nb.info/gnd/4042742-0"$"Stadtbibliothek im Bildungscampus Nürnberg"$"https://d-nb.info/gnd/107529195X"$"Nürnberg"$"https://d-nb.info/gnd/4042742-0"
"76"$"Cent. IV, 80"$"https://online-service.nuernberg.de/viewer/api/v1/records/07110610/manifest/"$"https://nbn-resolving.de/urn:nbn:de:bvb:75-20240306152755"$"https://online-service.nuernberg.de/viewer/api/v1/records/07110610/files/images/75_cent_iv_80_013.tif/full/!400,400/0/default.jpg"$"Komplett"$"Original"$"bitonal"$"Einzelseite"$"21.12.2022"$"2024"$"Stadtbibliothek im Bildungscampus Nürnberg"$"https://d-nb.info/gnd/107529195X"$"Nürnberg"$"https://d-nb.info/gnd/4042742-0"$"Stadtbibliothek im Bildungscampus Nürnberg"$"https://d-nb.info/gnd/107529195X"$"Nürnberg"$"https://d-nb.info/gnd/4042742-0"
"77"$"Cent. III, 85"$"https://online-service.nuernberg.de/viewer/api/v1/records/07110614/manifest/"$"https://nbn-resolving.de/urn:nbn:de:bvb:75-20240306163628"$"https://online-service.nuernberg.de/viewer/api/v1/records/07110614/files/images/75_cent_iii_85_003.tif/full/!400,400/0/default.jpg"$"Komplett"$"Original"$"bitonal"$"Doppelseite"$"21.12.2022"$"2024"$"Stadtbibliothek im Bildungscampus Nürnberg"$"https://d-nb.info/gnd/107529195X"$"Nürnberg"$"https://d-nb.info/gnd/4042742-0"$"Stadtbibliothek im Bildungscampus Nürnberg"$"https://d-nb.info/gnd/107529195X"$"Nürnberg"$"https://d-nb.info/gnd/4042742-0"
"78"$"Cent. V, 29"$"https://online-service.nuernberg.de/viewer/api/v1/records/07110623/manifest/"$"https://nbn-resolving.de/urn:nbn:de:bvb:75-20240307064642"$"https://online-service.nuernberg.de/viewer/api/v1/records/07110623/files/images/75_cent_v_29_007.tif/full/!400,400/0/default.jpg"$"Komplett"$"Original"$"bitonal"$"Einzelseite"$"21.12.2022"$"2024"$"Stadtbibliothek im Bildungscampus Nürnberg"$"https://d-nb.info/gnd/107529195X"$"Nürnberg"$"https://d-nb.info/gnd/4042742-0"$"Stadtbibliothek im Bildungscampus Nürnberg"$"https://d-nb.info/gnd/107529195X"$"Nürnberg"$"https://d-nb.info/gnd/4042742-0"
"79"$"Cent. V, 28"$"https://online-service.nuernberg.de/viewer/api/v1/records/07110878/manifest/"$"https://nbn-resolving.de/urn:nbn:de:bvb:75-20240311114400"$"https://online-service.nuernberg.de/viewer/api/v1/records/07110878/files/images/75_cent_v_28_011.tif/full/!400,400/0/default.jpg"$"Komplett"$"Original"$"bitonal"$"Einzelseite"$"21.12.2022"$"2024"$"Stadtbibliothek im Bildungscampus Nürnberg"$"https://d-nb.info/gnd/107529195X"$"Nürnberg"$"https://d-nb.info/gnd/4042742-0"$"Stadtbibliothek im Bildungscampus Nürnberg"$"https://d-nb.info/gnd/107529195X"$"Nürnberg"$"https://d-nb.info/gnd/4042742-0"
"80"$"Cent. V, App. 30"$"https://online-service.nuernberg.de/viewer/api/v1/records/07110881/manifest/"$"https://nbn-resolving.de/urn:nbn:de:bvb:75-20240311115955"$"https://online-service.nuernberg.de/viewer/api/v1/records/07110881/files/images/75_cent_v_app_30_003.tif/full/!400,400/0/default.jp"$"Komplett"$"Original"$"bitonal"$"Doppelseite"$"21.12.2022"$"2024"$"Stadtbibliothek im Bildungscampus Nürnberg"$"https://d-nb.info/gnd/107529195X"$"Nürnberg"$"https://d-nb.info/gnd/4042742-0"$"Stadtbibliothek im Bildungscampus Nürnberg"$"https://d-nb.info/gnd/107529195X"$"Nürnberg"$"https://d-nb.info/gnd/4042742-0"
"81"$"Cent. VI, 43c"$"https://online-service.nuernberg.de/viewer/api/v1/records/07110939/manifest/"$"https://nbn-resolving.de/urn:nbn:de:bvb:75-20240312101158"$"https://online-service.nuernberg.de/viewer/api/v1/records/07110939/files/images/75_cent_vi_43c_007.tif/full/!400,400/0/default.jp"$"Komplett"$"Original"$"bitonal"$"Einzelseite"$"21.12.2022"$"2024"$"Stadtbibliothek im Bildungscampus Nürnberg"$"https://d-nb.info/gnd/107529195X"$"Nürnberg"$"https://d-nb.info/gnd/4042742-0"$"Stadtbibliothek im Bildungscampus Nürnberg"$"https://d-nb.info/gnd/107529195X"$"Nürnberg"$"https://d-nb.info/gnd/4042742-0"
"82"$"Cent. VI, 43h"$"https://online-service.nuernberg.de/viewer/api/v1/records/07110948/manifest/"$"https://nbn-resolving.de/urn:nbn:de:bvb:75-20240508120831"$"https://online-service.nuernberg.de/viewer/api/v1/records/07110948/files/images/75_cent_vi_43h_010.tif/full/!400,400/0/default.jpg"$"Komplett"$"Original"$"bitonal"$"Einzelseite"$"21.12.2022"$"2024"$"Stadtbibliothek im Bildungscampus Nürnberg"$"https://d-nb.info/gnd/107529195X"$"Nürnberg"$"https://d-nb.info/gnd/4042742-0"$"Stadtbibliothek im Bildungscampus Nürnberg"$"https://d-nb.info/gnd/107529195X"$"Nürnberg"$"https://d-nb.info/gnd/4042742-0"
"83"$"Cent. VI, 43m"$"https://online-service.nuernberg.de/viewer/api/v1/records/07113791/manifest/"$"https://nbn-resolving.de/urn:nbn:de:bvb:75-20240418141924"$"https://online-service.nuernberg.de/viewer/api/v1/records/07113791/files/images/75_cent_vi_43m_007.tif/full/!400,400/0/default.jpg"$"Komplett"$"Original"$"Standard"$"Einzelseite"$"21.12.2022"$"2024"$"Stadtbibliothek im Bildungscampus Nürnberg"$"https://d-nb.info/gnd/107529195X"$"Nürnberg"$"https://d-nb.info/gnd/4042742-0"$"Stadtbibliothek im Bildungscampus Nürnberg"$"https://d-nb.info/gnd/107529195X"$"Nürnberg"$"https://d-nb.info/gnd/4042742-0"
"84"$"Cent. V, App. 10"$"https://online-service.nuernberg.de/viewer/api/v1/records/07113812/manifest/"$"https://nbn-resolving.de/urn:nbn:de:bvb:75-20240418121108"$"https://online-service.nuernberg.de/viewer/api/v1/records/07113812/files/images/75_cent_v_app_10_013.tif/full/!400,400/0/default.jpg"$"Komplett"$"Original"$"bitonal"$"Einzelseite"$"21.12.2022"$"2024"$"Stadtbibliothek im Bildungscampus Nürnberg"$"https://d-nb.info/gnd/107529195X"$"Nürnberg"$"https://d-nb.info/gnd/4042742-0"$"Stadtbibliothek im Bildungscampus Nürnberg"$"https://d-nb.info/gnd/107529195X"$"Nürnberg"$"https://d-nb.info/gnd/4042742-0"
"85"$"Cent. IV, 17"$"https://online-service.nuernberg.de/viewer/api/v1/records/07113926/manifest/"$"https://nbn-resolving.de/urn:nbn:de:bvb:75-20240419112727"$"https://online-service.nuernberg.de/viewer/api/v1/records/07113926/files/images/75_cent_iv_17_003.tif/full/!400,400/0/default.jp"$"Komplett"$"Original"$"bitonal"$"Einzelseite"$"21.12.2022"$"2024"$"Stadtbibliothek im Bildungscampus Nürnberg"$"https://d-nb.info/gnd/107529195X"$"Nürnberg"$"https://d-nb.info/gnd/4042742-0"$"Stadtbibliothek im Bildungscampus Nürnberg"$"https://d-nb.info/gnd/107529195X"$"Nürnberg"$"https://d-nb.info/gnd/4042742-0"
"86"$"Cent. III, 93"$"https://online-service.nuernberg.de/viewer/api/v1/records/07113955/manifest/"$"https://nbn-resolving.de/urn:nbn:de:bvb:75-20240419132800"$"https://online-service.nuernberg.de/viewer/api/v1/records/07113955/files/images/75_cent_iii_93_003.tif/full/!400,400/0/default.jpg"$"Komplett"$"Original"$"bitonal"$"Einzelseite"$"21.12.2022"$"2024"$"Stadtbibliothek im Bildungscampus Nürnberg"$"https://d-nb.info/gnd/107529195X"$"Nürnberg"$"https://d-nb.info/gnd/4042742-0"$"Stadtbibliothek im Bildungscampus Nürnberg"$"https://d-nb.info/gnd/107529195X"$"Nürnberg"$"https://d-nb.info/gnd/4042742-0"
"87"$"Cent. IV, 1"$"https://online-service.nuernberg.de/viewer/api/v1/records/07114271/manifest/"$"https://nbn-resolving.de/urn:nbn:de:bvb:75-20240425104028"$"https://online-service.nuernberg.de/viewer/api/v1/records/07114271/files/images/75_cent_iv_1_003.tif/full/!400,400/0/default.jpg"$"Komplett"$"Original"$"bitonal"$"Einzelseite"$"21.12.2022"$"2024"$"Stadtbibliothek im Bildungscampus Nürnberg"$"https://d-nb.info/gnd/107529195X"$"Nürnberg"$"https://d-nb.info/gnd/4042742-0"$"Stadtbibliothek im Bildungscampus Nürnberg"$"https://d-nb.info/gnd/107529195X"$"Nürnberg"$"https://d-nb.info/gnd/4042742-0"
"88"$"Cent. VI, 43i"$"https://online-service.nuernberg.de/viewer/api/v1/records/07114280/manifest/"$"https://nbn-resolving.de/urn:nbn:de:bvb:75-20240425120429"$"https://online-service.nuernberg.de/viewer/api/v1/records/07114280/files/images/75_cent_vi_43i_008.tif/full/!400,400/0/default.jpg"$"Komplett"$"Original"$"bitonal"$"Einzelseite"$"21.12.2022"$"2024"$"Stadtbibliothek im Bildungscampus Nürnberg"$"https://d-nb.info/gnd/107529195X"$"Nürnberg"$"https://d-nb.info/gnd/4042742-0"$"Stadtbibliothek im Bildungscampus Nürnberg"$"https://d-nb.info/gnd/107529195X"$"Nürnberg"$"https://d-nb.info/gnd/4042742-0"
"89"$"Cent. VI, 43n"$"https://online-service.nuernberg.de/viewer/api/v1/records/07114291/manifest/"$"https://nbn-resolving.de/urn:nbn:de:bvb:75-20240425125811"$"https://online-service.nuernberg.de/viewer/api/v1/records/07114291/files/images/75_cent_vi_43n_012.tif/full/!400,400/0/default.jpg"$"Komplett"$"Original"$"bitonal"$"Einzelseite"$"21.12.2022"$"2024"$"Stadtbibliothek im Bildungscampus Nürnberg"$"https://d-nb.info/gnd/107529195X"$"Nürnberg"$"https://d-nb.info/gnd/4042742-0"$"Stadtbibliothek im Bildungscampus Nürnberg"$"https://d-nb.info/gnd/107529195X"$"Nürnberg"$"https://d-nb.info/gnd/4042742-0"
"90"$"Cent. VI, 43q"$"https://online-service.nuernberg.de/viewer/api/v1/records/07114299/manifest/"$"https://nbn-resolving.de/urn:nbn:de:bvb:75-20240425141300"$"https://online-service.nuernberg.de/viewer/api/v1/records/07114299/files/images/75_cent_vi_43q_003.tif/full/!400,400/0/default.jp"$"Komplett"$"Original"$"bitonal"$"Einzelseite"$"21.12.2022"$"2024"$"Stadtbibliothek im Bildungscampus Nürnberg"$"https://d-nb.info/gnd/107529195X"$"Nürnberg"$"https://d-nb.info/gnd/4042742-0"$"Stadtbibliothek im Bildungscampus Nürnberg"$"https://d-nb.info/gnd/107529195X"$"Nürnberg"$"https://d-nb.info/gnd/4042742-0"
"91"$"Cent. VI, 43u"$"https://online-service.nuernberg.de/viewer/api/v1/records/07114303/manifest/"$"https://nbn-resolving.de/urn:nbn:de:bvb:75-20240425150852"$"https://online-service.nuernberg.de/viewer/api/v1/records/07114303/files/images/75_cent_vi_43_u_005.tif/full/!400,400/0/default.jpg"$"Komplett"$"Original"$"bitonal"$"Einzelseite"$"21.12.2022"$"2024"$"Stadtbibliothek im Bildungscampus Nürnberg"$"https://d-nb.info/gnd/107529195X"$"Nürnberg"$"https://d-nb.info/gnd/4042742-0"$"Stadtbibliothek im Bildungscampus Nürnberg"$"https://d-nb.info/gnd/107529195X"$"Nürnberg"$"https://d-nb.info/gnd/4042742-0"
"92"$"Cent. VI, 43y"$"https://online-service.nuernberg.de/viewer/api/v1/records/07114308/manifest/"$"https://nbn-resolving.de/urn:nbn:de:bvb:75-20240425161638"$"https://online-service.nuernberg.de/viewer/api/v1/records/07114308/files/images/75_cent_vi_43_y_007.tif/full/!400,400/0/default.jpg"$"Komplett"$"Original"$"bitonal"$"Einzelseite"$"21.12.2022"$"2024"$"Stadtbibliothek im Bildungscampus Nürnberg"$"https://d-nb.info/gnd/107529195X"$"Nürnberg"$"https://d-nb.info/gnd/4042742-0"$"Stadtbibliothek im Bildungscampus Nürnberg"$"https://d-nb.info/gnd/107529195X"$"Nürnberg"$"https://d-nb.info/gnd/4042742-0"
"93"$"Cent. VI, 43k"$"https://online-service.nuernberg.de/viewer/api/v1/records/07114411/manifest/"$"https://nbn-resolving.de/urn:nbn:de:bvb:75-20240502134515"$"https://online-service.nuernberg.de/viewer/api/v1/records/07114411/files/images/75_cent_vi_43k_519a.tif/full/!400,400/0/default.jp"$"Komplett"$"Original"$"bitonal"$"Einzelseite"$"21.12.2022"$"2024"$"Stadtbibliothek im Bildungscampus Nürnberg"$"https://d-nb.info/gnd/107529195X"$"Nürnberg"$"https://d-nb.info/gnd/4042742-0"$"Stadtbibliothek im Bildungscampus Nürnberg"$"https://d-nb.info/gnd/107529195X"$"Nürnberg"$"https://d-nb.info/gnd/4042742-0"
"94"$"Cent. VI, 44"$"https://online-service.nuernberg.de/viewer/api/v1/records/07114408/manifest/"$"https://nbn-resolving.de/urn:nbn:de:bvb:75-20240502123141"$"https://online-service.nuernberg.de/viewer/api/v1/records/07114408/files/images/75_cent_vi_44_005.tif/full/!400,400/0/default.jpg"$"Komplett"$"Original"$"bitonal"$"Einzelseite"$"21.12.2022"$"2024"$"Stadtbibliothek im Bildungscampus Nürnberg"$"https://d-nb.info/gnd/107529195X"$"Nürnberg"$"https://d-nb.info/gnd/4042742-0"$"Stadtbibliothek im Bildungscampus Nürnberg"$"https://d-nb.info/gnd/107529195X"$"Nürnberg"$"https://d-nb.info/gnd/4042742-0"
"95"$"Cent. VI, 46d"$"https://online-service.nuernberg.de/viewer/api/v1/records/07114644/manifest/"$"https://nbn-resolving.de/urn:nbn:de:bvb:75-20240503083800"$"https://online-service.nuernberg.de/viewer/api/v1/records/07114644/files/images/75_cent_vi_46d_005.tif/full/!400,400/0/default.jpg"$"Komplett"$"Original"$"bitonal"$"Einzelseite"$"21.12.2022"$"2024"$"Stadtbibliothek im Bildungscampus Nürnberg"$"https://d-nb.info/gnd/107529195X"$"Nürnberg"$"https://d-nb.info/gnd/4042742-0"$"Stadtbibliothek im Bildungscampus Nürnberg"$"https://d-nb.info/gnd/107529195X"$"Nürnberg"$"https://d-nb.info/gnd/4042742-0"
"96"$"Cent. VI, 46e"$"https://online-service.nuernberg.de/viewer/api/v1/records/07114647/manifest/"$"https://nbn-resolving.de/urn:nbn:de:bvb:75-20240503105045"$"https://online-service.nuernberg.de/viewer/api/v1/records/07114647/files/images/75_cent_vi_46e_038.tif/full/!400,400/0/default.jp"$"Komplett"$"Original"$"bitonal"$"Einzelseite"$"21.12.2022"$"2024"$"Stadtbibliothek im Bildungscampus Nürnberg"$"https://d-nb.info/gnd/107529195X"$"Nürnberg"$"https://d-nb.info/gnd/4042742-0"$"Stadtbibliothek im Bildungscampus Nürnberg"$"https://d-nb.info/gnd/107529195X"$"Nürnberg"$"https://d-nb.info/gnd/4042742-0"
"97"$"Cent. VI, 46f"$"https://online-service.nuernberg.de/viewer/api/v1/records/07114650/manifest/"$"https://nbn-resolving.de/urn:nbn:de:bvb:75-20240503113731"$"https://online-service.nuernberg.de/viewer/api/v1/records/07114650/files/images/75_cent_vi_46_f_009.tif/full/!400,400/0/default.jpg"$"Komplett"$"Original"$"bitonal"$"Einzelseite"$"21.12.2022"$"2024"$"Stadtbibliothek im Bildungscampus Nürnberg"$"https://d-nb.info/gnd/107529195X"$"Nürnberg"$"https://d-nb.info/gnd/4042742-0"$"Stadtbibliothek im Bildungscampus Nürnberg"$"https://d-nb.info/gnd/107529195X"$"Nürnberg"$"https://d-nb.info/gnd/4042742-0"
"98"$"Cent. VI, 51"$"https://online-service.nuernberg.de/viewer/api/v1/records/07114656/manifest/"$"https://nbn-resolving.de/urn:nbn:de:bvb:75-20240503125115"$"https://online-service.nuernberg.de/viewer/api/v1/records/07114656/files/images/75_cent_vi_51_015.tif/full/!400,400/0/default.jpg"$"Komplett"$"Original"$"bitonal"$"Einzelseite"$"21.12.2022"$"2024"$"Stadtbibliothek im Bildungscampus Nürnberg"$"https://d-nb.info/gnd/107529195X"$"Nürnberg"$"https://d-nb.info/gnd/4042742-0"$"Stadtbibliothek im Bildungscampus Nürnberg"$"https://d-nb.info/gnd/107529195X"$"Nürnberg"$"https://d-nb.info/gnd/4042742-0"
"99"$"Cent. VI, 52"$"https://online-service.nuernberg.de/viewer/api/v1/records/07114671/manifest/"$"https://nbn-resolving.de/urn:nbn:de:bvb:75-20240503154701"$"https://online-service.nuernberg.de/viewer/api/v1/records/07114671/files/images/75_cent_vi_52_030.tif/full/!400,400/0/default.jpg"$"Komplett"$"Original"$"bitonal"$"Einzelseite"$"21.12.2022"$"2024"$"Stadtbibliothek im Bildungscampus Nürnberg"$"https://d-nb.info/gnd/107529195X"$"Nürnberg"$"https://d-nb.info/gnd/4042742-0"$"Stadtbibliothek im Bildungscampus Nürnberg"$"https://d-nb.info/gnd/107529195X"$"Nürnberg"$"https://d-nb.info/gnd/4042742-0"
"100"$"Cent. VI, 53"$"https://online-service.nuernberg.de/viewer/api/v1/records/07114735/manifest/"$"https://nbn-resolving.de/urn:nbn:de:bvb:75-20240507094501"$"https://online-service.nuernberg.de/viewer/api/v1/records/07114735/files/images/75_cent_vi_53_003.tif/full/!400,400/0/default.jpg"$"Komplett"$"Original"$"bitonal"$"Doppelseite"$"21.12.2022"$"2024"$"Stadtbibliothek im Bildungscampus Nürnberg"$"https://d-nb.info/gnd/107529195X"$"Nürnberg"$"https://d-nb.info/gnd/4042742-0"$"Stadtbibliothek im Bildungscampus Nürnberg"$"https://d-nb.info/gnd/107529195X"$"Nürnberg"$"https://d-nb.info/gnd/4042742-0"
"101"$"Cent. VI, 54"$"https://online-service.nuernberg.de/viewer/api/v1/records/07114759/manifest/"$"https://nbn-resolving.de/urn:nbn:de:bvb:75-20240507114609"$"https://online-service.nuernberg.de/viewer/api/v1/records/07114759/files/images/75_cent_vi_54_005.tif/full/!400,400/0/default.jpg"$"Komplett"$"Original"$"bitonal"$"Doppelseite"$"21.12.2022"$"2024"$"Stadtbibliothek im Bildungscampus Nürnberg"$"https://d-nb.info/gnd/107529195X"$"Nürnberg"$"https://d-nb.info/gnd/4042742-0"$"Stadtbibliothek im Bildungscampus Nürnberg"$"https://d-nb.info/gnd/107529195X"$"Nürnberg"$"https://d-nb.info/gnd/4042742-0"
"102"$"Cent. VI, 55"$"https://online-service.nuernberg.de/viewer/api/v1/records/07114778/manifest/"$"https://nbn-resolving.de/urn:nbn:de:bvb:75-20240507125553"$"https://online-service.nuernberg.de/viewer/api/v1/records/07114778/files/images/75_cent_vi_55_007.tif/full/!400,400/0/default.jpg"$"Komplett"$"Original"$"bitonal"$"Einzelseite"$"21.12.2022"$"2024"$"Stadtbibliothek im Bildungscampus Nürnberg"$"https://d-nb.info/gnd/107529195X"$"Nürnberg"$"https://d-nb.info/gnd/4042742-0"$"Stadtbibliothek im Bildungscampus Nürnberg"$"https://d-nb.info/gnd/107529195X"$"Nürnberg"$"https://d-nb.info/gnd/4042742-0"
"103"$"Cent. VI, 56"$"https://online-service.nuernberg.de/viewer/api/v1/records/07114786/manifest/"$"https://nbn-resolving.de/urn:nbn:de:bvb:75-20240508092121"$"https://online-service.nuernberg.de/viewer/api/v1/records/07114786/files/images/75_cent_vi_56_006.tif/full/!400,400/0/default.jpg"$"Komplett"$"Original"$"bitonal"$"Einzelseite"$"21.12.2022"$"2024"$"Stadtbibliothek im Bildungscampus Nürnberg"$"https://d-nb.info/gnd/107529195X"$"Nürnberg"$"https://d-nb.info/gnd/4042742-0"$"Stadtbibliothek im Bildungscampus Nürnberg"$"https://d-nb.info/gnd/107529195X"$"Nürnberg"$"https://d-nb.info/gnd/4042742-0"
"104"$"Cent. II, 86"$"https://online-service.nuernberg.de/viewer/api/v1/records/07115623/manifest/"$"https://nbn-resolving.de/urn:nbn:de:bvb:75-20240522101751"$"https://online-service.nuernberg.de/viewer/api/v1/records/07115623/files/images/75_cent_ii_86_024.tif/full/!400,400/0/default.jpg"$"Komplett"$"Original"$"bitonal"$"Einzelseite"$"21.12.2022"$"2024"$"Stadtbibliothek im Bildungscampus Nürnberg"$"https://d-nb.info/gnd/107529195X"$"Nürnberg"$"https://d-nb.info/gnd/4042742-0"$"Stadtbibliothek im Bildungscampus Nürnberg"$"https://d-nb.info/gnd/107529195X"$"Nürnberg"$"https://d-nb.info/gnd/4042742-0"
"105"$"Cent. VI, 58"$"https://online-service.nuernberg.de/viewer/api/v1/records/07115624/manifest/"$"https://nbn-resolving.de/urn:nbn:de:bvb:75-20240522154031"$"https://online-service.nuernberg.de/viewer/api/v1/records/07115624/files/images/75_cent_vi_58_005.tif/full/!400,400/0/default.jpg"$"Komplett"$"Original"$"bitonal"$"Einzelseite"$"21.12.2022"$"2024"$"Stadtbibliothek im Bildungscampus Nürnberg"$"https://d-nb.info/gnd/107529195X"$"Nürnberg"$"https://d-nb.info/gnd/4042742-0"$"Stadtbibliothek im Bildungscampus Nürnberg"$"https://d-nb.info/gnd/107529195X"$"Nürnberg"$"https://d-nb.info/gnd/4042742-0"
"106"$"Cent. VI, 60"$"https://online-service.nuernberg.de/viewer/api/v1/records/07115625/manifest/"$"https://nbn-resolving.de/urn:nbn:de:bvb:75-20240523085231"$"https://online-service.nuernberg.de/viewer/api/v1/records/07115625/files/images/75_cent_vi_60_102.tif/full/!400,400/0/default.jp"$"Komplett"$"Original"$"bitonal"$"Einzelseite"$"21.12.2022"$"2024"$"Stadtbibliothek im Bildungscampus Nürnberg"$"https://d-nb.info/gnd/107529195X"$"Nürnberg"$"https://d-nb.info/gnd/4042742-0"$"Stadtbibliothek im Bildungscampus Nürnberg"$"https://d-nb.info/gnd/107529195X"$"Nürnberg"$"https://d-nb.info/gnd/4042742-0"
"107"$"Cent. VI, 69"$"https://online-service.nuernberg.de/viewer/api/v1/records/07115634/manifest/"$"https://nbn-resolving.de/urn:nbn:de:bvb:75-20240523101019"$"https://online-service.nuernberg.de/viewer/api/v1/records/07115634/files/images/75_cent_vi_69_007.tif/full/!400,400/0/default.jpg"$"Komplett"$"Original"$"bitonal"$"Einzelseite"$"21.12.2022"$"2024"$"Stadtbibliothek im Bildungscampus Nürnberg"$"https://d-nb.info/gnd/107529195X"$"Nürnberg"$"https://d-nb.info/gnd/4042742-0"$"Stadtbibliothek im Bildungscampus Nürnberg"$"https://d-nb.info/gnd/107529195X"$"Nürnberg"$"https://d-nb.info/gnd/4042742-0"
"108"$"Cent. VI, 70"$"https://online-service.nuernberg.de/viewer/api/v1/records/07115643/manifest/"$"https://nbn-resolving.de/urn:nbn:de:bvb:75-20240523110945"$"https://online-service.nuernberg.de/viewer/api/v1/records/07115643/files/images/75_cent_vi_70_002.tif/full/!400,400/0/default.jpg"$"Komplett"$"Original"$"bitonal"$"Einzelseite"$"21.12.2022"$"2024"$"Stadtbibliothek im Bildungscampus Nürnberg"$"https://d-nb.info/gnd/107529195X"$"Nürnberg"$"https://d-nb.info/gnd/4042742-0"$"Stadtbibliothek im Bildungscampus Nürnberg"$"https://d-nb.info/gnd/107529195X"$"Nürnberg"$"https://d-nb.info/gnd/4042742-0"
"109"$"Cent. VI, 81"$"https://online-service.nuernberg.de/viewer/api/v1/records/07115655/manifest/"$"https://nbn-resolving.de/urn:nbn:de:bvb:75-20240523120505"$"https://online-service.nuernberg.de/viewer/api/v1/records/07115655/files/images/75_cent_vi_81_004.tif/full/!400,400/0/default.jpg"$"Komplett"$"Original"$"bitonal"$"Einzelseite"$"21.12.2022"$"2024"$"Stadtbibliothek im Bildungscampus Nürnberg"$"https://d-nb.info/gnd/107529195X"$"Nürnberg"$"https://d-nb.info/gnd/4042742-0"$"Stadtbibliothek im Bildungscampus Nürnberg"$"https://d-nb.info/gnd/107529195X"$"Nürnberg"$"https://d-nb.info/gnd/4042742-0"
"110"$"Cent. VI, 82"$"https://online-service.nuernberg.de/viewer/api/v1/records/07115817/manifest/"$"https://nbn-resolving.de/urn:nbn:de:bvb:75-20240523124919"$"https://online-service.nuernberg.de/viewer/api/v1/records/07115817/files/images/75_cent_vi_82_003.tif/full/!400,400/0/default.jpg"$"Komplett"$"Original"$"bitonal"$"Einzelseite"$"21.12.2022"$"2024"$"Stadtbibliothek im Bildungscampus Nürnberg"$"https://d-nb.info/gnd/107529195X"$"Nürnberg"$"https://d-nb.info/gnd/4042742-0"$"Stadtbibliothek im Bildungscampus Nürnberg"$"https://d-nb.info/gnd/107529195X"$"Nürnberg"$"https://d-nb.info/gnd/4042742-0"
"111"$"Cent. VI, 84"$"https://online-service.nuernberg.de/viewer/api/v1/records/07115927/manifest/"$"https://nbn-resolving.de/urn:nbn:de:bvb:75-20240527131458"$"https://online-service.nuernberg.de/viewer/api/v1/records/07115927/files/images/75_cent_vi_84_006.tif/full/!400,400/0/default.jpg"$"Komplett"$"Original"$"bitonal"$"Einzelseite"$"21.12.2022"$"2024"$"Stadtbibliothek im Bildungscampus Nürnberg"$"https://d-nb.info/gnd/107529195X"$"Nürnberg"$"https://d-nb.info/gnd/4042742-0"$"Stadtbibliothek im Bildungscampus Nürnberg"$"https://d-nb.info/gnd/107529195X"$"Nürnberg"$"https://d-nb.info/gnd/4042742-0"
"112"$"Cent. VI, 91"$"https://online-service.nuernberg.de/viewer/api/v1/records/07116257/manifest/"$"https://nbn-resolving.de/urn:nbn:de:bvb:75-20240603132547"$"https://online-service.nuernberg.de/viewer/api/v1/records/07116257/files/images/75_cent_vi_91_019.tif/full/!400,400/0/default.jpg"$"Komplett"$"Original"$"bitonal"$"Einzelseite"$"21.12.2022"$"2024"$"Stadtbibliothek im Bildungscampus Nürnberg"$"https://d-nb.info/gnd/107529195X"$"Nürnberg"$"https://d-nb.info/gnd/4042742-0"$"Stadtbibliothek im Bildungscampus Nürnberg"$"https://d-nb.info/gnd/107529195X"$"Nürnberg"$"https://d-nb.info/gnd/4042742-0"
"113"$"Cent. VI, 96"$"https://online-service.nuernberg.de/viewer/api/v1/records/07116261/manifest/"$"https://nbn-resolving.de/urn:nbn:de:bvb:75-20240531071132"$"https://online-service.nuernberg.de/viewer/api/v1/records/07116261/files/images/75_cent_vi_96_028.tif/full/!400,400/0/default.jpg"$"Komplett"$"Original"$"bitonal"$"Einzelseite"$"21.12.2022"$"2024"$"Stadtbibliothek im Bildungscampus Nürnberg"$"https://d-nb.info/gnd/107529195X"$"Nürnberg"$"https://d-nb.info/gnd/4042742-0"$"Stadtbibliothek im Bildungscampus Nürnberg"$"https://d-nb.info/gnd/107529195X"$"Nürnberg"$"https://d-nb.info/gnd/4042742-0"
"114"$"Cent. VII, 21"$"https://online-service.nuernberg.de/viewer/api/v1/records/07116262/manifest/"$"https://nbn-resolving.de/urn:nbn:de:bvb:75-20240531083546"$"https://online-service.nuernberg.de/viewer/api/v1/records/07116262/files/images/75_cent_vii_21_007.tif/full/!400,400/0/default.jpg"$"Komplett"$"Original"$"bitonal"$"Einzelseite"$"21.12.2022"$"2024"$"Stadtbibliothek im Bildungscampus Nürnberg"$"https://d-nb.info/gnd/107529195X"$"Nürnberg"$"https://d-nb.info/gnd/4042742-0"$"Stadtbibliothek im Bildungscampus Nürnberg"$"https://d-nb.info/gnd/107529195X"$"Nürnberg"$"https://d-nb.info/gnd/4042742-0"
"115"$"Cent. VI, 92"$"https://online-service.nuernberg.de/viewer/api/v1/records/07116263/manifest/"$"https://nbn-resolving.de/urn:nbn:de:bvb:75-20240531085007"$"https://online-service.nuernberg.de/viewer/api/v1/records/07116263/files/images/75_cent_vi_92_006.tif/full/!400,400/0/default.jpg"$"Komplett"$"Original"$"bitonal"$"Einzelseite"$"21.12.2022"$"2024"$"Stadtbibliothek im Bildungscampus Nürnberg"$"https://d-nb.info/gnd/107529195X"$"Nürnberg"$"https://d-nb.info/gnd/4042742-0"$"Stadtbibliothek im Bildungscampus Nürnberg"$"https://d-nb.info/gnd/107529195X"$"Nürnberg"$"https://d-nb.info/gnd/4042742-0"
"116"$"Cent. VI, 97"$"https://online-service.nuernberg.de/viewer/api/v1/records/07116265/manifest/"$"https://nbn-resolving.de/urn:nbn:de:bvb:75-20240531094133"$"https://online-service.nuernberg.de/viewer/api/v1/records/07116265/files/images/75_cent_vi_97_034.tif/full/!400,400/0/default.jpg"$"Komplett"$"Original"$"bitonal"$"Einzelseite"$"21.12.2022"$"2024"$"Stadtbibliothek im Bildungscampus Nürnberg"$"https://d-nb.info/gnd/107529195X"$"Nürnberg"$"https://d-nb.info/gnd/4042742-0"$"Stadtbibliothek im Bildungscampus Nürnberg"$"https://d-nb.info/gnd/107529195X"$"Nürnberg"$"https://d-nb.info/gnd/4042742-0"
"117"$"Cent. VI, 98"$"https://online-service.nuernberg.de/viewer/api/v1/records/07116277/manifest/"$"https://nbn-resolving.de/urn:nbn:de:bvb:75-20240531105816"$"https://online-service.nuernberg.de/viewer/api/v1/records/07116277/files/images/75_cent_vi_98_004.tif/full/!400,400/0/default.jp"$"Komplett"$"Original"$"bitonal"$"Einzelseite"$"21.12.2022"$"2024"$"Stadtbibliothek im Bildungscampus Nürnberg"$"https://d-nb.info/gnd/107529195X"$"Nürnberg"$"https://d-nb.info/gnd/4042742-0"$"Stadtbibliothek im Bildungscampus Nürnberg"$"https://d-nb.info/gnd/107529195X"$"Nürnberg"$"https://d-nb.info/gnd/4042742-0"
"118"$"Cent. VI, 99"$"https://online-service.nuernberg.de/viewer/api/v1/records/07116282/manifest/"$"https://nbn-resolving.de/urn:nbn:de:bvb:75-20240603084918"$"https://online-service.nuernberg.de/viewer/api/v1/records/07116282/files/images/75_cent_vi_99_012.tif/full/!400,400/0/default.jpg"$"Komplett"$"Original"$"bitonal"$"Einzelseite"$"21.12.2022"$"2024"$"Stadtbibliothek im Bildungscampus Nürnberg"$"https://d-nb.info/gnd/107529195X"$"Nürnberg"$"https://d-nb.info/gnd/4042742-0"$"Stadtbibliothek im Bildungscampus Nürnberg"$"https://d-nb.info/gnd/107529195X"$"Nürnberg"$"https://d-nb.info/gnd/4042742-0"
"119"$"Cent. VI, 100"$"https://online-service.nuernberg.de/viewer/api/v1/records/07116435/manifest/"$"https://nbn-resolving.de/urn:nbn:de:bvb:75-20240603114918"$"https://online-service.nuernberg.de/viewer/api/v1/records/07116435/files/images/75_cent_vi_100_006.tif/full/!400,400/0/default.jpg"$"Komplett"$"Original"$"Standard"$"Einzelseite"$"21.12.2022"$"2024"$"Stadtbibliothek im Bildungscampus Nürnberg"$"https://d-nb.info/gnd/107529195X"$"Nürnberg"$"https://d-nb.info/gnd/4042742-0"$"Stadtbibliothek im Bildungscampus Nürnberg"$"https://d-nb.info/gnd/107529195X"$"Nürnberg"$"https://d-nb.info/gnd/4042742-0"
"120"$"Cent. IV, 35"$"https://online-service.nuernberg.de/viewer/api/v1/records/07109904/manifest/"$"https://nbn-resolving.de/urn:nbn:de:bvb:75-20240603144114"$"https://online-service.nuernberg.de/viewer/api/v1/records/07109904/files/images/75_cent_iv_35_004.tif/full/!400,400/0/default.jpg"$"Komplett"$"Original"$"bitonal"$"Einzelseite"$"21.12.2022"$"2024"$"Stadtbibliothek im Bildungscampus Nürnberg"$"https://d-nb.info/gnd/107529195X"$"Nürnberg"$"https://d-nb.info/gnd/4042742-0"$"Stadtbibliothek im Bildungscampus Nürnberg"$"https://d-nb.info/gnd/107529195X"$"Nürnberg"$"https://d-nb.info/gnd/4042742-0"
"121"$"Cent. VII, 3"$"https://online-service.nuernberg.de/viewer/api/v1/records/07116705/manifest/"$"https://nbn-resolving.de/urn:nbn:de:bvb:75-20240606114012"$"https://online-service.nuernberg.de/viewer/api/v1/records/07116705/files/images/75_cent_vii_3_013.tif/full/!400,400/0/default.jpg"$"Komplett"$"Original"$"bitonal"$"Einzelseite"$"21.12.2022"$"2024"$"Stadtbibliothek im Bildungscampus Nürnberg"$"https://d-nb.info/gnd/107529195X"$"Nürnberg"$"https://d-nb.info/gnd/4042742-0"$"Stadtbibliothek im Bildungscampus Nürnberg"$"https://d-nb.info/gnd/107529195X"$"Nürnberg"$"https://d-nb.info/gnd/4042742-0"
"122"$"Cent. VII, 7"$"https://online-service.nuernberg.de/viewer/api/v1/records/07116728/manifest/"$"https://nbn-resolving.de/urn:nbn:de:bvb:75-20240606122055"$"https://online-service.nuernberg.de/viewer/api/v1/records/07116728/files/images/75_cent_vii_7_007.tif/full/!400,400/0/default.jpg"$"Komplett"$"Original"$"bitonal"$"Einzelseite"$"21.12.2022"$"2024"$"Stadtbibliothek im Bildungscampus Nürnberg"$"https://d-nb.info/gnd/107529195X"$"Nürnberg"$"https://d-nb.info/gnd/4042742-0"$"Stadtbibliothek im Bildungscampus Nürnberg"$"https://d-nb.info/gnd/107529195X"$"Nürnberg"$"https://d-nb.info/gnd/4042742-0"
"123"$"Cent. VII, 35"$"https://online-service.nuernberg.de/viewer/api/v1/records/07116743/manifest/"$"https://nbn-resolving.de/urn:nbn:de:bvb:75-20240606132933"$"https://online-service.nuernberg.de/viewer/api/v1/records/07116743/files/images/75_cent_vii_35_003.tif/full/!400,400/0/default.jpg"$"Komplett"$"Original"$"bitonal"$"Einzelseite"$"21.12.2022"$"2024"$"Stadtbibliothek im Bildungscampus Nürnberg"$"https://d-nb.info/gnd/107529195X"$"Nürnberg"$"https://d-nb.info/gnd/4042742-0"$"Stadtbibliothek im Bildungscampus Nürnberg"$"https://d-nb.info/gnd/107529195X"$"Nürnberg"$"https://d-nb.info/gnd/4042742-0"
"124"$"Cent. VII, 90"$"https://online-service.nuernberg.de/viewer/api/v1/records/07116744/manifest/"$"https://nbn-resolving.de/urn:nbn:de:bvb:75-20240606141917"$"https://online-service.nuernberg.de/viewer/api/v1/records/07116744/files/images/75_cent_vii_90_003.tif/full/!400,400/0/default.jpg"$"Komplett"$"Original"$"bitonal"$"Doppelseite"$"21.12.2022"$"2024"$"Stadtbibliothek im Bildungscampus Nürnberg"$"https://d-nb.info/gnd/107529195X"$"Nürnberg"$"https://d-nb.info/gnd/4042742-0"$"Stadtbibliothek im Bildungscampus Nürnberg"$"https://d-nb.info/gnd/107529195X"$"Nürnberg"$"https://d-nb.info/gnd/4042742-0"
"125"$"Cent. VII, 9"$"https://online-service.nuernberg.de/viewer/api/v1/records/07117063/manifest/"$"https://nbn-resolving.de/urn:nbn:de:bvb:75-20240612142249"$"https://online-service.nuernberg.de/viewer/api/v1/records/07117063/files/images/75_cent_vii_9_003.tif/full/!400,400/0/default.jpg"$"Komplett"$"Original"$"bitonal"$"Doppelseite"$"21.12.2022"$"2024"$"Stadtbibliothek im Bildungscampus Nürnberg"$"https://d-nb.info/gnd/107529195X"$"Nürnberg"$"https://d-nb.info/gnd/4042742-0"$"Stadtbibliothek im Bildungscampus Nürnberg"$"https://d-nb.info/gnd/107529195X"$"Nürnberg"$"https://d-nb.info/gnd/4042742-0"
"126"$"Cent. VII, 10"$"https://online-service.nuernberg.de/viewer/api/v1/records/07117069/manifest/"$"https://nbn-resolving.de/urn:nbn:de:bvb:75-20240612152702"$"https://online-service.nuernberg.de/viewer/api/v1/records/07117069/files/images/75_cent_vii_10_026.tif/full/!400,400/0/default.jpg"$"Komplett"$"Original"$"bitonal"$"Einzelseite"$"21.12.2022"$"2024"$"Stadtbibliothek im Bildungscampus Nürnberg"$"https://d-nb.info/gnd/107529195X"$"Nürnberg"$"https://d-nb.info/gnd/4042742-0"$"Stadtbibliothek im Bildungscampus Nürnberg"$"https://d-nb.info/gnd/107529195X"$"Nürnberg"$"https://d-nb.info/gnd/4042742-0"
"127"$"Cent. VII, 11a"$"https://online-service.nuernberg.de/viewer/api/v1/records/07117095/manifest/"$"https://nbn-resolving.de/urn:nbn:de:bvb:75-20240612155448"$"https://online-service.nuernberg.de/viewer/api/v1/records/07117095/files/images/75_cent_vii_11a_005.tif/full/!400,400/0/default.jpg"$"Komplett"$"Original"$"bitonal"$"Einzelseite"$"21.12.2022"$"2024"$"Stadtbibliothek im Bildungscampus Nürnberg"$"https://d-nb.info/gnd/107529195X"$"Nürnberg"$"https://d-nb.info/gnd/4042742-0"$"Stadtbibliothek im Bildungscampus Nürnberg"$"https://d-nb.info/gnd/107529195X"$"Nürnberg"$"https://d-nb.info/gnd/4042742-0"
"128"$"Cent. VII, 13"$"https://online-service.nuernberg.de/viewer/api/v1/records/07117098/manifest/"$"https://nbn-resolving.de/urn:nbn:de:bvb:75-20240612163959"$"https://online-service.nuernberg.de/viewer/api/v1/records/07117098/files/images/75_cent_vii_13_004.tif/full/!400,400/0/default.jpg"$"Komplett"$"Original"$"bitonal"$"Doppelseite"$"21.12.2022"$"2024"$"Stadtbibliothek im Bildungscampus Nürnberg"$"https://d-nb.info/gnd/107529195X"$"Nürnberg"$"https://d-nb.info/gnd/4042742-0"$"Stadtbibliothek im Bildungscampus Nürnberg"$"https://d-nb.info/gnd/107529195X"$"Nürnberg"$"https://d-nb.info/gnd/4042742-0"
"129"$"Cent. VII, 22"$"https://online-service.nuernberg.de/viewer/api/v1/records/07117104/manifest/"$"https://nbn-resolving.de/urn:nbn:de:bvb:75-20240613073014"$"https://online-service.nuernberg.de/viewer/api/v1/records/07117104/files/images/75_cent_vii_22_005.tif/full/!400,400/0/default.jpg"$"Komplett"$"Original"$"bitonal"$"Einzelseite"$"21.12.2022"$"2024"$"Stadtbibliothek im Bildungscampus Nürnberg"$"https://d-nb.info/gnd/107529195X"$"Nürnberg"$"https://d-nb.info/gnd/4042742-0"$"Stadtbibliothek im Bildungscampus Nürnberg"$"https://d-nb.info/gnd/107529195X"$"Nürnberg"$"https://d-nb.info/gnd/4042742-0"
"130"$"Cent. VII, 24"$"https://online-service.nuernberg.de/viewer/api/v1/records/07117107/manifest/"$"https://nbn-resolving.de/urn:nbn:de:bvb:75-20240613083139"$"https://online-service.nuernberg.de/viewer/api/v1/records/07117107/files/images/75_cent_vii_24_005.tif/full/!400,400/0/default.jpg"$"Komplett"$"Original"$"Standard"$"Einzelseite"$"21.12.2022"$"2024"$"Stadtbibliothek im Bildungscampus Nürnberg"$"https://d-nb.info/gnd/107529195X"$"Nürnberg"$"https://d-nb.info/gnd/4042742-0"$"Stadtbibliothek im Bildungscampus Nürnberg"$"https://d-nb.info/gnd/107529195X"$"Nürnberg"$"https://d-nb.info/gnd/4042742-0"
"131"$"Cent. VII, 25"$"https://online-service.nuernberg.de/viewer/api/v1/records/07117116/manifest/"$"https://nbn-resolving.de/urn:nbn:de:bvb:75-20240613084804"$"https://online-service.nuernberg.de/viewer/api/v1/records/07117116/files/images/75_cent_vii_25_005.tif/full/!400,400/0/default.jpg"$"Komplett"$"Original"$"bitonal"$"Einzelseite"$"21.12.2022"$"2024"$"Stadtbibliothek im Bildungscampus Nürnberg"$"https://d-nb.info/gnd/107529195X"$"Nürnberg"$"https://d-nb.info/gnd/4042742-0"$"Stadtbibliothek im Bildungscampus Nürnberg"$"https://d-nb.info/gnd/107529195X"$"Nürnberg"$"https://d-nb.info/gnd/4042742-0"
"132"$"Cent. VII, 26"$"https://online-service.nuernberg.de/viewer/api/v1/records/07117126/manifest/"$"https://nbn-resolving.de/urn:nbn:de:bvb:75-20240613085926"$"https://online-service.nuernberg.de/viewer/api/v1/records/07117126/files/images/75_cent_vii_26_004.tif/full/!400,400/0/default.jpg"$"Komplett"$"Original"$"bitonal"$"Doppelseite"$"21.12.2022"$"2024"$"Stadtbibliothek im Bildungscampus Nürnberg"$"https://d-nb.info/gnd/107529195X"$"Nürnberg"$"https://d-nb.info/gnd/4042742-0"$"Stadtbibliothek im Bildungscampus Nürnberg"$"https://d-nb.info/gnd/107529195X"$"Nürnberg"$"https://d-nb.info/gnd/4042742-0"
"133"$"Cent. VII, 27"$"https://online-service.nuernberg.de/viewer/api/v1/records/07117128/manifest/"$"https://nbn-resolving.de/urn:nbn:de:bvb:75-20240613093218"$"https://online-service.nuernberg.de/viewer/api/v1/records/07117128/files/images/75_cent_vii_27_004.tif/full/!400,400/0/default.jp"$"Komplett"$"Original"$"bitonal"$"Doppelseite"$"21.12.2022"$"2024"$"Stadtbibliothek im Bildungscampus Nürnberg"$"https://d-nb.info/gnd/107529195X"$"Nürnberg"$"https://d-nb.info/gnd/4042742-0"$"Stadtbibliothek im Bildungscampus Nürnberg"$"https://d-nb.info/gnd/107529195X"$"Nürnberg"$"https://d-nb.info/gnd/4042742-0"
"134"$"Cent. VII, 29"$"https://online-service.nuernberg.de/viewer/api/v1/records/07117132/manifest/"$"https://nbn-resolving.de/urn:nbn:de:bvb:75-20240613102442"$"https://online-service.nuernberg.de/viewer/api/v1/records/07117132/files/images/75_cent_vii_29_007.tif/full/!400,400/0/default.jpg"$"Komplett"$"Original"$"bitonal"$"Einzelseite"$"21.12.2022"$"2024"$"Stadtbibliothek im Bildungscampus Nürnberg"$"https://d-nb.info/gnd/107529195X"$"Nürnberg"$"https://d-nb.info/gnd/4042742-0"$"Stadtbibliothek im Bildungscampus Nürnberg"$"https://d-nb.info/gnd/107529195X"$"Nürnberg"$"https://d-nb.info/gnd/4042742-0"
"135"$"Cent. VII, 31"$"https://online-service.nuernberg.de/viewer/api/v1/records/07117135/manifest/"$"https://nbn-resolving.de/urn:nbn:de:bvb:75-20240613104430"$"https://online-service.nuernberg.de/viewer/api/v1/records/07117135/files/images/75_cent_vii_31_005.tif/full/!400,400/0/default.jpg"$"Komplett"$"Original"$"bitonal"$"Einzelseite"$"21.12.2022"$"2024"$"Stadtbibliothek im Bildungscampus Nürnberg"$"https://d-nb.info/gnd/107529195X"$"Nürnberg"$"https://d-nb.info/gnd/4042742-0"$"Stadtbibliothek im Bildungscampus Nürnberg"$"https://d-nb.info/gnd/107529195X"$"Nürnberg"$"https://d-nb.info/gnd/4042742-0"
"136"$"Cent. VII, 32"$"https://online-service.nuernberg.de/viewer/api/v1/records/07117137/manifest/"$"https://nbn-resolving.de/urn:nbn:de:bvb:75-20240613113510"$"https://online-service.nuernberg.de/viewer/api/v1/records/07117137/files/images/75_cent_vii_32_004.tif/full/!400,400/0/default.jpg"$"Komplett"$"Original"$"bitonal"$"Einzelseite"$"21.12.2022"$"2024"$"Stadtbibliothek im Bildungscampus Nürnberg"$"https://d-nb.info/gnd/107529195X"$"Nürnberg"$"https://d-nb.info/gnd/4042742-0"$"Stadtbibliothek im Bildungscampus Nürnberg"$"https://d-nb.info/gnd/107529195X"$"Nürnberg"$"https://d-nb.info/gnd/4042742-0"
"137"$"Cent. VII, 34"$"https://online-service.nuernberg.de/viewer/api/v1/records/07117141/manifest/"$"https://nbn-resolving.de/urn:nbn:de:bvb:75-20240613123636"$"https://online-service.nuernberg.de/viewer/api/v1/records/07117141/files/images/75_cent_vii_34_008.tif/full/!400,400/0/default.jpg"$"Komplett"$"Original"$"bitonal"$"Einzelseite"$"21.12.2022"$"2024"$"Stadtbibliothek im Bildungscampus Nürnberg"$"https://d-nb.info/gnd/107529195X"$"Nürnberg"$"https://d-nb.info/gnd/4042742-0"$"Stadtbibliothek im Bildungscampus Nürnberg"$"https://d-nb.info/gnd/107529195X"$"Nürnberg"$"https://d-nb.info/gnd/4042742-0"
"138"$"Cent. VII, 79"$"https://online-service.nuernberg.de/viewer/api/v1/records/07118871/manifest/"$"https://nbn-resolving.de/urn:nbn:de:bvb:75-20240711080254"$"https://online-service.nuernberg.de/viewer/api/v1/records/07118871/files/images/75_cent_vii_79_179.tif/full/!400,400/0/default.jpg"$"Komplett"$"Original"$"Standard"$"Einzelseite"$"21.12.2024"$"2025"$"Stadtbibliothek im Bildungscampus Nürnberg"$"https://d-nb.info/gnd/107529195X"$"Nürnberg"$"https://d-nb.info/gnd/4042742-0"$"Stadtbibliothek im Bildungscampus Nürnberg"$"https://d-nb.info/gnd/107529195X"$"Nürnberg"$"https://d-nb.info/gnd/4042742-0"
"139"$"Solg. Ms. 25. 4°"$"https://online-service.nuernberg.de/viewer/api/v1/records/07118872/manifest/"$"https://nbn-resolving.de/urn:nbn:de:bvb:75-20240711085528"$"https://online-service.nuernberg.de/viewer/api/v1/records/07118872/files/images/75_solg_ms_4_25_003.tif/full/!400,400/0/default.jpg"$"Komplett"$"Original"$"bitonal"$"Doppelseite"$"21.12.2022"$"2025"$"Stadtbibliothek im Bildungscampus Nürnberg"$"https://d-nb.info/gnd/107529195X"$"Nürnberg"$"https://d-nb.info/gnd/4042742-0"$"Stadtbibliothek im Bildungscampus Nürnberg"$"https://d-nb.info/gnd/107529195X"$"Nürnberg"$"https://d-nb.info/gnd/4042742-0"
"140"$"Cent. VII, 39"$"https://online-service.nuernberg.de/viewer/api/v1/records/07119216/manifest/"$"https://nbn-resolving.de/urn:nbn:de:bvb:75-20240718080609"$"https://online-service.nuernberg.de/viewer/api/v1/records/07119216/files/images/75_cent_vii_39_015.tif/full/!400,400/0/default.jpg"$"Komplett"$"Original"$"bitonal"$"Einzelseite"$"21.12.2022"$"2025"$"Stadtbibliothek im Bildungscampus Nürnberg"$"https://d-nb.info/gnd/107529195X"$"Nürnberg"$"https://d-nb.info/gnd/4042742-0"$"Stadtbibliothek im Bildungscampus Nürnberg"$"https://d-nb.info/gnd/107529195X"$"Nürnberg"$"https://d-nb.info/gnd/4042742-0"
"141"$"Cent. VII, 45"$"https://online-service.nuernberg.de/viewer/api/v1/records/07119219/manifest/"$"https://nbn-resolving.de/urn:nbn:de:bvb:75-20240718084224"$"https://online-service.nuernberg.de/viewer/api/v1/records/07119219/files/images/75_cent_vii_45_004.tif/full/!400,400/0/default.jpg"$"Komplett"$"Original"$"bitonal"$"Einzelseite"$"21.12.2022"$"2025"$"Stadtbibliothek im Bildungscampus Nürnberg"$"https://d-nb.info/gnd/107529195X"$"Nürnberg"$"https://d-nb.info/gnd/4042742-0"$"Stadtbibliothek im Bildungscampus Nürnberg"$"https://d-nb.info/gnd/107529195X"$"Nürnberg"$"https://d-nb.info/gnd/4042742-0"
"142"$"Cent. VII, 48"$"https://online-service.nuernberg.de/viewer/api/v1/records/07119231/manifest/"$"https://nbn-resolving.de/urn:nbn:de:bvb:75-20240718093859"$"https://online-service.nuernberg.de/viewer/api/v1/records/07119231/files/images/75_cent_vii_48_004.tif/full/!400,400/0/default.jpg"$"Komplett"$"Original"$"bitonal"$"Doppelseite"$"21.12.2022"$"2025"$"Stadtbibliothek im Bildungscampus Nürnberg"$"https://d-nb.info/gnd/107529195X"$"Nürnberg"$"https://d-nb.info/gnd/4042742-0"$"Stadtbibliothek im Bildungscampus Nürnberg"$"https://d-nb.info/gnd/107529195X"$"Nürnberg"$"https://d-nb.info/gnd/4042742-0"
"143"$"Cent. VII, 49"$"https://online-service.nuernberg.de/viewer/api/v1/records/07119288/manifest/"$"https://nbn-resolving.de/urn:nbn:de:bvb:75-20240718100906"$"https://online-service.nuernberg.de/viewer/api/v1/records/07119288/files/images/75_cent_vii_49_003.tif/full/!400,400/0/default.jpg"$"Komplett"$"Original"$"bitonal"$"Einzelseite"$"21.12.2022"$"2025"$"Stadtbibliothek im Bildungscampus Nürnberg"$"https://d-nb.info/gnd/107529195X"$"Nürnberg"$"https://d-nb.info/gnd/4042742-0"$"Stadtbibliothek im Bildungscampus Nürnberg"$"https://d-nb.info/gnd/107529195X"$"Nürnberg"$"https://d-nb.info/gnd/4042742-0"
"144"$"Cent. VII, 50"$"https://online-service.nuernberg.de/viewer/api/v1/records/07119293/manifest/"$"https://nbn-resolving.de/urn:nbn:de:bvb:75-20240718114017"$"https://online-service.nuernberg.de/viewer/api/v1/records/07119293/files/images/75_cent_vii_50_003.tif/full/!400,400/0/default.jpg"$"Komplett"$"Original"$"bitonal"$"Doppelseite"$"21.12.2022"$"2025"$"Stadtbibliothek im Bildungscampus Nürnberg"$"https://d-nb.info/gnd/107529195X"$"Nürnberg"$"https://d-nb.info/gnd/4042742-0"$"Stadtbibliothek im Bildungscampus Nürnberg"$"https://d-nb.info/gnd/107529195X"$"Nürnberg"$"https://d-nb.info/gnd/4042742-0"
"145"$"Cent. VII, 51"$"https://online-service.nuernberg.de/viewer/api/v1/records/07119310/manifest/"$"https://nbn-resolving.de/urn:nbn:de:bvb:75-20240718125716"$"https://online-service.nuernberg.de/viewer/api/v1/records/07119310/files/images/75_cent_vii_51_003.tif/full/!400,400/0/default.jpg"$"Komplett"$"Original"$"bitonal"$"Einzelseite"$"21.12.2022"$"2025"$"Stadtbibliothek im Bildungscampus Nürnberg"$"https://d-nb.info/gnd/107529195X"$"Nürnberg"$"https://d-nb.info/gnd/4042742-0"$"Stadtbibliothek im Bildungscampus Nürnberg"$"https://d-nb.info/gnd/107529195X"$"Nürnberg"$"https://d-nb.info/gnd/4042742-0"
"146"$"Cent. VII, 55"$"https://online-service.nuernberg.de/viewer/api/v1/records/07119332/manifest/"$"https://nbn-resolving.de/urn:nbn:de:bvb:75-20240718135956"$"https://online-service.nuernberg.de/viewer/api/v1/records/07119332/files/images/75_cent_vii_55_004.tif/full/!400,400/0/default.jpg"$"Komplett"$"Original"$"bitonal"$"Doppelseite"$"21.12.2022"$"2025"$"Stadtbibliothek im Bildungscampus Nürnberg"$"https://d-nb.info/gnd/107529195X"$"Nürnberg"$"https://d-nb.info/gnd/4042742-0"$"Stadtbibliothek im Bildungscampus Nürnberg"$"https://d-nb.info/gnd/107529195X"$"Nürnberg"$"https://d-nb.info/gnd/4042742-0"
"147"$"Cent. VII, 56"$"https://online-service.nuernberg.de/viewer/api/v1/records/07119333/manifest/"$"https://nbn-resolving.de/urn:nbn:de:bvb:75-20240718150508"$"https://online-service.nuernberg.de/viewer/api/v1/records/07119333/files/images/75_cent_vii_56_003.tif/full/!400,400/0/default.jpg"$"Komplett"$"Original"$"bitonal"$"Doppelseite"$"21.12.2022"$"2025"$"Stadtbibliothek im Bildungscampus Nürnberg"$"https://d-nb.info/gnd/107529195X"$"Nürnberg"$"https://d-nb.info/gnd/4042742-0"$"Stadtbibliothek im Bildungscampus Nürnberg"$"https://d-nb.info/gnd/107529195X"$"Nürnberg"$"https://d-nb.info/gnd/4042742-0"
"148"$"Cent. VII, 58"$"https://online-service.nuernberg.de/viewer/api/v1/records/07119341/manifest/"$"https://nbn-resolving.de/urn:nbn:de:bvb:75-20240719074804"$"https://online-service.nuernberg.de/viewer/api/v1/records/07119341/files/images/75_cent_vii_58_005.tif/full/!400,400/0/default.jpg"$"Komplett"$"Original"$"bitonal"$"Einzelseite"$"21.12.2022"$"2025"$"Stadtbibliothek im Bildungscampus Nürnberg"$"https://d-nb.info/gnd/107529195X"$"Nürnberg"$"https://d-nb.info/gnd/4042742-0"$"Stadtbibliothek im Bildungscampus Nürnberg"$"https://d-nb.info/gnd/107529195X"$"Nürnberg"$"https://d-nb.info/gnd/4042742-0"
"149"$"Cent. VII, 60"$"https://online-service.nuernberg.de/viewer/api/v1/records/07119342/manifest/"$"https://nbn-resolving.de/urn:nbn:de:bvb:75-20240719082853"$"https://online-service.nuernberg.de/viewer/api/v1/records/07119342/files/images/75_cent_vii_60_005.tif/full/!400,400/0/default.jpg"$"Komplett"$"Original"$"bitonal"$"Einzelseite"$"21.12.2022"$"2025"$"Stadtbibliothek im Bildungscampus Nürnberg"$"https://d-nb.info/gnd/107529195X"$"Nürnberg"$"https://d-nb.info/gnd/4042742-0"$"Stadtbibliothek im Bildungscampus Nürnberg"$"https://d-nb.info/gnd/107529195X"$"Nürnberg"$"https://d-nb.info/gnd/4042742-0"
"150"$"Cent. VII, 61"$"https://online-service.nuernberg.de/viewer/api/v1/records/07119343/manifest/"$"https://nbn-resolving.de/urn:nbn:de:bvb:75-20240719100748"$"https://online-service.nuernberg.de/viewer/api/v1/records/07119343/files/images/75_cent_vii_61_005.tif/full/!400,400/0/default.jpg"$"Komplett"$"Original"$"bitonal"$"Einzelseite"$"21.12.2022"$"2025"$"Stadtbibliothek im Bildungscampus Nürnberg"$"https://d-nb.info/gnd/107529195X"$"Nürnberg"$"https://d-nb.info/gnd/4042742-0"$"Stadtbibliothek im Bildungscampus Nürnberg"$"https://d-nb.info/gnd/107529195X"$"Nürnberg"$"https://d-nb.info/gnd/4042742-0"
"151"$"Cent. VII, 70"$"https://online-service.nuernberg.de/viewer/api/v1/records/07119633/manifest/"$"https://nbn-resolving.de/urn:nbn:de:bvb:75-20240726071228"$"https://online-service.nuernberg.de/viewer/api/v1/records/07119633/files/images/75_cent_vii_70_005.tif/full/!400,400/0/default.jpg"$"Komplett"$"Original"$"bitonal"$"Einzelseite"$"21.12.2022"$"2025"$"Stadtbibliothek im Bildungscampus Nürnberg"$"https://d-nb.info/gnd/107529195X"$"Nürnberg"$"https://d-nb.info/gnd/4042742-0"$"Stadtbibliothek im Bildungscampus Nürnberg"$"https://d-nb.info/gnd/107529195X"$"Nürnberg"$"https://d-nb.info/gnd/4042742-0"
"152"$"Cent. VII, 72"$"https://online-service.nuernberg.de/viewer/api/v1/records/07119635/manifest/"$"https://nbn-resolving.de/urn:nbn:de:bvb:75-20240726073942"$"https://online-service.nuernberg.de/viewer/api/v1/records/07119635/files/images/75_cent_vii_72_005.tif/full/!400,400/0/default.jpg"$"Komplett"$"Original"$"bitonal"$"Einzelseite"$"21.12.2022"$"2025"$"Stadtbibliothek im Bildungscampus Nürnberg"$"https://d-nb.info/gnd/107529195X"$"Nürnberg"$"https://d-nb.info/gnd/4042742-0"$"Stadtbibliothek im Bildungscampus Nürnberg"$"https://d-nb.info/gnd/107529195X"$"Nürnberg"$"https://d-nb.info/gnd/4042742-0"
"153"$"Cent. VII, 73"$"https://online-service.nuernberg.de/viewer/api/v1/records/07119637/manifest/"$"https://nbn-resolving.de/urn:nbn:de:bvb:75-20240726080211"$"https://online-service.nuernberg.de/viewer/api/v1/records/07119637/files/images/75_cent_vii_73_002.tif/full/!400,400/0/default.jpg"$"Komplett"$"Original"$"bitonal"$"Doppelseite"$"21.12.2022"$"2025"$"Stadtbibliothek im Bildungscampus Nürnberg"$"https://d-nb.info/gnd/107529195X"$"Nürnberg"$"https://d-nb.info/gnd/4042742-0"$"Stadtbibliothek im Bildungscampus Nürnberg"$"https://d-nb.info/gnd/107529195X"$"Nürnberg"$"https://d-nb.info/gnd/4042742-0"
"154"$"Cent. VII, 74"$"https://online-service.nuernberg.de/viewer/api/v1/records/07119642/manifest/"$"https://nbn-resolving.de/urn:nbn:de:bvb:75-20240726085251"$"https://online-service.nuernberg.de/viewer/api/v1/records/07119642/files/images/75_cent_vii_74_007.tif/full/!400,400/0/default.jpg"$"Komplett"$"Original"$"bitonal"$"Doppelseite"$"21.12.2022"$"2025"$"Stadtbibliothek im Bildungscampus Nürnberg"$"https://d-nb.info/gnd/107529195X"$"Nürnberg"$"https://d-nb.info/gnd/4042742-0"$"Stadtbibliothek im Bildungscampus Nürnberg"$"https://d-nb.info/gnd/107529195X"$"Nürnberg"$"https://d-nb.info/gnd/4042742-0"
"155"$"Cent. VII, 75"$"https://online-service.nuernberg.de/viewer/api/v1/records/07121271/manifest/"$"https://nbn-resolving.de/urn:nbn:de:bvb:75-20240821083143"$"https://online-service.nuernberg.de/viewer/api/v1/records/07121271/files/images/75_cent_vii_75_014.tif/full/!400,400/0/default.jpg"$"Komplett"$"Original"$"bitonal"$"Einzelseite"$"21.12.2022"$"2025"$"Stadtbibliothek im Bildungscampus Nürnberg"$"https://d-nb.info/gnd/107529195X"$"Nürnberg"$"https://d-nb.info/gnd/4042742-0"$"Stadtbibliothek im Bildungscampus Nürnberg"$"https://d-nb.info/gnd/107529195X"$"Nürnberg"$"https://d-nb.info/gnd/4042742-0"
"156"$"Cent. VII, 76"$"https://online-service.nuernberg.de/viewer/api/v1/records/07121277/manifest/"$"https://nbn-resolving.de/urn:nbn:de:bvb:75-20240821090715"$"https://online-service.nuernberg.de/viewer/api/v1/records/07121277/files/images/75_cent_vii_76_002.tif/full/!400,400/0/default.jpg"$"Komplett"$"Original"$"bitonal"$"Doppelseite"$"21.12.2022"$"2025"$"Stadtbibliothek im Bildungscampus Nürnberg"$"https://d-nb.info/gnd/107529195X"$"Nürnberg"$"https://d-nb.info/gnd/4042742-0"$"Stadtbibliothek im Bildungscampus Nürnberg"$"https://d-nb.info/gnd/107529195X"$"Nürnberg"$"https://d-nb.info/gnd/4042742-0"
"157"$"Cent. VII, 77"$"https://online-service.nuernberg.de/viewer/api/v1/records/07121278/manifest/"$"https://nbn-resolving.de/urn:nbn:de:bvb:75-20240821093633"$"https://online-service.nuernberg.de/viewer/api/v1/records/07121278/files/images/75_cent_vii_77_005.tif/full/!400,400/0/default.jpg"$"Komplett"$"Original"$"bitonal"$"Einzelseite"$"21.12.2022"$"2025"$"Stadtbibliothek im Bildungscampus Nürnberg"$"https://d-nb.info/gnd/107529195X"$"Nürnberg"$"https://d-nb.info/gnd/4042742-0"$"Stadtbibliothek im Bildungscampus Nürnberg"$"https://d-nb.info/gnd/107529195X"$"Nürnberg"$"https://d-nb.info/gnd/4042742-0"
"158"$"Cent. VII, 80"$"https://online-service.nuernberg.de/viewer/api/v1/records/07121282/manifest/"$"https://nbn-resolving.de/urn:nbn:de:bvb:75-20240821104624"$"https://online-service.nuernberg.de/viewer/api/v1/records/07121282/files/images/75_cent_vii_80_002.tif/full/!400,400/0/default.jpg"$"Komplett"$"Original"$"bitonal"$"Doppelseite"$"21.12.2022"$"2025"$"Stadtbibliothek im Bildungscampus Nürnberg"$"https://d-nb.info/gnd/107529195X"$"Nürnberg"$"https://d-nb.info/gnd/4042742-0"$"Stadtbibliothek im Bildungscampus Nürnberg"$"https://d-nb.info/gnd/107529195X"$"Nürnberg"$"https://d-nb.info/gnd/4042742-0"
"159"$"Cent. VII, 82"$"https://online-service.nuernberg.de/viewer/api/v1/records/07121310/manifest/"$"https://nbn-resolving.de/urn:nbn:de:bvb:75-20240822070904"$"https://online-service.nuernberg.de/viewer/api/v1/records/07121310/files/images/75_cent_vii_82_003.tif/full/!400,400/0/default.jpg"$"Komplett"$"Original"$"bitonal"$"Doppelseite"$"21.12.2022"$"2025"$"Stadtbibliothek im Bildungscampus Nürnberg"$"https://d-nb.info/gnd/107529195X"$"Nürnberg"$"https://d-nb.info/gnd/4042742-0"$"Stadtbibliothek im Bildungscampus Nürnberg"$"https://d-nb.info/gnd/107529195X"$"Nürnberg"$"https://d-nb.info/gnd/4042742-0"
"160"$"Cent. VII, 84"$"https://online-service.nuernberg.de/viewer/api/v1/records/07121316/manifest/"$"https://nbn-resolving.de/urn:nbn:de:bvb:75-20240822071003"$"https://online-service.nuernberg.de/viewer/api/v1/records/07121316/files/images/75_cent_vii_84_010.tif/full/!400,400/0/default.jpg"$"Komplett"$"Original"$"bitonal"$"Einzelseite"$"21.12.2022"$"2025"$"Stadtbibliothek im Bildungscampus Nürnberg"$"https://d-nb.info/gnd/107529195X"$"Nürnberg"$"https://d-nb.info/gnd/4042742-0"$"Stadtbibliothek im Bildungscampus Nürnberg"$"https://d-nb.info/gnd/107529195X"$"Nürnberg"$"https://d-nb.info/gnd/4042742-0"
"161"$"Cent. VII, 85"$"https://online-service.nuernberg.de/viewer/api/v1/records/07121319/manifest/"$"https://nbn-resolving.de/urn:nbn:de:bvb:75-20240822071213"$"https://online-service.nuernberg.de/viewer/api/v1/records/07121319/files/images/75_cent_vii_85_002.tif/full/!400,400/0/default.jpg"$"Komplett"$"Original"$"bitonal"$"Einzelseite"$"21.12.2022"$"2025"$"Stadtbibliothek im Bildungscampus Nürnberg"$"https://d-nb.info/gnd/107529195X"$"Nürnberg"$"https://d-nb.info/gnd/4042742-0"$"Stadtbibliothek im Bildungscampus Nürnberg"$"https://d-nb.info/gnd/107529195X"$"Nürnberg"$"https://d-nb.info/gnd/4042742-0"
"162"$"Cent. VII, 88"$"https://online-service.nuernberg.de/viewer/api/v1/records/07121376/manifest/"$"https://nbn-resolving.de/urn:nbn:de:bvb:75-20240823092728"$"https://online-service.nuernberg.de/viewer/api/v1/records/07121376/files/images/75_cent_vii_88_004.tif/full/!400,400/0/default.jpg"$"Komplett"$"Original"$"bitonal"$"Doppelseite"$"21.12.2022"$"2025"$"Stadtbibliothek im Bildungscampus Nürnberg"$"https://d-nb.info/gnd/107529195X"$"Nürnberg"$"https://d-nb.info/gnd/4042742-0"$"Stadtbibliothek im Bildungscampus Nürnberg"$"https://d-nb.info/gnd/107529195X"$"Nürnberg"$"https://d-nb.info/gnd/4042742-0"
"163"$"Cent. VII, 89"$"https://online-service.nuernberg.de/viewer/api/v1/records/07121377/manifest/"$"https://nbn-resolving.de/urn:nbn:de:bvb:75-20240823112114"$"https://online-service.nuernberg.de/viewer/api/v1/records/07121377/files/images/75_cent_vii_89_002.tif/full/!400,400/0/default.jpg"$"Komplett"$"Original"$"bitonal"$"Doppelseite"$"21.12.2022"$"2025"$"Stadtbibliothek im Bildungscampus Nürnberg"$"https://d-nb.info/gnd/107529195X"$"Nürnberg"$"https://d-nb.info/gnd/4042742-0"$"Stadtbibliothek im Bildungscampus Nürnberg"$"https://d-nb.info/gnd/107529195X"$"Nürnberg"$"https://d-nb.info/gnd/4042742-0"
"164"$"Cent. VII, 91"$"https://online-service.nuernberg.de/viewer/api/v1/records/07121886/manifest/"$"https://nbn-resolving.de/urn:nbn:de:bvb:75-20240829074819"$"https://online-service.nuernberg.de/viewer/api/v1/records/07121886/files/images/75_cent_vii_91_005.tif/full/!400,400/0/default.jpg"$"Komplett"$"Original"$"bitonal"$"Einzelseite"$"21.12.2022"$"2025"$"Stadtbibliothek im Bildungscampus Nürnberg"$"https://d-nb.info/gnd/107529195X"$"Nürnberg"$"https://d-nb.info/gnd/4042742-0"$"Stadtbibliothek im Bildungscampus Nürnberg"$"https://d-nb.info/gnd/107529195X"$"Nürnberg"$"https://d-nb.info/gnd/4042742-0"
"165"$"Cent. VII, 93"$"https://online-service.nuernberg.de/viewer/api/v1/records/07121887/manifest/"$"https://nbn-resolving.de/urn:nbn:de:bvb:75-20240829081534"$"https://online-service.nuernberg.de/viewer/api/v1/records/07121887/files/images/75_cent_vii_93_002.tif/full/!400,400/0/default.jpg"$"Komplett"$"Original"$"bitonal"$"Doppelseite"$"21.12.2022"$"2025"$"Stadtbibliothek im Bildungscampus Nürnberg"$"https://d-nb.info/gnd/107529195X"$"Nürnberg"$"https://d-nb.info/gnd/4042742-0"$"Stadtbibliothek im Bildungscampus Nürnberg"$"https://d-nb.info/gnd/107529195X"$"Nürnberg"$"https://d-nb.info/gnd/4042742-0"
"166"$"Cent. VII, 94"$"https://online-service.nuernberg.de/viewer/api/v1/records/07121888/manifest/"$"https://nbn-resolving.de/urn:nbn:de:bvb:75-20240829100712"$"https://online-service.nuernberg.de/viewer/api/v1/records/07121888/files/images/75_cent_vii_94_003.tif/full/!400,400/0/default.jpg"$"Komplett"$"Original"$"bitonal"$"Doppelseite"$"21.12.2022"$"2025"$"Stadtbibliothek im Bildungscampus Nürnberg"$"https://d-nb.info/gnd/107529195X"$"Nürnberg"$"https://d-nb.info/gnd/4042742-0"$"Stadtbibliothek im Bildungscampus Nürnberg"$"https://d-nb.info/gnd/107529195X"$"Nürnberg"$"https://d-nb.info/gnd/4042742-0"
"167"$"Cent. VII, 95"$"https://online-service.nuernberg.de/viewer/api/v1/records/07121891/manifest/"$"https://nbn-resolving.de/urn:nbn:de:bvb:75-20240829102248"$"https://online-service.nuernberg.de/viewer/api/v1/records/07121891/files/images/75_cent_vii_95_001.tif/full/!400,400/0/default.jpg"$"Komplett"$"Original"$"bitonal"$"Doppelseite"$"21.12.2022"$"2025"$"Stadtbibliothek im Bildungscampus Nürnberg"$"https://d-nb.info/gnd/107529195X"$"Nürnberg"$"https://d-nb.info/gnd/4042742-0"$"Stadtbibliothek im Bildungscampus Nürnberg"$"https://d-nb.info/gnd/107529195X"$"Nürnberg"$"https://d-nb.info/gnd/4042742-0"
"168"$"Cent. VIII, 2"$"https://online-service.nuernberg.de/viewer/api/v1/records/07121950/manifest/"$"https://nbn-resolving.de/urn:nbn:de:bvb:75-20240829153409"$"https://online-service.nuernberg.de/viewer/api/v1/records/07121950/files/images/75_cent_viii_2_002.tif/full/!400,400/0/default.jpg"$"Komplett"$"Original"$"bitonal"$"Doppelseite"$"21.12.2022"$"2025"$"Stadtbibliothek im Bildungscampus Nürnberg"$"https://d-nb.info/gnd/107529195X"$"Nürnberg"$"https://d-nb.info/gnd/4042742-0"$"Stadtbibliothek im Bildungscampus Nürnberg"$"https://d-nb.info/gnd/107529195X"$"Nürnberg"$"https://d-nb.info/gnd/4042742-0"
"169"$"Cent. VIII, 4"$"https://online-service.nuernberg.de/viewer/api/v1/records/07121956/manifest/"$"https://nbn-resolving.de/urn:nbn:de:bvb:75-20240829154238"$"https://online-service.nuernberg.de/viewer/api/v1/records/07121956/files/images/75_cent_viii_4_003.tif/full/!400,400/0/default.jpg"$"Komplett"$"Original"$"bitonal"$"Einzelseite"$"21.12.2022"$"2025"$"Stadtbibliothek im Bildungscampus Nürnberg"$"https://d-nb.info/gnd/107529195X"$"Nürnberg"$"https://d-nb.info/gnd/4042742-0"$"Stadtbibliothek im Bildungscampus Nürnberg"$"https://d-nb.info/gnd/107529195X"$"Nürnberg"$"https://d-nb.info/gnd/4042742-0"
"170"$"Cent. VIII, 17"$"https://online-service.nuernberg.de/viewer/api/v1/records/07121958/manifest/"$"https://nbn-resolving.de/urn:nbn:de:bvb:75-20240829165356"$"https://online-service.nuernberg.de/viewer/api/v1/records/07121958/files/images/75_cent_viii_17_007.tif/full/!400,400/0/default.jpg"$"Komplett"$"Original"$"bitonal"$"Doppelseite"$"21.12.2022"$"2025"$"Stadtbibliothek im Bildungscampus Nürnberg"$"https://d-nb.info/gnd/107529195X"$"Nürnberg"$"https://d-nb.info/gnd/4042742-0"$"Stadtbibliothek im Bildungscampus Nürnberg"$"https://d-nb.info/gnd/107529195X"$"Nürnberg"$"https://d-nb.info/gnd/4042742-0"
"171"$"Cent. IV, 30"$"https://online-service.nuernberg.de/viewer/api/v1/records/07122040/manifest/"$"https://nbn-resolving.de/urn:nbn:de:bvb:75-20240831112236"$"https://online-service.nuernberg.de/viewer/api/v1/records/07122040/files/images/75_cent_iv_30_010.tif/full/!400,400/0/default.jpg"$"Komplett"$"Original"$"bitonal"$"Doppelseite"$"21.12.2022"$"2025"$"Stadtbibliothek im Bildungscampus Nürnberg"$"https://d-nb.info/gnd/107529195X"$"Nürnberg"$"https://d-nb.info/gnd/4042742-0"$"Stadtbibliothek im Bildungscampus Nürnberg"$"https://d-nb.info/gnd/107529195X"$"Nürnberg"$"https://d-nb.info/gnd/4042742-0"
"172"$"Cent. V, 5"$"https://online-service.nuernberg.de/viewer/api/v1/records/07122041/manifest/"$"https://nbn-resolving.de/urn:nbn:de:bvb:75-20240831113713"$"https://online-service.nuernberg.de/viewer/api/v1/records/07122041/files/images/75_cent_v_5_017.tif/full/!400,400/0/default.jpg"$"Komplett"$"Original"$"bitonal"$"Einzelseite"$"21.12.2022"$"2025"$"Stadtbibliothek im Bildungscampus Nürnberg"$"https://d-nb.info/gnd/107529195X"$"Nürnberg"$"https://d-nb.info/gnd/4042742-0"$"Stadtbibliothek im Bildungscampus Nürnberg"$"https://d-nb.info/gnd/107529195X"$"Nürnberg"$"https://d-nb.info/gnd/4042742-0"
"173"$"Cent. VIII, 18"$"https://online-service.nuernberg.de/viewer/api/v1/records/07122497/manifest/"$"https://nbn-resolving.de/urn:nbn:de:bvb:75-20240905155207"$"https://online-service.nuernberg.de/viewer/api/v1/records/07122497/files/images/75_cent_viii_18_005.tif/full/!400,400/0/default.jpg"$"Komplett"$"Original"$"bitonal"$"Einzelseite"$"21.12.2022"$"2025"$"Stadtbibliothek im Bildungscampus Nürnberg"$"https://d-nb.info/gnd/107529195X"$"Nürnberg"$"https://d-nb.info/gnd/4042742-0"$"Stadtbibliothek im Bildungscampus Nürnberg"$"https://d-nb.info/gnd/107529195X"$"Nürnberg"$"https://d-nb.info/gnd/4042742-0"
"174"$"Amb. 67.4°"$"https://online-service.nuernberg.de/viewer/api/v1/records/07122498/manifest/"$"https://nbn-resolving.de/urn:nbn:de:bvb:75-20240905160719"$"https://online-service.nuernberg.de/viewer/api/v1/records/07122498/files/images/75_amb_4_67_005.tif/full/!400,400/0/default.jpg"$"Komplett"$"Original"$"bitonal"$"Einzelseite"$"21.12.2022"$"2025"$"Stadtbibliothek im Bildungscampus Nürnberg"$"https://d-nb.info/gnd/107529195X"$"Nürnberg"$"https://d-nb.info/gnd/4042742-0"$"Stadtbibliothek im Bildungscampus Nürnberg"$"https://d-nb.info/gnd/107529195X"$"Nürnberg"$"https://d-nb.info/gnd/4042742-0"
"175"$"Cent. IV, 7"$"https://online-service.nuernberg.de/viewer/api/v1/records/07122503/manifest/"$"https://nbn-resolving.de/urn:nbn:de:bvb:75-20240909084807"$"https://online-service.nuernberg.de/viewer/api/v1/records/07122503/files/images/75_cent_iv_7_004.tif/full/!400,400/0/default.jpg"$"Komplett"$"Original"$"bitonal"$"Doppelseite"$"21.12.2022"$"2025"$"Stadtbibliothek im Bildungscampus Nürnberg"$"https://d-nb.info/gnd/107529195X"$"Nürnberg"$"https://d-nb.info/gnd/4042742-0"$"Stadtbibliothek im Bildungscampus Nürnberg"$"https://d-nb.info/gnd/107529195X"$"Nürnberg"$"https://d-nb.info/gnd/4042742-0"
"176"$"Cent. IV, 14"$"https://online-service.nuernberg.de/viewer/api/v1/records/07122502/manifest/"$"https://nbn-resolving.de/urn:nbn:de:bvb:75-20240910101321"$"https://online-service.nuernberg.de/viewer/api/v1/records/07122502/files/images/75_cent_iv_14_010.tif/full/!400,400/0/default.jpg"$"Komplett"$"Original"$"bitonal"$"Einzelseite"$"21.12.2022"$"2025"$"Stadtbibliothek im Bildungscampus Nürnberg"$"https://d-nb.info/gnd/107529195X"$"Nürnberg"$"https://d-nb.info/gnd/4042742-0"$"Stadtbibliothek im Bildungscampus Nürnberg"$"https://d-nb.info/gnd/107529195X"$"Nürnberg"$"https://d-nb.info/gnd/4042742-0"
"177"$"Cent. IV, 16"$"https://online-service.nuernberg.de/viewer/api/v1/records/07122586/manifest/"$"https://nbn-resolving.de/urn:nbn:de:bvb:75-20240909125302"$"https://online-service.nuernberg.de/viewer/api/v1/records/07122586/files/images/75_cent_iv_16_005.tif/full/!400,400/0/default.jpg"$"Komplett"$"Original"$"bitonal"$"Doppelseite"$"21.12.2022"$"2025"$"Stadtbibliothek im Bildungscampus Nürnberg"$"https://d-nb.info/gnd/107529195X"$"Nürnberg"$"https://d-nb.info/gnd/4042742-0"$"Stadtbibliothek im Bildungscampus Nürnberg"$"https://d-nb.info/gnd/107529195X"$"Nürnberg"$"https://d-nb.info/gnd/4042742-0"
"178"$"Cent. IV, 19"$"https://online-service.nuernberg.de/viewer/api/v1/records/07123000/manifest/"$"https://nbn-resolving.de/urn:nbn:de:bvb:75-20240913135346"$"https://online-service.nuernberg.de/viewer/api/v1/records/07123000/files/images/75_cent_iv_19_007.tif/full/!400,400/0/default.jpg"$"Komplett"$"Original"$"bitonal"$"Einzelseite"$"21.12.2022"$"2025"$"Stadtbibliothek im Bildungscampus Nürnberg"$"https://d-nb.info/gnd/107529195X"$"Nürnberg"$"https://d-nb.info/gnd/4042742-0"$"Stadtbibliothek im Bildungscampus Nürnberg"$"https://d-nb.info/gnd/107529195X"$"Nürnberg"$"https://d-nb.info/gnd/4042742-0"
"179"$"Cent. IV, 29"$"https://online-service.nuernberg.de/viewer/api/v1/records/07122937/manifest/"$"https://nbn-resolving.de/urn:nbn:de:bvb:75-20240913160612"$"https://online-service.nuernberg.de/viewer/api/v1/records/07122937/files/images/75_cent_iv_29_004.tif/full/!400,400/0/default.jpg"$"Komplett"$"Original"$"bitonal"$"Doppelseite"$"21.12.2022"$"2025"$"Stadtbibliothek im Bildungscampus Nürnberg"$"https://d-nb.info/gnd/107529195X"$"Nürnberg"$"https://d-nb.info/gnd/4042742-0"$"Stadtbibliothek im Bildungscampus Nürnberg"$"https://d-nb.info/gnd/107529195X"$"Nürnberg"$"https://d-nb.info/gnd/4042742-0"
"180"$"Cent. V, 3"$"https://online-service.nuernberg.de/viewer/api/v1/records/07122959/manifest/"$"https://nbn-resolving.de/urn:nbn:de:bvb:75-20240913161931"$"https://online-service.nuernberg.de/viewer/api/v1/records/07122959/files/images/75_cent_v_3_003.tif/full/!400,400/0/default.jpg"$"Komplett"$"Original"$"bitonal"$"Doppelseite"$"21.12.2022"$"2025"$"Stadtbibliothek im Bildungscampus Nürnberg"$"https://d-nb.info/gnd/107529195X"$"Nürnberg"$"https://d-nb.info/gnd/4042742-0"$"Stadtbibliothek im Bildungscampus Nürnberg"$"https://d-nb.info/gnd/107529195X"$"Nürnberg"$"https://d-nb.info/gnd/4042742-0"
"181"$"Solg. Ms. 31. 2°"$"https://online-service.nuernberg.de/viewer/api/v1/records/07123706/manifest/"$"https://nbn-resolving.de/urn:nbn:de:bvb:75-20240926085739"$"https://online-service.nuernberg.de/viewer/api/v1/records/07123706/files/images/75_solg_ms_2_31_002v.tif/full/!400,400/0/default.jpg"$"Komplett"$"Original"$"Standard"$"Einzelseite"$"21.12.2022"$"2025"$"Stadtbibliothek im Bildungscampus Nürnberg"$"https://d-nb.info/gnd/107529195X"$"Nürnberg"$"https://d-nb.info/gnd/4042742-0"$"Stadtbibliothek im Bildungscampus Nürnberg"$"https://d-nb.info/gnd/107529195X"$"Nürnberg"$"https://d-nb.info/gnd/4042742-0"
"182"$"Solg. Ms. 16. 2°"$"https://online-service.nuernberg.de/viewer/api/v1/records/07123724/manifest/"$"https://nbn-resolving.de/urn:nbn:de:bvb:75-20240926083051"$"https://online-service.nuernberg.de/viewer/api/v1/records/07123724/files/images/75_solg_ms_2_16_015.tif/full/!400,400/0/default.jpg"$"Komplett"$"Original"$"Standard"$"Einzelseite"$"21.12.2024"$"2025"$"Stadtbibliothek im Bildungscampus Nürnberg"$"https://d-nb.info/gnd/107529195X"$"Nürnberg"$"https://d-nb.info/gnd/4042742-0"$"Stadtbibliothek im Bildungscampus Nürnberg"$"https://d-nb.info/gnd/107529195X"$"Nürnberg"$"https://d-nb.info/gnd/4042742-0"
"183"$"Cent. VI, 43e"$"https://online-service.nuernberg.de/viewer/api/v1/records/07124511/manifest/"$"https://nbn-resolving.de/urn:nbn:de:bvb:75-20241009122429"$"https://online-service.nuernberg.de/viewer/api/v1/records/07124511/files/images/75_cent_vi_43e_007.tif/full/!400,400/0/default.jpg"$"Komplett"$"Original"$"bitonal"$"Einzelseite"$"21.12.2022"$"2025"$"Stadtbibliothek im Bildungscampus Nürnberg"$"https://d-nb.info/gnd/107529195X"$"Nürnberg"$"https://d-nb.info/gnd/4042742-0"$"Stadtbibliothek im Bildungscampus Nürnberg"$"https://d-nb.info/gnd/107529195X"$"Nürnberg"$"https://d-nb.info/gnd/4042742-0"
"184"$"Cent. V, 4"$"https://online-service.nuernberg.de/viewer/api/v1/records/07124522/manifest/"$"https://nbn-resolving.de/urn:nbn:de:bvb:75-20241009124909"$"https://online-service.nuernberg.de/viewer/api/v1/records/07124522/files/images/75_cent_v_4_007.tif/full/!400,400/0/default.jpg"$"Komplett"$"Original"$"bitonal"$"Doppelseite"$"21.12.2022"$"2025"$"Stadtbibliothek im Bildungscampus Nürnberg"$"https://d-nb.info/gnd/107529195X"$"Nürnberg"$"https://d-nb.info/gnd/4042742-0"$"Stadtbibliothek im Bildungscampus Nürnberg"$"https://d-nb.info/gnd/107529195X"$"Nürnberg"$"https://d-nb.info/gnd/4042742-0"
"185"$"Cent. VI, 43f"$"https://online-service.nuernberg.de/viewer/api/v1/records/07124525/manifest/"$"https://nbn-resolving.de/urn:nbn:de:bvb:75-20241024074021"$"https://online-service.nuernberg.de/viewer/api/v1/records/07124525/files/images/75_cent_vi_43_f_0006.tif/full/!400,400/0/default.jpg"$"Komplett"$"Original"$"Standard"$"Einzelseite"$"21.12.2024"$"2025"$"Stadtbibliothek im Bildungscampus Nürnberg"$"https://d-nb.info/gnd/107529195X"$"Nürnberg"$"https://d-nb.info/gnd/4042742-0"$"Stadtbibliothek im Bildungscampus Nürnberg"$"https://d-nb.info/gnd/107529195X"$"Nürnberg"$"https://d-nb.info/gnd/4042742-0"
"186"$"Cent. VI, 46"$"https://online-service.nuernberg.de/viewer/api/v1/records/07124529/manifest/"$"https://nbn-resolving.de/urn:nbn:de:bvb:75-20241009134402"$"https://online-service.nuernberg.de/viewer/api/v1/records/07124529/files/images/75_cent_vi_46_001.tif/full/!400,400/0/default.jpg"$"Komplett"$"Original"$"bitonal"$"Doppelseite"$"21.12.2022"$"2025"$"Stadtbibliothek im Bildungscampus Nürnberg"$"https://d-nb.info/gnd/107529195X"$"Nürnberg"$"https://d-nb.info/gnd/4042742-0"$"Stadtbibliothek im Bildungscampus Nürnberg"$"https://d-nb.info/gnd/107529195X"$"Nürnberg"$"https://d-nb.info/gnd/4042742-0"
"187"$"Cent. III, 40"$"https://online-service.nuernberg.de/viewer/api/v1/records/07124540/manifest/"$"https://nbn-resolving.de/urn:nbn:de:bvb:75-20241009142617"$"https://online-service.nuernberg.de/viewer/api/v1/records/07124540/files/images/75_cent_iii_40_0122.tif/full/!400,400/0/default.jpg"$"Komplett"$"Original"$"Standard"$"Einzelseite"$"21.12.2024"$"2025"$"Stadtbibliothek im Bildungscampus Nürnberg"$"https://d-nb.info/gnd/107529195X"$"Nürnberg"$"https://d-nb.info/gnd/4042742-0"$"Stadtbibliothek im Bildungscampus Nürnberg"$"https://d-nb.info/gnd/107529195X"$"Nürnberg"$"https://d-nb.info/gnd/4042742-0"
"188"$"Cent. VII, 57"$"https://online-service.nuernberg.de/viewer/api/v1/records/07130351/manifest/"$"https://nbn-resolving.de/urn:nbn:de:bvb:75-20241211161426"$"https://online-service.nuernberg.de/viewer/api/v1/records/07130351/files/images/75_cent_vii_57_003.tif/full/!400,400/0/default.jpg"$"Komplett"$"Original"$"bitonal"$"Doppelseite"$"21.12.2022"$"2025"$"Stadtbibliothek im Bildungscampus Nürnberg"$"https://d-nb.info/gnd/107529195X"$"Nürnberg"$"https://d-nb.info/gnd/4042742-0"$"Stadtbibliothek im Bildungscampus Nürnberg"$"https://d-nb.info/gnd/107529195X"$"Nürnberg"$"https://d-nb.info/gnd/4042742-0"
"189"$"Cent. I, 78"$"https://online-service.nuernberg.de/viewer/api/v1/records/07130369/manifest/"$"https://nbn-resolving.de/urn:nbn:de:bvb:75-20241212112254"$"https://online-service.nuernberg.de/viewer/api/v1/records/07130369/files/images/75_cent_i_78_003.tif/full/!400,400/0/default.jpg"$"Komplett"$"Original"$"bitonal"$"Einzelseite"$"21.12.2022"$"2025"$"Stadtbibliothek im Bildungscampus Nürnberg"$"https://d-nb.info/gnd/107529195X"$"Nürnberg"$"https://d-nb.info/gnd/4042742-0"$"Stadtbibliothek im Bildungscampus Nürnberg"$"https://d-nb.info/gnd/107529195X"$"Nürnberg"$"https://d-nb.info/gnd/4042742-0"
"190"$"Cent. VII, 54"$"https://online-service.nuernberg.de/viewer/api/v1/records/07131314/manifest/"$"https://nbn-resolving.de/urn:nbn:de:bvb:75-20250115121859"$"https://online-service.nuernberg.de/viewer/api/v1/records/07131314/files/images/75_cent_vii_54_003.tif/full/!400,400/0/default.jpg"$"Komplett"$"Original"$"bitonal"$"Doppelseite"$"21.12.2022"$"2025"$"Stadtbibliothek im Bildungscampus Nürnberg"$"https://d-nb.info/gnd/107529195X"$"Nürnberg"$"https://d-nb.info/gnd/4042742-0"$"Stadtbibliothek im Bildungscampus Nürnberg"$"https://d-nb.info/gnd/107529195X"$"Nürnberg"$"https://d-nb.info/gnd/4042742-0"
"191"$"Cent. II, 9"$"https://online-service.nuernberg.de/viewer/api/v1/records/07132641/manifest/"$"https://nbn-resolving.de/urn:nbn:de:bvb:75-20250206063501"$"https://online-service.nuernberg.de/viewer/api/v1/records/07132641/files/images/75_cent_ii_9_003.tif/full/!400,400/0/default.jp"$"Komplett"$"Original"$"Standard"$"Einzelseite"$"21.12.2024"$"2025"$"Stadtbibliothek im Bildungscampus Nürnberg"$"https://d-nb.info/gnd/107529195X"$"Nürnberg"$"https://d-nb.info/gnd/4042742-0"$"Stadtbibliothek im Bildungscampus Nürnberg"$"https://d-nb.info/gnd/107529195X"$"Nürnberg"$"https://d-nb.info/gnd/4042742-0"
"192"$"Cent. II, 8"$"https://online-service.nuernberg.de/viewer/api/v1/records/07132667/manifest/"$"https://nbn-resolving.de/urn:nbn:de:bvb:75-20250206073616"$"https://online-service.nuernberg.de/viewer/api/v1/records/07132667/files/images/75_cent_ii_8_003.tif/full/!400,400/0/default.jpg"$"Komplett"$"Original"$"Standard"$"Einzelseite"$"21.12.2024"$"2025"$"Stadtbibliothek im Bildungscampus Nürnberg"$"https://d-nb.info/gnd/107529195X"$"Nürnberg"$"https://d-nb.info/gnd/4042742-0"$"Stadtbibliothek im Bildungscampus Nürnberg"$"https://d-nb.info/gnd/107529195X"$"Nürnberg"$"https://d-nb.info/gnd/4042742-0"
"193"$"Cent. V, App. 34oa"$"https://online-service.nuernberg.de/viewer/api/v1/records/07132676/manifest/"$"https://nbn-resolving.de/urn:nbn:de:bvb:75-20250206095901"$"https://online-service.nuernberg.de/viewer/api/v1/records/07132676/files/images/75_Cent_v_app_34oa_034.tif/full/!400,400/0/default.jpg"$"Komplett"$"Original"$"Standard"$"Einzelseite"$"10.05.2025"$"2025"$"Stadtbibliothek im Bildungscampus Nürnberg"$"https://d-nb.info/gnd/107529195X"$"Nürnberg"$"https://d-nb.info/gnd/4042742-0"$"Stadtbibliothek im Bildungscampus Nürnberg"$"https://d-nb.info/gnd/107529195X"$"Nürnberg"$"https://d-nb.info/gnd/4042742-0"
"194"$"Cent. I, 34"$"https://online-service.nuernberg.de/viewer/api/v1/records/07133151/manifest/"$"https://nbn-resolving.de/urn:nbn:de:bvb:75-20250215123016"$"https://online-service.nuernberg.de/viewer/api/v1/records/07133151/files/images/75_cent_i_34_221.tif/full/!400,400/0/default.jpg"$"Komplett"$"Original"$"Standard"$"Einzelseite"$"10.05.2025"$"2025"$"Stadtbibliothek im Bildungscampus Nürnberg"$"https://d-nb.info/gnd/107529195X"$"Nürnberg"$"https://d-nb.info/gnd/4042742-0"$"Stadtbibliothek im Bildungscampus Nürnberg"$"https://d-nb.info/gnd/107529195X"$"Nürnberg"$"https://d-nb.info/gnd/4042742-0"
"195"$"Cent. III, 65"$"https://online-service.nuernberg.de/viewer/api/v1/records/07133152/manifest/"$"https://nbn-resolving.de/urn:nbn:de:bvb:75-20250215125522"$"https://online-service.nuernberg.de/viewer/api/v1/records/07133152/files/images/75_cent_iii_65_007.tif/full/!400,400/0/default.jpg"$"Komplett"$"Original"$"Standard"$"Einzelseite"$"10.05.2025"$"2025"$"Stadtbibliothek im Bildungscampus Nürnberg"$"https://d-nb.info/gnd/107529195X"$"Nürnberg"$"https://d-nb.info/gnd/4042742-0"$"Stadtbibliothek im Bildungscampus Nürnberg"$"https://d-nb.info/gnd/107529195X"$"Nürnberg"$"https://d-nb.info/gnd/4042742-0"
"196"$"Cent. IV, 55"$"https://online-service.nuernberg.de/viewer/api/v1/records/07133648/manifest/"$"https://nbn-resolving.de/urn:nbn:de:bvb:75-20250225093055"$"https://online-service.nuernberg.de/viewer/api/v1/records/07133648/files/images/75_cent_iv_55_010.tif/full/!400,400/0/default.jpg"$"Komplett"$"Original"$"Standard"$"Einzelseite"$"10.05.2025"$"2025"$"Stadtbibliothek im Bildungscampus Nürnberg"$"https://d-nb.info/gnd/107529195X"$"Nürnberg"$"https://d-nb.info/gnd/4042742-0"$"Stadtbibliothek im Bildungscampus Nürnberg"$"https://d-nb.info/gnd/107529195X"$"Nürnberg"$"https://d-nb.info/gnd/4042742-0"
"197"$"Cent. III, 17"$"https://online-service.nuernberg.de/viewer/api/v1/records/07133812/manifest/"$"https://nbn-resolving.de/urn:nbn:de:bvb:75-20250227140109"$"https://online-service.nuernberg.de/viewer/api/v1/records/07133812/files/images/75_cent_iii_17_321.tif/full/!400,400/0/default.jpg"$"Komplett"$"Original"$"Standard"$"Einzelseite"$"10.05.2025"$"2025"$"Stadtbibliothek im Bildungscampus Nürnberg"$"https://d-nb.info/gnd/107529195X"$"Nürnberg"$"https://d-nb.info/gnd/4042742-0"$"Stadtbibliothek im Bildungscampus Nürnberg"$"https://d-nb.info/gnd/107529195X"$"Nürnberg"$"https://d-nb.info/gnd/4042742-0"
"198"$"Cent. III, 18"$"https://online-service.nuernberg.de/viewer/api/v1/records/07134726/manifest/"$"https://nbn-resolving.de/urn:nbn:de:bvb:75-20250314055726"$"https://online-service.nuernberg.de/viewer/api/v1/records/07134726/files/images/75_cent_iii_18_003.tif/full/!400,400/0/default.jpg"$"Komplett"$"Original"$"Standard"$"Einzelseite"$"10.05.2025"$"2025"$"Stadtbibliothek im Bildungscampus Nürnberg"$"https://d-nb.info/gnd/107529195X"$"Nürnberg"$"https://d-nb.info/gnd/4042742-0"$"Stadtbibliothek im Bildungscampus Nürnberg"$"https://d-nb.info/gnd/107529195X"$"Nürnberg"$"https://d-nb.info/gnd/4042742-0"
"199"$"Amb. 28.8°"$"https://online-service.nuernberg.de/viewer/api/v1/records/07033689/manifest/"$"https://nbn-resolving.de/urn:nbn:de:bvb:75-20250603115042"$"https://online-service.nuernberg.de/viewer/api/v1/records/07033689/files/images/75_amb_8_28_0008.tif/full/!400,400/0/default.jpg"$"Komplett"$"Original"$"Standard"$"Einzelseite"$"10.05.2025"$"2025"$"Stadtbibliothek im Bildungscampus Nürnberg"$"https://d-nb.info/gnd/107529195X"$"Nürnberg"$"https://d-nb.info/gnd/4042742-0"$"Stadtbibliothek im Bildungscampus Nürnberg"$"https://d-nb.info/gnd/107529195X"$"Nürnberg"$"https://d-nb.info/gnd/4042742-0"
"200"$"Cent. VII, 59"$"https://online-service.nuernberg.de/viewer/api/v1/records/07140734/manifest/"$"https://nbn-resolving.de/urn:nbn:de:bvb:75-20250613061410"$"https://online-service.nuernberg.de/viewer/api/v1/records/07140734/files/images/75_cent_vii_59_0005.tif/full/!400,400/0/default.jpg"$"Komplett"$"Original"$"Standard"$"Einzelseite"$"10.05.2025"$"2025"$"Stadtbibliothek im Bildungscampus Nürnberg"$"https://d-nb.info/gnd/107529195X"$"Nürnberg"$"https://d-nb.info/gnd/4042742-0"$"Stadtbibliothek im Bildungscampus Nürnberg"$"https://d-nb.info/gnd/107529195X"$"Nürnberg"$"https://d-nb.info/gnd/4042742-0"
"201"$"Cent. VII, 42"$"https://online-service.nuernberg.de/viewer/api/v1/records/07140735/manifest/"$"https://nbn-resolving.de/urn:nbn:de:bvb:75-20250613064228"$"https://online-service.nuernberg.de/viewer/api/v1/records/07140735/files/images/75_cent_vii_42_0189.tif/full/!400,400/0/default.jpg"$"Komplett"$"Original"$"Standard"$"Einzelseite"$"10.05.2025"$"2025"$"Stadtbibliothek im Bildungscampus Nürnberg"$"https://d-nb.info/gnd/107529195X"$"Nürnberg"$"https://d-nb.info/gnd/4042742-0"$"Stadtbibliothek im Bildungscampus Nürnberg"$"https://d-nb.info/gnd/107529195X"$"Nürnberg"$"https://d-nb.info/gnd/4042742-0"
"202"$"Cent. VII, 62"$"https://online-service.nuernberg.de/viewer/api/v1/records/07141054/manifest/"$"https://nbn-resolving.de/urn:nbn:de:bvb:75-20250620051456"$"https://online-service.nuernberg.de/viewer/api/v1/records/07141054/files/images/75_cent_vii_62_0005.tif/full/!400,400/0/default.jpg"$"Komplett"$"Original"$"Standard"$"Einzelseite"$"10.05.2025"$"2025"$"Stadtbibliothek im Bildungscampus Nürnberg"$"https://d-nb.info/gnd/107529195X"$"Nürnberg"$"https://d-nb.info/gnd/4042742-0"$"Stadtbibliothek im Bildungscampus Nürnberg"$"https://d-nb.info/gnd/107529195X"$"Nürnberg"$"https://d-nb.info/gnd/4042742-0"
"203"$"Cent. VII, 4"$"https://online-service.nuernberg.de/viewer/api/v1/records/07142606/manifest/"$"https://nbn-resolving.de/urn:nbn:de:bvb:75-20250715095445"$"https://online-service.nuernberg.de/viewer/api/v1/records/07142606/files/images/75_cent_vii_4_024.tif/full/!400,400/0/default.jpg"$"Komplett"$"Original"$"bitonal"$"Einzelseite"$"21.12.2022"$"2025"$"Stadtbibliothek im Bildungscampus Nürnberg"$"https://d-nb.info/gnd/107529195X"$"Nürnberg"$"https://d-nb.info/gnd/4042742-0"$"Stadtbibliothek im Bildungscampus Nürnberg"$"https://d-nb.info/gnd/107529195X"$"Nürnberg"$"https://d-nb.info/gnd/4042742-0"
"204"$"Cent. IV, 84"$"https://online-service.nuernberg.de/viewer/api/v1/records/07142609/manifest/"$"https://nbn-resolving.de/urn:nbn:de:bvb:75-20250715103748"$"https://online-service.nuernberg.de/viewer/api/v1/records/07142609/files/images/75_cent_iv_84_024.tif/full/!400,400/0/default.jpg"$"Komplett"$"Original"$"bitonal"$"Doppelseite"$"21.12.2022"$"2025"$"Stadtbibliothek im Bildungscampus Nürnberg"$"https://d-nb.info/gnd/107529195X"$"Nürnberg"$"https://d-nb.info/gnd/4042742-0"$"Stadtbibliothek im Bildungscampus Nürnberg"$"https://d-nb.info/gnd/107529195X"$"Nürnberg"$"https://d-nb.info/gnd/4042742-0"
"205"$"Cent. IV, 98"$"https://online-service.nuernberg.de/viewer/api/v1/records/07142610/manifest/"$"https://nbn-resolving.de/urn:nbn:de:bvb:75-20250715122641"$"https://online-service.nuernberg.de/viewer/api/v1/records/07142610/files/images/75_cent_iv_98_009.tif/full/!400,400/0/default.jpg"$"Komplett"$"Original"$"bitonal"$"Doppelseite"$"21.12.2022"$"2025"$"Stadtbibliothek im Bildungscampus Nürnberg"$"https://d-nb.info/gnd/107529195X"$"Nürnberg"$"https://d-nb.info/gnd/4042742-0"$"Stadtbibliothek im Bildungscampus Nürnberg"$"https://d-nb.info/gnd/107529195X"$"Nürnberg"$"https://d-nb.info/gnd/4042742-0"
"206"$"Cent. V, 6"$"https://online-service.nuernberg.de/viewer/api/v1/records/07142645/manifest/"$"https://nbn-resolving.de/urn:nbn:de:bvb:75-20250715115513"$"https://online-service.nuernberg.de/viewer/api/v1/records/07142645/files/images/75_cent_v_6_022.tif/full/!400,400/0/default.jpg"$"Komplett"$"Original"$"bitonal"$"Einzelseite"$"21.12.2022"$"2025"$"Stadtbibliothek im Bildungscampus Nürnberg"$"https://d-nb.info/gnd/107529195X"$"Nürnberg"$"https://d-nb.info/gnd/4042742-0"$"Stadtbibliothek im Bildungscampus Nürnberg"$"https://d-nb.info/gnd/107529195X"$"Nürnberg"$"https://d-nb.info/gnd/4042742-0"
"207"$"Cent. V, 31"$"https://online-service.nuernberg.de/viewer/api/v1/records/07142720/manifest/"$"https://nbn-resolving.de/urn:nbn:de:bvb:75-20250716113454"$"https://online-service.nuernberg.de/viewer/api/v1/records/07142720/files/images/75_cent_v_31_020.tif/full/!400,400/0/default.jpg"$"Komplett"$"Original"$"bitonal"$"Einzelseite"$"21.12.2022"$"2025"$"Stadtbibliothek im Bildungscampus Nürnberg"$"https://d-nb.info/gnd/107529195X"$"Nürnberg"$"https://d-nb.info/gnd/4042742-0"$"Stadtbibliothek im Bildungscampus Nürnberg"$"https://d-nb.info/gnd/107529195X"$"Nürnberg"$"https://d-nb.info/gnd/4042742-0"
"208"$"Cent. III, 48"$"https://online-service.nuernberg.de/viewer/api/v1/records/07143018/manifest/"$"https://nbn-resolving.de/urn:nbn:de:bvb:75-20250718101121"$"https://online-service.nuernberg.de/viewer/api/v1/records/07143018/files/images/75_cent_iii_48_002.tif/full/!400,400/0/default.jpg"$"Komplett"$"Original"$"bitonal"$"Doppelseite"$"21.12.2022"$"2025"$"Stadtbibliothek im Bildungscampus Nürnberg"$"https://d-nb.info/gnd/107529195X"$"Nürnberg"$"https://d-nb.info/gnd/4042742-0"$"Stadtbibliothek im Bildungscampus Nürnberg"$"https://d-nb.info/gnd/107529195X"$"Nürnberg"$"https://d-nb.info/gnd/4042742-0"
"209"$"Cent. III, 86"$"https://online-service.nuernberg.de/viewer/api/v1/records/07143012/manifest/"$"https://nbn-resolving.de/urn:nbn:de:bvb:75-20250718094022"$"https://online-service.nuernberg.de/viewer/api/v1/records/07143012/files/images/75_cent_iii_86_041.tif/full/!400,400/0/default.jpg"$"Komplett"$"Original"$"bitonal"$"Einzelseite"$"21.12.2022"$"2025"$"Stadtbibliothek im Bildungscampus Nürnberg"$"https://d-nb.info/gnd/107529195X"$"Nürnberg"$"https://d-nb.info/gnd/4042742-0"$"Stadtbibliothek im Bildungscampus Nürnberg"$"https://d-nb.info/gnd/107529195X"$"Nürnberg"$"https://d-nb.info/gnd/4042742-0"
"210"$"Cent. VI, 63"$"https://online-service.nuernberg.de/viewer/api/v1/records/07142732/manifest/"$"https://nbn-resolving.de/urn:nbn:de:bvb:75-20250715201401"$"https://online-service.nuernberg.de/viewer/api/v1/records/07142732/files/images/75_cent_vi_63_043.tif/full/!400,400/0/default.jpg"$"Komplett"$"Original"$"bitonal"$"Doppelseite"$"21.12.2022"$"2025"$"Stadtbibliothek im Bildungscampus Nürnberg"$"https://d-nb.info/gnd/107529195X"$"Nürnberg"$"https://d-nb.info/gnd/4042742-0"$"Stadtbibliothek im Bildungscampus Nürnberg"$"https://d-nb.info/gnd/107529195X"$"Nürnberg"$"https://d-nb.info/gnd/4042742-0"
"211"$"Cent. III, 87"$"https://online-service.nuernberg.de/viewer/api/v1/records/07143219/manifest/"$"https://nbn-resolving.de/urn:nbn:de:bvb:75-20250722111735"$"https://online-service.nuernberg.de/viewer/api/v1/records/07143219/files/images/75_cent_iii_87_034.tif/full/!400,400/0/default.jpg"$"Komplett"$"Original"$"bitonal"$"Einzelseite"$"21.12.2022"$"2025"$"Stadtbibliothek im Bildungscampus Nürnberg"$"https://d-nb.info/gnd/107529195X"$"Nürnberg"$"https://d-nb.info/gnd/4042742-0"$"Stadtbibliothek im Bildungscampus Nürnberg"$"https://d-nb.info/gnd/107529195X"$"Nürnberg"$"https://d-nb.info/gnd/4042742-0"
"212"$"Cent. III, 88"$"https://online-service.nuernberg.de/viewer/api/v1/records/07143221/manifest/"$"https://nbn-resolving.de/urn:nbn:de:bvb:75-20250722092353"$"https://online-service.nuernberg.de/viewer/api/v1/records/07143221/files/images/75_cent_iii_88_005.tif/full/!400,400/0/default.jpg"$"Komplett"$"Original"$"bitonal"$"Einzelseite"$"21.12.2022"$"2025"$"Stadtbibliothek im Bildungscampus Nürnberg"$"https://d-nb.info/gnd/107529195X"$"Nürnberg"$"https://d-nb.info/gnd/4042742-0"$"Stadtbibliothek im Bildungscampus Nürnberg"$"https://d-nb.info/gnd/107529195X"$"Nürnberg"$"https://d-nb.info/gnd/4042742-0"
"213"$"Amb. 22.8°"$"https://online-service.nuernberg.de/viewer/api/v1/records/07033702/manifest/"$"https://nbn-resolving.de/urn:nbn:de:bvb:75-20250722120105"$"https://online-service.nuernberg.de/viewer/api/v1/records/07033702/files/images/75_amb_8_22_0006.tif/full/!400,400/0/default.jpg"$"Komplett"$"Original"$"Standard"$"Einzelseite"$"10.05.2025"$"2025"$"Stadtbibliothek im Bildungscampus Nürnberg"$"https://d-nb.info/gnd/107529195X"$"Nürnberg"$"https://d-nb.info/gnd/4042742-0"$"Stadtbibliothek im Bildungscampus Nürnberg"$"https://d-nb.info/gnd/107529195X"$"Nürnberg"$"https://d-nb.info/gnd/4042742-0"
"214"$"Cent. IV, 8"$"https://online-service.nuernberg.de/viewer/api/v1/records/07143391/manifest/"$"https://nbn-resolving.de/urn:nbn:de:bvb:75-20250723204236"$"https://online-service.nuernberg.de/viewer/api/v1/records/07143391/files/images/75_cent_iv_8_007.tif/full/!400,400/0/default.jpg"$"Komplett"$"Original"$"bitonal"$"Einzelseite"$"21.12.2022"$"2025"$"Stadtbibliothek im Bildungscampus Nürnberg"$"https://d-nb.info/gnd/107529195X"$"Nürnberg"$"https://d-nb.info/gnd/4042742-0"$"Stadtbibliothek im Bildungscampus Nürnberg"$"https://d-nb.info/gnd/107529195X"$"Nürnberg"$"https://d-nb.info/gnd/4042742-0"
"215"$"Cent. IV, 83"$"https://online-service.nuernberg.de/viewer/api/v1/records/07143392/manifest/"$"https://nbn-resolving.de/urn:nbn:de:bvb:75-20250723212302"$"https://online-service.nuernberg.de/viewer/api/v1/records/07143392/files/images/75_cent_iv_83_003.tif/full/!400,400/0/default.jpg"$"Komplett"$"Original"$"bitonal"$"Doppelseite"$"21.12.2022"$"2025"$"Stadtbibliothek im Bildungscampus Nürnberg"$"https://d-nb.info/gnd/107529195X"$"Nürnberg"$"https://d-nb.info/gnd/4042742-0"$"Stadtbibliothek im Bildungscampus Nürnberg"$"https://d-nb.info/gnd/107529195X"$"Nürnberg"$"https://d-nb.info/gnd/4042742-0"
"216"$"Cent. V, 27"$"https://online-service.nuernberg.de/viewer/api/v1/records/07143393/manifest/"$"https://nbn-resolving.de/urn:nbn:de:bvb:75-20250723213339"$"https://online-service.nuernberg.de/viewer/api/v1/records/07143393/files/images/75_cent_v_27_005.tif/full/!400,400/0/default.jpg"$"Komplett"$"Original"$"bitonal"$"Einzelseite"$"21.12.2022"$"2025"$"Stadtbibliothek im Bildungscampus Nürnberg"$"https://d-nb.info/gnd/107529195X"$"Nürnberg"$"https://d-nb.info/gnd/4042742-0"$"Stadtbibliothek im Bildungscampus Nürnberg"$"https://d-nb.info/gnd/107529195X"$"Nürnberg"$"https://d-nb.info/gnd/4042742-0"
"217"$"Cent. V, 32"$"https://online-service.nuernberg.de/viewer/api/v1/records/07143394/manifest/"$"https://nbn-resolving.de/urn:nbn:de:bvb:75-20250724071646"$"https://online-service.nuernberg.de/viewer/api/v1/records/07143394/files/images/75_cent_v_32_011.tif/full/!400,400/0/default.jpg"$"Komplett"$"Original"$"bitonal"$"Doppelseite"$"21.12.2022"$"2025"$"Stadtbibliothek im Bildungscampus Nürnberg"$"https://d-nb.info/gnd/107529195X"$"Nürnberg"$"https://d-nb.info/gnd/4042742-0"$"Stadtbibliothek im Bildungscampus Nürnberg"$"https://d-nb.info/gnd/107529195X"$"Nürnberg"$"https://d-nb.info/gnd/4042742-0"
"218"$"Cent. V, 33"$"https://online-service.nuernberg.de/viewer/api/v1/records/07143395/manifest/"$"https://nbn-resolving.de/urn:nbn:de:bvb:75-20250724080555"$"https://online-service.nuernberg.de/viewer/api/v1/records/07143395/files/images/75_cent_v_33_025.tif/full/!400,400/0/default.jpg"$"Komplett"$"Original"$"bitonal"$"Einzelseite"$"21.12.2022"$"2025"$"Stadtbibliothek im Bildungscampus Nürnberg"$"https://d-nb.info/gnd/107529195X"$"Nürnberg"$"https://d-nb.info/gnd/4042742-0"$"Stadtbibliothek im Bildungscampus Nürnberg"$"https://d-nb.info/gnd/107529195X"$"Nürnberg"$"https://d-nb.info/gnd/4042742-0"
"219"$"Cent. VI, 45"$"https://online-service.nuernberg.de/viewer/api/v1/records/07143770/manifest/"$"https://nbn-resolving.de/urn:nbn:de:bvb:75-20250731130754"$"https://online-service.nuernberg.de/viewer/api/v1/records/07143395/files/images/75_cent_v_33_025.tif/full/!400,400/0/default.jpg"$"Komplett"$"Original"$"bitonal"$"Einzelseite"$"21.12.2022"$"2025"$"Stadtbibliothek im Bildungscampus Nürnberg"$"https://d-nb.info/gnd/107529195X"$"Nürnberg"$"https://d-nb.info/gnd/4042742-0"$"Stadtbibliothek im Bildungscampus Nürnberg"$"https://d-nb.info/gnd/107529195X"$"Nürnberg"$"https://d-nb.info/gnd/4042742-0"
"220"$"Cent. VI, 64"$"https://online-service.nuernberg.de/viewer/api/v1/records/07143771/manifest/"$"https://nbn-resolving.de/urn:nbn:de:bvb:75-20250731131016"$"https://online-service.nuernberg.de/viewer/api/v1/records/07143771/files/images/75_cent_vi_64_017.tif/full/!400,400/0/default.jpg"$"Komplett"$"Original"$"bitonal"$"Einzelseite"$"21.12.2022"$"2025"$"Stadtbibliothek im Bildungscampus Nürnberg"$"https://d-nb.info/gnd/107529195X"$"Nürnberg"$"https://d-nb.info/gnd/4042742-0"$"Stadtbibliothek im Bildungscampus Nürnberg"$"https://d-nb.info/gnd/107529195X"$"Nürnberg"$"https://d-nb.info/gnd/4042742-0"
"221"$"Cent. VI, 65"$"https://online-service.nuernberg.de/viewer/api/v1/records/07143772/manifest/"$"https://nbn-resolving.de/urn:nbn:de:bvb:75-20250731131922"$"https://online-service.nuernberg.de/viewer/api/v1/records/07143772/files/images/75_cent_vi_65_017.tif/full/!400,400/0/default.jpg"$"Komplett"$"Original"$"bitonal"$"Einzelseite"$"21.12.2022"$"2025"$"Stadtbibliothek im Bildungscampus Nürnberg"$"https://d-nb.info/gnd/107529195X"$"Nürnberg"$"https://d-nb.info/gnd/4042742-0"$"Stadtbibliothek im Bildungscampus Nürnberg"$"https://d-nb.info/gnd/107529195X"$"Nürnberg"$"https://d-nb.info/gnd/4042742-0"
"222"$"Cent. VI, 66"$"https://online-service.nuernberg.de/viewer/api/v1/records/07143773/manifest/"$"https://nbn-resolving.de/urn:nbn:de:bvb:75-20250731140711"$"https://online-service.nuernberg.de/viewer/api/v1/records/07143773/files/images/75_cent_vi_66_060.tif/full/!400,400/0/default.jpg"$"Komplett"$"Original"$"bitonal"$"Einzelseite"$"21.12.2022"$"2025"$"Stadtbibliothek im Bildungscampus Nürnberg"$"https://d-nb.info/gnd/107529195X"$"Nürnberg"$"https://d-nb.info/gnd/4042742-0"$"Stadtbibliothek im Bildungscampus Nürnberg"$"https://d-nb.info/gnd/107529195X"$"Nürnberg"$"https://d-nb.info/gnd/4042742-0"
"223"$"Cent. VI, 68"$"https://online-service.nuernberg.de/viewer/api/v1/records/07143774/manifest/"$"https://nbn-resolving.de/urn:nbn:de:bvb:75-20250731140924"$"https://online-service.nuernberg.de/viewer/api/v1/records/07143774/files/images/75_cent_vi_68_047.tif/full/!400,400/0/default.jpg"$"Komplett"$"Original"$"bitonal"$"Einzelseite"$"21.12.2022"$"2025"$"Stadtbibliothek im Bildungscampus Nürnberg"$"https://d-nb.info/gnd/107529195X"$"Nürnberg"$"https://d-nb.info/gnd/4042742-0"$"Stadtbibliothek im Bildungscampus Nürnberg"$"https://d-nb.info/gnd/107529195X"$"Nürnberg"$"https://d-nb.info/gnd/4042742-0"
"224"$"Cent. V, App. 34p"$"https://online-service.nuernberg.de/viewer/api/v1/records/07143980/manifest/"$"https://nbn-resolving.de/urn:nbn:de:bvb:75-20250806102532"$"https://online-service.nuernberg.de/viewer/api/v1/records/07143980/files/images/75_cent_v_app_34p_009.tif/full/!400,400/0/default.jpg"$"Komplett"$"Original"$"bitonal"$"Einzelseite"$"21.12.2022"$"2025"$"Stadtbibliothek im Bildungscampus Nürnberg"$"https://d-nb.info/gnd/107529195X"$"Nürnberg"$"https://d-nb.info/gnd/4042742-0"$"Stadtbibliothek im Bildungscampus Nürnberg"$"https://d-nb.info/gnd/107529195X"$"Nürnberg"$"https://d-nb.info/gnd/4042742-0"
"225"$"Cent. V, App. 34q"$"https://online-service.nuernberg.de/viewer/api/v1/records/07143997/manifest/"$"https://nbn-resolving.de/urn:nbn:de:bvb:75-20250808061901"$"https://online-service.nuernberg.de/viewer/api/v1/records/07143997/files/images/75_cent_v_app_34q_004.tif/full/!400,400/0/default.jpg"$"Komplett"$"Original"$"bitonal"$"Einzelseite"$"21.12.2022"$"2025"$"Stadtbibliothek im Bildungscampus Nürnberg"$"https://d-nb.info/gnd/107529195X"$"Nürnberg"$"https://d-nb.info/gnd/4042742-0"$"Stadtbibliothek im Bildungscampus Nürnberg"$"https://d-nb.info/gnd/107529195X"$"Nürnberg"$"https://d-nb.info/gnd/4042742-0"
"226"$"Cent. V, App. 34r"$"https://online-service.nuernberg.de/viewer/api/v1/records/07143998/manifest/"$"https://nbn-resolving.de/urn:nbn:de:bvb:75-20250808062139"$"https://online-service.nuernberg.de/viewer/api/v1/records/07143998/files/images/75_cent_v_app_34r_011.tif/full/!400,400/0/default.jpg"$"Komplett"$"Original"$"bitonal"$"Einzelseite"$"21.12.2022"$"2025"$"Stadtbibliothek im Bildungscampus Nürnberg"$"https://d-nb.info/gnd/107529195X"$"Nürnberg"$"https://d-nb.info/gnd/4042742-0"$"Stadtbibliothek im Bildungscampus Nürnberg"$"https://d-nb.info/gnd/107529195X"$"Nürnberg"$"https://d-nb.info/gnd/4042742-0"
"227"$"Cent. V, App. 34s"$"https://online-service.nuernberg.de/viewer/api/v1/records/07143999/manifest/"$"https://nbn-resolving.de/urn:nbn:de:bvb:75-20250808062652"$"https://online-service.nuernberg.de/viewer/api/v1/records/07143999/files/images/75_cent_v_App_34s_015.tif/full/!400,400/0/default.jpg"$"Komplett"$"Original"$"bitonal"$"Einzelseite"$"21.12.2022"$"2025"$"Stadtbibliothek im Bildungscampus Nürnberg"$"https://d-nb.info/gnd/107529195X"$"Nürnberg"$"https://d-nb.info/gnd/4042742-0"$"Stadtbibliothek im Bildungscampus Nürnberg"$"https://d-nb.info/gnd/107529195X"$"Nürnberg"$"https://d-nb.info/gnd/4042742-0"
"228"$"Cent. V, App. 34t"$"https://online-service.nuernberg.de/viewer/api/v1/records/07144001/manifest/"$"https://nbn-resolving.de/urn:nbn:de:bvb:75-20250808062856"$"https://online-service.nuernberg.de/viewer/api/v1/records/07144001/files/images/75_cent_v_app_34t_009.tif/full/!400,400/0/default.jpg"$"Komplett"$"Original"$"bitonal"$"Einzelseite"$"21.12.2022"$"2025"$"Stadtbibliothek im Bildungscampus Nürnberg"$"https://d-nb.info/gnd/107529195X"$"Nürnberg"$"https://d-nb.info/gnd/4042742-0"$"Stadtbibliothek im Bildungscampus Nürnberg"$"https://d-nb.info/gnd/107529195X"$"Nürnberg"$"https://d-nb.info/gnd/4042742-0"
"229"$"Cent. V, App. 34u"$"https://online-service.nuernberg.de/viewer/api/v1/records/07144008/manifest/"$"https://nbn-resolving.de/urn:nbn:de:bvb:75-20250808063326"$"https://online-service.nuernberg.de/viewer/api/v1/records/07144008/files/images/75_cent_v_app_34u_005.tif/full/!400,400/0/default.jpg"$"Komplett"$"Original"$"bitonal"$"Einzelseite"$"21.12.2022"$"2025"$"Stadtbibliothek im Bildungscampus Nürnberg"$"https://d-nb.info/gnd/107529195X"$"Nürnberg"$"https://d-nb.info/gnd/4042742-0"$"Stadtbibliothek im Bildungscampus Nürnberg"$"https://d-nb.info/gnd/107529195X"$"Nürnberg"$"https://d-nb.info/gnd/4042742-0"
"230"$"Cent. V, App. 34v"$"https://online-service.nuernberg.de/viewer/api/v1/records/07144022/manifest/"$"https://nbn-resolving.de/urn:nbn:de:bvb:75-20250808063805"$"https://online-service.nuernberg.de/viewer/api/v1/records/07144022/files/images/75_cent_v_app_34v_0007.tif/full/!400,400/0/default.jpg"$"Komplett"$"Original"$"bitonal"$"Einzelseite"$"21.12.2022"$"2025"$"Stadtbibliothek im Bildungscampus Nürnberg"$"https://d-nb.info/gnd/107529195X"$"Nürnberg"$"https://d-nb.info/gnd/4042742-0"$"Stadtbibliothek im Bildungscampus Nürnberg"$"https://d-nb.info/gnd/107529195X"$"Nürnberg"$"https://d-nb.info/gnd/4042742-0"
"231"$"Cent. V, App. 34w"$"https://online-service.nuernberg.de/viewer/api/v1/records/07144023/manifest/"$"https://nbn-resolving.de/urn:nbn:de:bvb:75-20250808063947"$"https://online-service.nuernberg.de/viewer/api/v1/records/07144023/files/images/75_cent_v_app_34w_005.tif/full/!400,400/0/default.jpg"$"Komplett"$"Original"$"bitonal"$"Einzelseite"$"21.12.2022"$"2025"$"Stadtbibliothek im Bildungscampus Nürnberg"$"https://d-nb.info/gnd/107529195X"$"Nürnberg"$"https://d-nb.info/gnd/4042742-0"$"Stadtbibliothek im Bildungscampus Nürnberg"$"https://d-nb.info/gnd/107529195X"$"Nürnberg"$"https://d-nb.info/gnd/4042742-0"
"232"$"Cent. VI, 72"$"https://online-service.nuernberg.de/viewer/api/v1/records/07144616/manifest/"$"https://nbn-resolving.de/urn:nbn:de:bvb:75-20250814083235"$"https://online-service.nuernberg.de/viewer/api/v1/records/07144616/files/images/75_cent_vi_72_030.tif/full/!400,400/0/default.jpg"$"Komplett"$"Original"$"bitonal"$"Einzelseite"$"21.12.2022"$"2025"$"Stadtbibliothek im Bildungscampus Nürnberg"$"https://d-nb.info/gnd/107529195X"$"Nürnberg"$"https://d-nb.info/gnd/4042742-0"$"Stadtbibliothek im Bildungscampus Nürnberg"$"https://d-nb.info/gnd/107529195X"$"Nürnberg"$"https://d-nb.info/gnd/4042742-0"
"233"$"Cent. VI, 73"$"https://online-service.nuernberg.de/viewer/api/v1/records/07144617/manifest/"$"https://nbn-resolving.de/urn:nbn:de:bvb:75-20250814092439"$"https://online-service.nuernberg.de/viewer/api/v1/records/07144617/files/images/75_cent_vi_73_019.tif/full/!400,400/0/default.jpg"$"Komplett"$"Original"$"bitonal"$"Einzelseite"$"21.12.2022"$"2025"$"Stadtbibliothek im Bildungscampus Nürnberg"$"https://d-nb.info/gnd/107529195X"$"Nürnberg"$"https://d-nb.info/gnd/4042742-0"$"Stadtbibliothek im Bildungscampus Nürnberg"$"https://d-nb.info/gnd/107529195X"$"Nürnberg"$"https://d-nb.info/gnd/4042742-0"
"234"$"Cent. VI, 76"$"https://online-service.nuernberg.de/viewer/api/v1/records/07144618/manifest/"$"https://nbn-resolving.de/urn:nbn:de:bvb:75-20250814094231"$"https://online-service.nuernberg.de/viewer/api/v1/records/07144618/files/images/75_cent_vi_76_005.tif/full/!400,400/0/default.jpg"$"Komplett"$"Original"$"bitonal"$"Einzelseite"$"21.12.2022"$"2025"$"Stadtbibliothek im Bildungscampus Nürnberg"$"https://d-nb.info/gnd/107529195X"$"Nürnberg"$"https://d-nb.info/gnd/4042742-0"$"Stadtbibliothek im Bildungscampus Nürnberg"$"https://d-nb.info/gnd/107529195X"$"Nürnberg"$"https://d-nb.info/gnd/4042742-0"
"235"$"Cent. VI, 77"$"https://online-service.nuernberg.de/viewer/api/v1/records/07144619/manifest/"$"https://nbn-resolving.de/urn:nbn:de:bvb:75-20250814105629"$"https://online-service.nuernberg.de/viewer/api/v1/records/07144619/files/images/75_cent_vi_77_004.tif/full/!400,400/0/default.jpg"$"Komplett"$"Original"$"bitonal"$"Doppelseite"$"21.12.2022"$"2025"$"Stadtbibliothek im Bildungscampus Nürnberg"$"https://d-nb.info/gnd/107529195X"$"Nürnberg"$"https://d-nb.info/gnd/4042742-0"$"Stadtbibliothek im Bildungscampus Nürnberg"$"https://d-nb.info/gnd/107529195X"$"Nürnberg"$"https://d-nb.info/gnd/4042742-0"
"236"$"Cent. VI, 87"$"https://online-service.nuernberg.de/viewer/api/v1/records/07144620/manifest/"$"https://nbn-resolving.de/urn:nbn:de:bvb:75-20250814095552"$"https://online-service.nuernberg.de/viewer/api/v1/records/07144620/files/images/75_cent_vi_87_006.tif/full/!400,400/0/default.jpg"$"Komplett"$"Original"$"bitonal"$"Einzelseite"$"21.12.2022"$"2025"$"Stadtbibliothek im Bildungscampus Nürnberg"$"https://d-nb.info/gnd/107529195X"$"Nürnberg"$"https://d-nb.info/gnd/4042742-0"$"Stadtbibliothek im Bildungscampus Nürnberg"$"https://d-nb.info/gnd/107529195X"$"Nürnberg"$"https://d-nb.info/gnd/4042742-0"
"237"$"Cent. VI, 95"$"https://online-service.nuernberg.de/viewer/api/v1/records/07144621/manifest/"$"https://nbn-resolving.de/urn:nbn:de:bvb:75-20250814102205"$"https://online-service.nuernberg.de/viewer/api/v1/records/07144621/files/images/75_cent_vi_95_019.tif/full/!400,400/0/default.jpg"$"Komplett"$"Original"$"bitonal"$"Einzelseite"$"21.12.2022"$"2025"$"Stadtbibliothek im Bildungscampus Nürnberg"$"https://d-nb.info/gnd/107529195X"$"Nürnberg"$"https://d-nb.info/gnd/4042742-0"$"Stadtbibliothek im Bildungscampus Nürnberg"$"https://d-nb.info/gnd/107529195X"$"Nürnberg"$"https://d-nb.info/gnd/4042742-0"
"238"$"Cent. VII, 2"$"https://online-service.nuernberg.de/viewer/api/v1/records/07144861/manifest/"$"https://nbn-resolving.de/urn:nbn:de:bvb:75-20250821061539"$"https://online-service.nuernberg.de/viewer/api/v1/records/07144861/files/images/75_cent_vii_2_003.tif/full/!400,400/0/default.jpg"$"Komplett"$"Original"$"bitonal"$"Doppelseite"$"21.12.2022"$"2025"$"Stadtbibliothek im Bildungscampus Nürnberg"$"https://d-nb.info/gnd/107529195X"$"Nürnberg"$"https://d-nb.info/gnd/4042742-0"$"Stadtbibliothek im Bildungscampus Nürnberg"$"https://d-nb.info/gnd/107529195X"$"Nürnberg"$"https://d-nb.info/gnd/4042742-0"
"239"$"Cent. VII, 11b"$"https://online-service.nuernberg.de/viewer/api/v1/records/07144862/manifest/"$"https://nbn-resolving.de/urn:nbn:de:bvb:75-20250821062451"$"https://online-service.nuernberg.de/viewer/api/v1/records/07144862/files/images/75_cent_vii_11b_0069.tif/full/!400,400/0/default.jpg"$"Komplett"$"Original"$"bitonal"$"Einzelseite"$"21.12.2022"$"2025"$"Stadtbibliothek im Bildungscampus Nürnberg"$"https://d-nb.info/gnd/107529195X"$"Nürnberg"$"https://d-nb.info/gnd/4042742-0"$"Stadtbibliothek im Bildungscampus Nürnberg"$"https://d-nb.info/gnd/107529195X"$"Nürnberg"$"https://d-nb.info/gnd/4042742-0"
"240"$"Cent. VII, 17"$"https://online-service.nuernberg.de/viewer/api/v1/records/07144867/manifest/"$"https://nbn-resolving.de/urn:nbn:de:bvb:75-20250821090118"$"https://online-service.nuernberg.de/viewer/api/v1/records/07144867/files/images/75_cent_vii_17_005.tif/full/!400,400/0/default.jpg"$"Komplett"$"Original"$"bitonal"$"Einzelseite"$"21.12.2022"$"2025"$"Stadtbibliothek im Bildungscampus Nürnberg"$"https://d-nb.info/gnd/107529195X"$"Nürnberg"$"https://d-nb.info/gnd/4042742-0"$"Stadtbibliothek im Bildungscampus Nürnberg"$"https://d-nb.info/gnd/107529195X"$"Nürnberg"$"https://d-nb.info/gnd/4042742-0"
"241"$"Cent. VII, 18"$"https://online-service.nuernberg.de/viewer/api/v1/records/07144869/manifest/"$"https://nbn-resolving.de/urn:nbn:de:bvb:75-20250821122645"$"https://online-service.nuernberg.de/viewer/api/v1/records/07144869/files/images/75_cent_vii_18_025.tif/full/!400,400/0/default.jpg"$"Komplett"$"Original"$"bitonal"$"Einzelseite"$"21.12.2022"$"2025"$"Stadtbibliothek im Bildungscampus Nürnberg"$"https://d-nb.info/gnd/107529195X"$"Nürnberg"$"https://d-nb.info/gnd/4042742-0"$"Stadtbibliothek im Bildungscampus Nürnberg"$"https://d-nb.info/gnd/107529195X"$"Nürnberg"$"https://d-nb.info/gnd/4042742-0"
"242"$"Cent. VII, 19"$"https://online-service.nuernberg.de/viewer/api/v1/records/07144893/manifest/"$"https://nbn-resolving.de/urn:nbn:de:bvb:75-20250821101216"$"https://online-service.nuernberg.de/viewer/api/v1/records/07144893/files/images/75_cent_vii_19_054.tif/full/!400,400/0/default.jpg"$"Komplett"$"Original"$"bitonal"$"Einzelseite"$"21.12.2022"$"2025"$"Stadtbibliothek im Bildungscampus Nürnberg"$"https://d-nb.info/gnd/107529195X"$"Nürnberg"$"https://d-nb.info/gnd/4042742-0"$"Stadtbibliothek im Bildungscampus Nürnberg"$"https://d-nb.info/gnd/107529195X"$"Nürnberg"$"https://d-nb.info/gnd/4042742-0"
"243"$"Cent. VII, 23"$"https://online-service.nuernberg.de/viewer/api/v1/records/07145149/manifest/"$"https://nbn-resolving.de/urn:nbn:de:bvb:75-20250828093411"$"https://online-service.nuernberg.de/viewer/api/v1/records/07145149/files/images/75_cent_vii_23_008.tif/full/!400,400/0/default.jpg"$"Komplett"$"Original"$"bitonal"$"Einzelseite"$"21.12.2022"$"2025"$"Stadtbibliothek im Bildungscampus Nürnberg"$"https://d-nb.info/gnd/107529195X"$"Nürnberg"$"https://d-nb.info/gnd/4042742-0"$"Stadtbibliothek im Bildungscampus Nürnberg"$"https://d-nb.info/gnd/107529195X"$"Nürnberg"$"https://d-nb.info/gnd/4042742-0"
"244"$"Cent. VII, 36"$"https://online-service.nuernberg.de/viewer/api/v1/records/07145150/manifest/"$"https://nbn-resolving.de/urn:nbn:de:bvb:75-20250828100518"$"https://online-service.nuernberg.de/viewer/api/v1/records/07145150/files/images/75_cent_vii_36_010.tif/full/!400,400/0/default.jpg"$"Komplett"$"Original"$"bitonal"$"Einzelseite"$"21.12.2022"$"2025"$"Stadtbibliothek im Bildungscampus Nürnberg"$"https://d-nb.info/gnd/107529195X"$"Nürnberg"$"https://d-nb.info/gnd/4042742-0"$"Stadtbibliothek im Bildungscampus Nürnberg"$"https://d-nb.info/gnd/107529195X"$"Nürnberg"$"https://d-nb.info/gnd/4042742-0"
"245"$"Cent. VII, 96"$"https://online-service.nuernberg.de/viewer/api/v1/records/07145152/manifest/"$"https://nbn-resolving.de/urn:nbn:de:bvb:75-20250828103854"$"https://online-service.nuernberg.de/viewer/api/v1/records/07145152/files/images/75_cent_vii_96_004.tif/full/!400,400/0/default.jpg"$"Komplett"$"Original"$"bitonal"$"Doppelseite"$"21.12.2022"$"2025"$"Stadtbibliothek im Bildungscampus Nürnberg"$"https://d-nb.info/gnd/107529195X"$"Nürnberg"$"https://d-nb.info/gnd/4042742-0"$"Stadtbibliothek im Bildungscampus Nürnberg"$"https://d-nb.info/gnd/107529195X"$"Nürnberg"$"https://d-nb.info/gnd/4042742-0"
"246"$"Cent. VII, 97"$"https://online-service.nuernberg.de/viewer/api/v1/records/07145153/manifest/"$"https://nbn-resolving.de/urn:nbn:de:bvb:75-20250828105735"$"https://online-service.nuernberg.de/viewer/api/v1/records/07145153/files/images/75_cent_vii_97_005.tif/full/!400,400/0/default.jpg"$"Komplett"$"Original"$"bitonal"$"Doppelseite"$"21.12.2022"$"2025"$"Stadtbibliothek im Bildungscampus Nürnberg"$"https://d-nb.info/gnd/107529195X"$"Nürnberg"$"https://d-nb.info/gnd/4042742-0"$"Stadtbibliothek im Bildungscampus Nürnberg"$"https://d-nb.info/gnd/107529195X"$"Nürnberg"$"https://d-nb.info/gnd/4042742-0"
"247"$"Cent. VII, 100"$"https://online-service.nuernberg.de/viewer/api/v1/records/07145154/manifest/"$"https://nbn-resolving.de/urn:nbn:de:bvb:75-20250828113626"$"https://online-service.nuernberg.de/viewer/api/v1/records/07145154/files/images/75_cent_vii_100_003.tif/full/!400,400/0/default.jpg"$"Komplett"$"Original"$"bitonal"$"Doppelseite"$"21.12.2022"$"2025"$"Stadtbibliothek im Bildungscampus Nürnberg"$"https://d-nb.info/gnd/107529195X"$"Nürnberg"$"https://d-nb.info/gnd/4042742-0"$"Stadtbibliothek im Bildungscampus Nürnberg"$"https://d-nb.info/gnd/107529195X"$"Nürnberg"$"https://d-nb.info/gnd/4042742-0"
"248"$"Cent. VIII, 1"$"https://online-service.nuernberg.de/viewer/api/v1/records/07145155/manifest/"$"https://nbn-resolving.de/urn:nbn:de:bvb:75-20250828115345"$"https://online-service.nuernberg.de/viewer/api/v1/records/07145155/files/images/75_cent_viii_1_002.tif/full/!400,400/0/default.jpg"$"Komplett"$"Original"$"bitonal"$"Doppelseite"$"21.12.2022"$"2025"$"Stadtbibliothek im Bildungscampus Nürnberg"$"https://d-nb.info/gnd/107529195X"$"Nürnberg"$"https://d-nb.info/gnd/4042742-0"$"Stadtbibliothek im Bildungscampus Nürnberg"$"https://d-nb.info/gnd/107529195X"$"Nürnberg"$"https://d-nb.info/gnd/4042742-0"
"249"$"Hert. Ms. 7"$"https://online-service.nuernberg.de/viewer/api/v1/records/07145158/manifest/"$"https://nbn-resolving.de/urn:nbn:de:bvb:75-20250828141551"$"https://online-service.nuernberg.de/viewer/api/v1/records/07145158/files/images/75_hert_ms_7_003.tif/full/!400,400/0/default.jpg"$"Komplett"$"Original"$"bitonal"$"Doppelseite"$"21.12.2022"$"2025"$"Stadtbibliothek im Bildungscampus Nürnberg"$"https://d-nb.info/gnd/107529195X"$"Nürnberg"$"https://d-nb.info/gnd/4042742-0"$"Stadtbibliothek im Bildungscampus Nürnberg"$"https://d-nb.info/gnd/107529195X"$"Nürnberg"$"https://d-nb.info/gnd/4042742-0"
"250"$"Hert. Ms. 13"$"https://online-service.nuernberg.de/viewer/api/v1/records/07145159/manifest/"$"https://nbn-resolving.de/urn:nbn:de:bvb:75-20250828142728"$"https://online-service.nuernberg.de/viewer/api/v1/records/07145159/files/images/75_hert_ms_13_006.tif/full/!400,400/0/default.jpg"$"Komplett"$"Original"$"bitonal"$"Einzelseite"$"21.12.2022"$"2025"$"Stadtbibliothek im Bildungscampus Nürnberg"$"https://d-nb.info/gnd/107529195X"$"Nürnberg"$"https://d-nb.info/gnd/4042742-0"$"Stadtbibliothek im Bildungscampus Nürnberg"$"https://d-nb.info/gnd/107529195X"$"Nürnberg"$"https://d-nb.info/gnd/4042742-0"
"251"$"Cent. V, 97"$"https://online-service.nuernberg.de/viewer/api/v1/records/07145174/manifest/"$"https://nbn-resolving.de/urn:nbn:de:bvb:75-20250828145133"$"https://online-service.nuernberg.de/viewer/api/v1/records/07145174/files/images/75_cent_v_97_006.tif/full/!400,400/0/default.jpg"$"Komplett"$"Original"$"bitonal"$"Einzelseite"$"21.12.2022"$"2025"$"Stadtbibliothek im Bildungscampus Nürnberg"$"https://d-nb.info/gnd/107529195X"$"Nürnberg"$"https://d-nb.info/gnd/4042742-0"$"Stadtbibliothek im Bildungscampus Nürnberg"$"https://d-nb.info/gnd/107529195X"$"Nürnberg"$"https://d-nb.info/gnd/4042742-0"
"252"$"Cent. VII, 46g"$"https://online-service.nuernberg.de/viewer/api/v1/records/07145175/manifest/"$"https://nbn-resolving.de/urn:nbn:de:bvb:75-20250829054536"$"https://online-service.nuernberg.de/viewer/api/v1/records/07145175/files/images/75_cent_vi_46_g_005.tif/full/!400,400/0/default.jpg"$"Komplett"$"Original"$"bitonal"$"Einzelseite"$"21.12.2022"$"2025"$"Stadtbibliothek im Bildungscampus Nürnberg"$"https://d-nb.info/gnd/107529195X"$"Nürnberg"$"https://d-nb.info/gnd/4042742-0"$"Stadtbibliothek im Bildungscampus Nürnberg"$"https://d-nb.info/gnd/107529195X"$"Nürnberg"$"https://d-nb.info/gnd/4042742-0"
"253"$"Cent. VII, 14"$"https://online-service.nuernberg.de/viewer/api/v1/records/07145177/manifest/"$"https://nbn-resolving.de/urn:nbn:de:bvb:75-20250829055244"$"https://online-service.nuernberg.de/viewer/api/v1/records/07145177/files/images/75_cent_vii_14_009.tif/full/!400,400/0/default.jpg"$"Komplett"$"Original"$"bitonal"$"Einzelseite"$"21.12.2022"$"2025"$"Stadtbibliothek im Bildungscampus Nürnberg"$"https://d-nb.info/gnd/107529195X"$"Nürnberg"$"https://d-nb.info/gnd/4042742-0"$"Stadtbibliothek im Bildungscampus Nürnberg"$"https://d-nb.info/gnd/107529195X"$"Nürnberg"$"https://d-nb.info/gnd/4042742-0"
"254"$"Cent. VII, 15"$"https://online-service.nuernberg.de/viewer/api/v1/records/07145191/manifest/"$"https://nbn-resolving.de/urn:nbn:de:bvb:75-20250829060054"$"https://online-service.nuernberg.de/viewer/api/v1/records/07145191/files/images/75_cent_vii_15_008.tif/full/!400,400/0/default.jpg"$"Komplett"$"Original"$"bitonal"$"Einzelseite"$"21.12.2022"$"2025"$"Stadtbibliothek im Bildungscampus Nürnberg"$"https://d-nb.info/gnd/107529195X"$"Nürnberg"$"https://d-nb.info/gnd/4042742-0"$"Stadtbibliothek im Bildungscampus Nürnberg"$"https://d-nb.info/gnd/107529195X"$"Nürnberg"$"https://d-nb.info/gnd/4042742-0"
"255"$"Cent. VII, 30"$"https://online-service.nuernberg.de/viewer/api/v1/records/07145200/manifest/"$"https://nbn-resolving.de/urn:nbn:de:bvb:75-20250829060251"$"https://online-service.nuernberg.de/viewer/api/v1/records/07145200/files/images/75_cent_vii_30_011.tif/full/!400,400/0/default.jpg"$"Komplett"$"Original"$"bitonal"$"Einzelseite"$"21.12.2022"$"2025"$"Stadtbibliothek im Bildungscampus Nürnberg"$"https://d-nb.info/gnd/107529195X"$"Nürnberg"$"https://d-nb.info/gnd/4042742-0"$"Stadtbibliothek im Bildungscampus Nürnberg"$"https://d-nb.info/gnd/107529195X"$"Nürnberg"$"https://d-nb.info/gnd/4042742-0"
"256"$"Cent. VII, 47"$"https://online-service.nuernberg.de/viewer/api/v1/records/07145151/manifest/"$"https://nbn-resolving.de/urn:nbn:de:bvb:75-20250901120149"$"https://online-service.nuernberg.de/viewer/api/v1/records/07145151/files/images/75_cent_vii_47_005.tif/full/!400,400/0/default.jpg"$"Komplett"$"Original"$"bitonal"$"Einzelseite"$"21.12.2022"$"2025"$"Stadtbibliothek im Bildungscampus Nürnberg"$"https://d-nb.info/gnd/107529195X"$"Nürnberg"$"https://d-nb.info/gnd/4042742-0"$"Stadtbibliothek im Bildungscampus Nürnberg"$"https://d-nb.info/gnd/107529195X"$"Nürnberg"$"https://d-nb.info/gnd/4042742-0"
"257"$"Cent. VII, 33"$"https://online-service.nuernberg.de/viewer/api/v1/records/07145348/manifest/"$"https://nbn-resolving.de/urn:nbn:de:bvb:75-20250901122412"$"https://online-service.nuernberg.de/viewer/api/v1/records/07145348/files/images/75_cent_vii_33_045.tif/full/!400,400/0/default.jpg"$"Komplett"$"Original"$"bitonal"$"Einzelseite"$"21.12.2022"$"2025"$"Stadtbibliothek im Bildungscampus Nürnberg"$"https://d-nb.info/gnd/107529195X"$"Nürnberg"$"https://d-nb.info/gnd/4042742-0"$"Stadtbibliothek im Bildungscampus Nürnberg"$"https://d-nb.info/gnd/107529195X"$"Nürnberg"$"https://d-nb.info/gnd/4042742-0"
"258"$"Cent. VII, 37"$"https://online-service.nuernberg.de/viewer/api/v1/records/07145349/manifest/"$"https://nbn-resolving.de/urn:nbn:de:bvb:75-20250901124838"$"https://online-service.nuernberg.de/viewer/api/v1/records/07145349/files/images/75_cent_vii_37_121.tif/full/!400,400/0/default.jpg"$"Komplett"$"Original"$"bitonal"$"Einzelseite"$"21.12.2022"$"2025"$"Stadtbibliothek im Bildungscampus Nürnberg"$"https://d-nb.info/gnd/107529195X"$"Nürnberg"$"https://d-nb.info/gnd/4042742-0"$"Stadtbibliothek im Bildungscampus Nürnberg"$"https://d-nb.info/gnd/107529195X"$"Nürnberg"$"https://d-nb.info/gnd/4042742-0"
"259"$"Cent. I, 10"$"https://online-service.nuernberg.de/viewer/api/v1/records/07145396/manifest/"$"https://nbn-resolving.de/urn:nbn:de:bvb:75-20250904075708"$"https://online-service.nuernberg.de/viewer/api/v1/records/07145396/files/images/75_cent_i_10_006.tif/full/!400,400/0/default.jpg"$"Komplett"$"Original"$"bitonal"$"Einzelseite"$"21.12.2022"$"2025"$"Stadtbibliothek im Bildungscampus Nürnberg"$"https://d-nb.info/gnd/107529195X"$"Nürnberg"$"https://d-nb.info/gnd/4042742-0"$"Stadtbibliothek im Bildungscampus Nürnberg"$"https://d-nb.info/gnd/107529195X"$"Nürnberg"$"https://d-nb.info/gnd/4042742-0"
"260"$"Cent. I, 11"$"https://online-service.nuernberg.de/viewer/api/v1/records/07145507/manifest/"$"https://nbn-resolving.de/urn:nbn:de:bvb:75-20250904081433"$"https://online-service.nuernberg.de/viewer/api/v1/records/07145507/files/images/75_cent_i_11_004.tif/full/!400,400/0/default.jpg"$"Komplett"$"Original"$"bitonal"$"Einzelseite"$"21.12.2022"$"2025"$"Stadtbibliothek im Bildungscampus Nürnberg"$"https://d-nb.info/gnd/107529195X"$"Nürnberg"$"https://d-nb.info/gnd/4042742-0"$"Stadtbibliothek im Bildungscampus Nürnberg"$"https://d-nb.info/gnd/107529195X"$"Nürnberg"$"https://d-nb.info/gnd/4042742-0"
"261"$"Cent. I, 13"$"https://online-service.nuernberg.de/viewer/api/v1/records/07145518/manifest/"$"https://nbn-resolving.de/urn:nbn:de:bvb:75-20250904092425"$"https://online-service.nuernberg.de/viewer/api/v1/records/07145518/files/images/75_cent_i_13_001r.tif/full/!400,400/0/default.jpg"$"Komplett"$"Original"$"bitonal"$"Einzelseite"$"21.12.2022"$"2025"$"Stadtbibliothek im Bildungscampus Nürnberg"$"https://d-nb.info/gnd/107529195X"$"Nürnberg"$"https://d-nb.info/gnd/4042742-0"$"Stadtbibliothek im Bildungscampus Nürnberg"$"https://d-nb.info/gnd/107529195X"$"Nürnberg"$"https://d-nb.info/gnd/4042742-0"
"262"$"Cent. I, 28"$"https://online-service.nuernberg.de/viewer/api/v1/records/07145521/manifest/"$"https://nbn-resolving.de/urn:nbn:de:bvb:75-20250904100617"$"https://online-service.nuernberg.de/viewer/api/v1/records/07145521/files/images/75_cent_i_28_174.tif/full/!400,400/0/default.jpg"$"Komplett"$"Original"$"bitonal"$"Einzelseite"$"21.12.2022"$"2025"$"Stadtbibliothek im Bildungscampus Nürnberg"$"https://d-nb.info/gnd/107529195X"$"Nürnberg"$"https://d-nb.info/gnd/4042742-0"$"Stadtbibliothek im Bildungscampus Nürnberg"$"https://d-nb.info/gnd/107529195X"$"Nürnberg"$"https://d-nb.info/gnd/4042742-0"
"263"$"Cent. I, 29"$"https://online-service.nuernberg.de/viewer/api/v1/records/07145538/manifest/"$"https://nbn-resolving.de/urn:nbn:de:bvb:75-20250904111511"$"https://online-service.nuernberg.de/viewer/api/v1/records/07145538/files/images/75_cent_i_29_003.tif/full/!400,400/0/default.jpg"$"Komplett"$"Original"$"bitonal"$"Einzelseite"$"21.12.2022"$"2025"$"Stadtbibliothek im Bildungscampus Nürnberg"$"https://d-nb.info/gnd/107529195X"$"Nürnberg"$"https://d-nb.info/gnd/4042742-0"$"Stadtbibliothek im Bildungscampus Nürnberg"$"https://d-nb.info/gnd/107529195X"$"Nürnberg"$"https://d-nb.info/gnd/4042742-0"
"264"$"Cent. I, 30"$"https://online-service.nuernberg.de/viewer/api/v1/records/07145552/manifest/"$"https://nbn-resolving.de/urn:nbn:de:bvb:75-20250904114749"$"https://online-service.nuernberg.de/viewer/api/v1/records/07145552/files/images/75_cent_i_30_006.tif/full/!400,400/0/default.jpg"$"Komplett"$"Original"$"bitonal"$"Einzelseite"$"21.12.2022"$"2025"$"Stadtbibliothek im Bildungscampus Nürnberg"$"https://d-nb.info/gnd/107529195X"$"Nürnberg"$"https://d-nb.info/gnd/4042742-0"$"Stadtbibliothek im Bildungscampus Nürnberg"$"https://d-nb.info/gnd/107529195X"$"Nürnberg"$"https://d-nb.info/gnd/4042742-0"
"265"$"Cent. VI, 85"$"https://online-service.nuernberg.de/viewer/api/v1/records/07075380/manifest/"$"https://nbn-resolving.de/urn:nbn:de:bvb:75-20221128101302"$"https://online-service.nuernberg.de/viewer/api/v1/records/07075380/files/images/75_cent_vi_85_007.tif/full/!400,400/0/default.jpg"$"Komplett"$"Original"$"Standard"$"Einzelseite"$"03.12.2020"$"2022"$"Stadtbibliothek im Bildungscampus Nürnberg"$"https://d-nb.info/gnd/107529195X"$"Nürnberg"$"https://d-nb.info/gnd/4042742-0"$"Stadtbibliothek im Bildungscampus Nürnberg"$"https://d-nb.info/gnd/107529195X"$"Nürnberg"$"https://d-nb.info/gnd/4042742-0"