"1"$"Germ. dipl. 1"$"https://collections.thulb.uni-jena.de/api/iiif/presentation/v2/HisBest_derivate_00002866/manifest"$"https://nbn-resolving.org/urn:nbn:de:urmel-526985f0-7dad-43eb-bc0a-7e30429b21a92"$"https://collections.thulb.uni-jena.de/api/iiif/image/v2/HisBest_derivate_00002866%2FII_58_1.jpg/full/,200/0/default.jpg"$"Komplett"$"Original"$"Standard"$"Einzelseite"$""$""$"Schloßmuseum Sondershausen"$"http://d-nb.info/gnd/2085288-5"$"Sondershausen"$"http://d-nb.info/gnd/4055548-3"$"ThULB Jena"$"http://d-nb.info/gnd/5053491-9"$"Jena"$"http://d-nb.info/gnd/4028557-1"
"2"$"Germ. hist. 1"$"https://collections.thulb.uni-jena.de/api/iiif/presentation/v2/HisBest_derivate_00002865/manifest"$"https://nbn-resolving.org/urn:nbn:de:urmel-78f0bce6-84b4-445d-b7b5-83654a4aae6a2"$"https://collections.thulb.uni-jena.de/api/iiif/image/v2/HisBest_derivate_00002865%2FHs_Br_89_1.jpg/full/,200/0/default.jpg"$"Komplett"$"Original"$"Standard"$"Einzelseite"$""$""$"Schloßmuseum Sondershausen"$"http://d-nb.info/gnd/2085288-5"$"Sondershausen"$"http://d-nb.info/gnd/4055548-3"$"ThULB Jena"$"http://d-nb.info/gnd/5053491-9"$"Jena"$"http://d-nb.info/gnd/4028557-1"
"3"$"Germ. lit. 2"$"https://collections.thulb.uni-jena.de/api/iiif/presentation/v2/HisBest_derivate_00002874/manifest"$"https://nbn-resolving.org/urn:nbn:de:urmel-8a792957-a69b-4e05-bdea-76809881153e7"$"https://collections.thulb.uni-jena.de/api/iiif/image/v2/HisBest_derivate_00002874%2FGerm-lit-2-1r_200dpi.jpg/full/,200/0/default.jpg"$"Komplett"$"Original"$"Standard"$"Einzelseite"$""$""$"Schloßmuseum Sondershausen"$"http://d-nb.info/gnd/2085288-5"$"Sondershausen"$"http://d-nb.info/gnd/4055548-3"$"ThULB Jena"$"http://d-nb.info/gnd/5053491-9"$"Jena"$"http://d-nb.info/gnd/4028557-1"
"4"$"Germ. lit. 3 a"$"https://collections.thulb.uni-jena.de/api/iiif/presentation/v2/HisBest_derivate_00002875/manifest"$"https://nbn-resolving.org/urn:nbn:de:urmel-cb8bfe6e-1bba-44e8-a73a-7b80f5b4229d6"$"https://collections.thulb.uni-jena.de/api/iiif/image/v2/HisBest_derivate_00002875%2FHs_Br_4_1.jpg/full/,200/0/default.jpg"$"Komplett"$"Original"$"Standard"$"Einzelseite"$""$""$"Schloßmuseum Sondershausen"$"http://d-nb.info/gnd/2085288-5"$"Sondershausen"$"http://d-nb.info/gnd/4055548-3"$"ThULB Jena"$"http://d-nb.info/gnd/5053491-9"$"Jena"$"http://d-nb.info/gnd/4028557-1"
"5"$"Germ. lit. 3 b"$"https://collections.thulb.uni-jena.de/api/iiif/presentation/v2/HisBest_derivate_00002876/manifest"$"https://nbn-resolving.org/urn:nbn:de:urmel-19f90782-74b8-4e49-b330-51d52c19cac64"$"https://collections.thulb.uni-jena.de/api/iiif/image/v2/HisBest_derivate_00002876%2FHs_Br_4_2.jpg/full/,200/0/default.jpg"$"Komplett"$"Original"$"Standard"$"Einzelseite"$""$""$"Schloßmuseum Sondershausen"$"http://d-nb.info/gnd/2085288-5"$"Sondershausen"$"http://d-nb.info/gnd/4055548-3"$"ThULB Jena"$"http://d-nb.info/gnd/5053491-9"$"Jena"$"http://d-nb.info/gnd/4028557-1"
"6"$"Germ. lit. 3 c"$"https://collections.thulb.uni-jena.de/api/iiif/presentation/v2/HisBest_derivate_00002877/manifest"$"https://nbn-resolving.org/urn:nbn:de:urmel-1085403c-e7dd-4cf6-a551-d474706e14313"$"https://collections.thulb.uni-jena.de/api/iiif/image/v2/HisBest_derivate_00002877%2FHs_Br_4_3.jpg/full/,200/0/default.jpg"$"Komplett"$"Original"$"Standard"$"Einzelseite"$""$""$"Schloßmuseum Sondershausen"$"http://d-nb.info/gnd/2085288-5"$"Sondershausen"$"http://d-nb.info/gnd/4055548-3"$"ThULB Jena"$"http://d-nb.info/gnd/5053491-9"$"Jena"$"http://d-nb.info/gnd/4028557-1"
"7"$"Germ. lit. 3 d"$"https://collections.thulb.uni-jena.de/api/iiif/presentation/v2/HisBest_derivate_00002878/manifest"$"https://nbn-resolving.org/urn:nbn:de:urmel-0f92cf9d-82b5-4a3d-93cf-9b2509ecafd16"$"https://collections.thulb.uni-jena.de/api/iiif/image/v2/HisBest_derivate_00002878%2FHs_Br_4_4.jpg/full/,200/0/default.jpg"$"Komplett"$"Original"$"Standard"$"Einzelseite"$""$""$"Schloßmuseum Sondershausen"$"http://d-nb.info/gnd/2085288-5"$"Sondershausen"$"http://d-nb.info/gnd/4055548-3"$"ThULB Jena"$"http://d-nb.info/gnd/5053491-9"$"Jena"$"http://d-nb.info/gnd/4028557-1"
"8"$"Germ. lit. 4 a"$"https://collections.thulb.uni-jena.de/api/iiif/presentation/v2/HisBest_derivate_00002879/manifest"$"https://nbn-resolving.org/urn:nbn:de:urmel-7f435807-cfd1-4307-a835-d152c408d4cd1"$"https://collections.thulb.uni-jena.de/api/iiif/image/v2/HisBest_derivate_00002879%2FHs_Br_5_1.jpg/full/,200/0/default.jpg"$"Komplett"$"Original"$"Standard"$"Einzelseite"$""$""$"Schloßmuseum Sondershausen"$"http://d-nb.info/gnd/2085288-5"$"Sondershausen"$"http://d-nb.info/gnd/4055548-3"$"ThULB Jena"$"http://d-nb.info/gnd/5053491-9"$"Jena"$"http://d-nb.info/gnd/4028557-1"
"9"$"Germ. lit. 4 b"$"https://collections.thulb.uni-jena.de/api/iiif/presentation/v2/HisBest_derivate_00002880/manifest"$"https://nbn-resolving.org/urn:nbn:de:urmel-7a16f179-ab10-4408-8552-178b4ae343516"$"https://collections.thulb.uni-jena.de/api/iiif/image/v2/HisBest_derivate_00002880%2FHs_Br_5_2.jpg/full/,200/0/default.jpg"$"Komplett"$"Original"$"Standard"$"Einzelseite"$""$""$"Schloßmuseum Sondershausen"$"http://d-nb.info/gnd/2085288-5"$"Sondershausen"$"http://d-nb.info/gnd/4055548-3"$"ThULB Jena"$"http://d-nb.info/gnd/5053491-9"$"Jena"$"http://d-nb.info/gnd/4028557-1"
"10"$"Germ. lit. 4 c"$"https://collections.thulb.uni-jena.de/api/iiif/presentation/v2/HisBest_derivate_00002881/manifest"$"https://nbn-resolving.org/urn:nbn:de:urmel-dbb237f5-3aec-4684-ad85-866d656642f06"$"https://collections.thulb.uni-jena.de/api/iiif/image/v2/HisBest_derivate_00002881%2FHs_Br_5_3.jpg/full/,200/0/default.jpg"$"Komplett"$"Original"$"Standard"$"Einzelseite"$""$""$"Schloßmuseum Sondershausen"$"http://d-nb.info/gnd/2085288-5"$"Sondershausen"$"http://d-nb.info/gnd/4055548-3"$"ThULB Jena"$"http://d-nb.info/gnd/5053491-9"$"Jena"$"http://d-nb.info/gnd/4028557-1"
"11"$"Germ. lit. 4 d"$"https://collections.thulb.uni-jena.de/api/iiif/presentation/v2/HisBest_derivate_00002882/manifest"$"https://nbn-resolving.org/urn:nbn:de:urmel-911a542d-a0b1-4b16-b6e9-a6e8b8ee5e0b5"$"https://collections.thulb.uni-jena.de/api/iiif/image/v2/HisBest_derivate_00002882%2FHs_Br_5_4.jpg/full/,200/0/default.jpg"$"Komplett"$"Original"$"Standard"$"Einzelseite"$""$""$"Schloßmuseum Sondershausen"$"http://d-nb.info/gnd/2085288-5"$"Sondershausen"$"http://d-nb.info/gnd/4055548-3"$"ThULB Jena"$"http://d-nb.info/gnd/5053491-9"$"Jena"$"http://d-nb.info/gnd/4028557-1"
"12"$"Germ. lit. 4 e"$"https://collections.thulb.uni-jena.de/api/iiif/presentation/v2/HisBest_derivate_00002883/manifest"$"https://nbn-resolving.org/urn:nbn:de:urmel-7f1a50f4-d750-413c-bb5f-a0c5d69617a3"$"https://collections.thulb.uni-jena.de/api/iiif/image/v2/HisBest_derivate_00002883%2FHs_Br_5_10.jpg/full/,200/0/default.jpg"$"Komplett"$"Original"$"Standard"$"Einzelseite"$""$""$"Schloßmuseum Sondershausen"$"http://d-nb.info/gnd/2085288-5"$"Sondershausen"$"http://d-nb.info/gnd/4055548-3"$"ThULB Jena"$"http://d-nb.info/gnd/5053491-9"$"Jena"$"http://d-nb.info/gnd/4028557-1"
"13"$"Germ. lit. 4 f"$"https://collections.thulb.uni-jena.de/api/iiif/presentation/v2/HisBest_derivate_00002862/manifest"$"https://nbn-resolving.org/urn:nbn:de:urmel-30879e96-3347-449a-ab60-e1c1610d78ef6"$"https://collections.thulb.uni-jena.de/api/iiif/image/v2/HisBest_derivate_00002862%2FHs_Br_5_11.jpg/full/,200/0/default.jpg"$"Komplett"$"Original"$"Standard"$"Einzelseite"$""$""$"Schloßmuseum Sondershausen"$"http://d-nb.info/gnd/2085288-5"$"Sondershausen"$"http://d-nb.info/gnd/4055548-3"$"ThULB Jena"$"http://d-nb.info/gnd/5053491-9"$"Jena"$"http://d-nb.info/gnd/4028557-1"
"14"$"Germ. lit. 5"$"https://collections.thulb.uni-jena.de/api/iiif/presentation/v2/HisBest_derivate_00002863/manifest"$"https://nbn-resolving.org/urn:nbn:de:urmel-9e10b78e-3282-462b-8443-bb9ac01414f36"$"https://collections.thulb.uni-jena.de/api/iiif/image/v2/HisBest_derivate_00002863%2FHs_Br_66_1.jpg/full/,200/0/default.jpg"$"Komplett"$"Original"$"Standard"$"Einzelseite"$""$""$"Schloßmuseum Sondershausen"$"http://d-nb.info/gnd/2085288-5"$"Sondershausen"$"http://d-nb.info/gnd/4055548-3"$"ThULB Jena"$"http://d-nb.info/gnd/5053491-9"$"Jena"$"http://d-nb.info/gnd/4028557-1"
"15"$"Germ. lit. 6"$"https://collections.thulb.uni-jena.de/api/iiif/presentation/v2/HisBest_derivate_00002864/manifest"$"https://nbn-resolving.org/urn:nbn:de:urmel-21d76586-5482-4586-a35f-296ad667d1380"$"https://collections.thulb.uni-jena.de/api/iiif/image/v2/HisBest_derivate_00002864%2FHs_Br_67_1.jpg/full/,200/0/default.jpg"$"Komplett"$"Original"$"Standard"$"Einzelseite"$""$""$"Schloßmuseum Sondershausen"$"http://d-nb.info/gnd/2085288-5"$"Sondershausen"$"http://d-nb.info/gnd/4055548-3"$"ThULB Jena"$"http://d-nb.info/gnd/5053491-9"$"Jena"$"http://d-nb.info/gnd/4028557-1"
"16"$"Hebr. theol. 1"$"https://collections.thulb.uni-jena.de/api/iiif/presentation/v2/HisBest_derivate_00002867/manifest"$"https://nbn-resolving.org/urn:nbn:de:urmel-749cd84a-5d53-49cf-963b-d580f2c808d79"$"https://collections.thulb.uni-jena.de/api/iiif/image/v2/HisBest_derivate_00002867%2FHebr-theol_1_1.jpg/full/,200/0/default.jpg"$"Komplett"$"Original"$"Standard"$"Einzelseite"$""$""$"Schloßmuseum Sondershausen"$"http://d-nb.info/gnd/2085288-5"$"Sondershausen"$"http://d-nb.info/gnd/4055548-3"$"ThULB Jena"$"http://d-nb.info/gnd/5053491-9"$"Jena"$"http://d-nb.info/gnd/4028557-1"
"17"$"Lat. bibl. 1"$"https://collections.thulb.uni-jena.de/api/iiif/presentation/v2/HisBest_derivate_00002930/manifest"$"https://nbn-resolving.org/urn:nbn:de:urmel-7ec41e20-843a-47e3-9557-3f528148a24e6"$"https://collections.thulb.uni-jena.de/api/iiif/image/v2/HisBest_derivate_00002930%2FHs_Br_87_1.jpg/full/,200/0/default.jpg"$"Komplett"$"Original"$"Standard"$"Einzelseite"$""$""$"Schloßmuseum Sondershausen"$"http://d-nb.info/gnd/2085288-5"$"Sondershausen"$"http://d-nb.info/gnd/4055548-3"$"ThULB Jena"$"http://d-nb.info/gnd/5053491-9"$"Jena"$"http://d-nb.info/gnd/4028557-1"
"18"$"Lat. bibl. 2"$"https://collections.thulb.uni-jena.de/api/iiif/presentation/v2/HisBest_derivate_00002929/manifest"$"https://nbn-resolving.org/urn:nbn:de:urmel-1524d123-3e98-465a-a996-411f052b69717"$"https://collections.thulb.uni-jena.de/api/iiif/image/v2/HisBest_derivate_00002929%2FI_51_1.jpg/full/,200/0/default.jpg"$"Komplett"$"Original"$"Standard"$"Einzelseite"$""$""$"Schloßmuseum Sondershausen"$"http://d-nb.info/gnd/2085288-5"$"Sondershausen"$"http://d-nb.info/gnd/4055548-3"$"ThULB Jena"$"http://d-nb.info/gnd/5053491-9"$"Jena"$"http://d-nb.info/gnd/4028557-1"
"19"$"Lat. bibl. 4"$"https://collections.thulb.uni-jena.de/api/iiif/presentation/v2/HisBest_derivate_00002927/manifest"$"https://nbn-resolving.org/urn:nbn:de:urmel-cdb630c3-a81a-4550-8640-72a4c111f1ad9"$"https://collections.thulb.uni-jena.de/api/iiif/image/v2/HisBest_derivate_00002927%2FHs_Br_49_1.jpg/full/,200/0/default.jpg"$"Komplett"$"Original"$"Standard"$"Einzelseite"$""$""$"Schloßmuseum Sondershausen"$"http://d-nb.info/gnd/2085288-5"$"Sondershausen"$"http://d-nb.info/gnd/4055548-3"$"ThULB Jena"$"http://d-nb.info/gnd/5053491-9"$"Jena"$"http://d-nb.info/gnd/4028557-1"
"20"$"Lat. bibl. 5 a"$"https://collections.thulb.uni-jena.de/api/iiif/presentation/v2/HisBest_derivate_00002926/manifest"$"https://nbn-resolving.org/urn:nbn:de:urmel-5d67a317-ee98-441d-afdb-0ae368591a92"$"https://collections.thulb.uni-jena.de/api/iiif/image/v2/HisBest_derivate_00002926%2FHs_Br_13_1.jpg/full/,200/0/default.jpg"$"Komplett"$"Original"$"Standard"$"Einzelseite"$""$""$"Schloßmuseum Sondershausen"$"http://d-nb.info/gnd/2085288-5"$"Sondershausen"$"http://d-nb.info/gnd/4055548-3"$"ThULB Jena"$"http://d-nb.info/gnd/5053491-9"$"Jena"$"http://d-nb.info/gnd/4028557-1"
"21"$"Lat. bibl. 5 b"$"https://collections.thulb.uni-jena.de/api/iiif/presentation/v2/HisBest_derivate_00002928/manifest"$"https://nbn-resolving.org/urn:nbn:de:urmel-d3c8d4be-dd5a-4f92-b77a-a3ce3ff3550b7"$"https://collections.thulb.uni-jena.de/api/iiif/image/v2/HisBest_derivate_00002928%2FHs_Br_13_3.jpg/full/,200/0/default.jpg"$"Komplett"$"Original"$"Standard"$"Einzelseite"$""$""$"Schloßmuseum Sondershausen"$"http://d-nb.info/gnd/2085288-5"$"Sondershausen"$"http://d-nb.info/gnd/4055548-3"$"ThULB Jena"$"http://d-nb.info/gnd/5053491-9"$"Jena"$"http://d-nb.info/gnd/4028557-1"
"22"$"Lat. bibl. 6"$"https://collections.thulb.uni-jena.de/api/iiif/presentation/v2/HisBest_derivate_00002914/manifest"$"https://nbn-resolving.org/urn:nbn:de:urmel-72cfbbe5-0ec2-4629-b741-d790f7c512f39"$"https://collections.thulb.uni-jena.de/api/iiif/image/v2/HisBest_derivate_00002914%2FHs_Br_70_1.jpg/full/,200/0/default.jpg"$"Komplett"$"Original"$"Standard"$"Einzelseite"$""$""$"Schloßmuseum Sondershausen"$"http://d-nb.info/gnd/2085288-5"$"Sondershausen"$"http://d-nb.info/gnd/4055548-3"$"ThULB Jena"$"http://d-nb.info/gnd/5053491-9"$"Jena"$"http://d-nb.info/gnd/4028557-1"
"23"$"Lat. bibl. 7"$"https://collections.thulb.uni-jena.de/api/iiif/presentation/v2/HisBest_derivate_00002916/manifest"$"https://nbn-resolving.org/urn:nbn:de:urmel-6acb8f27-2344-4813-ad2c-a8edcee71c91"$"https://collections.thulb.uni-jena.de/api/iiif/image/v2/HisBest_derivate_00002916%2FI_4_1.jpg/full/,200/0/default.jpg"$"Komplett"$"Original"$"Standard"$"Einzelseite"$""$""$"Schloßmuseum Sondershausen"$"http://d-nb.info/gnd/2085288-5"$"Sondershausen"$"http://d-nb.info/gnd/4055548-3"$"ThULB Jena"$"http://d-nb.info/gnd/5053491-9"$"Jena"$"http://d-nb.info/gnd/4028557-1"
"24"$"Lat. bibl. 9"$"https://collections.thulb.uni-jena.de/api/iiif/presentation/v2/HisBest_derivate_00002917/manifest"$"https://nbn-resolving.org/urn:nbn:de:urmel-28c9c5b6-2261-4934-998c-00ea2391ef571"$"https://collections.thulb.uni-jena.de/api/iiif/image/v2/HisBest_derivate_00002917%2FHs_Br_68_1.jpg/full/,200/0/default.jpg"$"Komplett"$"Original"$"Standard"$"Einzelseite"$""$""$"Schloßmuseum Sondershausen"$"http://d-nb.info/gnd/2085288-5"$"Sondershausen"$"http://d-nb.info/gnd/4055548-3"$"ThULB Jena"$"http://d-nb.info/gnd/5053491-9"$"Jena"$"http://d-nb.info/gnd/4028557-1"
"25"$"Lat. bibl. 10 a"$"https://collections.thulb.uni-jena.de/api/iiif/presentation/v2/HisBest_derivate_00002918/manifest"$"https://nbn-resolving.org/urn:nbn:de:urmel-653131be-1204-4e0c-8d56-d4e4b0b870f88"$"https://collections.thulb.uni-jena.de/api/iiif/image/v2/HisBest_derivate_00002918%2FI_8_1.jpg/full/,200/0/default.jpg"$"Komplett"$"Original"$"Standard"$"Einzelseite"$""$""$"Schloßmuseum Sondershausen"$"http://d-nb.info/gnd/2085288-5"$"Sondershausen"$"http://d-nb.info/gnd/4055548-3"$"ThULB Jena"$"http://d-nb.info/gnd/5053491-9"$"Jena"$"http://d-nb.info/gnd/4028557-1"
"26"$"Lat. bibl. 10 b"$"https://collections.thulb.uni-jena.de/api/iiif/presentation/v2/HisBest_derivate_00002922/manifest"$"https://nbn-resolving.org/urn:nbn:de:urmel-53fd79e2-a4ce-465f-b8a0-3d56a9b7a0760"$"https://collections.thulb.uni-jena.de/api/iiif/image/v2/HisBest_derivate_00002922%2FI_50_1.jpg/full/,200/0/default.jpg"$"Komplett"$"Original"$"Standard"$"Einzelseite"$""$""$"Schloßmuseum Sondershausen"$"http://d-nb.info/gnd/2085288-5"$"Sondershausen"$"http://d-nb.info/gnd/4055548-3"$"ThULB Jena"$"http://d-nb.info/gnd/5053491-9"$"Jena"$"http://d-nb.info/gnd/4028557-1"
"27"$"Lat. bibl. 11"$"https://collections.thulb.uni-jena.de/api/iiif/presentation/v2/HisBest_derivate_00002923/manifest"$"https://nbn-resolving.org/urn:nbn:de:urmel-41c60bdc-5ae3-4b98-ac30-9f00d4fe17f46"$"https://collections.thulb.uni-jena.de/api/iiif/image/v2/HisBest_derivate_00002923%2FHs_Br_25_1.jpg/full/,200/0/default.jpg"$"Komplett"$"Original"$"Standard"$"Einzelseite"$""$""$"Schloßmuseum Sondershausen"$"http://d-nb.info/gnd/2085288-5"$"Sondershausen"$"http://d-nb.info/gnd/4055548-3"$"ThULB Jena"$"http://d-nb.info/gnd/5053491-9"$"Jena"$"http://d-nb.info/gnd/4028557-1"
"28"$"Lat. bibl. 12"$"https://collections.thulb.uni-jena.de/api/iiif/presentation/v2/HisBest_derivate_00002906/manifest"$"https://nbn-resolving.org/urn:nbn:de:urmel-0957b440-280c-4391-90f1-d5e74a8422ba3"$"https://collections.thulb.uni-jena.de/api/iiif/image/v2/HisBest_derivate_00002906%2FHs_Br_79_1.jpg/full/,200/0/default.jpg"$"Komplett"$"Original"$"Standard"$"Einzelseite"$""$""$"Schloßmuseum Sondershausen"$"http://d-nb.info/gnd/2085288-5"$"Sondershausen"$"http://d-nb.info/gnd/4055548-3"$"ThULB Jena"$"http://d-nb.info/gnd/5053491-9"$"Jena"$"http://d-nb.info/gnd/4028557-1"
"29"$"Lat. hag. 1 a"$"https://collections.thulb.uni-jena.de/api/iiif/presentation/v2/HisBest_derivate_00002682/manifest"$"https://collections.thulb.uni-jena.de/receive/HisBest_cbu_00014240"$"https://collections.thulb.uni-jena.de/api/iiif/image/v2/HisBest_derivate_00002682%2FHs_Br_65_1.jpg/full/,200/0/default.jpg"$"Komplett"$"Original"$"Standard"$"Einzelseite"$""$""$"Schloßmuseum Sondershausen"$"http://d-nb.info/gnd/2085288-5"$"Sondershausen"$"http://d-nb.info/gnd/4055548-3"$"ThULB Jena"$"http://d-nb.info/gnd/5053491-9"$"Jena"$"http://d-nb.info/gnd/4028557-1"
"30"$"Lat. hag. 1 b"$"https://collections.thulb.uni-jena.de/api/iiif/presentation/v2/HisBest_derivate_00002683/manifest"$"https://collections.thulb.uni-jena.de/receive/HisBest_cbu_00014241"$"https://collections.thulb.uni-jena.de/api/iiif/image/v2/HisBest_derivate_00002683%2F14a-1.jpg/full/,200/0/default.jpg"$"Komplett"$"Original"$"Standard"$"Einzelseite"$""$""$"Schloßmuseum Sondershausen"$"http://d-nb.info/gnd/2085288-5"$"Sondershausen"$"http://d-nb.info/gnd/4055548-3"$"ThULB Jena"$"http://d-nb.info/gnd/5053491-9"$"Jena"$"http://d-nb.info/gnd/4028557-1"
"31"$"Lat. hag. 1 c"$"https://collections.thulb.uni-jena.de/api/iiif/presentation/v2/HisBest_derivate_00002684/manifest"$"https://collections.thulb.uni-jena.de/receive/HisBest_cbu_00014242"$"https://collections.thulb.uni-jena.de/api/iiif/image/v2/HisBest_derivate_00002684%2F14a-1.jpg/full/,200/0/default.jpg"$"Komplett"$"Original"$"Standard"$"Einzelseite"$""$""$"Schloßmuseum Sondershausen"$"http://d-nb.info/gnd/2085288-5"$"Sondershausen"$"http://d-nb.info/gnd/4055548-3"$"ThULB Jena"$"http://d-nb.info/gnd/5053491-9"$"Jena"$"http://d-nb.info/gnd/4028557-1"
"32"$"Lat. hag. 2"$"https://collections.thulb.uni-jena.de/api/iiif/presentation/v2/HisBest_derivate_00002685/manifest"$"https://collections.thulb.uni-jena.de/receive/HisBest_cbu_00014243"$"https://collections.thulb.uni-jena.de/api/iiif/image/v2/HisBest_derivate_00002685%2FHs_Br_11_1.jpg/full/,200/0/default.jpg"$"Komplett"$"Original"$"Standard"$"Einzelseite"$""$""$"Schloßmuseum Sondershausen"$"http://d-nb.info/gnd/2085288-5"$"Sondershausen"$"http://d-nb.info/gnd/4055548-3"$"ThULB Jena"$"http://d-nb.info/gnd/5053491-9"$"Jena"$"http://d-nb.info/gnd/4028557-1"
"33"$"Lat. hag. 3"$"https://collections.thulb.uni-jena.de/api/iiif/presentation/v2/HisBest_derivate_00002686/manifest"$"https://collections.thulb.uni-jena.de/receive/HisBest_cbu_00014244"$"https://collections.thulb.uni-jena.de/api/iiif/image/v2/HisBest_derivate_00002686%2FHs_Br_63_1.jpg/full/,200/0/default.jpg"$"Komplett"$"Original"$"Standard"$"Einzelseite"$""$""$"Schloßmuseum Sondershausen"$"http://d-nb.info/gnd/2085288-5"$"Sondershausen"$"http://d-nb.info/gnd/4055548-3"$"ThULB Jena"$"http://d-nb.info/gnd/5053491-9"$"Jena"$"http://d-nb.info/gnd/4028557-1"
"34"$"Lat. hag. 4 a"$"https://collections.thulb.uni-jena.de/api/iiif/presentation/v2/HisBest_derivate_00002687/manifest"$"https://collections.thulb.uni-jena.de/receive/HisBest_cbu_00014245"$"https://collections.thulb.uni-jena.de/api/iiif/image/v2/HisBest_derivate_00002687%2F15a-1.jpg/full/,200/0/default.jpg"$"Komplett"$"Original"$"Standard"$"Einzelseite"$""$""$"Schloßmuseum Sondershausen"$"http://d-nb.info/gnd/2085288-5"$"Sondershausen"$"http://d-nb.info/gnd/4055548-3"$"ThULB Jena"$"http://d-nb.info/gnd/5053491-9"$"Jena"$"http://d-nb.info/gnd/4028557-1"
"35"$"Lat. hag. 4 b"$"https://collections.thulb.uni-jena.de/api/iiif/presentation/v2/HisBest_derivate_00002688/manifest"$"https://collections.thulb.uni-jena.de/receive/HisBest_cbu_00014246"$"https://collections.thulb.uni-jena.de/api/iiif/image/v2/HisBest_derivate_00002688%2FI_14_1.jpg/full/,200/0/default.jpg"$"Komplett"$"Original"$"Standard"$"Einzelseite"$""$""$"Schloßmuseum Sondershausen"$"http://d-nb.info/gnd/2085288-5"$"Sondershausen"$"http://d-nb.info/gnd/4055548-3"$"ThULB Jena"$"http://d-nb.info/gnd/5053491-9"$"Jena"$"http://d-nb.info/gnd/4028557-1"
"36"$"Lat. iur. 1"$"https://collections.thulb.uni-jena.de/api/iiif/presentation/v2/HisBest_derivate_00002887/manifest"$"https://nbn-resolving.org/urn:nbn:de:urmel-aba505cc-912e-4235-924d-10bbfc0eab613"$"https://collections.thulb.uni-jena.de/api/iiif/image/v2/HisBest_derivate_00002887%2FHs_Br_22_1.jpg/full/,200/0/default.jpg"$"Komplett"$"Original"$"Standard"$"Einzelseite"$""$""$"Schloßmuseum Sondershausen"$"http://d-nb.info/gnd/2085288-5"$"Sondershausen"$"http://d-nb.info/gnd/4055548-3"$"ThULB Jena"$"http://d-nb.info/gnd/5053491-9"$"Jena"$"http://d-nb.info/gnd/4028557-1"
"37"$"Lat. iur. 2"$"https://collections.thulb.uni-jena.de/api/iiif/presentation/v2/HisBest_derivate_00002888/manifest"$"https://nbn-resolving.org/urn:nbn:de:urmel-7f1404c3-6aea-4ba2-b258-aec2ecdc61905"$"https://collections.thulb.uni-jena.de/api/iiif/image/v2/HisBest_derivate_00002888%2FHs_Br_77_1.jpg/full/,200/0/default.jpg"$"Komplett"$"Original"$"Standard"$"Einzelseite"$""$""$"Schloßmuseum Sondershausen"$"http://d-nb.info/gnd/2085288-5"$"Sondershausen"$"http://d-nb.info/gnd/4055548-3"$"ThULB Jena"$"http://d-nb.info/gnd/5053491-9"$"Jena"$"http://d-nb.info/gnd/4028557-1"
"38"$"Lat. iur. 3"$"https://collections.thulb.uni-jena.de/api/iiif/presentation/v2/HisBest_derivate_00002889/manifest"$"https://nbn-resolving.org/urn:nbn:de:urmel-c1526bcd-7aac-433c-97f4-663e739be5d09"$"https://collections.thulb.uni-jena.de/api/iiif/image/v2/HisBest_derivate_00002889%2FHs_Br_32_1.jpg/full/,200/0/default.jpg"$"Komplett"$"Original"$"Standard"$"Einzelseite"$""$""$"Schloßmuseum Sondershausen"$"http://d-nb.info/gnd/2085288-5"$"Sondershausen"$"http://d-nb.info/gnd/4055548-3"$"ThULB Jena"$"http://d-nb.info/gnd/5053491-9"$"Jena"$"http://d-nb.info/gnd/4028557-1"
"39"$"Lat. iur. 4 a"$"https://collections.thulb.uni-jena.de/api/iiif/presentation/v2/HisBest_derivate_00002890/manifest"$"https://nbn-resolving.org/urn:nbn:de:urmel-1071c348-746f-41bd-9d7a-f2c16c31640b6"$"https://collections.thulb.uni-jena.de/api/iiif/image/v2/HisBest_derivate_00002890%2FHs_Br_24_4.jpg/full/,200/0/default.jpg"$"Komplett"$"Original"$"Standard"$"Einzelseite"$""$""$"Schloßmuseum Sondershausen"$"http://d-nb.info/gnd/2085288-5"$"Sondershausen"$"http://d-nb.info/gnd/4055548-3"$"ThULB Jena"$"http://d-nb.info/gnd/5053491-9"$"Jena"$"http://d-nb.info/gnd/4028557-1"
"40"$"Lat. iur. 4 b"$"https://collections.thulb.uni-jena.de/api/iiif/presentation/v2/HisBest_derivate_00002891/manifest"$"https://nbn-resolving.org/urn:nbn:de:urmel-fe817ac5-a6e9-42bd-a018-83fa73958a130"$"https://collections.thulb.uni-jena.de/api/iiif/image/v2/HisBest_derivate_00002891%2FHs_Br_24_1.jpg/full/,200/0/default.jpg"$"Komplett"$"Original"$"Standard"$"Einzelseite"$""$""$"Schloßmuseum Sondershausen"$"http://d-nb.info/gnd/2085288-5"$"Sondershausen"$"http://d-nb.info/gnd/4055548-3"$"ThULB Jena"$"http://d-nb.info/gnd/5053491-9"$"Jena"$"http://d-nb.info/gnd/4028557-1"
"41"$"Lat. iur. 6 a"$"https://collections.thulb.uni-jena.de/api/iiif/presentation/v2/HisBest_derivate_00002892/manifest"$"https://nbn-resolving.org/urn:nbn:de:urmel-3ed4d7ee-dd1b-4134-84f4-23ac849372f09"$"https://collections.thulb.uni-jena.de/api/iiif/image/v2/HisBest_derivate_00002892%2FHs_Br_53_1.jpg/full/,200/0/default.jpg"$"Komplett"$"Original"$"Standard"$"Einzelseite"$""$""$"Schloßmuseum Sondershausen"$"http://d-nb.info/gnd/2085288-5"$"Sondershausen"$"http://d-nb.info/gnd/4055548-3"$"ThULB Jena"$"http://d-nb.info/gnd/5053491-9"$"Jena"$"http://d-nb.info/gnd/4028557-1"
"42"$"Lat. iur. 6 b"$"https://collections.thulb.uni-jena.de/api/iiif/presentation/v2/HisBest_derivate_00002893/manifest"$"https://nbn-resolving.org/urn:nbn:de:urmel-dabbfa2f-2379-4eab-9b34-13636ec77fdb8"$"https://collections.thulb.uni-jena.de/api/iiif/image/v2/HisBest_derivate_00002893%2FHs_Br_53_3.jpg/full/,200/0/default.jpg"$"Komplett"$"Original"$"Standard"$"Einzelseite"$""$""$"Schloßmuseum Sondershausen"$"http://d-nb.info/gnd/2085288-5"$"Sondershausen"$"http://d-nb.info/gnd/4055548-3"$"ThULB Jena"$"http://d-nb.info/gnd/5053491-9"$"Jena"$"http://d-nb.info/gnd/4028557-1"
"43"$"Lat. iur. 7"$"https://collections.thulb.uni-jena.de/api/iiif/presentation/v2/HisBest_derivate_00002894/manifest"$"https://nbn-resolving.org/urn:nbn:de:urmel-fa52dcae-380e-474b-a73c-8f046de333ad5"$"https://collections.thulb.uni-jena.de/api/iiif/image/v2/HisBest_derivate_00002894%2FHs_Br_26_1.jpg/full/,200/0/default.jpg"$"Komplett"$"Original"$"Standard"$"Einzelseite"$""$""$"Schloßmuseum Sondershausen"$"http://d-nb.info/gnd/2085288-5"$"Sondershausen"$"http://d-nb.info/gnd/4055548-3"$"ThULB Jena"$"http://d-nb.info/gnd/5053491-9"$"Jena"$"http://d-nb.info/gnd/4028557-1"
"44"$"Lat. iur. 8"$"https://collections.thulb.uni-jena.de/api/iiif/presentation/v2/HisBest_derivate_00002895/manifest"$"https://nbn-resolving.org/urn:nbn:de:urmel-227b5ba8-c5f3-41ce-9bcc-18cb5ba898786"$"https://collections.thulb.uni-jena.de/api/iiif/image/v2/HisBest_derivate_00002895%2FI_45a_b_1.jpg/full/,200/0/default.jpg"$"Komplett"$"Original"$"Standard"$"Einzelseite"$""$""$"Schloßmuseum Sondershausen"$"http://d-nb.info/gnd/2085288-5"$"Sondershausen"$"http://d-nb.info/gnd/4055548-3"$"ThULB Jena"$"http://d-nb.info/gnd/5053491-9"$"Jena"$"http://d-nb.info/gnd/4028557-1"
"45"$"Lat. iur. 9 a"$"https://collections.thulb.uni-jena.de/api/iiif/presentation/v2/HisBest_derivate_00002896/manifest"$"https://nbn-resolving.org/urn:nbn:de:urmel-cd7bb632-defd-4d90-9f26-33e5c0a1e7433"$"https://collections.thulb.uni-jena.de/api/iiif/image/v2/HisBest_derivate_00002896%2FHs_Br_31_5.jpg/full/,200/0/default.jpg"$"Komplett"$"Original"$"Standard"$"Einzelseite"$""$""$"Schloßmuseum Sondershausen"$"http://d-nb.info/gnd/2085288-5"$"Sondershausen"$"http://d-nb.info/gnd/4055548-3"$"ThULB Jena"$"http://d-nb.info/gnd/5053491-9"$"Jena"$"http://d-nb.info/gnd/4028557-1"
"46"$"Lat. iur. 9 b"$"https://collections.thulb.uni-jena.de/api/iiif/presentation/v2/HisBest_derivate_00002897/manifest"$"https://collections.thulb.uni-jena.de/receive/HisBest_cbu_00014944"$"https://collections.thulb.uni-jena.de/api/iiif/image/v2/HisBest_derivate_00002897%2FHs_Br_31_1.jpg/full/,200/0/default.jpg"$"Komplett"$"Original"$"Standard"$"Einzelseite"$""$""$"Schloßmuseum Sondershausen"$"http://d-nb.info/gnd/2085288-5"$"Sondershausen"$"http://d-nb.info/gnd/4055548-3"$"ThULB Jena"$"http://d-nb.info/gnd/5053491-9"$"Jena"$"http://d-nb.info/gnd/4028557-1"
"47"$"Lat. iur. 10"$"https://collections.thulb.uni-jena.de/api/iiif/presentation/v2/HisBest_derivate_00002872/manifest"$"https://nbn-resolving.org/urn:nbn:de:urmel-a47a0eb1-5485-44c2-a407-fb8ccdf1d2017"$"https://collections.thulb.uni-jena.de/api/iiif/image/v2/HisBest_derivate_00002872%2FHs_Br_12_1.jpg/full/,200/0/default.jpg"$"Komplett"$"Original"$"Standard"$"Einzelseite"$""$""$"Schloßmuseum Sondershausen"$"http://d-nb.info/gnd/2085288-5"$"Sondershausen"$"http://d-nb.info/gnd/4055548-3"$"ThULB Jena"$"http://d-nb.info/gnd/5053491-9"$"Jena"$"http://d-nb.info/gnd/4028557-1"
"48"$"Lat. iur. 11"$"https://collections.thulb.uni-jena.de/api/iiif/presentation/v2/HisBest_derivate_00002873/manifest"$"https://nbn-resolving.org/urn:nbn:de:urmel-aaa38d00-5477-4230-8e7a-85ba8d11e8c54"$"https://collections.thulb.uni-jena.de/api/iiif/image/v2/HisBest_derivate_00002873%2FHs_Br_34_1.jpg/full/,200/0/default.jpg"$"Komplett"$"Original"$"Standard"$"Einzelseite"$""$""$"Schloßmuseum Sondershausen"$"http://d-nb.info/gnd/2085288-5"$"Sondershausen"$"http://d-nb.info/gnd/4055548-3"$"ThULB Jena"$"http://d-nb.info/gnd/5053491-9"$"Jena"$"http://d-nb.info/gnd/4028557-1"
"49"$"Lat. lit. 1 b"$"https://collections.thulb.uni-jena.de/api/iiif/presentation/v2/HisBest_derivate_00002915/manifest"$"https://nbn-resolving.org/urn:nbn:de:urmel-1a1ee93f-ca3b-4d0f-81a4-391a1d1f77b07"$"https://collections.thulb.uni-jena.de/api/iiif/image/v2/HisBest_derivate_00002915%2FHs_Br_9_8.jpg/full/,200/0/default.jpg"$"Komplett"$"Original"$"Standard"$"Einzelseite"$""$""$"Schloßmuseum Sondershausen"$"http://d-nb.info/gnd/2085288-5"$"Sondershausen"$"http://d-nb.info/gnd/4055548-3"$"ThULB Jena"$"http://d-nb.info/gnd/5053491-9"$"Jena"$"http://d-nb.info/gnd/4028557-1"
"50"$"Lat. lit. 1 c"$"https://collections.thulb.uni-jena.de/api/iiif/presentation/v2/HisBest_derivate_00002919/manifest"$"https://nbn-resolving.org/urn:nbn:de:urmel-70e56c64-3dc7-432b-aa11-7f0fe4f7fe222"$"https://collections.thulb.uni-jena.de/api/iiif/image/v2/HisBest_derivate_00002919%2FHs_Br_9_6.jpg/full/,200/0/default.jpg"$"Komplett"$"Original"$"Standard"$"Einzelseite"$""$""$"Schloßmuseum Sondershausen"$"http://d-nb.info/gnd/2085288-5"$"Sondershausen"$"http://d-nb.info/gnd/4055548-3"$"ThULB Jena"$"http://d-nb.info/gnd/5053491-9"$"Jena"$"http://d-nb.info/gnd/4028557-1"
"51"$"Lat. lit. 1 d / e"$"https://collections.thulb.uni-jena.de/api/iiif/presentation/v2/HisBest_derivate_00002920/manifest"$"https://nbn-resolving.org/urn:nbn:de:urmel-be2be6e6-ddc4-49a2-a71c-8071c4cbe8d90"$"https://collections.thulb.uni-jena.de/api/iiif/image/v2/HisBest_derivate_00002920%2FHs_Br_9_1.jpg/full/,200/0/default.jpg"$"Komplett"$"Original"$"Standard"$"Einzelseite"$""$""$"Schloßmuseum Sondershausen"$"http://d-nb.info/gnd/2085288-5"$"Sondershausen"$"http://d-nb.info/gnd/4055548-3"$"ThULB Jena"$"http://d-nb.info/gnd/5053491-9"$"Jena"$"http://d-nb.info/gnd/4028557-1"
"52"$"Lat. lit. 1 f"$"https://collections.thulb.uni-jena.de/api/iiif/presentation/v2/HisBest_derivate_00002921/manifest"$"https://nbn-resolving.org/urn:nbn:de:urmel-2f5b776d-0a06-4709-b49b-4b1c679bf9464"$"https://collections.thulb.uni-jena.de/api/iiif/image/v2/HisBest_derivate_00002921%2FHs_Br_9_10.jpg/full/,200/0/default.jpg"$"Komplett"$"Original"$"Standard"$"Einzelseite"$""$""$"Schloßmuseum Sondershausen"$"http://d-nb.info/gnd/2085288-5"$"Sondershausen"$"http://d-nb.info/gnd/4055548-3"$"ThULB Jena"$"http://d-nb.info/gnd/5053491-9"$"Jena"$"http://d-nb.info/gnd/4028557-1"
"53"$"Lat. lit. 2 a"$"https://collections.thulb.uni-jena.de/api/iiif/presentation/v2/HisBest_derivate_00002924/manifest"$"https://nbn-resolving.org/urn:nbn:de:urmel-87ba7489-eb6a-4cf8-a6c2-09e1bb79e0ad0"$"https://collections.thulb.uni-jena.de/api/iiif/image/v2/HisBest_derivate_00002924%2FHs_Br_19_1.jpg/full/,200/0/default.jpg"$"Komplett"$"Original"$"Standard"$"Einzelseite"$""$""$"Schloßmuseum Sondershausen"$"http://d-nb.info/gnd/2085288-5"$"Sondershausen"$"http://d-nb.info/gnd/4055548-3"$"ThULB Jena"$"http://d-nb.info/gnd/5053491-9"$"Jena"$"http://d-nb.info/gnd/4028557-1"
"54"$"Lat. lit. 2 b"$"https://collections.thulb.uni-jena.de/api/iiif/presentation/v2/HisBest_derivate_00002925/manifest"$"https://nbn-resolving.org/urn:nbn:de:urmel-82b841a0-98d1-4f05-bf09-61539b61cae04"$"https://collections.thulb.uni-jena.de/api/iiif/image/v2/HisBest_derivate_00002925%2FHs_Br_19_3.jpg/full/,200/0/default.jpg"$"Komplett"$"Original"$"Standard"$"Einzelseite"$""$""$"Schloßmuseum Sondershausen"$"http://d-nb.info/gnd/2085288-5"$"Sondershausen"$"http://d-nb.info/gnd/4055548-3"$"ThULB Jena"$"http://d-nb.info/gnd/5053491-9"$"Jena"$"http://d-nb.info/gnd/4028557-1"
"55"$"Lat. lit. 3 a"$"https://collections.thulb.uni-jena.de/api/iiif/presentation/v2/HisBest_derivate_00002909/manifest"$"https://nbn-resolving.org/urn:nbn:de:urmel-6e13a8ba-989c-4d87-bdb1-d43b1190ce570"$"https://collections.thulb.uni-jena.de/api/iiif/image/v2/HisBest_derivate_00002909%2FI_60_1.jpg/full/,200/0/default.jpg"$"Komplett"$"Original"$"Standard"$"Einzelseite"$""$""$"Schloßmuseum Sondershausen"$"http://d-nb.info/gnd/2085288-5"$"Sondershausen"$"http://d-nb.info/gnd/4055548-3"$"ThULB Jena"$"http://d-nb.info/gnd/5053491-9"$"Jena"$"http://d-nb.info/gnd/4028557-1"
"56"$"Lat. lit. 3 b"$"https://collections.thulb.uni-jena.de/api/iiif/presentation/v2/HisBest_derivate_00002689/manifest"$"https://collections.thulb.uni-jena.de/receive/HisBest_cbu_00014247"$"https://collections.thulb.uni-jena.de/api/iiif/image/v2/HisBest_derivate_00002689%2FHs_Br_43_1.jpg/full/,200/0/default.jpg"$"Komplett"$"Original"$"Standard"$"Einzelseite"$""$""$"Schloßmuseum Sondershausen"$"http://d-nb.info/gnd/2085288-5"$"Sondershausen"$"http://d-nb.info/gnd/4055548-3"$"ThULB Jena"$"http://d-nb.info/gnd/5053491-9"$"Jena"$"http://d-nb.info/gnd/4028557-1"
"57"$"Lat. liturg. II 1"$"https://collections.thulb.uni-jena.de/api/iiif/presentation/v2/HisBest_derivate_00002671/manifest"$"https://collections.thulb.uni-jena.de/receive/HisBest_cbu_00014228"$"https://collections.thulb.uni-jena.de/api/iiif/image/v2/HisBest_derivate_00002671%2FII_32_1.jpg/full/,200/0/default.jpg"$"Komplett"$"Original"$"Standard"$"Einzelseite"$""$""$"Schloßmuseum Sondershausen"$"http://d-nb.info/gnd/2085288-5"$"Sondershausen"$"http://d-nb.info/gnd/4055548-3"$"ThULB Jena"$"http://d-nb.info/gnd/5053491-9"$"Jena"$"http://d-nb.info/gnd/4028557-1"
"58"$"Lat. liturg. II 2"$"https://collections.thulb.uni-jena.de/api/iiif/presentation/v2/HisBest_derivate_00002691/manifest"$"https://collections.thulb.uni-jena.de/receive/HisBest_cbu_00014249"$"https://collections.thulb.uni-jena.de/api/iiif/image/v2/HisBest_derivate_00002691%2FII-21_1.jpg/full/,200/0/default.jpg"$"Komplett"$"Original"$"Standard"$"Einzelseite"$""$""$"Schloßmuseum Sondershausen"$"http://d-nb.info/gnd/2085288-5"$"Sondershausen"$"http://d-nb.info/gnd/4055548-3"$"ThULB Jena"$"http://d-nb.info/gnd/5053491-9"$"Jena"$"http://d-nb.info/gnd/4028557-1"
"59"$"Lat. liturg. II 3"$"https://collections.thulb.uni-jena.de/api/iiif/presentation/v2/HisBest_derivate_00002676/manifest"$"https://collections.thulb.uni-jena.de/receive/HisBest_cbu_00014234"$"https://collections.thulb.uni-jena.de/api/iiif/image/v2/HisBest_derivate_00002676%2FII-10_1.jpg/full/,200/0/default.jpg"$"Komplett"$"Original"$"Standard"$"Einzelseite"$""$""$"Schloßmuseum Sondershausen"$"http://d-nb.info/gnd/2085288-5"$"Sondershausen"$"http://d-nb.info/gnd/4055548-3"$"ThULB Jena"$"http://d-nb.info/gnd/5053491-9"$"Jena"$"http://d-nb.info/gnd/4028557-1"
"60"$"Lat. liturg. II 4"$"https://collections.thulb.uni-jena.de/api/iiif/presentation/v2/HisBest_derivate_00002677/manifest"$"https://collections.thulb.uni-jena.de/receive/HisBest_cbu_00014235"$"https://collections.thulb.uni-jena.de/api/iiif/image/v2/HisBest_derivate_00002677%2FI_32_1.jpg/full/,200/0/default.jpg"$"Komplett"$"Original"$"Standard"$"Einzelseite"$""$""$"Schloßmuseum Sondershausen"$"http://d-nb.info/gnd/2085288-5"$"Sondershausen"$"http://d-nb.info/gnd/4055548-3"$"ThULB Jena"$"http://d-nb.info/gnd/5053491-9"$"Jena"$"http://d-nb.info/gnd/4028557-1"
"61"$"Lat. liturg. II 5"$"https://collections.thulb.uni-jena.de/api/iiif/presentation/v2/HisBest_derivate_00002678/manifest"$"https://collections.thulb.uni-jena.de/receive/HisBest_cbu_00014236"$"https://collections.thulb.uni-jena.de/api/iiif/image/v2/HisBest_derivate_00002678%2FI_33_1.jpg/full/,200/0/default.jpg"$"Komplett"$"Original"$"Standard"$"Einzelseite"$""$""$"Schloßmuseum Sondershausen"$"http://d-nb.info/gnd/2085288-5"$"Sondershausen"$"http://d-nb.info/gnd/4055548-3"$"ThULB Jena"$"http://d-nb.info/gnd/5053491-9"$"Jena"$"http://d-nb.info/gnd/4028557-1"
"62"$"Lat. liturg. II 6"$"https://collections.thulb.uni-jena.de/api/iiif/presentation/v2/HisBest_derivate_00002679/manifest"$"https://collections.thulb.uni-jena.de/receive/HisBest_cbu_00014237"$"https://collections.thulb.uni-jena.de/api/iiif/image/v2/HisBest_derivate_00002679%2FII_28_1.jpg/full/,200/0/default.jpg"$"Komplett"$"Original"$"Standard"$"Einzelseite"$""$""$"Schloßmuseum Sondershausen"$"http://d-nb.info/gnd/2085288-5"$"Sondershausen"$"http://d-nb.info/gnd/4055548-3"$"ThULB Jena"$"http://d-nb.info/gnd/5053491-9"$"Jena"$"http://d-nb.info/gnd/4028557-1"
"63"$"Lat. liturg. II 7"$"https://collections.thulb.uni-jena.de/api/iiif/presentation/v2/HisBest_derivate_00002680/manifest"$"https://collections.thulb.uni-jena.de/receive/HisBest_cbu_00014238"$"https://collections.thulb.uni-jena.de/api/iiif/image/v2/HisBest_derivate_00002680%2FII-31_1.jpg/full/,200/0/default.jpg"$"Komplett"$"Original"$"Standard"$"Einzelseite"$""$""$"Schloßmuseum Sondershausen"$"http://d-nb.info/gnd/2085288-5"$"Sondershausen"$"http://d-nb.info/gnd/4055548-3"$"ThULB Jena"$"http://d-nb.info/gnd/5053491-9"$"Jena"$"http://d-nb.info/gnd/4028557-1"
"64"$"Lat. liturg. II 8"$"https://collections.thulb.uni-jena.de/api/iiif/presentation/v2/HisBest_derivate_00002681/manifest"$"https://collections.thulb.uni-jena.de/receive/HisBest_cbu_00014239"$"https://collections.thulb.uni-jena.de/api/iiif/image/v2/HisBest_derivate_00002681%2FII_18_1.jpg/full/,200/0/default.jpg"$"Komplett"$"Original"$"Standard"$"Einzelseite"$""$""$"Schloßmuseum Sondershausen"$"http://d-nb.info/gnd/2085288-5"$"Sondershausen"$"http://d-nb.info/gnd/4055548-3"$"ThULB Jena"$"http://d-nb.info/gnd/5053491-9"$"Jena"$"http://d-nb.info/gnd/4028557-1"
"65"$"Lat. liturg. III 1"$"https://collections.thulb.uni-jena.de/api/iiif/presentation/v2/HisBest_derivate_00002601/manifest"$"https://collections.thulb.uni-jena.de/receive/HisBest_cbu_00013654"$"https://collections.thulb.uni-jena.de/api/iiif/image/v2/HisBest_derivate_00002601%2FI_53_1.jpg/full/,200/0/default.jpg"$"Komplett"$"Original"$"Standard"$"Einzelseite"$""$""$"Schloßmuseum Sondershausen"$"http://d-nb.info/gnd/2085288-5"$"Sondershausen"$"http://d-nb.info/gnd/4055548-3"$"ThULB Jena"$"http://d-nb.info/gnd/5053491-9"$"Jena"$"http://d-nb.info/gnd/4028557-1"
"66"$"Lat. liturg. III 2"$"https://collections.thulb.uni-jena.de/api/iiif/presentation/v2/HisBest_derivate_00002602/manifest"$"https://collections.thulb.uni-jena.de/receive/HisBest_cbu_00013655"$"https://collections.thulb.uni-jena.de/api/iiif/image/v2/HisBest_derivate_00002602%2FI_20_1.jpg/full/,200/0/default.jpg"$"Komplett"$"Original"$"Standard"$"Einzelseite"$""$""$"Schloßmuseum Sondershausen"$"http://d-nb.info/gnd/2085288-5"$"Sondershausen"$"http://d-nb.info/gnd/4055548-3"$"ThULB Jena"$"http://d-nb.info/gnd/5053491-9"$"Jena"$"http://d-nb.info/gnd/4028557-1"
"67"$"Lat. liturg. III 3"$"https://collections.thulb.uni-jena.de/api/iiif/presentation/v2/HisBest_derivate_00002603/manifest"$"https://collections.thulb.uni-jena.de/receive/HisBest_cbu_00013656"$"https://collections.thulb.uni-jena.de/api/iiif/image/v2/HisBest_derivate_00002603%2FIII_27_1.jpg/full/,200/0/default.jpg"$"Komplett"$"Original"$"Standard"$"Einzelseite"$""$""$"Schloßmuseum Sondershausen"$"http://d-nb.info/gnd/2085288-5"$"Sondershausen"$"http://d-nb.info/gnd/4055548-3"$"ThULB Jena"$"http://d-nb.info/gnd/5053491-9"$"Jena"$"http://d-nb.info/gnd/4028557-1"
"68"$"Lat. liturg. III 5"$"https://collections.thulb.uni-jena.de/api/iiif/presentation/v2/HisBest_derivate_00002512/manifest"$"https://collections.thulb.uni-jena.de/receive/HisBest_cbu_00013617"$"https://collections.thulb.uni-jena.de/api/iiif/image/v2/HisBest_derivate_00002512%2FI_37_1.jpg/full/,200/0/default.jpg"$"Komplett"$"Original"$"Standard"$"Einzelseite"$""$""$"Schloßmuseum Sondershausen"$"http://d-nb.info/gnd/2085288-5"$"Sondershausen"$"http://d-nb.info/gnd/4055548-3"$"ThULB Jena"$"http://d-nb.info/gnd/5053491-9"$"Jena"$"http://d-nb.info/gnd/4028557-1"
"69"$"Lat. liturg. IV 1 b"$"https://collections.thulb.uni-jena.de/api/iiif/presentation/v2/HisBest_derivate_00002585/manifest"$"https://collections.thulb.uni-jena.de/receive/HisBest_cbu_00013638"$"https://collections.thulb.uni-jena.de/api/iiif/image/v2/HisBest_derivate_00002585%2FIII_4b_1.jpg/full/,200/0/default.jpg"$"Komplett"$"Original"$"Standard"$"Einzelseite"$""$""$"Schloßmuseum Sondershausen"$"http://d-nb.info/gnd/2085288-5"$"Sondershausen"$"http://d-nb.info/gnd/4055548-3"$"ThULB Jena"$"http://d-nb.info/gnd/5053491-9"$"Jena"$"http://d-nb.info/gnd/4028557-1"
"70"$"Lat. liturg. IV 2"$"https://collections.thulb.uni-jena.de/api/iiif/presentation/v2/HisBest_derivate_00002586/manifest"$"https://collections.thulb.uni-jena.de/receive/HisBest_cbu_00013639"$"https://collections.thulb.uni-jena.de/api/iiif/image/v2/HisBest_derivate_00002586%2FI_24_1.jpg/full/,200/0/default.jpg"$"Komplett"$"Original"$"Standard"$"Einzelseite"$""$""$"Schloßmuseum Sondershausen"$"http://d-nb.info/gnd/2085288-5"$"Sondershausen"$"http://d-nb.info/gnd/4055548-3"$"ThULB Jena"$"http://d-nb.info/gnd/5053491-9"$"Jena"$"http://d-nb.info/gnd/4028557-1"
"71"$"Lat. liturg. V 1 a"$"https://collections.thulb.uni-jena.de/api/iiif/presentation/v2/HisBest_derivate_00002692/manifest"$"https://collections.thulb.uni-jena.de/receive/HisBest_cbu_00014251"$"https://collections.thulb.uni-jena.de/api/iiif/image/v2/HisBest_derivate_00002692%2FI_38_1.jpg/full/,200/0/default.jpg"$"Komplett"$"Original"$"Standard"$"Einzelseite"$""$""$"Schloßmuseum Sondershausen"$"http://d-nb.info/gnd/2085288-5"$"Sondershausen"$"http://d-nb.info/gnd/4055548-3"$"ThULB Jena"$"http://d-nb.info/gnd/5053491-9"$"Jena"$"http://d-nb.info/gnd/4028557-1"
"72"$"Lat. liturg. V 1 b"$"https://collections.thulb.uni-jena.de/api/iiif/presentation/v2/HisBest_derivate_00002693/manifest"$"https://collections.thulb.uni-jena.de/receive/HisBest_cbu_00014252"$"https://collections.thulb.uni-jena.de/api/iiif/image/v2/HisBest_derivate_00002693%2FFrag_Sond_lithurg_III-8_1.jpg/full/,200/0/default.jpg"$"Komplett"$"Original"$"Standard"$"Einzelseite"$""$""$"Schloßmuseum Sondershausen"$"http://d-nb.info/gnd/2085288-5"$"Sondershausen"$"http://d-nb.info/gnd/4055548-3"$"ThULB Jena"$"http://d-nb.info/gnd/5053491-9"$"Jena"$"http://d-nb.info/gnd/4028557-1"
"73"$"Lat. liturg. V 1 c"$"https://collections.thulb.uni-jena.de/api/iiif/presentation/v2/HisBest_derivate_00002694/manifest"$"https://collections.thulb.uni-jena.de/receive/HisBest_cbu_00014253"$"https://collections.thulb.uni-jena.de/api/iiif/image/v2/HisBest_derivate_00002694%2FII-53_1.jpg/full/,200/0/default.jpg"$"Komplett"$"Original"$"Standard"$"Einzelseite"$""$""$"Schloßmuseum Sondershausen"$"http://d-nb.info/gnd/2085288-5"$"Sondershausen"$"http://d-nb.info/gnd/4055548-3"$"ThULB Jena"$"http://d-nb.info/gnd/5053491-9"$"Jena"$"http://d-nb.info/gnd/4028557-1"
"74"$"Lat. liturg. V 2"$"https://collections.thulb.uni-jena.de/api/iiif/presentation/v2/HisBest_derivate_00002695/manifest"$"https://collections.thulb.uni-jena.de/receive/HisBest_cbu_00014254"$"https://collections.thulb.uni-jena.de/api/iiif/image/v2/HisBest_derivate_00002695%2FFrag_Sond_lithurg_III-2_1.jpg/full/,200/0/default.jpg"$"Komplett"$"Original"$"Standard"$"Einzelseite"$""$""$"Schloßmuseum Sondershausen"$"http://d-nb.info/gnd/2085288-5"$"Sondershausen"$"http://d-nb.info/gnd/4055548-3"$"ThULB Jena"$"http://d-nb.info/gnd/5053491-9"$"Jena"$"http://d-nb.info/gnd/4028557-1"
"75"$"Lat. liturg. V 3"$"https://collections.thulb.uni-jena.de/api/iiif/presentation/v2/HisBest_derivate_00002696/manifest"$"https://collections.thulb.uni-jena.de/receive/HisBest_cbu_00014255"$"https://collections.thulb.uni-jena.de/api/iiif/image/v2/HisBest_derivate_00002696%2FI_9_1.jpg/full/,200/0/default.jpg"$"Komplett"$"Original"$"Standard"$"Einzelseite"$""$""$"Schloßmuseum Sondershausen"$"http://d-nb.info/gnd/2085288-5"$"Sondershausen"$"http://d-nb.info/gnd/4055548-3"$"ThULB Jena"$"http://d-nb.info/gnd/5053491-9"$"Jena"$"http://d-nb.info/gnd/4028557-1"
"76"$"Lat. liturg. V 4"$"https://collections.thulb.uni-jena.de/api/iiif/presentation/v2/HisBest_derivate_00002697/manifest"$"https://collections.thulb.uni-jena.de/receive/HisBest_cbu_00014256"$"https://collections.thulb.uni-jena.de/api/iiif/image/v2/HisBest_derivate_00002697%2FIII_23_1.jpg/full/,200/0/default.jpg"$"Komplett"$"Original"$"Standard"$"Einzelseite"$""$""$"Schloßmuseum Sondershausen"$"http://d-nb.info/gnd/2085288-5"$"Sondershausen"$"http://d-nb.info/gnd/4055548-3"$"ThULB Jena"$"http://d-nb.info/gnd/5053491-9"$"Jena"$"http://d-nb.info/gnd/4028557-1"
"77"$"Lat. liturg. V 5"$"https://collections.thulb.uni-jena.de/api/iiif/presentation/v2/HisBest_derivate_00002698/manifest"$"https://collections.thulb.uni-jena.de/receive/HisBest_cbu_00014257"$"https://collections.thulb.uni-jena.de/api/iiif/image/v2/HisBest_derivate_00002698%2FFrag_Sond_liturg_III-10_1.jpg/full/,200/0/default.jpg"$"Komplett"$"Original"$"Standard"$"Einzelseite"$""$""$"Schloßmuseum Sondershausen"$"http://d-nb.info/gnd/2085288-5"$"Sondershausen"$"http://d-nb.info/gnd/4055548-3"$"ThULB Jena"$"http://d-nb.info/gnd/5053491-9"$"Jena"$"http://d-nb.info/gnd/4028557-1"
"78"$"Lat. liturg. V 6"$"https://collections.thulb.uni-jena.de/api/iiif/presentation/v2/HisBest_derivate_00002690/manifest"$"https://collections.thulb.uni-jena.de/receive/HisBest_cbu_00014248"$"https://collections.thulb.uni-jena.de/api/iiif/image/v2/HisBest_derivate_00002690%2FI_6_1.jpg/full/,200/0/default.jpg"$"Komplett"$"Original"$"Standard"$"Einzelseite"$""$""$"Schloßmuseum Sondershausen"$"http://d-nb.info/gnd/2085288-5"$"Sondershausen"$"http://d-nb.info/gnd/4055548-3"$"ThULB Jena"$"http://d-nb.info/gnd/5053491-9"$"Jena"$"http://d-nb.info/gnd/4028557-1"
"79"$"Lat. liturg. V 7"$"https://collections.thulb.uni-jena.de/api/iiif/presentation/v2/HisBest_derivate_00002628/manifest"$"https://collections.thulb.uni-jena.de/receive/HisBest_cbu_00013937"$"https://collections.thulb.uni-jena.de/api/iiif/image/v2/HisBest_derivate_00002628%2FI_35_1.jpg/full/,200/0/default.jpg"$"Komplett"$"Original"$"Standard"$"Einzelseite"$""$""$"Schloßmuseum Sondershausen"$"http://d-nb.info/gnd/2085288-5"$"Sondershausen"$"http://d-nb.info/gnd/4055548-3"$"ThULB Jena"$"http://d-nb.info/gnd/5053491-9"$"Jena"$"http://d-nb.info/gnd/4028557-1"
"80"$"Lat. liturg. V 8 a"$"https://collections.thulb.uni-jena.de/api/iiif/presentation/v2/HisBest_derivate_00002629/manifest"$"https://collections.thulb.uni-jena.de/receive/HisBest_cbu_00013938"$"https://collections.thulb.uni-jena.de/api/iiif/image/v2/HisBest_derivate_00002629%2FHs_Br_88_1.jpg/full/,200/0/default.jpg"$"Komplett"$"Original"$"Standard"$"Einzelseite"$""$""$"Schloßmuseum Sondershausen"$"http://d-nb.info/gnd/2085288-5"$"Sondershausen"$"http://d-nb.info/gnd/4055548-3"$"ThULB Jena"$"http://d-nb.info/gnd/5053491-9"$"Jena"$"http://d-nb.info/gnd/4028557-1"
"81"$"Lat. liturg. V 8 b"$"https://collections.thulb.uni-jena.de/api/iiif/presentation/v2/HisBest_derivate_00002630/manifest"$"https://collections.thulb.uni-jena.de/receive/HisBest_cbu_00013939"$"https://collections.thulb.uni-jena.de/api/iiif/image/v2/HisBest_derivate_00002630%2FI_55_1.jpg/full/,200/0/default.jpg"$"Komplett"$"Original"$"Standard"$"Einzelseite"$""$""$"Schloßmuseum Sondershausen"$"http://d-nb.info/gnd/2085288-5"$"Sondershausen"$"http://d-nb.info/gnd/4055548-3"$"ThULB Jena"$"http://d-nb.info/gnd/5053491-9"$"Jena"$"http://d-nb.info/gnd/4028557-1"
"82"$"Lat. liturg. V 9"$"https://collections.thulb.uni-jena.de/api/iiif/presentation/v2/HisBest_derivate_00002631/manifest"$"https://collections.thulb.uni-jena.de/receive/HisBest_cbu_00013940"$"https://collections.thulb.uni-jena.de/api/iiif/image/v2/HisBest_derivate_00002631%2FI_49_1.jpg/full/,200/0/default.jpg"$"Komplett"$"Original"$"Standard"$"Einzelseite"$""$""$"Schloßmuseum Sondershausen"$"http://d-nb.info/gnd/2085288-5"$"Sondershausen"$"http://d-nb.info/gnd/4055548-3"$"ThULB Jena"$"http://d-nb.info/gnd/5053491-9"$"Jena"$"http://d-nb.info/gnd/4028557-1"
"83"$"Lat. liturg. V 10 a"$"https://collections.thulb.uni-jena.de/api/iiif/presentation/v2/HisBest_derivate_00002662/manifest"$"https://collections.thulb.uni-jena.de/receive/HisBest_cbu_00014219"$"https://collections.thulb.uni-jena.de/api/iiif/image/v2/HisBest_derivate_00002662%2FII_38_1.jpg/full/,200/0/default.jpg"$"Komplett"$"Original"$"Standard"$"Einzelseite"$""$""$"Schloßmuseum Sondershausen"$"http://d-nb.info/gnd/2085288-5"$"Sondershausen"$"http://d-nb.info/gnd/4055548-3"$"ThULB Jena"$"http://d-nb.info/gnd/5053491-9"$"Jena"$"http://d-nb.info/gnd/4028557-1"
"84"$"Lat. liturg. V 10 b"$"https://collections.thulb.uni-jena.de/api/iiif/presentation/v2/HisBest_derivate_00002663/manifest"$"https://collections.thulb.uni-jena.de/receive/HisBest_cbu_00014220"$"https://collections.thulb.uni-jena.de/api/iiif/image/v2/HisBest_derivate_00002663%2FII_38_1.jpg/full/,200/0/default.jpg"$"Komplett"$"Original"$"Standard"$"Einzelseite"$""$""$"Schloßmuseum Sondershausen"$"http://d-nb.info/gnd/2085288-5"$"Sondershausen"$"http://d-nb.info/gnd/4055548-3"$"ThULB Jena"$"http://d-nb.info/gnd/5053491-9"$"Jena"$"http://d-nb.info/gnd/4028557-1"
"85"$"Lat. liturg. V 11 a"$"https://collections.thulb.uni-jena.de/api/iiif/presentation/v2/HisBest_derivate_00002664/manifest"$"https://collections.thulb.uni-jena.de/receive/HisBest_cbu_00014221"$"https://collections.thulb.uni-jena.de/api/iiif/image/v2/HisBest_derivate_00002664%2FII_46_2.jpg/full/,200/0/default.jpg"$"Komplett"$"Original"$"Standard"$"Einzelseite"$""$""$"Schloßmuseum Sondershausen"$"http://d-nb.info/gnd/2085288-5"$"Sondershausen"$"http://d-nb.info/gnd/4055548-3"$"ThULB Jena"$"http://d-nb.info/gnd/5053491-9"$"Jena"$"http://d-nb.info/gnd/4028557-1"
"86"$"Lat. liturg. V 11 b"$"https://collections.thulb.uni-jena.de/api/iiif/presentation/v2/HisBest_derivate_00002665/manifest"$"https://collections.thulb.uni-jena.de/receive/HisBest_cbu_00014222"$"https://collections.thulb.uni-jena.de/api/iiif/image/v2/HisBest_derivate_00002665%2FII_45_2.jpg/full/,200/0/default.jpg"$"Komplett"$"Original"$"Standard"$"Einzelseite"$""$""$"Schloßmuseum Sondershausen"$"http://d-nb.info/gnd/2085288-5"$"Sondershausen"$"http://d-nb.info/gnd/4055548-3"$"ThULB Jena"$"http://d-nb.info/gnd/5053491-9"$"Jena"$"http://d-nb.info/gnd/4028557-1"
"87"$"Lat. liturg. V 11 c"$"https://collections.thulb.uni-jena.de/api/iiif/presentation/v2/HisBest_derivate_00002666/manifest"$"https://collections.thulb.uni-jena.de/receive/HisBest_cbu_00014223"$"https://collections.thulb.uni-jena.de/api/iiif/image/v2/HisBest_derivate_00002666%2FI_16_1.jpg/full/,200/0/default.jpg"$"Komplett"$"Original"$"Standard"$"Einzelseite"$""$""$"Schloßmuseum Sondershausen"$"http://d-nb.info/gnd/2085288-5"$"Sondershausen"$"http://d-nb.info/gnd/4055548-3"$"ThULB Jena"$"http://d-nb.info/gnd/5053491-9"$"Jena"$"http://d-nb.info/gnd/4028557-1"
"88"$"Lat. liturg. V 12"$"https://collections.thulb.uni-jena.de/api/iiif/presentation/v2/HisBest_derivate_00002667/manifest"$"https://collections.thulb.uni-jena.de/receive/HisBest_cbu_00014224"$"https://collections.thulb.uni-jena.de/api/iiif/image/v2/HisBest_derivate_00002667%2FII_48_1.jpg/full/,200/0/default.jpg"$"Komplett"$"Original"$"Standard"$"Einzelseite"$""$""$"Schloßmuseum Sondershausen"$"http://d-nb.info/gnd/2085288-5"$"Sondershausen"$"http://d-nb.info/gnd/4055548-3"$"ThULB Jena"$"http://d-nb.info/gnd/5053491-9"$"Jena"$"http://d-nb.info/gnd/4028557-1"
"89"$"Lat. liturg. V 13"$"https://collections.thulb.uni-jena.de/api/iiif/presentation/v2/HisBest_derivate_00002668/manifest"$"https://collections.thulb.uni-jena.de/receive/HisBest_cbu_00014225"$"https://collections.thulb.uni-jena.de/api/iiif/image/v2/HisBest_derivate_00002668%2FHs_Br_47_1.jpg/full/,200/0/default.jpg"$"Komplett"$"Original"$"Standard"$"Einzelseite"$""$""$"Schloßmuseum Sondershausen"$"http://d-nb.info/gnd/2085288-5"$"Sondershausen"$"http://d-nb.info/gnd/4055548-3"$"ThULB Jena"$"http://d-nb.info/gnd/5053491-9"$"Jena"$"http://d-nb.info/gnd/4028557-1"
"90"$"Lat. liturg. V 14"$"https://collections.thulb.uni-jena.de/api/iiif/presentation/v2/HisBest_derivate_00002669/manifest"$"https://collections.thulb.uni-jena.de/receive/HisBest_cbu_00014226"$"https://collections.thulb.uni-jena.de/api/iiif/image/v2/HisBest_derivate_00002669%2FHs_Br_78_3.jpg/full/,200/0/default.jpg"$"Komplett"$"Original"$"Standard"$"Einzelseite"$""$""$"Schloßmuseum Sondershausen"$"http://d-nb.info/gnd/2085288-5"$"Sondershausen"$"http://d-nb.info/gnd/4055548-3"$"ThULB Jena"$"http://d-nb.info/gnd/5053491-9"$"Jena"$"http://d-nb.info/gnd/4028557-1"
"91"$"Lat. liturg. V 15"$"https://collections.thulb.uni-jena.de/api/iiif/presentation/v2/HisBest_derivate_00002670/manifest"$"https://collections.thulb.uni-jena.de/receive/HisBest_cbu_00014227"$"https://collections.thulb.uni-jena.de/api/iiif/image/v2/HisBest_derivate_00002670%2FI_3_1.jpg/full/,123/0/default.jpg"$"Komplett"$"Original"$"Standard"$"Einzelseite"$""$""$"Schloßmuseum Sondershausen"$"http://d-nb.info/gnd/2085288-5"$"Sondershausen"$"http://d-nb.info/gnd/4055548-3"$"ThULB Jena"$"http://d-nb.info/gnd/5053491-9"$"Jena"$"http://d-nb.info/gnd/4028557-1"
"92"$"Lat. liturg. V 16"$"https://collections.thulb.uni-jena.de/api/iiif/presentation/v2/HisBest_derivate_00002513/manifest"$"https://collections.thulb.uni-jena.de/receive/HisBest_cbu_00013618"$"https://collections.thulb.uni-jena.de/api/iiif/image/v2/HisBest_derivate_00002513%2FI_13_1.jpg/full/,126/0/default.jpg"$"Komplett"$"Original"$"Standard"$"Einzelseite"$""$""$"Schloßmuseum Sondershausen"$"http://d-nb.info/gnd/2085288-5"$"Sondershausen"$"http://d-nb.info/gnd/4055548-3"$"ThULB Jena"$"http://d-nb.info/gnd/5053491-9"$"Jena"$"http://d-nb.info/gnd/4028557-1"
"93"$"Lat. liturg. V 18 a"$"https://collections.thulb.uni-jena.de/api/iiif/presentation/v2/HisBest_derivate_00002588/manifest"$"https://collections.thulb.uni-jena.de/receive/HisBest_cbu_00013641"$"https://collections.thulb.uni-jena.de/api/iiif/image/v2/HisBest_derivate_00002588%2FLat-liturg-VI_24_1.jpg/full/,125/0/default.jpg"$"Komplett"$"Original"$"Standard"$"Einzelseite"$""$""$"Schloßmuseum Sondershausen"$"http://d-nb.info/gnd/2085288-5"$"Sondershausen"$"http://d-nb.info/gnd/4055548-3"$"ThULB Jena"$"http://d-nb.info/gnd/5053491-9"$"Jena"$"http://d-nb.info/gnd/4028557-1"
"94"$"Lat. liturg. V 18 b"$"https://collections.thulb.uni-jena.de/api/iiif/presentation/v2/HisBest_derivate_00002589/manifest"$"https://collections.thulb.uni-jena.de/receive/HisBest_cbu_00013642"$"https://collections.thulb.uni-jena.de/api/iiif/image/v2/HisBest_derivate_00002589%2FI_29_1.jpg/full/,137/0/default.jpg"$"Komplett"$"Original"$"Standard"$"Einzelseite"$""$""$"Schloßmuseum Sondershausen"$"http://d-nb.info/gnd/2085288-5"$"Sondershausen"$"http://d-nb.info/gnd/4055548-3"$"ThULB Jena"$"http://d-nb.info/gnd/5053491-9"$"Jena"$"http://d-nb.info/gnd/4028557-1"
"95"$"Lat. liturg. V 19"$"https://collections.thulb.uni-jena.de/api/iiif/presentation/v2/HisBest_derivate_00002590/manifest"$"https://collections.thulb.uni-jena.de/receive/HisBest_cbu_00013643"$"https://collections.thulb.uni-jena.de/api/iiif/image/v2/HisBest_derivate_00002590%2FI_7_1.jpg/full/,200/0/default.jpg"$"Komplett"$"Original"$"Standard"$"Einzelseite"$""$""$"Schloßmuseum Sondershausen"$"http://d-nb.info/gnd/2085288-5"$"Sondershausen"$"http://d-nb.info/gnd/4055548-3"$"ThULB Jena"$"http://d-nb.info/gnd/5053491-9"$"Jena"$"http://d-nb.info/gnd/4028557-1"
"96"$"Lat. liturg. V 20"$"https://collections.thulb.uni-jena.de/api/iiif/presentation/v2/HisBest_derivate_00002591/manifest"$"https://collections.thulb.uni-jena.de/receive/HisBest_cbu_00013644"$"https://collections.thulb.uni-jena.de/api/iiif/image/v2/HisBest_derivate_00002591%2FI_34_1.jpg/full/,142/0/default.jpg"$"Komplett"$"Original"$"Standard"$"Einzelseite"$""$""$"Schloßmuseum Sondershausen"$"http://d-nb.info/gnd/2085288-5"$"Sondershausen"$"http://d-nb.info/gnd/4055548-3"$"ThULB Jena"$"http://d-nb.info/gnd/5053491-9"$"Jena"$"http://d-nb.info/gnd/4028557-1"
"97"$"Lat. liturg. V 21 a"$"https://collections.thulb.uni-jena.de/api/iiif/presentation/v2/HisBest_derivate_00002592/manifest"$"https://collections.thulb.uni-jena.de/receive/HisBest_cbu_00013645"$"https://collections.thulb.uni-jena.de/api/iiif/image/v2/HisBest_derivate_00002592%2FI_47_1.jpg/full/,167/0/default.jpg"$"Komplett"$"Original"$"Standard"$"Einzelseite"$""$""$"Schloßmuseum Sondershausen"$"http://d-nb.info/gnd/2085288-5"$"Sondershausen"$"http://d-nb.info/gnd/4055548-3"$"ThULB Jena"$"http://d-nb.info/gnd/5053491-9"$"Jena"$"http://d-nb.info/gnd/4028557-1"
"98"$"Lat. liturg. V 21 b"$"https://collections.thulb.uni-jena.de/api/iiif/presentation/v2/HisBest_derivate_00002593/manifest"$"https://collections.thulb.uni-jena.de/receive/HisBest_cbu_00013646"$"https://collections.thulb.uni-jena.de/api/iiif/image/v2/HisBest_derivate_00002593%2FFrag_Sond_lithurg_III-19_1.jpg/full/,200/0/default.jpg"$"Komplett"$"Original"$"Standard"$"Einzelseite"$""$""$"Schloßmuseum Sondershausen"$"http://d-nb.info/gnd/2085288-5"$"Sondershausen"$"http://d-nb.info/gnd/4055548-3"$"ThULB Jena"$"http://d-nb.info/gnd/5053491-9"$"Jena"$"http://d-nb.info/gnd/4028557-1"
"99"$"Lat. liturg. V 21 c"$"https://collections.thulb.uni-jena.de/api/iiif/presentation/v2/HisBest_derivate_00002594/manifest"$"https://collections.thulb.uni-jena.de/receive/HisBest_cbu_00013647"$"https://collections.thulb.uni-jena.de/api/iiif/image/v2/HisBest_derivate_00002594%2FI_47_1.jpg/full/,167/0/default.jpg"$"Komplett"$"Original"$"Standard"$"Einzelseite"$""$""$"Schloßmuseum Sondershausen"$"http://d-nb.info/gnd/2085288-5"$"Sondershausen"$"http://d-nb.info/gnd/4055548-3"$"ThULB Jena"$"http://d-nb.info/gnd/5053491-9"$"Jena"$"http://d-nb.info/gnd/4028557-1"
"100"$"Lat. liturg. V 22"$"https://collections.thulb.uni-jena.de/api/iiif/presentation/v2/HisBest_derivate_00002595/manifest"$"https://collections.thulb.uni-jena.de/receive/HisBest_cbu_00013648"$"https://collections.thulb.uni-jena.de/api/iiif/image/v2/HisBest_derivate_00002595%2FHs_Br_59_1.jpg/full/,139/0/default.jpg"$"Komplett"$"Original"$"Standard"$"Einzelseite"$""$""$"Schloßmuseum Sondershausen"$"http://d-nb.info/gnd/2085288-5"$"Sondershausen"$"http://d-nb.info/gnd/4055548-3"$"ThULB Jena"$"http://d-nb.info/gnd/5053491-9"$"Jena"$"http://d-nb.info/gnd/4028557-1"
"101"$"Lat. liturg. V 23 a"$"https://collections.thulb.uni-jena.de/api/iiif/presentation/v2/HisBest_derivate_00002596/manifest"$"https://collections.thulb.uni-jena.de/receive/HisBest_cbu_00013649"$"https://collections.thulb.uni-jena.de/api/iiif/image/v2/HisBest_derivate_00002596%2FHs_Br_57_7.jpg/full/,128/0/default.jpg"$"Komplett"$"Original"$"Standard"$"Einzelseite"$""$""$"Schloßmuseum Sondershausen"$"http://d-nb.info/gnd/2085288-5"$"Sondershausen"$"http://d-nb.info/gnd/4055548-3"$"ThULB Jena"$"http://d-nb.info/gnd/5053491-9"$"Jena"$"http://d-nb.info/gnd/4028557-1"
"102"$"Lat. liturg. V 23 b"$"https://collections.thulb.uni-jena.de/api/iiif/presentation/v2/HisBest_derivate_00002597/manifest"$"https://collections.thulb.uni-jena.de/receive/HisBest_cbu_00013650"$"https://collections.thulb.uni-jena.de/api/iiif/image/v2/HisBest_derivate_00002597%2FHs_Br_57_5.jpg/full/,133/0/default.jpg"$"Komplett"$"Original"$"Standard"$"Einzelseite"$""$""$"Schloßmuseum Sondershausen"$"http://d-nb.info/gnd/2085288-5"$"Sondershausen"$"http://d-nb.info/gnd/4055548-3"$"ThULB Jena"$"http://d-nb.info/gnd/5053491-9"$"Jena"$"http://d-nb.info/gnd/4028557-1"
"103"$"Lat. liturg. V 23 c"$"https://collections.thulb.uni-jena.de/api/iiif/presentation/v2/HisBest_derivate_00002598/manifest"$"https://collections.thulb.uni-jena.de/receive/HisBest_cbu_00013651"$"https://collections.thulb.uni-jena.de/api/iiif/image/v2/HisBest_derivate_00002598%2FHs_Br_57_1.jpg/full/,200/0/default.jpg"$"Komplett"$"Original"$"Standard"$"Einzelseite"$""$""$"Schloßmuseum Sondershausen"$"http://d-nb.info/gnd/2085288-5"$"Sondershausen"$"http://d-nb.info/gnd/4055548-3"$"ThULB Jena"$"http://d-nb.info/gnd/5053491-9"$"Jena"$"http://d-nb.info/gnd/4028557-1"
"104"$"Lat. liturg. V 23 d"$"https://collections.thulb.uni-jena.de/api/iiif/presentation/v2/HisBest_derivate_00002599/manifest"$"https://collections.thulb.uni-jena.de/receive/HisBest_cbu_00013652"$"https://collections.thulb.uni-jena.de/api/iiif/image/v2/HisBest_derivate_00002599%2FHs_Br_57_10.jpg/full/,150/0/default.jpg"$"Komplett"$"Original"$"Standard"$"Einzelseite"$""$""$"Schloßmuseum Sondershausen"$"http://d-nb.info/gnd/2085288-5"$"Sondershausen"$"http://d-nb.info/gnd/4055548-3"$"ThULB Jena"$"http://d-nb.info/gnd/5053491-9"$"Jena"$"http://d-nb.info/gnd/4028557-1"
"105"$"Lat. liturg. V 23 e"$"https://collections.thulb.uni-jena.de/api/iiif/presentation/v2/HisBest_derivate_00002600/manifest"$"https://collections.thulb.uni-jena.de/receive/HisBest_cbu_00013653"$"https://collections.thulb.uni-jena.de/api/iiif/image/v2/HisBest_derivate_00002600%2FHs_Br_57_3.jpg/full/,125/0/default.jpg"$"Komplett"$"Original"$"Standard"$"Einzelseite"$""$""$"Schloßmuseum Sondershausen"$"http://d-nb.info/gnd/2085288-5"$"Sondershausen"$"http://d-nb.info/gnd/4055548-3"$"ThULB Jena"$"http://d-nb.info/gnd/5053491-9"$"Jena"$"http://d-nb.info/gnd/4028557-1"
"106"$"Lat. liturg. VI 1 a"$"https://collections.thulb.uni-jena.de/api/iiif/presentation/v2/HisBest_derivate_00002497/manifest"$"https://collections.thulb.uni-jena.de/receive/HisBest_cbu_00013599"$"https://collections.thulb.uni-jena.de/api/iiif/image/v2/HisBest_derivate_00002497%2FI_44_1.jpg/full/,249/0/default.jpg"$"Komplett"$"Original"$"Standard"$"Einzelseite"$""$""$"Schloßmuseum Sondershausen"$"http://d-nb.info/gnd/2085288-5"$"Sondershausen"$"http://d-nb.info/gnd/4055548-3"$"ThULB Jena"$"http://d-nb.info/gnd/5053491-9"$"Jena"$"http://d-nb.info/gnd/4028557-1"
"107"$"Lat. liturg. VI 1 b"$"https://collections.thulb.uni-jena.de/api/iiif/presentation/v2/HisBest_derivate_00002498/manifest"$"https://collections.thulb.uni-jena.de/receive/HisBest_cbu_00013600"$"https://collections.thulb.uni-jena.de/api/iiif/image/v2/HisBest_derivate_00002498%2FI_59_1.jpg/full/,288/0/default.jpg"$"Komplett"$"Original"$"Standard"$"Einzelseite"$""$""$"Schloßmuseum Sondershausen"$"http://d-nb.info/gnd/2085288-5"$"Sondershausen"$"http://d-nb.info/gnd/4055548-3"$"ThULB Jena"$"http://d-nb.info/gnd/5053491-9"$"Jena"$"http://d-nb.info/gnd/4028557-1"
"108"$"Lat. liturg. VI 2"$"https://collections.thulb.uni-jena.de/api/iiif/presentation/v2/HisBest_derivate_00002499/manifest"$"https://collections.thulb.uni-jena.de/receive/HisBest_cbu_00013601"$"https://collections.thulb.uni-jena.de/api/iiif/image/v2/HisBest_derivate_00002499%2FII-27_1.jpg/full/,132/0/default.jpg"$"Komplett"$"Original"$"Standard"$"Einzelseite"$""$""$"Schloßmuseum Sondershausen"$"http://d-nb.info/gnd/2085288-5"$"Sondershausen"$"http://d-nb.info/gnd/4055548-3"$"ThULB Jena"$"http://d-nb.info/gnd/5053491-9"$"Jena"$"http://d-nb.info/gnd/4028557-1"
"109"$"Lat. liturg. VI 3"$"https://collections.thulb.uni-jena.de/api/iiif/presentation/v2/HisBest_derivate_00002500/manifest"$"https://collections.thulb.uni-jena.de/receive/HisBest_cbu_00013602"$"https://collections.thulb.uni-jena.de/api/iiif/image/v2/HisBest_derivate_00002500%2FFrag_Sond_lithurg_III-20_1.jpg/full/,200/0/default.jpg"$"Komplett"$"Original"$"Standard"$"Einzelseite"$""$""$"Schloßmuseum Sondershausen"$"http://d-nb.info/gnd/2085288-5"$"Sondershausen"$"http://d-nb.info/gnd/4055548-3"$"ThULB Jena"$"http://d-nb.info/gnd/5053491-9"$"Jena"$"http://d-nb.info/gnd/4028557-1"
"110"$"Lat. liturg. VI 4"$"https://collections.thulb.uni-jena.de/api/iiif/presentation/v2/HisBest_derivate_00002501/manifest"$"https://collections.thulb.uni-jena.de/receive/HisBest_cbu_00013603"$"https://collections.thulb.uni-jena.de/api/iiif/image/v2/HisBest_derivate_00002501%2FII_7_1.jpg/full/,129/0/default.jpg"$"Komplett"$"Original"$"Standard"$"Einzelseite"$""$""$"Schloßmuseum Sondershausen"$"http://d-nb.info/gnd/2085288-5"$"Sondershausen"$"http://d-nb.info/gnd/4055548-3"$"ThULB Jena"$"http://d-nb.info/gnd/5053491-9"$"Jena"$"http://d-nb.info/gnd/4028557-1"
"111"$"Lat. liturg. VI 5"$"https://collections.thulb.uni-jena.de/api/iiif/presentation/v2/HisBest_derivate_00002502/manifest"$"https://collections.thulb.uni-jena.de/receive/HisBest_cbu_00013604"$"https://collections.thulb.uni-jena.de/api/iiif/image/v2/HisBest_derivate_00002502%2FII_8_1.jpg/full/,131/0/default.jpg"$"Komplett"$"Original"$"Standard"$"Einzelseite"$""$""$"Schloßmuseum Sondershausen"$"http://d-nb.info/gnd/2085288-5"$"Sondershausen"$"http://d-nb.info/gnd/4055548-3"$"ThULB Jena"$"http://d-nb.info/gnd/5053491-9"$"Jena"$"http://d-nb.info/gnd/4028557-1"
"112"$"Lat. liturg. VI 6"$"https://collections.thulb.uni-jena.de/api/iiif/presentation/v2/HisBest_derivate_00002504/manifest"$"https://collections.thulb.uni-jena.de/receive/HisBest_cbu_00013610"$"https://collections.thulb.uni-jena.de/api/iiif/image/v2/HisBest_derivate_00002504%2FII-37_1.jpg/full/,200/0/default.jpg"$"Komplett"$"Original"$"Standard"$"Einzelseite"$""$""$"Schloßmuseum Sondershausen"$"http://d-nb.info/gnd/2085288-5"$"Sondershausen"$"http://d-nb.info/gnd/4055548-3"$"ThULB Jena"$"http://d-nb.info/gnd/5053491-9"$"Jena"$"http://d-nb.info/gnd/4028557-1"
"113"$"Lat. liturg. VI 7"$"https://collections.thulb.uni-jena.de/api/iiif/presentation/v2/HisBest_derivate_00002505/manifest"$"https://collections.thulb.uni-jena.de/receive/HisBest_cbu_00013611"$"https://collections.thulb.uni-jena.de/api/iiif/image/v2/HisBest_derivate_00002505%2FI_57_1.jpg/full/,256/0/default.jpg"$"Komplett"$"Original"$"Standard"$"Einzelseite"$""$""$"Schloßmuseum Sondershausen"$"http://d-nb.info/gnd/2085288-5"$"Sondershausen"$"http://d-nb.info/gnd/4055548-3"$"ThULB Jena"$"http://d-nb.info/gnd/5053491-9"$"Jena"$"http://d-nb.info/gnd/4028557-1"
"114"$"Lat. liturg. VI 8"$"https://collections.thulb.uni-jena.de/api/iiif/presentation/v2/HisBest_derivate_00002506/manifest"$"https://collections.thulb.uni-jena.de/receive/HisBest_cbu_00013612"$"https://collections.thulb.uni-jena.de/api/iiif/image/v2/HisBest_derivate_00002506%2FII_40_1.jpg/full/,125/0/default.jpg"$"Komplett"$"Original"$"Standard"$"Einzelseite"$""$""$"Schloßmuseum Sondershausen"$"http://d-nb.info/gnd/2085288-5"$"Sondershausen"$"http://d-nb.info/gnd/4055548-3"$"ThULB Jena"$"http://d-nb.info/gnd/5053491-9"$"Jena"$"http://d-nb.info/gnd/4028557-1"
"115"$"Lat. liturg. VI 9"$"https://collections.thulb.uni-jena.de/api/iiif/presentation/v2/HisBest_derivate_00002507/manifest"$"https://collections.thulb.uni-jena.de/receive/HisBest_cbu_00013613"$"https://collections.thulb.uni-jena.de/api/iiif/image/v2/HisBest_derivate_00002507%2FII_41_1.jpg/full/,200/0/default.jpg"$"Komplett"$"Original"$"Standard"$"Einzelseite"$""$""$"Schloßmuseum Sondershausen"$"http://d-nb.info/gnd/2085288-5"$"Sondershausen"$"http://d-nb.info/gnd/4055548-3"$"ThULB Jena"$"http://d-nb.info/gnd/5053491-9"$"Jena"$"http://d-nb.info/gnd/4028557-1"
"116"$"Lat. liturg. VI 10"$"https://collections.thulb.uni-jena.de/api/iiif/presentation/v2/HisBest_derivate_00002508/manifest"$"https://collections.thulb.uni-jena.de/receive/HisBest_cbu_00013614"$"https://collections.thulb.uni-jena.de/api/iiif/image/v2/HisBest_derivate_00002508%2FFrag_Sond_lithurg_III-17_1.jpg/full/,121/0/default.jpg"$"Komplett"$"Original"$"Standard"$"Einzelseite"$""$""$"Schloßmuseum Sondershausen"$"http://d-nb.info/gnd/2085288-5"$"Sondershausen"$"http://d-nb.info/gnd/4055548-3"$"ThULB Jena"$"http://d-nb.info/gnd/5053491-9"$"Jena"$"http://d-nb.info/gnd/4028557-1"
"117"$"Lat. liturg. VI 11"$"https://collections.thulb.uni-jena.de/api/iiif/presentation/v2/HisBest_derivate_00002509/manifest"$"https://collections.thulb.uni-jena.de/receive/HisBest_cbu_00013615"$"https://collections.thulb.uni-jena.de/api/iiif/image/v2/HisBest_derivate_00002509%2FI_42_1.jpg/full/,200/0/default.jpg"$"Komplett"$"Original"$"Standard"$"Einzelseite"$""$""$"Schloßmuseum Sondershausen"$"http://d-nb.info/gnd/2085288-5"$"Sondershausen"$"http://d-nb.info/gnd/4055548-3"$"ThULB Jena"$"http://d-nb.info/gnd/5053491-9"$"Jena"$"http://d-nb.info/gnd/4028557-1"
"118"$"Lat. liturg. VI 12 a"$"https://collections.thulb.uni-jena.de/api/iiif/presentation/v2/HisBest_derivate_00003466/manifest"$"https://collections.thulb.uni-jena.de/receive/HisBest_cbu_00016962"$"https://collections.thulb.uni-jena.de/api/iiif/image/v2/HisBest_derivate_00003466%2FI_30_1.jpg/full/,134/0/default.jpg"$"Komplett"$"Original"$"Standard"$"Einzelseite"$""$""$"Schloßmuseum Sondershausen"$"http://d-nb.info/gnd/2085288-5"$"Sondershausen"$"http://d-nb.info/gnd/4055548-3"$"ThULB Jena"$"http://d-nb.info/gnd/5053491-9"$"Jena"$"http://d-nb.info/gnd/4028557-1"
"119"$"Lat. liturg. VI 12 b"$"https://collections.thulb.uni-jena.de/api/iiif/presentation/v2/HisBest_derivate_00002456/manifest"$"https://collections.thulb.uni-jena.de/receive/HisBest_cbu_00013215"$"https://collections.thulb.uni-jena.de/api/iiif/image/v2/HisBest_derivate_00002456%2FII_3b_1.jpg/full/,148/0/default.jpg"$"Komplett"$"Original"$"Standard"$"Einzelseite"$""$""$"Schloßmuseum Sondershausen"$"http://d-nb.info/gnd/2085288-5"$"Sondershausen"$"http://d-nb.info/gnd/4055548-3"$"ThULB Jena"$"http://d-nb.info/gnd/5053491-9"$"Jena"$"http://d-nb.info/gnd/4028557-1"
"120"$"Lat. liturg. VI 13 a"$"https://collections.thulb.uni-jena.de/api/iiif/presentation/v2/HisBest_derivate_00002458/manifest"$"https://collections.thulb.uni-jena.de/receive/HisBest_cbu_00013216"$"https://collections.thulb.uni-jena.de/api/iiif/image/v2/HisBest_derivate_00002458%2FII_5a_1.jpg/full/,152/0/default.jpg"$"Komplett"$"Original"$"Standard"$"Einzelseite"$""$""$"Schloßmuseum Sondershausen"$"http://d-nb.info/gnd/2085288-5"$"Sondershausen"$"http://d-nb.info/gnd/4055548-3"$"ThULB Jena"$"http://d-nb.info/gnd/5053491-9"$"Jena"$"http://d-nb.info/gnd/4028557-1"
"121"$"Lat. liturg. VI 13 b"$"https://collections.thulb.uni-jena.de/api/iiif/presentation/v2/HisBest_derivate_00002482/manifest"$"https://collections.thulb.uni-jena.de/receive/HisBest_cbu_00013584"$"https://collections.thulb.uni-jena.de/api/iiif/image/v2/HisBest_derivate_00002482%2FII_5b_1.jpg/full/,138/0/default.jpg"$"Komplett"$"Original"$"Standard"$"Einzelseite"$""$""$"Schloßmuseum Sondershausen"$"http://d-nb.info/gnd/2085288-5"$"Sondershausen"$"http://d-nb.info/gnd/4055548-3"$"ThULB Jena"$"http://d-nb.info/gnd/5053491-9"$"Jena"$"http://d-nb.info/gnd/4028557-1"
"122"$"Lat. liturg. VI 14 a"$"https://collections.thulb.uni-jena.de/api/iiif/presentation/v2/HisBest_derivate_00002486/manifest"$"https://collections.thulb.uni-jena.de/receive/HisBest_cbu_00013585"$"https://collections.thulb.uni-jena.de/api/iiif/image/v2/HisBest_derivate_00002486%2FII_39.jpg/full/,124/0/default.jpg"$"Komplett"$"Original"$"Standard"$"Einzelseite"$""$""$"Schloßmuseum Sondershausen"$"http://d-nb.info/gnd/2085288-5"$"Sondershausen"$"http://d-nb.info/gnd/4055548-3"$"ThULB Jena"$"http://d-nb.info/gnd/5053491-9"$"Jena"$"http://d-nb.info/gnd/4028557-1"
"123"$"Lat. liturg. VI 14 b"$"https://collections.thulb.uni-jena.de/api/iiif/presentation/v2/HisBest_derivate_00002487/manifest"$"https://collections.thulb.uni-jena.de/receive/HisBest_cbu_00013586"$"https://collections.thulb.uni-jena.de/api/iiif/image/v2/HisBest_derivate_00002487%2FII-17a_1.jpg/full/,134/0/default.jpg"$"Komplett"$"Original"$"Standard"$"Einzelseite"$""$""$"Schloßmuseum Sondershausen"$"http://d-nb.info/gnd/2085288-5"$"Sondershausen"$"http://d-nb.info/gnd/4055548-3"$"ThULB Jena"$"http://d-nb.info/gnd/5053491-9"$"Jena"$"http://d-nb.info/gnd/4028557-1"
"124"$"Lat. liturg. VI 14 c"$"https://collections.thulb.uni-jena.de/api/iiif/presentation/v2/HisBest_derivate_00002488/manifest"$"https://collections.thulb.uni-jena.de/receive/HisBest_cbu_00013587"$"https://collections.thulb.uni-jena.de/api/iiif/image/v2/HisBest_derivate_00002488%2FII-17b_1.jpg/full/,200/0/default.jpg"$"Komplett"$"Original"$"Standard"$"Einzelseite"$""$""$"Schloßmuseum Sondershausen"$"http://d-nb.info/gnd/2085288-5"$"Sondershausen"$"http://d-nb.info/gnd/4055548-3"$"ThULB Jena"$"http://d-nb.info/gnd/5053491-9"$"Jena"$"http://d-nb.info/gnd/4028557-1"
"125"$"Lat. liturg. VI 15 b"$"https://collections.thulb.uni-jena.de/api/iiif/presentation/v2/HisBest_derivate_00002489/manifest"$"https://collections.thulb.uni-jena.de/receive/HisBest_cbu_00013589"$"https://collections.thulb.uni-jena.de/api/iiif/image/v2/HisBest_derivate_00002489%2FII-14b_1.jpg/full/,200/0/default.jpg"$"Komplett"$"Original"$"Standard"$"Einzelseite"$""$""$"Schloßmuseum Sondershausen"$"http://d-nb.info/gnd/2085288-5"$"Sondershausen"$"http://d-nb.info/gnd/4055548-3"$"ThULB Jena"$"http://d-nb.info/gnd/5053491-9"$"Jena"$"http://d-nb.info/gnd/4028557-1"
"126"$"Lat. liturg. VI 16"$"https://collections.thulb.uni-jena.de/api/iiif/presentation/v2/HisBest_derivate_00002490/manifest"$"https://collections.thulb.uni-jena.de/receive/HisBest_cbu_00013590"$"https://collections.thulb.uni-jena.de/api/iiif/image/v2/HisBest_derivate_00002490%2FII-15_1.jpg/full/,200/0/default.jpg"$"Komplett"$"Original"$"Standard"$"Einzelseite"$""$""$"Schloßmuseum Sondershausen"$"http://d-nb.info/gnd/2085288-5"$"Sondershausen"$"http://d-nb.info/gnd/4055548-3"$"ThULB Jena"$"http://d-nb.info/gnd/5053491-9"$"Jena"$"http://d-nb.info/gnd/4028557-1"
"127"$"Lat. liturg. VI 17"$"https://collections.thulb.uni-jena.de/api/iiif/presentation/v2/HisBest_derivate_00002491/manifest"$"https://collections.thulb.uni-jena.de/receive/HisBest_cbu_00013591"$"https://collections.thulb.uni-jena.de/api/iiif/image/v2/HisBest_derivate_00002491%2FII-26_1.jpg/full/,138/0/default.jpg"$"Komplett"$"Original"$"Standard"$"Einzelseite"$""$""$"Schloßmuseum Sondershausen"$"http://d-nb.info/gnd/2085288-5"$"Sondershausen"$"http://d-nb.info/gnd/4055548-3"$"ThULB Jena"$"http://d-nb.info/gnd/5053491-9"$"Jena"$"http://d-nb.info/gnd/4028557-1"
"128"$"Lat. liturg. VII 1"$"https://collections.thulb.uni-jena.de/api/iiif/presentation/v2/HisBest_derivate_00002503/manifest"$"https://collections.thulb.uni-jena.de/receive/HisBest_cbu_00013592"$"https://collections.thulb.uni-jena.de/api/iiif/image/v2/HisBest_derivate_00002503%2FIII_24_1.jpg/full/,132/0/default.jpg"$"Komplett"$"Original"$"Standard"$"Einzelseite"$""$""$"Schloßmuseum Sondershausen"$"http://d-nb.info/gnd/2085288-5"$"Sondershausen"$"http://d-nb.info/gnd/4055548-3"$"ThULB Jena"$"http://d-nb.info/gnd/5053491-9"$"Jena"$"http://d-nb.info/gnd/4028557-1"
"129"$"Lat. liturg. XI 1"$"https://collections.thulb.uni-jena.de/api/iiif/presentation/v2/HisBest_derivate_00002587/manifest"$"https://collections.thulb.uni-jena.de/receive/HisBest_cbu_00013640"$"https://collections.thulb.uni-jena.de/api/iiif/image/v2/HisBest_derivate_00002587%2FHs_Br_74_1.jpg/full/,200/0/default.jpg"$"Komplett"$"Original"$"Standard"$"Einzelseite"$""$""$"Schloßmuseum Sondershausen"$"http://d-nb.info/gnd/2085288-5"$"Sondershausen"$"http://d-nb.info/gnd/4055548-3"$"ThULB Jena"$"http://d-nb.info/gnd/5053491-9"$"Jena"$"http://d-nb.info/gnd/4028557-1"
"130"$"Lat. liturg. XI 2 a"$"https://collections.thulb.uni-jena.de/api/iiif/presentation/v2/HisBest_derivate_00002634/manifest"$"https://collections.thulb.uni-jena.de/receive/HisBest_cbu_00013594"$"https://collections.thulb.uni-jena.de/api/iiif/image/v2/HisBest_derivate_00002634%2FHs_Br_76_1.jpg/full/,136/0/default.jpg"$"Komplett"$"Original"$"Standard"$"Einzelseite"$""$""$"Schloßmuseum Sondershausen"$"http://d-nb.info/gnd/2085288-5"$"Sondershausen"$"http://d-nb.info/gnd/4055548-3"$"ThULB Jena"$"http://d-nb.info/gnd/5053491-9"$"Jena"$"http://d-nb.info/gnd/4028557-1"
"131"$"Lat. liturg. XI 2 b"$"https://collections.thulb.uni-jena.de/api/iiif/presentation/v2/HisBest_derivate_00002493/manifest"$"https://collections.thulb.uni-jena.de/receive/HisBest_cbu_00013595"$"https://collections.thulb.uni-jena.de/api/iiif/image/v2/HisBest_derivate_00002493%2FHs_Br_76_4.jpg/full/,161/0/default.jpg"$"Komplett"$"Original"$"Standard"$"Einzelseite"$""$""$"Schloßmuseum Sondershausen"$"http://d-nb.info/gnd/2085288-5"$"Sondershausen"$"http://d-nb.info/gnd/4055548-3"$"ThULB Jena"$"http://d-nb.info/gnd/5053491-9"$"Jena"$"http://d-nb.info/gnd/4028557-1"
"132"$"Lat. liturg. XI 2 c"$"https://collections.thulb.uni-jena.de/api/iiif/presentation/v2/HisBest_derivate_00002494/manifest"$"https://collections.thulb.uni-jena.de/receive/HisBest_cbu_00013596"$"https://collections.thulb.uni-jena.de/api/iiif/image/v2/HisBest_derivate_00002494%2FHs_Br_76_6.jpg/full/,185/0/default.jpg"$"Komplett"$"Original"$"Standard"$"Einzelseite"$""$""$"Schloßmuseum Sondershausen"$"http://d-nb.info/gnd/2085288-5"$"Sondershausen"$"http://d-nb.info/gnd/4055548-3"$"ThULB Jena"$"http://d-nb.info/gnd/5053491-9"$"Jena"$"http://d-nb.info/gnd/4028557-1"
"133"$"Lat. liturg. XI 3"$"https://collections.thulb.uni-jena.de/api/iiif/presentation/v2/HisBest_derivate_00002495/manifest"$"https://collections.thulb.uni-jena.de/receive/HisBest_cbu_00013597"$"https://collections.thulb.uni-jena.de/api/iiif/image/v2/HisBest_derivate_00002495%2FI_58_1.jpg/full/,249/0/default.jpg"$"Komplett"$"Original"$"Standard"$"Einzelseite"$""$""$"Schloßmuseum Sondershausen"$"http://d-nb.info/gnd/2085288-5"$"Sondershausen"$"http://d-nb.info/gnd/4055548-3"$"ThULB Jena"$"http://d-nb.info/gnd/5053491-9"$"Jena"$"http://d-nb.info/gnd/4028557-1"
"134"$"Lat. liturg. XI 4"$"https://collections.thulb.uni-jena.de/api/iiif/presentation/v2/HisBest_derivate_00002496/manifest"$"https://collections.thulb.uni-jena.de/receive/HisBest_cbu_00013598"$"https://collections.thulb.uni-jena.de/api/iiif/image/v2/HisBest_derivate_00002496%2FLat-liturg-XI-4_200dpi.JPG/full/,140/0/default.jpg"$"Komplett"$"Original"$"Standard"$"Einzelseite"$""$""$"Schloßmuseum Sondershausen"$"http://d-nb.info/gnd/2085288-5"$"Sondershausen"$"http://d-nb.info/gnd/4055548-3"$"ThULB Jena"$"http://d-nb.info/gnd/5053491-9"$"Jena"$"http://d-nb.info/gnd/4028557-1"
"135"$"Lat. med. 2"$"https://collections.thulb.uni-jena.de/api/iiif/presentation/v2/HisBest_derivate_00002884/manifest"$"https://nbn-resolving.org/urn:nbn:de:urmel-16cbb467-2d27-4299-89b1-bf5d0abcdc038"$"https://collections.thulb.uni-jena.de/api/iiif/image/v2/HisBest_derivate_00002884%2FHs_Br_54_1.jpg/full/,200/0/default.jpg"$"Komplett"$"Original"$"Standard"$"Einzelseite"$""$""$"Schloßmuseum Sondershausen"$"http://d-nb.info/gnd/2085288-5"$"Sondershausen"$"http://d-nb.info/gnd/4055548-3"$"ThULB Jena"$"http://d-nb.info/gnd/5053491-9"$"Jena"$"http://d-nb.info/gnd/4028557-1"
"136"$"Lat. med. 3 a"$"https://collections.thulb.uni-jena.de/api/iiif/presentation/v2/HisBest_derivate_00002885/manifest"$"https://nbn-resolving.org/urn:nbn:de:urmel-9d034ea7-97dc-47d5-a700-eaec123673659"$"https://collections.thulb.uni-jena.de/api/iiif/image/v2/HisBest_derivate_00002885%2FHs_Br_56_1.jpg/full/,140/0/default.jpg"$"Komplett"$"Original"$"Standard"$"Einzelseite"$""$""$"Schloßmuseum Sondershausen"$"http://d-nb.info/gnd/2085288-5"$"Sondershausen"$"http://d-nb.info/gnd/4055548-3"$"ThULB Jena"$"http://d-nb.info/gnd/5053491-9"$"Jena"$"http://d-nb.info/gnd/4028557-1"
"137"$"Lat. med. 3 b"$"https://collections.thulb.uni-jena.de/api/iiif/presentation/v2/HisBest_derivate_00002886/manifest"$"https://nbn-resolving.org/urn:nbn:de:urmel-debafe2d-e125-464e-92a3-9aa98b8825952"$"https://collections.thulb.uni-jena.de/api/iiif/image/v2/HisBest_derivate_00002886%2FHs_Br_56_3.jpg/full/,200/0/default.jpg"$"Komplett"$"Original"$"Standard"$"Einzelseite"$""$""$"Schloßmuseum Sondershausen"$"http://d-nb.info/gnd/2085288-5"$"Sondershausen"$"http://d-nb.info/gnd/4055548-3"$"ThULB Jena"$"http://d-nb.info/gnd/5053491-9"$"Jena"$"http://d-nb.info/gnd/4028557-1"
"138"$"Lat. min. 1"$"https://collections.thulb.uni-jena.de/api/iiif/presentation/v2/HisBest_derivate_00002868/manifest"$"https://nbn-resolving.org/urn:nbn:de:urmel-2fa48635-a307-4bd3-b2b9-488c5051e5182"$"https://collections.thulb.uni-jena.de/api/iiif/image/v2/HisBest_derivate_00002868%2FI_64_1.jpg/full/,149/0/default.jpg"$"Komplett"$"Original"$"Standard"$"Einzelseite"$""$""$"Schloßmuseum Sondershausen"$"http://d-nb.info/gnd/2085288-5"$"Sondershausen"$"http://d-nb.info/gnd/4055548-3"$"ThULB Jena"$"http://d-nb.info/gnd/5053491-9"$"Jena"$"http://d-nb.info/gnd/4028557-1"
"139"$"Lat. min. 2"$"https://collections.thulb.uni-jena.de/api/iiif/presentation/v2/HisBest_derivate_00002869/manifest"$"https://nbn-resolving.org/urn:nbn:de:urmel-9d5e58b7-89c8-4231-af5b-ccc8f9bb0f1d8"$"https://collections.thulb.uni-jena.de/api/iiif/image/v2/HisBest_derivate_00002869%2FI_75_1.jpg/full/,200/0/default.jpg"$"Komplett"$"Original"$"Standard"$"Einzelseite"$""$""$"Schloßmuseum Sondershausen"$"http://d-nb.info/gnd/2085288-5"$"Sondershausen"$"http://d-nb.info/gnd/4055548-3"$"ThULB Jena"$"http://d-nb.info/gnd/5053491-9"$"Jena"$"http://d-nb.info/gnd/4028557-1"
"140"$"Lat. min. 3 a + b"$"https://collections.thulb.uni-jena.de/api/iiif/presentation/v2/HisBest_derivate_00002870/manifest"$"https://nbn-resolving.org/urn:nbn:de:urmel-c1e7d7eb-e334-40da-9ee3-58c3046b45e33"$"https://collections.thulb.uni-jena.de/api/iiif/image/v2/HisBest_derivate_00002870%2FI_74_1.jpg/full/,126/0/default.jpg"$"Komplett"$"Original"$"Standard"$"Einzelseite"$""$""$"Schloßmuseum Sondershausen"$"http://d-nb.info/gnd/2085288-5"$"Sondershausen"$"http://d-nb.info/gnd/4055548-3"$"ThULB Jena"$"http://d-nb.info/gnd/5053491-9"$"Jena"$"http://d-nb.info/gnd/4028557-1"
"141"$"Lat. min. 4"$"https://collections.thulb.uni-jena.de/api/iiif/presentation/v2/HisBest_derivate_00002871/manifest"$"https://nbn-resolving.org/urn:nbn:de:urmel-3f83f7d6-3ca0-4ba9-bc61-8c38eddb15057"$"https://collections.thulb.uni-jena.de/api/iiif/image/v2/HisBest_derivate_00002871%2FI_87_1.jpg/full/,200/0/default.jpg"$"Komplett"$"Original"$"Standard"$"Einzelseite"$""$""$"Schloßmuseum Sondershausen"$"http://d-nb.info/gnd/2085288-5"$"Sondershausen"$"http://d-nb.info/gnd/4055548-3"$"ThULB Jena"$"http://d-nb.info/gnd/5053491-9"$"Jena"$"http://d-nb.info/gnd/4028557-1"
"142"$"Lat. min. 5"$"https://collections.thulb.uni-jena.de/api/iiif/presentation/v2/HisBest_derivate_00002699/manifest"$"https://collections.thulb.uni-jena.de/receive/HisBest_cbu_00014258"$"https://collections.thulb.uni-jena.de/api/iiif/image/v2/HisBest_derivate_00002699%2FI_78_1.jpg/full/,200/0/default.jpg"$"Komplett"$"Original"$"Standard"$"Einzelseite"$""$""$"Schloßmuseum Sondershausen"$"http://d-nb.info/gnd/2085288-5"$"Sondershausen"$"http://d-nb.info/gnd/4055548-3"$"ThULB Jena"$"http://d-nb.info/gnd/5053491-9"$"Jena"$"http://d-nb.info/gnd/4028557-1"
"143"$"Lat. min. 6"$"https://collections.thulb.uni-jena.de/api/iiif/presentation/v2/HisBest_derivate_00002700/manifest"$"https://collections.thulb.uni-jena.de/receive/HisBest_cbu_00014259"$"https://collections.thulb.uni-jena.de/api/iiif/image/v2/HisBest_derivate_00002700%2FI_71_1.jpg/full/,200/0/default.jpg"$"Komplett"$"Original"$"Standard"$"Einzelseite"$""$""$"Schloßmuseum Sondershausen"$"http://d-nb.info/gnd/2085288-5"$"Sondershausen"$"http://d-nb.info/gnd/4055548-3"$"ThULB Jena"$"http://d-nb.info/gnd/5053491-9"$"Jena"$"http://d-nb.info/gnd/4028557-1"
"144"$"Lat. min. 7"$"https://collections.thulb.uni-jena.de/api/iiif/presentation/v2/HisBest_derivate_00002701/manifest"$"https://collections.thulb.uni-jena.de/receive/HisBest_cbu_00014260"$"https://collections.thulb.uni-jena.de/api/iiif/image/v2/HisBest_derivate_00002701%2FI_79_1.jpg/full/,166/0/default.jpg"$"Komplett"$"Original"$"Standard"$"Einzelseite"$""$""$"Schloßmuseum Sondershausen"$"http://d-nb.info/gnd/2085288-5"$"Sondershausen"$"http://d-nb.info/gnd/4055548-3"$"ThULB Jena"$"http://d-nb.info/gnd/5053491-9"$"Jena"$"http://d-nb.info/gnd/4028557-1"
"145"$"Lat. min. 8"$"https://collections.thulb.uni-jena.de/api/iiif/presentation/v2/HisBest_derivate_00002702/manifest"$"https://collections.thulb.uni-jena.de/receive/HisBest_cbu_00014261"$"https://collections.thulb.uni-jena.de/api/iiif/image/v2/HisBest_derivate_00002702%2FII_54_1.jpg/full/,200/0/default.jpg"$"Komplett"$"Original"$"Standard"$"Einzelseite"$""$""$"Schloßmuseum Sondershausen"$"http://d-nb.info/gnd/2085288-5"$"Sondershausen"$"http://d-nb.info/gnd/4055548-3"$"ThULB Jena"$"http://d-nb.info/gnd/5053491-9"$"Jena"$"http://d-nb.info/gnd/4028557-1"
"146"$"Lat. min. 9"$"https://collections.thulb.uni-jena.de/api/iiif/presentation/v2/HisBest_derivate_00002703/manifest"$"https://collections.thulb.uni-jena.de/receive/HisBest_cbu_00014262"$"https://collections.thulb.uni-jena.de/api/iiif/image/v2/HisBest_derivate_00002703%2FI_85_a_1.jpg/full/,285/0/default.jpg"$"Komplett"$"Original"$"Standard"$"Einzelseite"$""$""$"Schloßmuseum Sondershausen"$"http://d-nb.info/gnd/2085288-5"$"Sondershausen"$"http://d-nb.info/gnd/4055548-3"$"ThULB Jena"$"http://d-nb.info/gnd/5053491-9"$"Jena"$"http://d-nb.info/gnd/4028557-1"
"147"$"Lat. min. 10 a"$"https://collections.thulb.uni-jena.de/api/iiif/presentation/v2/HisBest_derivate_00002704/manifest"$"https://collections.thulb.uni-jena.de/receive/HisBest_cbu_00014263"$"https://collections.thulb.uni-jena.de/api/iiif/image/v2/HisBest_derivate_00002704%2FI_89_1.jpg/full/,200/0/default.jpg"$"Komplett"$"Original"$"Standard"$"Einzelseite"$""$""$"Schloßmuseum Sondershausen"$"http://d-nb.info/gnd/2085288-5"$"Sondershausen"$"http://d-nb.info/gnd/4055548-3"$"ThULB Jena"$"http://d-nb.info/gnd/5053491-9"$"Jena"$"http://d-nb.info/gnd/4028557-1"
"148"$"Lat. min. 10 b"$"https://collections.thulb.uni-jena.de/api/iiif/presentation/v2/HisBest_derivate_00002845/manifest"$"https://nbn-resolving.org/urn:nbn:de:urmel-18f1ab0b-609b-4a5e-8bdf-9cf4c432bd262"$"https://collections.thulb.uni-jena.de/api/iiif/image/v2/HisBest_derivate_00002845%2FI_88_1.jpg/full/,200/0/default.jpg"$"Komplett"$"Original"$"Standard"$"Einzelseite"$""$""$"Schloßmuseum Sondershausen"$"http://d-nb.info/gnd/2085288-5"$"Sondershausen"$"http://d-nb.info/gnd/4055548-3"$"ThULB Jena"$"http://d-nb.info/gnd/5053491-9"$"Jena"$"http://d-nb.info/gnd/4028557-1"
"149"$"Lat. min. 11"$"https://collections.thulb.uni-jena.de/api/iiif/presentation/v2/HisBest_derivate_00002846/manifest"$"https://nbn-resolving.org/urn:nbn:de:urmel-c3b8252b-8f52-47cd-b1d0-8516487908920"$"https://collections.thulb.uni-jena.de/api/iiif/image/v2/HisBest_derivate_00002846%2FI_72_1.jpg/full/,200/0/default.jpg"$"Komplett"$"Original"$"Standard"$"Einzelseite"$""$""$"Schloßmuseum Sondershausen"$"http://d-nb.info/gnd/2085288-5"$"Sondershausen"$"http://d-nb.info/gnd/4055548-3"$"ThULB Jena"$"http://d-nb.info/gnd/5053491-9"$"Jena"$"http://d-nb.info/gnd/4028557-1"
"150"$"Lat. min. 12"$"https://collections.thulb.uni-jena.de/api/iiif/presentation/v2/HisBest_derivate_00002847/manifest"$"https://nbn-resolving.org/urn:nbn:de:urmel-b77b30ae-629d-4a04-a80d-4ba79433db011"$"https://collections.thulb.uni-jena.de/api/iiif/image/v2/HisBest_derivate_00002847%2FII_55_1.jpg/full/,200/0/default.jpg"$"Komplett"$"Original"$"Standard"$"Einzelseite"$""$""$"Schloßmuseum Sondershausen"$"http://d-nb.info/gnd/2085288-5"$"Sondershausen"$"http://d-nb.info/gnd/4055548-3"$"ThULB Jena"$"http://d-nb.info/gnd/5053491-9"$"Jena"$"http://d-nb.info/gnd/4028557-1"
"151"$"Lat. min. 13"$"https://collections.thulb.uni-jena.de/api/iiif/presentation/v2/HisBest_derivate_00002848/manifest"$"https://nbn-resolving.org/urn:nbn:de:urmel-abab519e-518b-40ee-bad8-d51ad60cf2c21"$"https://collections.thulb.uni-jena.de/api/iiif/image/v2/HisBest_derivate_00002848%2FI_67_1.jpg/full/,200/0/default.jpg"$"Komplett"$"Original"$"Standard"$"Einzelseite"$""$""$"Schloßmuseum Sondershausen"$"http://d-nb.info/gnd/2085288-5"$"Sondershausen"$"http://d-nb.info/gnd/4055548-3"$"ThULB Jena"$"http://d-nb.info/gnd/5053491-9"$"Jena"$"http://d-nb.info/gnd/4028557-1"
"152"$"Lat. min. 14"$"https://collections.thulb.uni-jena.de/api/iiif/presentation/v2/HisBest_derivate_00002849/manifest"$"https://nbn-resolving.org/urn:nbn:de:urmel-deb2e75c-12b9-4f43-81a6-c1dad3b973bb5"$"https://collections.thulb.uni-jena.de/api/iiif/image/v2/HisBest_derivate_00002849%2FII_56_1.jpg/full/,200/0/default.jpg"$"Komplett"$"Original"$"Standard"$"Einzelseite"$""$""$"Schloßmuseum Sondershausen"$"http://d-nb.info/gnd/2085288-5"$"Sondershausen"$"http://d-nb.info/gnd/4055548-3"$"ThULB Jena"$"http://d-nb.info/gnd/5053491-9"$"Jena"$"http://d-nb.info/gnd/4028557-1"
"153"$"Lat. min. 15"$"https://collections.thulb.uni-jena.de/api/iiif/presentation/v2/HisBest_derivate_00002850/manifest"$"https://nbn-resolving.org/urn:nbn:de:urmel-c79071ed-fa42-408a-8e46-b88f401ec2b65"$"https://collections.thulb.uni-jena.de/api/iiif/image/v2/HisBest_derivate_00002850%2FI_73_1.jpg/full/,132/0/default.jpg"$"Komplett"$"Original"$"Standard"$"Einzelseite"$""$""$"Schloßmuseum Sondershausen"$"http://d-nb.info/gnd/2085288-5"$"Sondershausen"$"http://d-nb.info/gnd/4055548-3"$"ThULB Jena"$"http://d-nb.info/gnd/5053491-9"$"Jena"$"http://d-nb.info/gnd/4028557-1"
"154"$"Lat. min. 16"$"https://collections.thulb.uni-jena.de/api/iiif/presentation/v2/HisBest_derivate_00002851/manifest"$"https://nbn-resolving.org/urn:nbn:de:urmel-d640c40e-a97e-4876-a4ee-9be41f71906b4"$"https://collections.thulb.uni-jena.de/api/iiif/image/v2/HisBest_derivate_00002851%2FI_68_1.jpg/full/,200/0/default.jpg"$"Komplett"$"Original"$"Standard"$"Einzelseite"$""$""$"Schloßmuseum Sondershausen"$"http://d-nb.info/gnd/2085288-5"$"Sondershausen"$"http://d-nb.info/gnd/4055548-3"$"ThULB Jena"$"http://d-nb.info/gnd/5053491-9"$"Jena"$"http://d-nb.info/gnd/4028557-1"
"155"$"Lat. min. 17"$"https://collections.thulb.uni-jena.de/api/iiif/presentation/v2/HisBest_derivate_00002852/manifest"$"https://nbn-resolving.org/urn:nbn:de:urmel-68bd7dc7-905a-42b6-b09b-e9cc2b4f3cf62"$"https://collections.thulb.uni-jena.de/api/iiif/image/v2/HisBest_derivate_00002852%2FI_77_1.jpg/full/,132/0/default.jpg"$"Komplett"$"Original"$"Standard"$"Einzelseite"$""$""$"Schloßmuseum Sondershausen"$"http://d-nb.info/gnd/2085288-5"$"Sondershausen"$"http://d-nb.info/gnd/4055548-3"$"ThULB Jena"$"http://d-nb.info/gnd/5053491-9"$"Jena"$"http://d-nb.info/gnd/4028557-1"
"156"$"Lat. min. 18"$"https://collections.thulb.uni-jena.de/api/iiif/presentation/v2/HisBest_derivate_00002853/manifest"$"https://nbn-resolving.org/urn:nbn:de:urmel-c8d682ce-d1e9-4cc9-b877-06d86661aa54"$"https://collections.thulb.uni-jena.de/api/iiif/image/v2/HisBest_derivate_00002853%2FI_86_1.jpg/full/,200/0/default.jpg"$"Komplett"$"Original"$"Standard"$"Einzelseite"$""$""$"Schloßmuseum Sondershausen"$"http://d-nb.info/gnd/2085288-5"$"Sondershausen"$"http://d-nb.info/gnd/4055548-3"$"ThULB Jena"$"http://d-nb.info/gnd/5053491-9"$"Jena"$"http://d-nb.info/gnd/4028557-1"
"157"$"Lat. min. 19 a + b"$"https://collections.thulb.uni-jena.de/api/iiif/presentation/v2/HisBest_derivate_00002854/manifest"$"https://nbn-resolving.org/urn:nbn:de:urmel-9c5fc4de-9357-4481-9b85-33081a8da5447"$"https://collections.thulb.uni-jena.de/api/iiif/image/v2/HisBest_derivate_00002854%2FI_80_a.jpg/full/,200/0/default.jpg"$"Komplett"$"Original"$"Standard"$"Einzelseite"$""$""$"Schloßmuseum Sondershausen"$"http://d-nb.info/gnd/2085288-5"$"Sondershausen"$"http://d-nb.info/gnd/4055548-3"$"ThULB Jena"$"http://d-nb.info/gnd/5053491-9"$"Jena"$"http://d-nb.info/gnd/4028557-1"
"158"$"Lat. min. 20 a + b"$"https://collections.thulb.uni-jena.de/api/iiif/presentation/v2/HisBest_derivate_00002855/manifest"$"https://nbn-resolving.org/urn:nbn:de:urmel-436c58aa-30c6-4ad1-aba7-dae418033da4"$"https://collections.thulb.uni-jena.de/api/iiif/image/v2/HisBest_derivate_00002855%2FI_66_1.jpg/full/,200/0/default.jpg"$"Komplett"$"Original"$"Standard"$"Einzelseite"$""$""$"Schloßmuseum Sondershausen"$"http://d-nb.info/gnd/2085288-5"$"Sondershausen"$"http://d-nb.info/gnd/4055548-3"$"ThULB Jena"$"http://d-nb.info/gnd/5053491-9"$"Jena"$"http://d-nb.info/gnd/4028557-1"
"159"$"Lat. min. 21"$"https://collections.thulb.uni-jena.de/api/iiif/presentation/v2/HisBest_derivate_00002856/manifest"$"https://nbn-resolving.org/urn:nbn:de:urmel-5a9e56fb-5cd3-4771-94b5-d3a7da39a6de8"$"https://collections.thulb.uni-jena.de/api/iiif/image/v2/HisBest_derivate_00002856%2FI_65_1.jpg/full/,360/0/default.jpg"$"Komplett"$"Original"$"Standard"$"Einzelseite"$""$""$"Schloßmuseum Sondershausen"$"http://d-nb.info/gnd/2085288-5"$"Sondershausen"$"http://d-nb.info/gnd/4055548-3"$"ThULB Jena"$"http://d-nb.info/gnd/5053491-9"$"Jena"$"http://d-nb.info/gnd/4028557-1"
"160"$"Lat. min. 22"$"https://collections.thulb.uni-jena.de/api/iiif/presentation/v2/HisBest_derivate_00002857/manifest"$"https://nbn-resolving.org/urn:nbn:de:urmel-dd972c18-e08d-49c4-b726-eee74f39d0f85"$"https://collections.thulb.uni-jena.de/api/iiif/image/v2/HisBest_derivate_00002857%2FI_76_1.jpg/full/,200/0/default.jpg"$"Komplett"$"Original"$"Standard"$"Einzelseite"$""$""$"Schloßmuseum Sondershausen"$"http://d-nb.info/gnd/2085288-5"$"Sondershausen"$"http://d-nb.info/gnd/4055548-3"$"ThULB Jena"$"http://d-nb.info/gnd/5053491-9"$"Jena"$"http://d-nb.info/gnd/4028557-1"
"161"$"Lat. min. 23"$"https://collections.thulb.uni-jena.de/api/iiif/presentation/v2/HisBest_derivate_00002858/manifest"$"https://nbn-resolving.org/urn:nbn:de:urmel-3b8be7bc-72dc-4afd-88db-be22a234296a8"$"https://collections.thulb.uni-jena.de/api/iiif/image/v2/HisBest_derivate_00002858%2FI_70_1.jpg/full/,200/0/default.jpg"$"Komplett"$"Original"$"Standard"$"Einzelseite"$""$""$"Schloßmuseum Sondershausen"$"http://d-nb.info/gnd/2085288-5"$"Sondershausen"$"http://d-nb.info/gnd/4055548-3"$"ThULB Jena"$"http://d-nb.info/gnd/5053491-9"$"Jena"$"http://d-nb.info/gnd/4028557-1"
"162"$"Lat. min. 24"$"https://collections.thulb.uni-jena.de/api/iiif/presentation/v2/HisBest_derivate_00002859/manifest"$"https://nbn-resolving.org/urn:nbn:de:urmel-b80372fb-f5eb-4967-aaf8-911c3a23da604"$"https://collections.thulb.uni-jena.de/api/iiif/image/v2/HisBest_derivate_00002859%2FI_69_1.jpg/full/,282/0/default.jpg"$"Komplett"$"Original"$"Standard"$"Einzelseite"$""$""$"Schloßmuseum Sondershausen"$"http://d-nb.info/gnd/2085288-5"$"Sondershausen"$"http://d-nb.info/gnd/4055548-3"$"ThULB Jena"$"http://d-nb.info/gnd/5053491-9"$"Jena"$"http://d-nb.info/gnd/4028557-1"
"163"$"Lat. min. 25"$"https://collections.thulb.uni-jena.de/api/iiif/presentation/v2/HisBest_derivate_00002860/manifest"$"https://nbn-resolving.org/urn:nbn:de:urmel-ce6719e9-bab3-43bd-a023-64ed572a73d26"$"https://collections.thulb.uni-jena.de/api/iiif/image/v2/HisBest_derivate_00002860%2FI_90_1.jpg/full/,200/0/default.jpg"$"Komplett"$"Original"$"Standard"$"Einzelseite"$""$""$"Schloßmuseum Sondershausen"$"http://d-nb.info/gnd/2085288-5"$"Sondershausen"$"http://d-nb.info/gnd/4055548-3"$"ThULB Jena"$"http://d-nb.info/gnd/5053491-9"$"Jena"$"http://d-nb.info/gnd/4028557-1"
"164"$"Lat. min. 26 a + b"$"https://collections.thulb.uni-jena.de/api/iiif/presentation/v2/HisBest_derivate_00002861/manifest"$"https://nbn-resolving.org/urn:nbn:de:urmel-205e7df9-e97a-4b42-939e-b2466117115d2"$"https://collections.thulb.uni-jena.de/api/iiif/image/v2/HisBest_derivate_00002861%2FI_81_1.jpg/full/,149/0/default.jpg"$"Komplett"$"Original"$"Standard"$"Einzelseite"$""$""$"Schloßmuseum Sondershausen"$"http://d-nb.info/gnd/2085288-5"$"Sondershausen"$"http://d-nb.info/gnd/4055548-3"$"ThULB Jena"$"http://d-nb.info/gnd/5053491-9"$"Jena"$"http://d-nb.info/gnd/4028557-1"
"165"$"Lat. theol. 3"$"https://collections.thulb.uni-jena.de/api/iiif/presentation/v2/HisBest_derivate_00002907/manifest"$"https://nbn-resolving.org/urn:nbn:de:urmel-c177e899-f2b5-4e07-b2bf-8ea8e1331bba7"$"https://collections.thulb.uni-jena.de/api/iiif/image/v2/HisBest_derivate_00002907%2FHs_Br_46_1.jpg/full/,149/0/default.jpg"$"Komplett"$"Original"$"Standard"$"Einzelseite"$""$""$"Schloßmuseum Sondershausen"$"http://d-nb.info/gnd/2085288-5"$"Sondershausen"$"http://d-nb.info/gnd/4055548-3"$"ThULB Jena"$"http://d-nb.info/gnd/5053491-9"$"Jena"$"http://d-nb.info/gnd/4028557-1"
"166"$"Lat. theol. 5"$"https://collections.thulb.uni-jena.de/api/iiif/presentation/v2/HisBest_derivate_00002908/manifest"$"https://nbn-resolving.org/urn:nbn:de:urmel-82f09a13-7b63-472e-8364-a5b7f14074aa5"$"https://collections.thulb.uni-jena.de/api/iiif/image/v2/HisBest_derivate_00002908%2FHs_Br_82_1.jpg/full/,143/0/default.jpg"$"Komplett"$"Original"$"Standard"$"Einzelseite"$""$""$"Schloßmuseum Sondershausen"$"http://d-nb.info/gnd/2085288-5"$"Sondershausen"$"http://d-nb.info/gnd/4055548-3"$"ThULB Jena"$"http://d-nb.info/gnd/5053491-9"$"Jena"$"http://d-nb.info/gnd/4028557-1"
"167"$"Lat. theol. 6 a"$"https://collections.thulb.uni-jena.de/api/iiif/presentation/v2/HisBest_derivate_00002910/manifest"$"https://nbn-resolving.org/urn:nbn:de:urmel-d79002b3-917d-43c7-b5b7-9aafc5031b2e2"$"https://collections.thulb.uni-jena.de/api/iiif/image/v2/HisBest_derivate_00002910%2FHs_Br_37_3.jpg/full/,200/0/default.jpg"$"Komplett"$"Original"$"Standard"$"Einzelseite"$""$""$"Schloßmuseum Sondershausen"$"http://d-nb.info/gnd/2085288-5"$"Sondershausen"$"http://d-nb.info/gnd/4055548-3"$"ThULB Jena"$"http://d-nb.info/gnd/5053491-9"$"Jena"$"http://d-nb.info/gnd/4028557-1"
"168"$"Lat. theol. 6 b"$"https://collections.thulb.uni-jena.de/api/iiif/presentation/v2/HisBest_derivate_00002911/manifest"$"https://nbn-resolving.org/urn:nbn:de:urmel-2501bd97-08f8-448c-a8a4-d2808d3234505"$"https://collections.thulb.uni-jena.de/api/iiif/image/v2/HisBest_derivate_00002911%2FHs_Br_37_1.jpg/full/,125/0/default.jpg"$"Komplett"$"Original"$"Standard"$"Einzelseite"$""$""$"Schloßmuseum Sondershausen"$"http://d-nb.info/gnd/2085288-5"$"Sondershausen"$"http://d-nb.info/gnd/4055548-3"$"ThULB Jena"$"http://d-nb.info/gnd/5053491-9"$"Jena"$"http://d-nb.info/gnd/4028557-1"
"169"$"Lat. theol. 8 a"$"https://collections.thulb.uni-jena.de/api/iiif/presentation/v2/HisBest_derivate_00002912/manifest"$"https://nbn-resolving.org/urn:nbn:de:urmel-062c5dea-657f-43f1-91f4-beb25c17a4492"$"https://collections.thulb.uni-jena.de/api/iiif/image/v2/HisBest_derivate_00002912%2FHs_Br_36_1.jpg/full/,135/0/default.jpg"$"Komplett"$"Original"$"Standard"$"Einzelseite"$""$""$"Schloßmuseum Sondershausen"$"http://d-nb.info/gnd/2085288-5"$"Sondershausen"$"http://d-nb.info/gnd/4055548-3"$"ThULB Jena"$"http://d-nb.info/gnd/5053491-9"$"Jena"$"http://d-nb.info/gnd/4028557-1"
"170"$"Lat. theol. 9 a"$"https://collections.thulb.uni-jena.de/api/iiif/presentation/v2/HisBest_derivate_00002913/manifest"$"https://nbn-resolving.org/urn:nbn:de:urmel-30a2b2ca-a6bf-487d-980b-0883efdb86f45"$"https://collections.thulb.uni-jena.de/api/iiif/image/v2/HisBest_derivate_00002913%2FI_18_1.jpg/full/,134/0/default.jpg"$"Komplett"$"Original"$"Standard"$"Einzelseite"$""$""$"Schloßmuseum Sondershausen"$"http://d-nb.info/gnd/2085288-5"$"Sondershausen"$"http://d-nb.info/gnd/4055548-3"$"ThULB Jena"$"http://d-nb.info/gnd/5053491-9"$"Jena"$"http://d-nb.info/gnd/4028557-1"
"171"$"Lat. theol. 9 b"$"https://collections.thulb.uni-jena.de/api/iiif/presentation/v2/HisBest_derivate_00002902/manifest"$"https://nbn-resolving.org/urn:nbn:de:urmel-0895700b-37a5-4cca-bdbb-d337608e8cb50"$"https://collections.thulb.uni-jena.de/api/iiif/image/v2/HisBest_derivate_00002902%2FHs_Br_85_1.jpg/full/,200/0/default.jpg"$"Komplett"$"Original"$"Standard"$"Einzelseite"$""$""$"Schloßmuseum Sondershausen"$"http://d-nb.info/gnd/2085288-5"$"Sondershausen"$"http://d-nb.info/gnd/4055548-3"$"ThULB Jena"$"http://d-nb.info/gnd/5053491-9"$"Jena"$"http://d-nb.info/gnd/4028557-1"
"172"$"Lat. theol. 10"$"https://collections.thulb.uni-jena.de/api/iiif/presentation/v2/HisBest_derivate_00002903/manifest"$"https://nbn-resolving.org/urn:nbn:de:urmel-c4ca4f9e-bb33-4af6-99a4-b75ef82602cd4"$"https://collections.thulb.uni-jena.de/api/iiif/image/v2/HisBest_derivate_00002903%2FI_22_1.jpg/full/,129/0/default.jpg"$"Komplett"$"Original"$"Standard"$"Einzelseite"$""$""$"Schloßmuseum Sondershausen"$"http://d-nb.info/gnd/2085288-5"$"Sondershausen"$"http://d-nb.info/gnd/4055548-3"$"ThULB Jena"$"http://d-nb.info/gnd/5053491-9"$"Jena"$"http://d-nb.info/gnd/4028557-1"
"173"$"Lat. theol. 11"$"https://collections.thulb.uni-jena.de/api/iiif/presentation/v2/HisBest_derivate_00002904/manifest"$"https://nbn-resolving.org/urn:nbn:de:urmel-0cc2fd82-511e-4021-a84e-e6ab4f09610a8"$"https://collections.thulb.uni-jena.de/api/iiif/image/v2/HisBest_derivate_00002904%2FHs_Br_33_1.jpg/full/,144/0/default.jpg"$"Komplett"$"Original"$"Standard"$"Einzelseite"$""$""$"Schloßmuseum Sondershausen"$"http://d-nb.info/gnd/2085288-5"$"Sondershausen"$"http://d-nb.info/gnd/4055548-3"$"ThULB Jena"$"http://d-nb.info/gnd/5053491-9"$"Jena"$"http://d-nb.info/gnd/4028557-1"
"174"$"Lat. theol. 12 a"$"https://collections.thulb.uni-jena.de/api/iiif/presentation/v2/HisBest_derivate_00002905/manifest"$"https://nbn-resolving.org/urn:nbn:de:urmel-0d5390aa-8259-4257-ad92-866846be26e64"$"https://collections.thulb.uni-jena.de/api/iiif/image/v2/HisBest_derivate_00002905%2FHs_Br_29_4.jpg/full/,139/0/default.jpg"$"Komplett"$"Original"$"Standard"$"Einzelseite"$""$""$"Schloßmuseum Sondershausen"$"http://d-nb.info/gnd/2085288-5"$"Sondershausen"$"http://d-nb.info/gnd/4055548-3"$"ThULB Jena"$"http://d-nb.info/gnd/5053491-9"$"Jena"$"http://d-nb.info/gnd/4028557-1"
"175"$"Lat. theol. 12 b"$"https://collections.thulb.uni-jena.de/api/iiif/presentation/v2/HisBest_derivate_00002898/manifest"$"https://nbn-resolving.org/urn:nbn:de:urmel-1985595a-5058-4db4-ba6b-eef02aca1be3"$"https://collections.thulb.uni-jena.de/api/iiif/image/v2/HisBest_derivate_00002898%2FHs_Br_29_1.jpg/full/,127/0/default.jpg"$"Komplett"$"Original"$"Standard"$"Einzelseite"$""$""$"Schloßmuseum Sondershausen"$"http://d-nb.info/gnd/2085288-5"$"Sondershausen"$"http://d-nb.info/gnd/4055548-3"$"ThULB Jena"$"http://d-nb.info/gnd/5053491-9"$"Jena"$"http://d-nb.info/gnd/4028557-1"
"176"$"Lat. theol. 13"$"https://collections.thulb.uni-jena.de/api/iiif/presentation/v2/HisBest_derivate_00002899/manifest"$"https://nbn-resolving.org/urn:nbn:de:urmel-2eb69801-4a96-451b-afcc-c627d809178a1"$"https://collections.thulb.uni-jena.de/api/iiif/image/v2/HisBest_derivate_00002899%2Ftheol-III_2_1.jpg/full/,130/0/default.jpg"$"Komplett"$"Original"$"Standard"$"Einzelseite"$""$""$"Schloßmuseum Sondershausen"$"http://d-nb.info/gnd/2085288-5"$"Sondershausen"$"http://d-nb.info/gnd/4055548-3"$"ThULB Jena"$"http://d-nb.info/gnd/5053491-9"$"Jena"$"http://d-nb.info/gnd/4028557-1"
"177"$"Lat. theol. 15 a"$"https://collections.thulb.uni-jena.de/api/iiif/presentation/v2/HisBest_derivate_00002900/manifest"$"https://nbn-resolving.org/urn:nbn:de:urmel-5393138f-8938-484e-9dcd-2a34ba29d6685"$"https://collections.thulb.uni-jena.de/api/iiif/image/v2/HisBest_derivate_00002900%2FHs_Br_7_3.jpg/full/,126/0/default.jpg"$"Komplett"$"Original"$"Standard"$"Einzelseite"$""$""$"Schloßmuseum Sondershausen"$"http://d-nb.info/gnd/2085288-5"$"Sondershausen"$"http://d-nb.info/gnd/4055548-3"$"ThULB Jena"$"http://d-nb.info/gnd/5053491-9"$"Jena"$"http://d-nb.info/gnd/4028557-1"
"178"$"Lat. theol. 15 b"$"https://collections.thulb.uni-jena.de/api/iiif/presentation/v2/HisBest_derivate_00002901/manifest"$"https://nbn-resolving.org/urn:nbn:de:urmel-015c7093-9fa4-4cfe-9309-4a92c373b0da3"$"https://collections.thulb.uni-jena.de/api/iiif/image/v2/HisBest_derivate_00002901%2FHs_Br_7_5.jpg/full/,132/0/default.jpg"$"Komplett"$"Original"$"Standard"$"Einzelseite"$""$""$"Schloßmuseum Sondershausen"$"http://d-nb.info/gnd/2085288-5"$"Sondershausen"$"http://d-nb.info/gnd/4055548-3"$"ThULB Jena"$"http://d-nb.info/gnd/5053491-9"$"Jena"$"http://d-nb.info/gnd/4028557-1"
"179"$"Lat. theol. 15 c"$"https://collections.thulb.uni-jena.de/api/iiif/presentation/v2/HisBest_derivate_00002672/manifest"$"https://collections.thulb.uni-jena.de/receive/HisBest_cbu_00014229"$"https://collections.thulb.uni-jena.de/api/iiif/image/v2/HisBest_derivate_00002672%2FHs_Br_7_1.jpg/full/,129/0/default.jpg"$"Komplett"$"Original"$"Standard"$"Einzelseite"$""$""$"Schloßmuseum Sondershausen"$"http://d-nb.info/gnd/2085288-5"$"Sondershausen"$"http://d-nb.info/gnd/4055548-3"$"ThULB Jena"$"http://d-nb.info/gnd/5053491-9"$"Jena"$"http://d-nb.info/gnd/4028557-1"
"180"$"Lat. theol. 16"$"https://collections.thulb.uni-jena.de/api/iiif/presentation/v2/HisBest_derivate_00002673/manifest"$"https://collections.thulb.uni-jena.de/receive/HisBest_cbu_00014230"$"https://collections.thulb.uni-jena.de/api/iiif/image/v2/HisBest_derivate_00002673%2FHs_Br_83_1.jpg/full/,123/0/default.jpg"$"Komplett"$"Original"$"Standard"$"Einzelseite"$""$""$"Schloßmuseum Sondershausen"$"http://d-nb.info/gnd/2085288-5"$"Sondershausen"$"http://d-nb.info/gnd/4055548-3"$"ThULB Jena"$"http://d-nb.info/gnd/5053491-9"$"Jena"$"http://d-nb.info/gnd/4028557-1"
"181"$"Lat. theol. 17"$"https://collections.thulb.uni-jena.de/api/iiif/presentation/v2/HisBest_derivate_00002674/manifest"$"https://collections.thulb.uni-jena.de/receive/HisBest_cbu_00014231"$"https://collections.thulb.uni-jena.de/api/iiif/image/v2/HisBest_derivate_00002674%2FI_56_1.jpg/full/,200/0/default.jpg"$"Komplett"$"Original"$"Standard"$"Einzelseite"$""$""$"Schloßmuseum Sondershausen"$"http://d-nb.info/gnd/2085288-5"$"Sondershausen"$"http://d-nb.info/gnd/4055548-3"$"ThULB Jena"$"http://d-nb.info/gnd/5053491-9"$"Jena"$"http://d-nb.info/gnd/4028557-1"
"182"$"Lat. theol. 18"$"https://collections.thulb.uni-jena.de/api/iiif/presentation/v2/HisBest_derivate_00002675/manifest"$"https://collections.thulb.uni-jena.de/receive/HisBest_cbu_00014232"$"https://collections.thulb.uni-jena.de/api/iiif/image/v2/HisBest_derivate_00002675%2FHs_Br_62_1.jpg/full/,140/0/default.jpg"$"Komplett"$"Original"$"Standard"$"Einzelseite"$""$""$"Schloßmuseum Sondershausen"$"http://d-nb.info/gnd/2085288-5"$"Sondershausen"$"http://d-nb.info/gnd/4055548-3"$"ThULB Jena"$"http://d-nb.info/gnd/5053491-9"$"Jena"$"http://d-nb.info/gnd/4028557-1"