"1804";"'Acephalitae' quasi Aneu kepsalês id est sine capite"
"5666v";"(A)Rthimesia triplex est."
"5666v";"(A)Strolabium ita construitur recipe tabulas de auricalco aptas ad hoc."
"5666v";"(C)onpositurus quadrantem nonum quadrantem accipe."
"5666v";"(D)Omino patricio Simacho Boecius. In dandis et accipiendisque[!] muneribus."
"5666v";"(G)Eometria assccutiua est arismetrice quodammodo sicut loyca sequitur rethoricam."
"5666v";"(Isidorus libro 14). Argentum Graeci ἀργύριον dicunt eqs."
"5666v";"(N)ON putabam vir eruditissime hune nedum."
"5666v";"(Prae)latus (Ebert und Herschel lesen Praefatus) igitur Wolfgangus nacione sueuigena ex ingenuis parentibus."
"5666v";"(R)Es aloes lignum pretiosum sit tibi signum."
"5666v";"(S)I quis per hanc tabulam tabularum."
"5666v";"(S)I ut uiuendi Galeote sic."
"5666v";"(Ὅ)σοι τὰ τοῦ βίου μάταια."
"5666v";")"
"1804";"*Ad retrovare la lettera domenechale"
"1804";"*Avecque vous Dampierre quelle affaire"
"1804";"*Beaulx sire dieu, doulx pere, Jesu christ, et madame saincte Marie ... a vous je me rens coulpable"
"1804";"*Bien heureux est l'homme, qui mis son esp-erance au seigneur"
"1804";"*Bijght sonder rouwe vrient sonder trouwe"
"1804";"*Cante Duchesse d'Aiguillon"
"1804";"*Cum factus - Lc 2,42 Kdyz byesse gessyss we dwanasty"
"1804";"*Cy gît le plus grand de tous les cardinaux"
"1804";"*Cy gît le prêtre sans breviaire"
"1804";"*Cy gît qui d'un esprit pervers"
"1804";"*De bonne foy, Madame d Fienne"
"1804";"*De nötre Roy la victoire est complette"
"1804";"*De vötre mal sans cesse je m'aflige"
"1804";"*Des menschen wijsheit van binnen"
"1804";"*Dessus Marc-e vous l'emportez Nicole"
"1804";"*Devant Bellay, quelque bas qu'on soüpire"
"1804";"*Die in lijden kan verblijden"
"1804";"*Die mi leert daz my besteet"
"1804";"*Die mij mit schoenen woirden dient"
"1804";"*Diet al verdultick draget ende lijt"
"1804";"*Dispose de ton mesnage car tu morras"
"1804";"*Doulce dame de misericorde"
"1804";"*Doulce dame de misericorde"
"1804";"*Doulce dame de misericorde mere de Dieu"
"1804";"*Doulx Dieu doulx pere sainte trinite"
"1804";"*Douz dieu, doulz pere, sainte trinit-e"
"1804";"*Douz dieu, doulz pere, sainte trinit-e"
"1804";"*Douz dieu, doulz pere, sainte trinit-e"
"1804";"*Douz dieu, doulz pere, sainte trinit-e"
"1804";"*Entre nous deux, Mar-echal, ma mie"
"1804";"*Epeidê en tô kairô tu epenechthentos"
"1804";"*Epeidê kata tên agathên su proairesin"
"1804";"*Haelt u reijn ende kent v cleijn"
"1804";"*Ho men katholu tês skeptikês dynameôs"
"1804";"*Hê hagia hautê kai oikumenikê prôtê synodos"
"1804";"*Hê hagia kai oikumenikê deutera synodos"
"1804";"*Hê hagia kai oikumenikê tetartê synodos"
"1804";"*Hê pemptê synodos gegonen epi Iustinianu basileôs"
"1804";"*Hê tritê hagia kai oikumenikê synodos"
"1804";"*Ich sel behaghen den heer in den lande der levender"
"1804";"*Icy gît le plus grand des cardinaux"
"1804";"*Je n'oserois icy nommer un homme"
"1804";"*Jesus nasquit d'un povre lieu"
"1804";"*L'on vous connoit douce et spirituelle"
"1804";"*Le rang, le titre et la main"
"1804";"*Les os d'Armand et de Robert"
"1804";"*Lile passant void en ce lieu"
"1804";"*Lorsque Marsin sur le canal de Bruge"
"1804";"*Martel, Capet et du Plessis"
"1804";"*Messieurs les Franðcois siants un poil en deux"
"1804";"*Mia dia tria tessera penta"
"1804";"*Mon benoist createur et saulveur Jesuchrist vray filz de Dieu, je vous"
"1804";"*Ne soyez plus desormais si distraite"
"1804";"*O allerheiligster voorloper ende hoghe prophete goods"
"1804";"*O dieu, createur du ciel et de la terre, roy de roys"
"1804";"*O du heiliger allmachtighe vader ewighe god, ontfanghet mi"
"1804";"*O dulce dame de mis-ericorde, m-ere de piti-e"
"1804";"*O werdige moeder des ewighen goods end des almachtighen conincs"
"1804";"*Odssyedsse liczomyerniczy wessli w radu - Mt 22,15ff."
"1804";"*On dit que le mariage"
"1804";"*Onse hulpe moet sijn in den naem des hern"
"1804";"*Peri Kentaurôn phasin hôs thêria egeneto"
"1804";"*Pour vous guerir il conviendroit"
"1804";"*Pr-ecieux jours dont fut orn-ee"
"1804";"*Quoi mes fr-eres soustrir-es vous"
"1804";"*Richelieu prolonge son sort"
"1804";"*Saincte vraye crois adoree"
"1804";"*Sans me tromper, Fienne, je soüpðconne"
"1804";"*Soe wat gij hoert of wat gij siet"
"1804";"*Synelusês tês hagias kai oikumenikês synodu"
"1804";"*Tade peri tön apistön syngegrapha"
"1804";"*Thiange plaît et la neige et moins blanche"
"1804";"*Tois zêtusi ti pragma"
"1804";"*Tres doulx dieu, filz de dieu le uif, saint pere tout puissant"
"1804";"*Tres glorieux ange de dieu, qui es ordonne por moy garder"
"1804";"*Trou is selden gast wye dij vijnt"
"1804";"*Tô eusebestatô kai philokristô basilei ... tês arrêtu kai theias charitos"
"1804";"*Un empiri que m-edecin"
"1804";"*Vertyt uwes selffs in allen dynghen"
"1804";"*Votre bel oeil seroit incomparable"
"1804";"*Vous, qui brillez d'un -eclat"
"1804";"*Wem niet enghenoghet daz hy vijnt"
"1804";"*bitten, ich bitte - O gloriose oetmoedige maget ende edel ioncfrouwe sunte Gertrujt ick arme sundige mensche biddij"
"1804";"*bitten, ich bitte - O guedertieren vrient gods sunte Andries ende sachtmoidich seer heilige apostel ... ic biddij"
"1804";"*bitten, ich bitte - O werdige maget ende martelersse sunte Dymphna vituercoren patronersse ... ic bid dij"
"1804";"*grüßen, gegrüßet seist du - Weest ghegruet o fonteyne der genaden"
"1804";"*machen, ich mache - O Maria hoe mach ic dinen lof"
"1804";"*opfern, ich opfere - O lieve heer, mijn penetencie die ic uv ghelesen hebbe, die offer ic"
"1804";"*sollen, du sollst - Here du sellte mijn lippen opdoen ende minen mont"
"1804";"*verkiesen - Sent Johannes ewangeliste aller lieffester apostel ... ich verkiesen dich"
"1804";"*verschmähen, du verschmähst - O aller heiligeste vnd seligste juncfrauwe sent Agnes ... du versmades"
"1804";"*wollen, wollt - O salige Barbara een eere ende glorie der volcoemenre schoenheit ... wilt voer ons bidden"
"5666v";"... vnd dieselbige Sünde // wirt Ihnen gewißlich den Halß // brechen. //"
"5666v";".... est au Prince de bon air."
"5666v";"1321: Tempus mediae coniunctionis: 28, 18, 2, 6"
"5666v";"1: 0, 10; 0, 20; 0, 30"
"5666v";"<S>onte Francyscus, een knecht vnde een vrynt (182rb) des alre ouerste gades, was een insetter vnde een vorgander van der mynre bruder orden …"
"5666v";">A<L nome didio et della sua gloriosissima virgine et madre Madonna sancta Maria et del"
"5666v";">D<Ilecte in Christo sorelle"
"5666v";">I<NChristo dilecte suore, di lui spose, amiche et sorelle"
"5666v";">N<Vlla marauiglia e, se noi potemo comprendere quella eternale sapientia didio"
"5666v";">O< Heylige ma-/get sinte bar-/bara die dat riicke / der werelt"
"5666v";">O< Heylighe gloriose martelers-/se cristi si[n]te margriete comt / mi onsalige so[n]dare te hulpe"
"5666v";">O< edel maget / cristi Appolo[n]ia / maget willicli-/ken"
"5666v";">P<Er certo mail non si intende la scrictura da chi non a quel sentimento ch’ebbe lo scrictore, pero chella"
"5666v";">Q<Uesta e l’usança delle menti peruerse, che quando elle anno presa alcuna oppinione"
"5666v";">Q<Vando mi parti da Uinegia, proposi nell’animo"
"5666v";">U<olendo noi considerare lo exemplo di questa operatione di Iob, prima douemo raguardare quanto ragioneuole ordine di narratione egli tiene nel suo dire"
"5666v";"A Raymond, seigneur du Chastel Ambroise, gracieux chevalier, Bernard, devenu en viellesse, salut. Tu demandes estre enseigné par nous de la maniere de plus profitablement regir et gouverner l'estat de tout homme de bien en fait de mesnage et autrement"
"5666v";"A Son Altesse Electorale. Le goul avec le quel votre Altesse Electorale s'est appliquée aux leçons de fortification que j'ay eû l'honneur de lui donner."
"5666v";"A Stygia nuper sede exiit (attamen ausum ..."
"5666v";"A bien examiner tout ce qui se prattique présentemment ......"
"5666v";"A ceuls de ceste region Qui point n'y ont de mansion Ains y sont tous con dit saint Pol"
"5666v";"A compile. //"
"5666v";"A honnorable pere et son chier seigneur Guillaume par la grace de Dieu arcevesque de Senz, Pierres sers Jhesucrist, prestres doyens de Tret Treves bonne vie"
"5666v";"A l'enfournar si pren lou pan cournut"
"5666v";"A l'onneur de Dieu omnipotent et gloire du benois sainct François"
"5666v";"A l'onneur, gloire et reverence de nostre benoist createur et redempeur en trinité, unité et divinité, de la glorieuse vierge Marie sa mere et de toute la court celestiele de paradis, a la supportation de messieurs les nobles et correction des lisans, me suis par mon hebetude, indiscretion et simplesse ingeré composer ce petit traictié nommé Doctrinal de noblesse"
"5666v";"A la dolour del cief prens manive"
"5666v";"A la premiere creation et institucion de l'ordre de la Thoison d'or en la ville de Bruges ... desquels les noms, sournoms et blasons cy aprés s'ensuivent"
"5666v";"A la raison qui nous eclaire"
"5666v";"A la sainte couronne de France en laquelle au jour d’uy par l’ordonnance de Dieu regne Charles le vie en icellui nom tres bien amé"
"5666v";"A matines doit on penser que par nuit daingna Nostres Sires naistre de la beneoite Virgene"
"5666v";"A mes enfans. Comme vous étes mes cheres Enfans."
"5666v";"A midi. //"
"5666v";"A mon commencement soit la grace du pere, du fils et du saint Esperit"
"5666v";"A morto lume che per se non splende"
"1804";"A mour ma fet du ciel de sondre pour racheter natur humanue"
"5666v";"A noble homme Bertrand Aubert de Tarascon frere Jehan Ferron de l'ordre des freres prescheurs de Paris, son petit et humble chappellain soy tout. La saintte escripture"
"5666v";"A none. //"
"5666v";"A reverend seigneur et prince et pere de tous orateurs, Eneas"
"5666v";"A sa chiere et amee fille Ysabel, royne de Nauvarre, salut et amistié de pere. Chiere fille, pour ce que je cuide que vous retendrés plus voulentiers"
"5666v";"A ta royal majeste tres noble prince par la grace de dieu roi de France"
"5666v";"A ta royal majesté tres noble prince par la grace de Dieu roy de France, Phelipe le Quart, je, Jehan de Meun"
"5666v";"A tierce. //"
"5666v";"A tous chaus qui ches present lettres"
"1804";"A toy royne de hault parage"
"5666v";"A tres haust et souverain prince, Charles le septeisme de ce nom, sur la divine pourveance Roy de France"
"5666v";"A treshault et puissant seigneur Jehan, filz et oncle des rois de France, ducq de Berry et d'Auvergne, conte de Poitou, d'Estampez et d'Auvergne et lieutenant du roy es paijs de Languedoc et duchié de Guienne. Combien, mon tresredoubté seigneur, que je soye tousjours tresvollentif de vous a mon petit pouoir obeïr et servir"
"5666v";"A trouare in che di entra il mese per tucto il tenpo"
"5666v";"A vento dicitur anima seele"
"5666v";"A vespres //"
"1804";"A vinega sifanno pagamenti alibi"
"1804";"A woman solitaire and recluse couetynge to kwowe the noumbyr of the wounds of oure lorde"
"5666v";"AD terre sancte commendacionem eat scripture sacre vox."
"5666v";"APud maiores nostros sepe de nobilitate dubitatum est."
"5666v";"ATtendens venerabilis amice Bern. etc. Attende quod in omnj opere medicus debet presupponere certam intencionem."
"5666v";"Aam grece id est sum inde"
"5666v";"Ab infirmitate surgentibus cibaria sibi nociua petentibus."
"1804";"Aba'. aba'. iba'. ibtida'"
"5666v";"Abbas - apt; abbatissa - abtissyn; absolucio - enbindunge von sunden"
"5666v";"Abesse, distare."
"1804";"Aborresce mal bevir y con denuesto"
"5666v";"Abraam disse al popolo in acto di comandamento che servassono"
"5666v";"Abracalaba"
"1804";"Abrotanum dat ys aefruyt gekoket myt eynre vygen"
"5666v";"Absolutis dudum collationum spiritualium libellis."
"1804";"Accabl-e de l'inqui-etude"
"5666v";"Ach moyo luba lupka / biß weßola thy sy / my luba"
"5666v";"Ach mynne wie creftig ist dine craft."
"1804";"Ach sanffter susser anfangk wie hait dyne grymmer abgangk"
"5666v";"Actor in accusando hominem ...."
"5666v";"Actus apostolorum. In den werchen der zwolff botten"
"5666v";"Ad calculum nim tanzapfen in maio vel september"
"1804";"Ad cogniosciere lisegni della orina"
"1804";"Ad faciendum solem Arabiae prenes de myeonce de une pierre"
"5666v";"Ad ficum corale. Res probata."
"5666v";"Ad honorem indiuidue trinitatis et ad rei publice vtilitatem."
"5666v";"Ad honorem sancte et indiuidue trinitatis virginisque gloriose."
"5666v";"Ad instructionem multorum quibus deesse copia librorum hic libellus datur nomen est ei Ymago mundi datur eo quod dispositio tocius orbis"
"1804";"Ad ogni cigno del permesso"
"1804";"Ad ogni cigno del permesso"
"5666v";"Ad spiritum sanctum."
"5666v";"Ad te scorgendolo tu quelle cose sono revelate"
"5666v";"Additio est numeri ad numerum vel numerorum ad numeros aggregatio."
"1804";"Adesso il tempo che in falso liquore"
"1804";"Adieu Florens la yolie. LaRue"
"1804";"Adieu Florens la yolie. LaRue"
"1804";"Adieu Florens la yolie. LaRue"
"1804";"Adieu Florens la yolie. LaRue"
"1804";"Adios felicia mia"
"1804";"Adorable objet, dont l'empire est cruel et d-elicieux"
"1804";"Adorable princesse, honneur des souverains"
"5666v";"Adoro te y ruego te y humillo me a ty, uerdadera cruz sancta mucho amada"
"5666v";"Advegna che io non dubitassi che questa epistola molti messi"
"5666v";"Aenbeden wi Cristum den coninc den here die heerscappie heeft over die lude"
"5666v";"Aenbeden wi den coninc der apostolen die mit sonderlingher minnen hevet ghemint"
"5666v";"Aetates huius mundi sunt sex, prima aetas incepit."
"5666v";"Affin que vous  sachies certainement quel merite on a de cest oroison"
"1804";"After making a serious reflexion upon this important advice"
"1804";"Agr-eable fille de l'onde"
"1804";"Aide diex sainte trinit-e"
"1804";"Aie anime mi respira, dira hiems"
"1804";"Aigremoyne Ambruise id est salvia silvestris"
"1804";"Aimable Filis quoi qu'on die"
"1804";"Aimable vainqueur"
"5666v";"Aio. >Orestes<. O, filz d'Agamenon, la sont les champs de Grece dont tes grans desirs ont esté ostez"
"1804";"Al celos ojos"
"1804";"Al der blijscapen een verghanc"
"1804";"Al fin ricader-a, al finir cader-a"
"1804";"Al nome de dio e della vergine Maria io mi commenzo questa via"
"5666v";"Al nome di dio. Fratelli carissimi. Considerando noi, gastaldi, sindico"
"5666v";"Al nome sia dell’altissimo idio e dela sua santissima madre uergine Maria"
"1804";"Alder moeghenste naeme Jesu. O alder wijsste naeme Jesu"
"1804";"Aldergnedigste mildeste barmehartigeste vader van hemmel ... so beghere ek"
"1804";"Aleph - Doctrina, Beth - Domus"
"5666v";"Alessandro nel volume che conpuose del tracto del mare"
"5666v";"Alessandro volle essere dipinto da Adpelle"
"1804";"Alexandre, tes lettres m'ont press-e tant de fois"
"5666v";"Aliqua tibi in Latinum uerti olim."
"5666v";"Alium knoblauch; cepae lauch"
"5666v";"Alixandre, biaux filz, glorieux empereres, le tres precieux Dieu te vueille confermer et envoier congnoissance et sentir verité"
"5666v";"Alixandre, se tu puez muer la terre, l'yaue, l'air et la disposicion des citez de Perse, adonc acompli ton propos hardiement"
"1804";"Alla fin il Cardinal mor-o Portocarrero"
"1804";"Alla piccola operetta"
"1804";"Alla piccola operetta"
"1804";"Alle de doechden de op eetrike gheschien moghen secht Ambrosius"
"1804";"Alle die hem hebben daer toe ghegheuen"
"5666v";"Alle hoechtyt dagheplach die richter dem volc quyt te laten enen vanden ghevangenen"
"5666v";"Alle loenge du Peire, du Fil et du Saint Esperit qui sont trois persones et une seul deiteit, permanablement regnans en Terniteit, sens fin et sens comencement, au congiet dele tresbin euwireuse Virgene Marie"
"1804";"Alle menschen sphiegeln hem hier an want"
"5666v";"Alleluya die gheest des heren hevet vervullet den ommeganc der aerden"
"5666v";"Alleluya, alleluya, alleluya"
"1804";"Aller dat gescreuen is is tot vnser leir gescreuen ... Hijr om van geistliker wanderinghen"
"1804";"Aller erste alde wyset dich mynnede sele"
"5666v";"Aller hande weyßheit || Hait got an dry geleyt."
"1804";"Aller liebst wir die da doyn willen dat werdige gedechtneisse des heilgen Materns des eirtz busschoffs van Trier"
"1804";"Aller lieffste broeder wyr haen gehoirt dat do vnser here hadde yngeweicht dye sneede broitz"
"1804";"Allexander der pais besas de vunfde stat"
"5666v";"Allon ehm som thenna Cróneke lásande eller hórande wa/erdha,
ónskar jach Olavus Petri, predikere i Stokholm,
sanhetheness (!) kuunskaff. Guudh som all tingh haffuer
skapath mennyskyone till godho och gagn"
"5666v";"Allre suetste here Ihesu Christe myn ziele begheert dy te dancken ende te loven"
"5666v";"Almachtich ewich god die die aernsticheit der martelaren in dijns leviten Stevens bloede gheheilicht hebste wi bidden"
"5666v";"Almachtige ende ontfermhertige god ende hemelsche vader"
"5666v";"Almueghende god eewich uadere, ic dancke hu met al mijnder herten dat ghi mij aerme sondare veruult hebt"
"1804";"Alors que d'un discours hardy"
"1804";"Alre heilegen dach was geordineert om IV saken"
"1804";"Alre leifsten wir de da doyn willen dat wirdige gedeichtenis des hilgen Maternus"
"5666v";"Alre liefste broeders, gi hebt gehoert, dat die alre helichste connynge den heren gesocht heben vlitelicke …"
"1804";"Alre selen herdencken so viert men op desen dach"
"5666v";"Als Pieter sprac so viel die heilighe gheest op alle die gheen die dat woort hoorden"
"1804";"Als dat hegetjijde Sente Mathias an staende was, Die priesterschafft van Medenburch begerden"
"5666v";"Als dat hoichtijt van sante Mathias anstaende was, die priesterschap van Medenboirch begerden dat hoichtijt myt groitter eren to begaen …"
"1804";"Als dat ordel ys tzo ghan so scheidet sich die scharen"
"5666v";"Als de tijt anstont dat unse leve here der werlt verlosinghe doen wolde overmits den doet synes eghen lichams"
"1804";"Als der priester an den elter kumpt e he die myssa an heue"
"1804";"Als der pryester an den altare komete ee dan he de myße anhebet"
"1804";"Als dermynsche by geuaille of by euenteuren des nachtes wackerich wirt"
"1804";"Als du kumps in die kirche ind myssa horen woult"
"5666v";"Als ghi dan uwen god ende uwen gesontmaker ontfanghen hebt soe verbilde dy van sijnre groter mynnen"
"5666v";"Als ghi den wijn of die abluci ontfangheste so ghedencke des heren woert dat hi seiden: Neemt ende drinct"
"5666v";"Als ghi honze heere honfane hebt: [O] alre soetste troester Jhesu Criste, [di]e di ghewaerdich heues, [he]den te comen tot my (G)"
"1804";"Als gy den berch van caluarien visentieren wilt soe sult"
"1804";"Als ic peyns on des tyts onlancheit / End ic beuoele der natueren crancheit"
"1804";"Als lieb bi lieben yst so enweyß he neyt"
"1804";"Als manchman kumpt, da manchman yß, so enweyß manchman nyt wer manchman yß"
"5666v";"Als ons leve here quam gruetede Maria hem des morghens vrentlike ende vraghede hem of he oec den dach bi hoer bliven wolde"
"1804";"Als sich eyn mynsch quatlick geuoelt van der pestilencia"
"5666v";"Als sich im Anfang des 1778. Jahres ein Corps Oesterr. Truppen in Bewegung setzte ....."
"5666v";"Als unse leve here Ihesus syne leve hilghe apostelen vergadert hadde ende hem bevestighet in den rechten kersten gheloven soe hevet he se ghesent toe prediken"
"1804";"Als vnse here Jesus Christus godes sone komen wil tzo ordelende alle manes kune"
"1804";"Alse dat ordel is to ghan zo schedet zik de schare"
"5666v";"Alse gescreuen steit in Genesi in den xliii capittel, dat god sprack totten heiligen patriarke Iacob: Du en salt dy niet ontfruchten …"
"5666v";"Alse na dem ghemenen reghenvalle oft wolken, de umme sunde der menscheit"
"1804";"Alska, diligere"
"5666v";"Alsmen die mynste Jaren ons heren dat is diemen meer scrijft"
"1804";"Also broider Baptista van Salis mynner broeder orden"
"1804";"Also heylich ist der dag"
"5666v";"Also sal hie komen gelijck, dat gy oen ebt gesien opvaeren in den he-mel [Act 1,11]. Dese woerde staen geschreven in den boecke van den werken der apostolen in den irsten capittell..."
"1804";"Also sprichet der wyse Salomon sieuen stunt"
"1804";"Also steit geschrieben in dem eirsten buch der alden ee"
"1804";"Also steit geschrieben in dem eirsten buch der alden ee"
"1804";"Alsoe die diener sprac mijtter ewigher wisheit"
"1804";"Alsoe onse beminde ende gedeputeerden van den steeden, vryheden ende platten lande"
"5666v";"Alstu comes te gerechten, wilt mi niet verdomen, op dattie viant hem"
"5666v";"Alsus beginnet des bokes lop"
"5666v";"Altissima enim est professio."
"5666v";"Altissimo messer Federigo per la divina potenca re de Christiani"
"1804";"Ama mi e non fallire (Vers)"
"1804";"Amargas oras delos"
"5666v";"Ambrius l’avoit fait et mis la garison | Cant li rois l’esgardait, s’en ot compassion"
"5666v";"Ambulator geltari"
"1804";"Amen sprach dye loe zu dem samen komptz duo nyt zu myr, so komen ich zu dyr"
"1804";"Amie de dieu fille et espouse violette"
"1804";"Amor cecho colei"
"5666v";"Amor dominum nescit."
"1804";"Amor ecco collei (Magnificat). Lasso"
"1804";"Amor me tint amor me lie"
"5666v";"Amor tu dai dolce et sichura vita"
"1804";"Amour je te confie aujourd'hui ma franchise"
"1804";"Amour par sa seule gräce"
"1804";"Amour, peut tu souffrir, qu'un insolent cousin"
"1804";"An dem tage aller gleubigen selen da sach eyn mensche"
"5666v";"Ancelmus, die ertsche busschoff van Cantelenberge ende der engelscher lude hyrde, heil ind ewige benedixe in dem heren. Die ersamiche ontfennysse der moder gotz ende maget Marien, alre gemynste broder, mois hoeren ur liefde mych vezellende. Sicher in der tzijt, dat behagede der gotlicker goedertierenheit zo corrigieren dat engelsche volck van iren quaden …"
"5666v";"Ancorche tra le operationi de gli huomini quelle siano piu degne di lode."
"5666v";"Andando il detto papa Bonifatio un di aspasso per l’abitatione sua"
"5666v";"Anderai in luogo aperto accio possi vedere tutte le quatro parti del mondo et ivi elegite un luocho e quello nettalo et poliscalo"
"5666v";"Ane hülpe undt Gnade deß Herrn."
"5666v";"Anfang: Es rieth ein Turck aus Turckenlandt."
"5666v";"Anfang:Laudabile fuerit eorum institutum nec ne."
"5666v";"Anfangs soll ein Jeder Haußvatter denn // Allmechtigen vnd Barmherzigen Gott von // ganzen herzen bitten, das Er Ihne ßein // Göttliche Gnadt wolle verleihen ..."
"1804";"Ange de dieu, que mas engarde"
"5666v";"Anglorum Regi tota scripsit scola salerni."
"5666v";"Anglorum regi scripsit scola tota salerni."
"1804";"Anguien se promenant sur le bord de la Seine"
"5666v";"Anno domini millesimo Quadringentesimo sexagesimo quinto jn die purificacionis beate marie virginis facta est congregacio."
"5666v";"Antiqua patrum traditione."
"5666v";"Apocalipsis liber ultimus est librorum."
"1804";"Apollon -etonne plus qu'un fondeur"
"1804";"Apomnemoneumata ek diaphorôn poiêtôn"
"1804";"Apres la saincte Agathe primae lunae queyons"
"1804";"Apres la sainte passion de Ihesus Crist a lascension"
"5666v";"Apres le temps du Roy artus et des compaignons de la table ronde"
"1804";"Apres lepiphanie prend (Vers)"
"5666v";"Apresso si fara mentione di dodici inbasiadori fiorentini mandati"
"5666v";"Apresso si schriverra gli huomini di Fucecchio che furono sindachim"
"5666v";"Aprez avoir veu et ouÿ l'honorable pompe fenneraille de l'obsecque et conduicte du corps de la noble royne"
"5666v";"Aprés avoir, Madame, mes esperitz en divers lieux estendus"
"5666v";"Aprés ce que j'ay leu et releu et pourveu par maintes fois es livres qui sont es aumaires de monseigneur saint Denis en France"
"5666v";"Aprés la saincte passion Jhesu Crist a l'ascencion, quant il fu au ciel monté, furent aucuns de grant bonté"
"5666v";"Aprés lx ans que Jhesu Crist fut mis en croix en Jherusalem, Vaspasien, filz de August Cesar"
"1804";"Apri quell' vocio, o Prencipe, che sei"
"5666v";"Apriés ce que nos avons dit del dounement dou cuer, si volons dire de l'eslevement"
"5666v";"Apriés le traitié de l'aouvrement dou cuer deviset en moult de manieres, traiterons de l'estaublitet dou cuer "
"5666v";"Apriés le traitié de la preparation del cuer si traiterons de la garde dou cuer"
"5666v";"Aqua amente sint sunderlinghes gud"
"1804";"Aquel ardiente fuego"
"5666v";"Aratus patrie quidem est."
"5666v";"Arcatonio griditano octanta anni la sua patria resse"
"5666v";"Archengel Mychael des oversten conyncks andencken in onsen gebede... biddet got voer onse onsaligen"
"5666v";"Archiepiscopus Achervntinus habet suffraganeos."
"1804";"Archómenos gaîán"
"1804";"Are bemy cefaut desolreut"
"1804";"Aria de uno sonetto (Magnificat). Lasso"
"5666v";"Aristoteles ... hat ... auch die kunst wie man gruntlich von einer ieden sachen sol reden oder schreiben an tag gegeben."
"5666v";"Arma Virumque Cano Straßburgs qui moenia schützet. Bl. 14'. Auctor Creditur V Franck"
"5666v";"Artem memoriae amici optimi magni momenti esse."
"5666v";"Artemisia: Beifuß, absinthium: Wermut"
"1804";"Arthimisia byfuyß vnd ist eyn muter aller wortz"
"5666v";"As dar die ellef iongeren aten"
"1804";"As mourns the sad turtle when left by her male"
"1804";"As the most holy sacrifice of the mass"
"5666v";"Asamoneus ex tribu iuda genuit Simeonem."
"5666v";"Aschiburgum ail Iohannem Suicardum Archiepiscopum Moguntinum Electorem venimus."
"5666v";"Assiduis peticionibus me ... compendiose morborum signa causas et curas in scriptum redigere cogitis ... . Diuiditur autem iste liber in Vque particulas quarum prima de signis et causis et curis egritudinum vniuersalium tractatum continet et de exterioris corporis passionibus .... Quinta de febribus."
"5666v";"Assiduus labor est monachis nunc dogmata Christi."
"1804";"Astre qui de la vie es la source fecunde"
"5666v";"Au commencement celui Dieu tout puissant crea le ciel et la terre, la mer, les eaues"
"5666v";"Au commencement crea dieu le ciel"
"5666v";"Au commencement, si comme l'escripture tesmoigne, Dieu crea ciel et terre, selon les docteurs et les sains, en une masse confuse"
"1804";"Au fabuleux cheval, qui servit -a Pers-ee"
"5666v";"Au lieu du prince de Clermont"
"5666v";"Au temps que voulurent les Grecz passer en Asie pour Helene, femme de Menelaus recouvrer"
"5666v";"Au tens Trean l’ampereus que deables avoit grant force et grant pooir"
"5666v";"Au tres reverend, le tres reverend pere Baltus de la Compagnie de Jesus, recteur du colege de Metz. Permettes, s'il vous plait, mon tres reverend pere, qu'ayant recours a vous je me flatte et j'espere"
"5666v";"Auctionor: -aris, id est mercari ... Kaufmannsschatz treiben"
"5666v";"Audi fili monita patris tui et inclina."
"5666v";"Audi filia et uide et jnclina."
"5666v";"Audite somnium quod vidi. Ces parolles sont escriptes genesiis xxxviii capite"
"1804";"Augustijnus Heer salich is hi"
"5666v";"Augustinus ... Macedonio ... salutem. Negociosissimum."
"1804";"Augustinus: die des nijet werdich en is"
"1804";"Auiaðc cie deus vos alðca"
"1804";"Aujourd'huy chacun se demande"
"1804";"Aurum musicum: Nim eynen fyrdynet lb. quicksylbers vnd hytz den"
"1804";"Aurum sol kat eidi"
"5666v";"Ausculta o fili precepta magistri."
"1804";"Autorizo alias et autoro"
"5666v";"Autre fois sur le haut du jour"
"5666v";"Aux nobles qui aiment Paris, Ou les biens ne sont pas taris, Vueil recorder s'il vous agree, Comment la cité fu fondee, De quelle gent n'en quel tempoire"
"1804";"Avant que de partir de cette auguste cour"
"5666v";"Ave Ihesu Christe, verbum patris, filius virginis"
"5666v";"Ave Maria, in nomine sanctae et individuae Trinitatis, Patris et Filii et Spiritus sancti, amen, amen. Met ton cueur, ton corps, ta pensee et toute ta science a amer, a congnoistre ton Createur, si tendras moult haulte sapience"
"5666v";"Ave Maria, ou terme disolu que toute joie fu tournee en douleur"
"1804";"Ave dines großen leyde do du dich must scheyden"
"1804";"Ave du bist ein wort durch grindett suß"
"1804";"Ave got grusße dich reine mait groß loip"
"1804";"Ave pretiosum corpus Domini ... Je vous salue et cry mercy"
"5666v";"Ave tres doulce vierge Marie, mere au doulx sauveur Jhesu Crist, et royne glorieuse fontaine de pitié, flour de bonté"
"5666v";"Ave vierge Marie, je vous deprieray Parfaitement de cuer, mercy je vous crieray"
"5666v";"Ave virge Marie je vous salueray Et en l'honneur de vous je m'agenoilleray Jointes mains a genoils mercy vous crieray"
"5666v";"Ave, heilichste moeder ende maghden Maria, om dar swaert des rouwen, dat dijn heilige siel duerghinc"
"5666v";"Ave, tres doulx sauveurs, glorieulx roy souverain sus tous aultres, roy et seigneur sus"
"1804";"Avec raison, Seigneur, votre äme est alarm-ee"
"1804";"Avecque vous (Missa). Lockenburg"
"5666v";"Avertissement. Cet ouvrage est un manuscrit des trois reformateurs et le même qui fut vendu a Frankforth sur Main l’an 1706 ... Chap. 1. De Dieu. Quoiqu’il importe ....."
"5666v";"Avint le temps que Dieu donna a l'empereur Vaspasien une maladie qui s'appelloit chancre"
"1804";"Ay ay fortuna cruel"
"1804";"Ay demi que muero"
"1804";"Ay demi sin ventura. Navarro"
"1804";"Ay luna que reluces"
"5666v";"Ayés tousjours en memore (V)"
"5666v";"Babst. Frewet eüch Jhr Cathollischen in dem herren Derselb ist mit vns."
"1804";"Balasteme pastora"
"5666v";"Bartholomeus Facius Johanni Jacobo Spinole. Memini Johannes Jacobe generose dum mecum."
"5666v";"Basilius Gregorio salutem. Agnoui litteras."
"1804";"Bataves, vous venez de triompher encore"
"1804";"Bavi-ere en une nuit livre les Pays-Bas"
"5666v";"Beata, intemerata et in aeternum benedicta singularis atque in incomparabilis Maria... En l'an de l'incarnacion Jhesu Crist mil ccc et xl. que Benedit fu de l'ordre des Citeaux estoit pape de Romme"
"5666v";"Beati mortui qui in domino moriuntur – (Apc 14,13) Der mensch sol siben dinc tuon daz er wol sterbe"
"5666v";"Beati quorum remisse sunt. Beneurez sont ceulz a qui leurs felonnies et iniquitez sont pardonnees et les pechiez desquieulz sont remis et couvers"
"1804";"Beau sein, belle bouche d'yvoire"
"5666v";"Beaux filz, Patrice, saiges de tous languages, trouva en Grece repost ou temple du soleil que Esculapides avoit fait faire le Livre des secrez Aristote, et le translata de grieu en caldeu"
"1804";"Beaux yeux, encore que vous soyez"
"5666v";"Bedinde van Jhesum Christum."
"5666v";"Bedinghe tot den almoghende god."
"5666v";"Bedinghe van Maria."
"1804";"Bekere uuel fiundo minon"
"1804";"Bella di virt-u, o sorella Viera"
"1804";"Belle Iris, tant d'amour de peine et de constance"
"1804";"Belle mignone de Scaron"
"1804";"Belles qui couronnez cette illustre barriere"
"1804";"Benche io con nome di pigritia"
"1804";"Benche mesto languente e semivivio"
"5666v";"Bendicta sea la hora en que quiso nascer dios y ombre"
"5666v";"Benedictus dominus"
"5666v";"Benedictus dominus deus: Gelobt sei der herre got"
"5666v";"Bense savio di tale cosa adimandi"
"1804";"Berch groyn saltu vurhyn gar wal suberen"
"1804";"Bernardus seijt Leert v seluen kennen dat is v nutter"
"1804";"Bernardus sprict: het is een groete selicheit dencken op dat lijden ons heren"
"5666v";"Beter is de doth alse ein bitter levene"
"5666v";"Betiche que je vous di"
"1804";"Bewar din hertz zu aller zyt want alle dyne selicheit"
"5666v";"Bey jeden Fürstl. Amte und sonst Adelichen Häusern ...."
"1804";"Biaus filz Jhesu en croix te uiox"
"1804";"Biaus sire anos ne se praint nuns"
"1804";"Biaus sire deus ie uos requier ke uos aiez mercit de moi"
"1804";"Biaus sires diex omnipotens, si o je croy vraiement (Vers)"
"1804";"Biaus sires diex, filz a dieu le pere, qui recomandes ta douce mere"
"5666v";"Biecht sonder rou : trou"
"5666v";"Bien celer bien soyés venu Chappelain du manoir d'amours"
"1804";"Bien heureuse est la constellacion"
"5666v";"Bis sex signiferae numerantur sidera sphaerae."
"1804";"Bismi-llahi-r-rahmani ..."
"5666v";"Bl. 20′. Πᾶσι μὲν οἷς γέγονε διὰ σπουδῆς."
"5666v";"Bl. 34'. Tuus Kataldinus de Boncompagnis. In Laribus propriis apud vissum in lapidea regione conscriptum."
"5666v";"Bl. 4: Laus Deo Anno Domini Saluatoris nostri Jesu Christi ... 1621. Praxin. Receptam Domini Magistri Peterlini. 1. Januarij."
"5666v";"Bl. 8: Cornelii Taciti de origine et situ germanorum // Germania omnis a gallis raetiisque et pannoniis // rheno ac danuvio fluminibus: a sarmatis dacisque // ..."
"1804";"Blech van zien vnd due dem als der groynner farben"
"5666v";"Blitschop der blytschoppen ende vroude der vrouden sy dy o werdige moder gotz"
"1804";"Bon dieu, que la Sorbonne est riche"
"5666v";"Bonne est la peine ou l'en apprend / Si euz cause de l'avoir cher / Mais il fut temps d'aller coucher"
"1804";"Bons amis, comme nous sommes aujourd'hui"
"1804";"Bons fut li secles al tens"
"5666v";"Bonus est deus et dignis."
"5666v";"Bonus homo de bono."
"1804";"Bratr Ambroz twenn darky"
"1804";"Broeder Heynric van Vrelant settede ses trappen om bitecomen totten warachtigen Salomon Jesus Cristus"
"1804";"Brueders sijt wetende dat nv die vre is ons van slape"
"1804";"Buona masara ad altro si dicierne"
"5666v";"By den cruce Ihesu stont Maria de moder syn ende de iungher de he lef hadde"
"1804";"Byzwortze ist gut vnd wesset in deme walde"
"5666v";"C' est une jeune Dame de 16 ans ....."
"5666v";"C'est a dire de la guerre des Romains contre ceulx de Cartage"
"5666v";"C'est a savoir que si tost com en s'esvoille aprés la mienuit, a queile [houre] que se soit"
"5666v";"C'est chose proufitable et qui aux roys est moult delectable en France de savoir et congnoistre les haulx et vertueux faiz"
"1804";"C'est en vers que je vous -ecris"
"5666v";"C'est la significacion des quatre euvangelistes, pourquoy il sont transfigurez a soustenir
la deité et lez quatre prophetes qui sont avecquez eulx. Premierement saint Mathieu et Ysaïe le prophete sont emsemble"
"5666v";"C'est li tempores de renovation ou de revocation"
"5666v";"C'est ly prologues du livre de bonne vie. Ave Maria, ou nom de Dieu, Amen, cy commencent les merancolies de Jehan du Pin sur"
"1804";"C'est par moy que les Rois ont de si longues mains"
"1804";"C'est vous, brave Louis, dont le ciel"
"5666v";"CIRculus ecentricus uel egresse cuspidis."
"1804";"Caeli enarrant gloriam dei. De hemmel verkündeghen de ere ghades"
"1804";"Caffil olma aths goesingi halinga bak oeleni gore (Vers)"
"5666v";"Camisia vel stamisia hemd"
"5666v";"Canities - grawi"
"1804";"Cantando de la dulðce"
"5666v";"Capitoli del primo libro"
"1804";"Car il deffault"
"5666v";"Cardiata passio vocatur Krankhait; Syncopis umacht"
"5666v";"Carinus ende Leuncius, des olden Symons kynder, die sin myt Christo vpuerresen …"
"1804";"Caritas de Deo - (Rm 5,5) unde Johannes: Deus Caritas - (I Io 4,8) De leifte is van Gode"
"5666v";"Caritatis tue scripta percepi."
"5666v";"Carlos Monarcha de dos no de un Mundo."
"5666v";"Carmina qui quondam studio florente peregi... Je qui sueil ditter et escrire"
"5666v";"Carolus rex francorum .... Albino abbati .... Peruenit ..."
"5666v";"Casto – in gioventu. Allegro – in veccieca"
"5666v";"Causa diligendi deum deus est."
"5666v";"Ce fu un jor de feste saint Martin Que li franc dus se leva par matin Vait oïr messe au mostier Saint Fremin"
"5666v";"Ce jour presens des Innocens Monstrerons comment hor du sens"
"1804";"Ce n'est donc pas assez pour estre aim-e"
"1804";"Ce n'est pas la premiere fois"
"1804";"Ce n'est pas une presomption -a un homme"
"5666v";"Ce premier chapitre sera a savoir que cest de commettes, de quelle matiere sont les commettes et autres estoiles courantes et de quelle figure elles sont"
"1804";"Ce qu'on veut n'a qu'une silabbe"
"1804";"Ce que tu dis, chacun le sðcait"
"5666v";"Ce sont les trois vendredis ainsi comme on dit que quiconques les jeunera en pain et en eaue, le diable ne saura riens de sa mort. Le premier est le derrenier vendredi de mars"
"5666v";"Ce sunt li article de la foi crestienne que chascuns crestiens doit croire fermement"
"5666v";"Cecilia die een seer scone maghet was ende van edelen gheslachte der Romeynen gheboren"
"1804";"Cent mille escuz quant je vouldroye"
"5666v";"Certes, je doubte fort que aucuns ne audent moyen suivir trop les choses"
"5666v";"Certum est siue sumus in principio uoluminis."
"1804";"Cessin le deplorabili memorie"
"1804";"Cest la preseruacion de ipidemie minucion"
"5666v";"Cest regne contint tut Essex e Middelsex"
"5666v";"Ceste oroison si est pour prier nostre dame qu’elle nous sequeure"
"5666v";"Ceste presente legende de nostre pere sainct François a esté composée en latin mont, elegant et bien aorné"
"5666v";"Cette estampe semble faire allusion principalement au Dechet du Commerce de la Grande Bretagne."
"5666v";"Cezarius, die beschrivet van enen monick, die lach op eenre nacht op den dormpter..."
"5666v";"Chant des oyseaux ne nullez joye Si ne m'y peult reconforter"
"5666v";"Charles par la divine clemence empereur des Romains, roy des Allemaignes, des Espaignes etc. A vous Françoys, par la grace de Dieu roy de France, faiz sçavoir comme Guyenne, vostre herault"
"1804";"Chaste fille du ciel, remplissez nos d-esirs"
"5666v";"Che e il mondo? Sicondo risponde e dice che il mondo e uno cerchio che si volge"
"1804";"Che moneta siragonano jnpm terre"
"5666v";"Che troppo e folle chi contende di passare la dove vede"
"1804";"Chest la maniere de faire lemplastre de gennes"
"1804";"Chi apres pourez cougnoistre les maulx estans en corps"
"1804";"Chi commenche vn traittres de auwes qui sont extraittes"
"1804";"Chi commenche vn viuendier"
"1804";"Chi commenche vng liure que Ypocras enuoya a Cesar"
"1804";"Chi commenchent les medecines qui maistre Alle de Brandis"
"1804";"Chi curioso vuol sapere"
"1804";"Chi la vuole con Coscia e chi con Fini"
"1804";"Chi no s'usa de zove"
"1804";"Chi passa per questa strada"
"1804";"Chi resister potrio"
"1804";"Chi resister potrio. Majo"
"1804";"Chi se fida in Griego, ne ha il suo seno integro"
"5666v";"Chiarssimamente chi in iudicio me adpella"
"5666v";"Christe die du byst dach ende licht"
"5666v";"Ci commence la loange s. Jehan l’euvangeliste et le primier chapitre de la dignité de son lignage. Devant toutes choses qui veult bien saint Jehan apostre et euvangeliste loer"
"5666v";"Ci doit on savoir que j'ai translaté les livres historiaux de la bible selon le tiexte de la bible et selon histoires les escolastres si com devant est dit"
"5666v";"Ci faut li Roumanz de la rose Ouquel pour voir bien dire l'ose Ou l'art d'amour est toute enclose Mes il a bien mestier de glose"
"1804";"Ci rapi l'esterno Iddio"
"5666v";"Ciascuno chel corso della Luna vorra sapere"
"1804";"Cielo! Che mi chie dete?"
"5666v";"Cil fableaus dit seigneurs barons Que jadis furent .III. larrons"
"5666v";"Cil ki poi set et poi aprent Petit gaagne et petit prent Ne ne puet monter en grant pris"
"5666v";"Cil qui ceste euvre commence a tous ceulx qui ceste histoire liront, salut en nostre seigneur. Pour ce que pluseurs se doubtoient de la geonalogie"
"5666v";"Cil qui se tient et juge au plus peceor de tous"
"5666v";"Cil qui se tient et juge au plus petit"
"1804";"Cinq ou six mois apr-es sa nopce"
"5666v";"Cirania nominata cipta di Spagna duramente ritenne l’armi"
"5666v";"Circa breuem materiam cognationis spiritualis."
"5666v";"Circa lecturam arboris consanguinitatis hoc ordine."
"5666v";"Circa materiam reconuentionum queram."
"1804";"Cisio ianus epy prisca fab"
"1804";"Cl-ement neuf par la providence"
"1804";"Claudine s'informoit du m-edecin Hilaire"
"5666v";"Claudio Nerone consolo romano che ando contro ad Asdrubale cartaginese"
"5666v";"Cleder ut unde cleder an eten drinken unde"
"5666v";"Clerus et presbyteri nuper consedere."
"5666v";"Clerus et presbyteri nuper consedere."
"5666v";"Coemt behouder ende ghetrouwe verlosser"
"5666v";"Coemt edel vrucht, soen der sueter maghet Maria"
"5666v";"Coemt hemelsche suete heilige gheest die den diepe afgront die met te gronden is"
"5666v";"Coemt laet ons aenbeden den heer den coninc der coninghen"
"5666v";"Coemt mi te hulpe bid ic u alle heiligen"
"5666v";"Coemt mi te hulpe bid ic u alle heiligen"
"5666v";"Coemt o suete, ghebenedide, weerde, heilighe sacrament een troest mijnre armer sielen"
"1804";"Colation faite a Monpellier des maistres en medechine et en astronomie pour resister"
"5666v";"Columba taube; turtur turteltaube"
"5666v";"Com, bruet Cristi, ontfanc de croene, de di de heer bereit hevet"
"5666v";"Combien que a ce premier traictié parlant des noms des navires, des forces et des pays ou en use des formes des armemens et advitaillemaens d'iceulx"
"5666v";"Combien que je ne vaille pas a applicquier mon freille entendement"
"5666v";"Come Attila flagellum Dei nacque et a che modo venne al mondo"
"5666v";"Come il ensi que la terre seinte d'outre mer, c'est assavoyre la terre seinte que home dit la terre promissioun"
"5666v";"Come io saro dinanci al canpo de’ nemici"
"5666v";"Come per altra aurete inteso ieri consignai castellecto"
"5666v";"Come vedi fare al tuo vicini cosi adpara"
"1804";"Come! Oh carro imperial papa sar-a"
"5666v";"Comen is het unde droghe, he vordrift de bozen winde des maghen"
"5666v";"Comm' il n'y a rien de plus necessaire que d'accorder."
"5666v";"Comme Alixandre envoia une espitre a Aristote pour avoir conseil se il occiroit ceulx de Perse. Tres noble seigneur de justice, je signifie a ta prudence que j'ay trouvé"
"5666v";"Comme Aristote envoia a Alixandre une espistre en soy excusant qu'il ne povoit estre avecques lui pour sa vieillesce"
"5666v";"Comme ainsi soit que es oeuvres de misericorde chacun soit obligié a acomplir, moy frere Jehan de la Tour"
"5666v";"Comme au second livre d'icelles Cronicquez il est recordé comme pape Gregoire XIe de ce non, lequel en se temps tenoit le saint siege de Romme en la cité d'Avignon"
"1804";"Comme femme"
"1804";"Comme femme"
"1804";"Comme femme"
"1804";"Comme femme"
"5666v";"Comme fortune parverse / M'ait esté long temps diverse"
"5666v";"Comme il foit dit par le philosophe, que practicque soit la seconde science"
"5666v";"Comme il soit ainsi et chose toute aprovee comment le pape saint Gregoire requist a nostre seigneur qu'il luy plesist de sa douce misericorde a delivrer l'ame d'un sien ami"
"1804";"Comme j'etois dans mon jeun age"
"5666v";"Comme le livre fu trouvé en Grece et translaté de grieu en caldeu et de caldeu en arrabic et d'arrabic en latin"
"5666v";"Comme li tres beneaiz sainz Loys jadis nobles roys de France, en usant des petiz cours de ceste vie"
"5666v";"Comme soit ainsi que au jour d'huy"
"5666v";"Comme une des principales perfections du Souverain ......"
"5666v";"Comme vacquoit nagueres la saincte empire de Rome par le decéx de feu tres heureulx aggreable et tres puissant prince Maximilien feu empereur"
"5666v";"Comment il soit ainsi que pour le temps que saint Gregoire pape de Rome chantoit la messe en l'eglise de saint Aviz"
"5666v";"Computo e scientia di certificare el tempo sicondo i progressi cioe corsi"
"1804";"Con devoðcion e'sta. Lobo"
"5666v";"Confiant de la benignite monsieur sainct Hierosme a la louange duquel ay entreprins escripre"
"1804";"Confide filia - (Mt 9,22) Dochter betruwe, dyn gelove hevet dy gesunt gemaket. De hylge Evangelista scryveet uns, dat unse leve Here Jesu Christus to einer tyt"
"1804";"Confident d'un illustre maître"
"5666v";"Confortamini."
"5666v";"Consideranti mihi et peruidenti."
"5666v";"Consilium de mala disposicione cerebri et pectoris cum suspicione ptisis. Jam paulo ante disposicio quedam."
"5666v";"Constitueram ... nullo pacto huic me orandj officio."
"5666v";"Contra das gicht. Nimm ein erdapfel, schneid den oben auf"
"1804";"Contra fluxum ventris nempt tesschellers cruyt (2 Rezepte)"
"1804";"Contra fluxum verripe gamel, garbe, salboam"
"5666v";"Contra messiam uiolenti prelia caci."
"5666v";"Contra uetustam duritiam iudeorum idcirco nunnulli."
"5666v";"Contre briseure de jambe ou de bras, prenez consoude mineur qui a rouge la fleur"
"5666v";"Contre gravelle, prenez la racine de gencianne menue"
"5666v";"Contre le dolour delle chief recipe polioul"
"1804";"Contre nos d-eplaisirs nous ne trouvons point d'armes"
"5666v";"Contre toy fortune doloreuse et despit Angoisseuse maleureuse et despit Et en tes faix marvelleuse et soudainne"
"5666v";"Cornelio Scipione in far la pace e posto in tua liberta"
"5666v";"Cornelius bedudet verstaende …"
"1804";"Corpio ist eyne suchte da von komet iz vil dicke"
"1804";"Cos' hai marforio? Immerso tr-a pensieri"
"1804";"Coscia permezzo mio, sagro collegio"
"5666v";"Cotale e l’amore nelle cose"
"5666v";"Credere in deum est."
"5666v";"Credere iubemur."
"5666v";"Credimus in deum patrem omnipotentem."
"5666v";"Cristus Ihesus unse beholder bevet hem selven om unsen willen vemedert totter doet des cruces"
"5666v";"Cristus heeft hare sonden ghesuvert ende heeft haer hoorne verheven in ewicheit"
"5666v";"Cristus is ons gheboren, coemt ende aenbeden wi hem"
"5666v";"Cristus is ons gheoepenbaert, coemt laten ons aenbeden"
"5666v";"Cristus, onse lieue here, is geoffert worden to desen paschen … [vgl. I Cor 5,7–8]. Dese woerde sint des heligen apostels sunte Pauwels. In welken woerden wy vier punten merken sullen …"
"1804";"Cruel astre flamboyant sur nos provinces"
"5666v";"Crystüs ys opverstaenden van der doot ende en stertt"
"1804";"Cuens, je vous part un gieu par aatie"
"5666v";"Cum a me peteretur ut hodierno die concionem haberem apud uos."
"5666v";"Cum appropinquasset Jesus .... Omelia. Domine Jesu Christe qui pro nobis uenisti in carnem."
"5666v";"Cum cohibere parat Gallos quas conglomerarat."
"5666v";"Cum diu gens longobardorum infidelitatis sue tenebris."
"1804";"Cum factus - (Lc 2,42) Man lijset in dem Ewangelio "do vnß herre zwelff jair alt wart ...""
"5666v";"Cum non ingenij fiducia, aut meo aliquo consilio."
"5666v";"Cum omnis Germania his temporibus in varios Principatus sit diuisa."
"5666v";"Cum plures libelli super causarum exercitiis a predecessoribus nostris facti fuerunt."
"5666v";"Cum plurimi ex his qui immortalem."
"5666v";"Cum surgit. Also Cristus upstunt ute deme ghrave"
"5666v";"Cupiens loqui de conversione illius gratiam invoco, qui loquitur pacem in plebem suam …"
"5666v";"Cus le filz Ch. filz de Noel eust ung filz Nembroth le jayant, ainsi l'appellent les Escriptures"
"1804";"Cy apres senssuit la maniere de faire lemplastre ... grace dieu"
"1804";"Cy apres sensuit vne notable recete ... pour le roy de France (Rezept)"
"5666v";"Cy commance moult belle et moult noble et moult devote matiere"
"5666v";"Cy commence d'altruit"
"5666v";"Cy commencent les dix commandemens de la loy. Le premier est tel : tu n'aras mie divers dieux"
"5666v";"Cy commencent les histoires de ceulx qui regnerent apprés le deluge et qui furent ceulx qui premierement habiterent es terres qui sont devisees en trois parties."
"5666v";"Cy commencent les rubriches du Ve livre"
"5666v";"Cy commencent les sept dons du saint espirit. Et premierement. Le don de sapience, le don d'entendement, le don de conseil, le don de force, le don de science, le don de pitié, le don de la paour de Dieu. Et premierement. Le don de sapience est un don espirituel que li saint espirit donne au cuer"
"5666v";"Cy dessoubs est lintitulation de ce present livre"
"1804";"Cy fault li romans de la roze"
"5666v";"Cy finissent les rubriches des altruit maxime, lequel coufrent en livres tant la premier translation, laquelle commenta maistre Simon de Hesdin, maistre en theologie et recteur des hospitalis de Saint Jehan de Heloy, comme de la nouvelle parfete et acomplie par monsieur Nicolas de Gonvesse, maistre et arts et en theologie"
"1804";"Cy sensient les iiij humeurs qui sont de iiij compleccions"
"5666v";"Czwisschen den purgern von Jerusalem vnde czwisschen den puergern von Babilon ...."
"1804";"D'o-u vient ce changement dans un climat"
"5666v";"D'un moigne vos dirai la vie Segrestein fu d'une abeïe"
"5666v";"D'un vilein cont et de sa fame Une molt orgeilleuse dame"
"1804";"D'ung aultre amer. Agricola"
"1804";"D'ung aultre amer. Agricola"
"5666v";"DEm Aller liebsten etc diß Buch wirt getailt in zwai stück das erst ist Ain vorrede in dem Andern Stück vahet der maister an da von er zusagen mut hat."
"5666v";"DIxit aggregator huius operis postquam ego collegi."
"5666v";"DOmino suo venerabili et fratri Raymundo dei gratia Tholetano ... MOdo autem Reuerende mi domine quantum a paruitate mea."
"5666v";"DOmino suo venerabili et fratri in domino R dei gratia coletano comiti ... Modo autem reuerende domine quantum a paruitate nostra."
"1804";"Da che rimbomba a pr-o di Carlo armato"
"1804";"Da in dat wir dry dynck soillen myrcken: Zo dem eirsten wie wir vns bereyden soillen zo deser heilger zyt"
"1804";"Da in dat wir dry dynck soillen myrcken: zo den eirsten die offenberliche zeichen syner zo kunfft"
"1804";"Da in soillen wir dry dinck myrcken. Zo dem eirsten die groisse barmhertzicheit gotz"
"5666v";"Da poi che morte triumpho nel uolto"
"5666v";"Da poi che sotto il ciel cosa non uidi"
"5666v";"Da questo aspeto dal habito, del mio parlare."
"5666v";"Dadi xvi di Dicembre pro in fino a di xvi di Giugno ogni di due momenti"
"5666v";"Daer na suldi woert gaen om uwen here uwen god te ontfangen mit groter reverentie ende mit ynnighe begherte"
"1804";"Dalla spelonca spaventosa et orrida"
"1804";"Dalle ripe di Stigie, ov' e' soggetto"
"1804";"Dame de bone meniere neceuez nostre preiere"
"1804";"Dammi Apollo il tuo adjutorio"
"1804";"Dammi Apollo il tuo adjutorio"
"1804";"Damoiselle"
"5666v";"Daniel un saint hom | Troua ceste raison. | Tesmoignant salemon | Ne dist mot sevoir[!] non."
"1804";"Dans ce lieu bienheureux o-u tout plaisir"
"1804";"Dans l'empire d'Amour un desordre s'est mis"
"1804";"Dans l'excez rigoureux du malheur"
"1804";"Dans le d-eplorable estat"
"1804";"Dans un de ces beaux jours de printemps"
"1804";"Dans une chambre des enquestes"
"5666v";"Dante Alighieri di patria celeste"
"5666v";"Dapoi che socto el cell cosa non uidi"
"5666v";"Dappo che morte trionpho nel uolto"
"5666v";"Dar na dat du merkest, dat din alder leveste leff vorscheden is"
"1804";"Dardanio con el cuento"
"5666v";"Dario re d’India fe uccidere Dimagoro"
"5666v";"Das Doctor Martinus Luther // heyliger vnd sehliger gedechtnis, Inn // diesen letzten Zeiten von Gott son // derlich erweckt ..."
"1804";"Das alle meister weren hyer van Paryß van Monpelyer"
"5666v";"Das erste Capitel. Vom Leben deß Menschen ingemein. Es wehre lächerlich und vergebens, wenn man wolte von der Ehe, Reichthumb ...."
"1804";"Das erste von der gotlicher vermanunge. Daß erste czeichen der gotlicher vermanunge"
"5666v";"Das in 9. Erb- oder dem Landsherrn unmittelbar unterworffene Fürstenthümer ......."
"5666v";"Das soll auch den Kindern bleiben. George Schreiber dein Vater. Ist mein Erstes Buch."
"5666v";"Das weys man wol, daz ein iklich orden gut ist."
"1804";"Dat Ierste Artikel van der passien ons liefs heeren Jesu Christi was die groote droefheijt"
"5666v";"Dat cruce dat ghy schuldych synt te draghen"
"5666v";"Dat eersamige choer der profeten, dat wel eer voersade vervolt"
"5666v";"Dat eerste point es dat hem god verleent sijin nodourft van siine lichame"
"5666v";"Dat eirste deil deser cronen offer ick dy wtvercoren heilige apostel Petrus toe lave ende toe eeren der sonderlinger wtverkiesinge"
"5666v";"Dat geschach to eenre tijt in enen advente voer kersnacht eens morgens vrůe dat een mynsch wart vermaynt"
"5666v";"Dat gloriose hoechtijt des tegenwaerdigen dages, in welken Anna, die moder Maria, die winster des heren, van der erden ginck totter blijtschap des ewigen leuens …"
"5666v";"Dat herte der yunggen ys als een tafele dye unbeschreven is"
"5666v";"Dat hoichtitlicke vroelicke thoer der heiliger kercken synget Franciscus allelua"
"1804";"Dat j dat he by zwen off zo leste by eyner wechen vur der intfangyngen"
"5666v";"Dat kynt dat ons gheboren is is meerre dan een propheet want"
"5666v";"Dat liden onses leven heren als de lerers seggen hevet vier maneren van werdicheit. Dat eerste dat is dat tet liden ons heren ons also eyghentlike werden mach"
"1804";"Dat riche goitz is in vch sait der here richt dich vs allen hercen"
"5666v";"Dat rijc der hemelen ende alle die vrucht des paradijs hebdi verwonnen doer die vruckt dijns lichaems die gloriose maget Maria"
"1804";"Dat rycke gades is in v', secht die here. Kiert di wt alle dynre herten"
"1804";"Dat selue dat ir gedain hait eynen van mynen mynsten broederen"
"5666v";"Dat waren twie broeders in oiren proeuel iaer van der orden sunte Bernardus, die sonder orlof van sympelheiden wt den cloyster gingen, om to spoelen ende to (62va) baeden …"
"5666v";"Dat was een devoit man een cappellaen ende hie en konde anders gene mysse dan van Marien onser liever vrouwen"
"5666v";"Dat was een helich vader, die Probus gehieten was …"
"5666v";"Dat was een ridder, die seer deuoet was Marien, onser lieuer vrouwen, ende die seer gerne terneyen vuer …"
"1804";"Dat was ein guet preister. Dese stont toe ener tyd ende las Misse"
"1804";"Dat was ein junck clerck, de hadde grote ynnicheyt to unser leven Vrouwen"
"1804";"Dat was ein junghelinck, de seer schone was ende ryke ende mechtich"
"5666v";"Dat ys unsen lyeven heren offerhande te doene"
"1804";"Datum anno domini XL jare na godes dode da wart Iherusalem gewonnen"
"5666v";"Daß edict zu Nurrmbergh im 1521ten jharr"
"5666v";"De Abstinencia. Abstinencia est meriti augumentatiua."
"5666v";"De Dieu. § 1. Quoy qu’il importe a tous les hommes de connoitre la verite ....."
"5666v";"De Electione Decani ejusque tempore"
"5666v";"De beaus mos conter et de dire Ne se doit nus homs escondire Enceis i doit metre s'entente"
"5666v";"De bello magno prope vßgk. Anno domini M°CCCC°XXVI. jn die sancti viti que erat in dominica Da selbist waz eyn groß zcugk."
"5666v";"De corte biechte."
"5666v";"De courtoisie et de barnage Ot cil asez en son corage Qui cest conte volt porpenser"
"5666v";"De den mensche, die syn herte vnde syn begerte vnde syne crachte in ertsche dyngen settet"
"5666v";"De deux clers qui furent jadis Nez d'une terre et d'un païs"
"5666v";"De este atrevimiento vien pueden."
"5666v";"De fables fet l'en les fableaus Et des notes les sons noveaus Et des materes les chançons"
"1804";"De faulx semblant li mal traitres"
"5666v";"De groote biechte."
"5666v";"De here secht: O mensche wilstu myn liden helpen draghen ende al de ghehelle passie dynes verlosers trecken tot dynre leringhe"
"5666v";"De humain lignage, quant vous envoiastes nostre doulx, en fait en terre mourir"
"5666v";"De institutis ac regulis monachorum dicturi."
"1804";"De la berg-ere Iris recevez le portrait"
"1804";"De la couronne le Louis nous venons d'arracher un lis"
"1804";"De moder Maria stont vol bedroiffenisse scriende by dem cruce dair ir leue sone anhenck"
"5666v";"De modo seruandi interdictum."
"5666v";"De parties de Pimont en Lombardie ainssi comme au pié d'une montaignhe qui devise France et Ytalie"
"5666v";"De primis igitur causis etc. in isto libro, qui liber Metheorum intitulatur, Aristoteles dat completam ordinationem tocius philosophie"
"5666v";"De profundis clamavi. A toy sire ay je crié des lieux parfons, sire vueilles essaucer ma priere"
"1804";"De quelle maniere ... / Je tiens pour asseur-e"
"1804";"De quelle maniere ... / Je tiens pour asseur-e"
"5666v";"De quoi fait amours courtoisie Mains pourfitable et plus prisie ?"
"1804";"De rechte kunst vnd meisterschaft der wuntarzenye hie begint"
"5666v";"De sancta katherina. Antiph. //"
"5666v";"De sancto Nicholao. Antiph. //"
"5666v";"De sancto Procopio legitur quod fuit de natione Bohemiae ... Procopius ist gewest von Behemisscher geburt unnd ist wol gelart gewest yn wendisscher zunge"
"5666v";"De sancto spiritu Antiph. //"
"5666v";"De sublimiori quod geometrae adinvenerunt... In omni sectione mukesi."
"1804";"De to myk ropen van der erden"
"1804";"De tous biens"
"1804";"De tous biens pleine. Hayne"
"1804";"De tout temps on s'est apperðcu"
"5666v";"De trois prestres voire de .IIII. Nos dit Haiseaus por nos esbatre"
"5666v";"De wedage des hovedes, is de van kulde, so is dat antlat blek"
"1804";"Debout, debout que le cocq chante"
"5666v";"Deccorata dai commandi sempre uenerabili."
"5666v";"Deen ewich god een vader van Ysrael ic love ende dancke nu ende heit"
"1804";"Deffens-toy bien, mon coeur, du pouvoir"
"5666v";"Defuncto igitur Ezicone in Aldeburch."
"1804";"Deh chiateni una volta"
"1804";"Deh chiateni una volta"
"1804";"Deh venite a veder ... la belle Clori"
"5666v";"Dei omnipotentis gloriosi et sublimis sancto Spiritu jnuocato . . . pariter procedens ab utroque fractionum tractatu Jnchoans Dico quod Minucia."
"5666v";"Dei quidem sine intermissione."
"1804";"Dei vo save dame sele vo ehtes kyrtoys e bele"
"1804";"Del Bonfratelli il padre speziale"
"1804";"Del afiano su pastoras"
"5666v";"Del balliadge del cayre forc deu seccorieu"
"5666v";"Del huomo ingrato scende ogni uiltate"
"5666v";"Del thaureo albergho coll’aurora innanzi"
"1804";"Deliverez nous Louis de la confusion"
"1804";"Dem woyss ist das feel aybe bezoegen die papigey ist"
"5666v";"Demi plume demi rabat"
"1804";"Den meyer moet sweren voer vijf mannen ten minsten, der heyliger kercken rechte"
"1804";"Den moit dat eirste dat ich wail weis"
"5666v";"Den opclymmenden coninc inden hemel coemt laten ons aenbeden"
"5666v";"Deprecor te domina sancta Maria mater Dey pietate plenissima summi regis filia"
"1804";"Depuis ce moment d'entretien"
"1804";"Depuis que vos yeux m'ont sðceu prendre"
"5666v";"Der Mennsch von Gott wardt hoch begnadt / der Schepß zue brewen erfunden hatt."
"5666v";"Der Rath inn fulwort der Innunges vnnd gemeinheit Meistere, sollenn haben gantze gewalt."
"5666v";"Der alle Welt getrotzt, der XIIte Carolus / Der Unterthanen Tod, der Nachbarschaft Verdruß"
"1804";"Der ist wise vnd wayl gelert der alle dynck zu dem besten kyrt"
"1804";"Der junger fraget nu furbaß vnd sprechet"
"5666v";"Der mensch sol siben dinc tuon daz er wol sterbe"
"1804";"Der mensche, der leuen wylt in dem volkomen stade der hilger kreche, der mois syn ein eynveldich goit mynsche"
"1804";"Der nit engewynt vnd och nyt enhayt vnd alle dage ynd des wyrthhuyß gayt"
"1804";"Der user mensche redite zu syner andechtiger selen: Sage mir sele myn"
"1804";"Der wil wederwordicheit hait in syme liden"
"1804";"Der wirdichst aller getruweste her Jesus Christus sprach zu eyme uff gefurten geist"
"5666v";"Der wyse man seget: Die voerte gotz is eyn begynsel der wysheit"
"5666v";"Der êrst ist consensus in peccatis sô ein mensch hât gedanken die in inen selbes tôtlich sint als unkiusche nît hôchvart"
"5666v";"Derart die Geistlichen sollt gehorsam syn der weltlichen gewald"
"5666v";"Des biens et de la naissance ne sont pas toujours des titres pour etre heureux."
"5666v";"Des dinxsedaghes ghinck unse leve here vroe morghens mit synen leven iungheren weder toe Iherusalem ende predikede daer"
"5666v";"Des donredachs des margens scheide onse lieve here van Bethanyen myt synen lieven jongeren ende syn lieven moeder verwaerff dat kommen, dat sy ende Maria Magdalena en Martha en Lasarus eyn deil des weges mochten myt hem gaen"
"5666v";"Des donredaghes doe he van daer solde gaen doe sprach de mynlike moder: O leve kint myn moderlike herte en kan dat neet liden"
"1804";"Des gens les plus grossiers de parfaits ignorants"
"1804";"Des heren benedixie is opt houet des gherechtigen"
"1804";"Des manendages smorgens sich an dyn here in die overgrote banghicheit"
"5666v";"Des manendages sult dy overdencken myt Hubertyno die onsalicheit des menschelicken geslechtes"
"1804";"Des menschen lieffhauer en sante synt zu der juncfrauwen icklichen engel"
"5666v";"Des mon enfance ...."
"5666v";"Des morghens vroe des maendaghes ghenck unse leve here weder toe Iherusalem ende in den weghe soe stont een vigheboem"
"5666v";"Des nächsten suntags nach trinitatis so hebt man „Deus omnium exauditor est“"
"1804";"Des plantes, que l'on trouve en cent climats divers"
"5666v";"Des rechten leer gheet vor alle leeren want dair mede weetmen godlicker ende menschelicker saeken onderscheit"
"5666v";"Des vaders wÿsheit, die godlike waerheit, Cristus menscheit in der ghevanghen te metten tiit"
"1804";"Dese bulle van desem na geschreuen afflais henckt"
"5666v";"Dese glose of bedudinge en hoert niet vp dit ewangelium, mer sie is van den hoichtijde van paesdaege …"
"1804";"Dese grueten plach een grawe monic te lesen voer een beelt ... Ick gruete u oversuete Maria"
"5666v";"Dese gulden berch is dat verdenst unses leven heren Ihesu Cristi de umme unse salicheit up eerden wanderde"
"5666v";"Dese hoichtijt heuet drie naemen in den latyne. Ten irsten so is dese hoichtijt in den latine genoemt octaua natyuitatis Christy ende is in den duyssche also vel to seggen als die achten dach van den heligen Kerstes dach …"
"5666v";"Dese vijf navolgende gebede die plach een man te lesen alle daghe onder die misce"
"1804";"Deserta e sola star la veritade"
"5666v";"Desiderii tui karissime petitionibus satisfacere."
"5666v";"Desiderij mei desideratas."
"5666v";"Desse artikel sint gemaket deme koninghe van Vrankrike van den besten arsten"
"1804";"Desse erste salme de enhevet nyn sunderlinck anbeghyn yn den yodeschen"
"1804";"Deu forma tot rond le monde/come vne pelote roonde"
"5666v";"Deu tauel haisset Tabula rudium vnd leret, wi uil alle iar ist zwisschen dem Weichnaht tag vnd der Quadragesima Inuocabit"
"5666v";"Deus erat in Christo mundum reconcilians."
"5666v";"Deus in adiutorium ... Here god wes my gnedich"
"5666v";"Deus propitius esto michi peccatori et custos mei omnibus diebus vite mee. Deus Abraham"
"5666v";"Deux Henrys immolés par nos braves ayeux"
"5666v";"Deux freres furent, dont l'un vendi a un prodomme son heritage  Et l'achateur dit que il ne paiera point les deniers se l'autre frere ne li faisoit chartre"
"5666v";"Deux freres furent, dont l'un vendi a un prodomme son heritage  Et l'achateur dit que il ne paiera point les deniers se l'autre frere ne li faisoit chartre"
"1804";"Devant le tamps saint Loys roy de France"
"5666v";"Devers le roy vindrent les ambasseurs de Jehenne, royne de Naples"
"1804";"Devinez qui je suis, mon corps n'est plus"
"1804";"Devinez une chose qui est au ciel"
"1804";"Devkugizv. Ich sag dir danck. Dobrev budizv tobev"
"1804";"Dexad ni-no llantos"
"1804";"Dexo el mundo. Guerrero"
"1804";"Di santa chiesa un marescial piu degno"
"1804";"Di santa chiesa un marescial piu degno"
"5666v";"Di tutti li esercicij humani magnifico et prestantissimo capitano"
"1804";"Dia ti eirêtai tô sôtêri peri tu mellontos auton prodidonai"
"5666v";"Dice el sapientissimo Salomone"
"5666v";"Dice uno grande savio che in ciascuno opera dobbiamo usare iustitia"
"5666v";"Dichiaratione del regola per fra Bernardino d'Asti, Generale de' Capuccini, intorno al vistire. Alla conservatione della gratia"
"5666v";"Die Architectura Militaris, oder Fortificier-Kunst lehret einen Orth mit Wällen und Graben wohlzubefestigen ......"
"5666v";"Die Fürstl. Durchlauchtigkeit Ertzherzogen Ferdinands zu Österreich haben ohngefährlich vor zwanzig Jahren ....."
"5666v";"Die Testaments Ordnungen sein darumb angeführet."
"1804";"Die alinghe tijt des teghenwordichs levens"
"1804";"Die alre sekerste wech te comen ten hemel is te staen oder ghehoersaemheit"
"5666v";"Die apostel sunte Iacob was gheheiten Zebedeus …"
"1804";"Die avent und die morghen en sijnt niet euen vroet"
"5666v";"Die coninghinne des hemels Maria moeten wie eendrachtelic aenbeden"
"1804";"Die eersame person Mechtelt, die reinicheit die si van dat si seven jaer olt was"
"5666v";"Die eerste gracie is: God wil hem geven bekieringe"
"1804";"Die eilft gebieterin dieser statt wart von Kindsberg Elyzabeth (Vers)"
"5666v";"Die erste Innunge das woren die kremer die sollen mir geben einen hut."
"5666v";"Die erste Sünde ist vnnd heißett, verachtunngett deß words Gotteß ..."
"5666v";"Die frühere Constitutions Geschichte Würtembergs von der ersten Bildung dieses Landes an ......"
"5666v";"Die genade gades vnde dogede syn recht als eyn ledder vnde eyn weg in den hemel mede to climmen"
"5666v";"Die gheest des heren heeft vervollet dat ronde begrijp der aerden"
"5666v";"Die gloriose name Ihesu Cristi, ons lieven heren, den alle engelen ende heligen eren mit groter werdicheit …"
"5666v";"Die heer Ihesus inden avont als hi over ghelevert wort nam hi broot ende danckede"
"5666v";"Die heilighen songhen enen nuwen sanc"
"5666v";"Die helige man Alfoncius, een cappelaen, die apenbairt ons myt groiter begerten …"
"5666v";"Die hem ter wijsheit wil keren : leren"
"1804";"Die heylige passie ende pine ons liefs heren"
"1804";"Die ierste redene want inden zouter van David sijn . c . ende . 1 . psalmen gheordineert dae den pater noster ende den aue Maria in beloken sijn als in die bloemkens loeuerkens"
"1804";"Die iongheren vragheden sinte Augustijn"
"1804";"Die iren zyt versumen verliesen groissen schatz"
"5666v";"Die keyserlike hoeghe moeghentheit gode moet mi huyden gebenedien"
"1804";"Die koninghe plegen vor sick to dregen banneer. Alsoe Christus de overste koninck"
"1804";"Die legende van sinte Ontcommer van sinte Eutropia die hiet Ontcommer"
"1804";"Die moeder die stont vol van rouwen weenende ondert crujs"
"5666v";"Die moeder gods, vol van rouwe stont biden cruce vol van tranen"
"5666v";"Die mynnende siele secht bloemen ende sydenclanck : verlanck"
"5666v";"Die name der ioncfrouwelicheit is eerlic welke die vroede ioncfrouwen ommehelsden"
"5666v";"Die oelt vaeders riepen totten here van den anschyn der genre, die sie trybulierden. Ende hie sande em den gesontmecker ende den voirkemper, die sie verloesden [Is 19,20]. Want Isayas die prophete secht in desen voirsprakenen woerden bij der tocomst ons lieuen heren Jhesu Cristy in den vleysche ende ruert hier in drien punten, die wy ernsteliche sullen merken. Ten irsten so ruert hie die grote begerlicheit …"
"1804";"Die ordinacie van eender niewer dyckaedsen overdraghen"
"5666v";"Die pabus Iohannes hast ghegheven, die dese ghetiden dagelics lesen aen jaer oflaets die buten dootsonden siin ende oflaet verdienen moeg"
"5666v";"Die salige Gregorius, gloriose paus, vermits beden van den bisschop Leandri te Spolente …"
"5666v";"Die schrifft so aus Regennsburg an vnsern gnedigen herren."
"1804";"Die sele als sy verschieden is vitten lichaem. sae oeten oer te hants tewyn sunderliche geisten"
"1804";"Die selichmaker got onse here Ihus die sijn volc selich maken kan van horen sunden"
"1804";"Die seraphinsche lerer Bonaventura in een boec dat gehieten ist 'Parvum bonum'"
"5666v";"Die stenen der torrenten waren hem soet"
"5666v";"Die sterre der hemelen, die de heere zoochdede, dats Maria, die heft ghewortelt die pestelencie der doot, die ons eersten vader plantede (G)"
"5666v";"Die troester die heylige geest dun die vader senden sel in minem name"
"1804";"Die vijfte pavus Urbanus"
"1804";"Die voersiende menschen ten ewigen leuen heb ick gemerckt recht"
"1804";"Die wirdige maget vnd moder Christi vffenbairt zu eyner zijt dießem vor genanten menschen"
"1804";"Die zit verwandelt sich de menschen verargen sich"
"5666v";"Diebus elapsis, dum Ruri."
"5666v";"Diene gode trouw[.. .]ken ende vli[...]licken in gotlicker mynnen"
"1804";"Dieu crea au commencement le ciel et la terre"
"5666v";"Dieu le tout puissant vueille garder nostre roy et la gloire de ceulx qui croient en lui et conferment son royaume a prendre la loy de Dieu et le facent regner a la exultation, louange et honneur des bons. Je qui suis serviteur du roy, ay mis en execution son commendement"
"5666v";"Dieu omnipotent qe tutes choses crea qannt home fourma a sa semblance"
"1804";"Dieu tout puissant mon cr-eateur"
"5666v";"Dieux par sa grant puissance le mond establi que premier fist le ciel"
"1804";"Dieux qui par sa grant puissance"
"5666v";"Dieux tout puissant vueille garder nostre roy et la gloire de ceulx qui croient en lui et confferme son royaume a prandre la loi de Dieu et le face regner a l'exaltacion, loenge et honneur des bons"
"5666v";"Dieweil mehr dan allein zwen Colloquenten."
"5666v";"Dieweyl wir all auff diesem Colloquio."
"1804";"Dijne woerde sulle sijn sacht ende dijne antwoerde oetmoedich sonder bitterheit"
"5666v";"Dilectissimo et amatissimo Adelphyo."
"5666v";"Dilectissimo filio Athanasio."
"5666v";"Dilectissimo fratri et amabili consacerdoti."
"5666v";"Dilectissimo pape .... et ei qui cum ipso."
"1804";"Diligamus Deum - (I Io 4,19) Dese worde scryft uns de hillighe apostel sunte Johannes in siner epistelen"
"1804";"Diligamus Deum - (I Io 4,19) Wi sollen God leif hebben ... In desen worden werden wi vermaent toe dreierleie"
"1804";"Diligamus Deum - (I Io 4,19) Wi sollen God leif hebben. De leve discipel unses leven Heren vermanet uns toe ein hertliker leve"
"1804";"Dime manso viento"
"5666v";"Dine handen hebben mi gemaect"
"1804";"Dios padre, dios filo dios spiritu sancto"
"5666v";"Dios te salue, cruz fermosa que fueste guarnecida de los miembros de mi redemptor"
"5666v";"Dios te salue, cruz sancta y bienauenturada que del cuerpo sancto muy noble y muy precioso de nuestro saluador Ihesu Cristo honrrada"
"5666v";"Dios te salue, sancta Maria, fija de dios padre, madre del fijo de dios, esposa del spiritu sancto"
"5666v";"Dire me plest et bien doit plaire Ce dont l'em prent bon exemplare"
"1804";"Dis ist der dag den her herre gemacht hait"
"5666v";"Dis sindt die hellischenn zehen Gebot. - Vgl. Goedeke, Grundriss Bd. 1 S. 261 Nr. 111."
"1804";"Dis sint des menschen fiende: die werelt, das fleiß vnd der duvel"
"5666v";"Disferonsi le chase di su la piaca de signoria di Firençe"
"5666v";"Disse decto abbate Cerimone che tre cose sono quelle"
"1804";"Dissoi logoi legontai en tê Helladi"
"5666v";"Dit Pater noster lees ic di, lieve heer Ihesu Criste"
"5666v";"Dit boec leert van twelf grade der dogheden unde woe die ene doghet comet wte der anderen"
"1804";"Dit boeck is vanden werden heiligen sacrament In den welcken twee dyngen toe mercken syn"
"5666v";"Dit bok dichtede ein mester, de het Bartholomeus"
"5666v";"Dit ewangelium, dae dese woerde wt genamen sint, lest men vp den paesdach."
"5666v";"Dit gebet plach sinte Bernardus te lesen tot onser vrouwen"
"1804";"Dit is alsucken raminghe ende goetduncken als Claes van den Camp"
"1804";"Dit is getrouwe reden wardich alre ontfenclicheit, want Christus Jesus quam"
"1804";"Dit is oeur dat hilge ewangelien van desem intgegenwordigen sondage. daynne wir dry dinck solen mircken. Tzo dem ersten de offentliche tzeichen syner"
"1804";"Dit is ouer dat ewangelium van huyden. hee in solen wir mircken dry dinck. Tzo dem ersten wer ons geistlich betzeichent si"
"1804";"Dit sij die gheboden die wij ghebieden te houden v die gheset sijn in cloesteren"
"1804";"Dit sijn XII raden der heyligher ewangelien"
"1804";"Dit sijn XXI vruchten vanden sacramenten"
"5666v";"Dit sijn die werscappen die dy behaghen, die du after ghelaten hebste"
"1804";"Dit sijn sommighe punten vanden beghemer die ghesproken sijn"
"1804";"Dit sin di leenrechten van ons genadichs heeren Camer van Brabant. Die scheydinghe"
"1804";"Dit sint XII raede der heiliger ewangelien die den mynschen zu hemelrich brengen"
"1804";"Dit sprac onse lieve heere I.Ch."
"5666v";"Dit suldi peysen in v hertte, als d[ie] heere in v mont is: O ghebenediit soe moetstu siin, h[eere] Jhesu Criste, Marien soen, du die comst in den naem des heeren (G)"
"1804";"Dit syn (sieben) xij punten die een gheestlick mensche toe behoeren. Dat eerste punt is: Niet ydel te lachen"
"1804";"Dit werck ys vorsamet viss etzlichen alden legenden"
"1804";"Dit werck ys vorsamet viss etzlichen alden legenden"
"5666v";"Dit werke is vergadert to somigen alden legenden, die sunte Franciscus gesellen in alre hande stede schreuen ende schrijuen deden …"
"1804";"Dit zygen werdyge buch ist geheyßen vnd genennet Das sterbebuch"
"1804";"Dites moi donc badinez vous?"
"5666v";"Dividitur orbis signorum in XII partes."
"1804";"Divinal conor"
"5666v";"Dixit abbas Euagrius Nuntiatum."
"5666v";"Dixit abbas Moyses Primo quia debet."
"5666v";"Dixit machumed laus deo creatori qui contulit homini scienciam inveniendi vim numerorum."
"1804";"Diz buch heizit Lucidarius daz wirt genant alsus"
"1804";"Diz mere hat ein ende vnser herregot der sende"
"5666v";"Diß nach geschriebenn buch Angehobenn die kunst erczney alß man czelet nach christ geburt M. CCCC. vnnd im lx. jar, am nechstenn Freyttag nach vnser liebenn Frawenn lichtmessen Heynrich von Spospunt."
"1804";"Djio pare zelestriale el fiol de dio. Got heimlicher vater Gottes sun"
"5666v";"Do Gotteß Sone geboren wartt."
"1804";"Do Jesus quam in die ende vnd deilen Cesaree Philippi"
"1804";"Do Johannes Baptista predigete in der wuestenyen"
"1804";"Do Johannes dat lant tzu Asya hadde bekeret"
"1804";"Do Maria vnd Josep dat kint Jesum brachten in den tempel"
"1804";"Do broder Anthonnys zo eyner zijt vor dem pais"
"1804";"Do broder Anthonnys zo eyner zijt vor dem pais"
"1804";"Do die czwene czauberer Zaroes vnd Arfaxat"
"1804";"Do got der here zu rade wart in synner driualtigkeytt"
"1804";"Do ich an den hogen aste des cruces vur dich ind vur allen mynschen"
"1804";"Do nu die clercken dat graff verwarden ieckliche ir gesatte zyt da by zo lesen die salmen des selters"
"1804";"Do nu die clercken dat graff verwarden ieckliche ir gesatte zyt da by zo lesen die salmen des selters"
"1804";"Do unse lieber here Jeus Christus sin abent mael"
"1804";"Do unse lieue frauwe zu hemel was gefaren do haitte sent Johannes groiße begerte"
"1804";"Do unße liebe frauwe was geschieden van dießme erterich vnd was zu himmel gefaren"
"1804";"Do wir na eyn weynich slaiffs zo metten zijt desen alden vader weder gefunden hadten"
"1804";"Docteurs, diseurs de rien, surintendans"
"5666v";"Doe dat avontmael ghedaen was ghijnc Ihesus wt nader ghewoeenten in den berch van olyweten ... Beda: Die berch van olyweten beteykent hoecheit"
"5666v";"Doe die helige bisschop Augustinus noch hir in der werlt leefden, so was hi een toulucht allen bedruckten herten …"
"5666v";"Doe die ioden vernamen dat Pylatus Ihesum begheerde quyt te laten doe riepen si"
"5666v";"Doe een van sunte Katherinen cloester laeken solde brengen van eenre stat to behoef der broederen mede to cleden …"
"5666v";"Doe eren ons lieven heren Ihesum Christum soe begynt he een wonderlike legende, die broder Alfoncius van der predicker orden van den latyn in duytsche gesat hevet …"
"1804";"Doe ic began te ondersoeken vanden leuen ende zeeden van der doot"
"5666v";"Doe ick began to ondersueken vanden leuen ende vanden seden, vander doit en-de vanden myrakulen Elizabethten [!] …"
"5666v";"Doe onse here aendem cruce henc was dit dat ierste woert dat hi sprac aendem cruce"
"1804";"Doe sinte Gregorius paves"
"5666v";"Doe sunte Hubert aldus bekiert was van dem heligen cruce, dat hie sach tusschen des herts hoern …"
"1804";"Doet vel die wile dat ghileeft"
"5666v";"Doet werdige vrucht der penitencien [Lc 3,8]. Hier suldy merken, wat dat penytencie is ende woe dat men penytencie doen sal. Penytencie is beschreyen van den sunden, die een mensche gedaen heuet …"
"5666v";"Dolemoci et abiamo conpassione ciptadini egregi"
"5666v";"Domine deus noster miserator."
"5666v";"Domine exaudi orationem etc. Sire Dieu essauces m'oracion, de tes oreilles apperczoy ma priere en ta verité"
"5666v";"Domine exaudi orationem meam. Sire Dieu, oy et entens mon oracion et ma clamour jusques a toy viengne"
"5666v";"Domine ne in furore etc. Sire ne m'argues mie en ton courrous et ne me chastie pas en ta fureur, pour ce que tes sayettes sont a moy fichiés"
"5666v";"Domine ne longe facias ... O here entferne dyne hulpe nicht van my"
"5666v";"Dominica I in aduentu domini. Ecce dies ueniunt dicit dominus."
"5666v";"Dominis uenerabilibus fratribus Athanasio."
"5666v";"Domino dilectissimo et honorabili."
"5666v";"Domino meo amantissimo filio Maximo."
"5666v";"Domino petro cluniacensi Abbau Robertus retenensis."
"5666v";"Domino sancto et apostolici culminis dignitate."
"5666v";"Domino ter beatissimo."
"5666v";"Dominus noster humilitatis magister disceptantibus."
"5666v";"Domno patri ill abbati humiles fratres uestri ill et ill pacem optant."
"1804";"Donc au prix de mon sang tu veux"
"1804";"Donna amor chi bella (Missa). Lasso"
"5666v";"Dopo le bactaglie civili, essendo rimaso vincitore della battaglia"
"5666v";"Dopo le battaglie civili essendo rimaso uincitore della battaglia"
"5666v";"Dormientem et longo iam tempore legentem potius."
"1804";"Douce dame de misericorde, meire de pitier, fontainne de toz biens"
"1804";"Douce dame de misericorde, meire de pitier, fontainne de toz biens"
"1804";"Doulce dame de misericorde"
"1804";"Doulce dame de misericorde"
"1804";"Doulce dame de misericorde"
"1804";"Doulce dame de misericorde"
"1804";"Doulce dame de misericorde mere de pitie fontaine de tous biens"
"1804";"Doulce dame de misericorde mere de pitie fontaine de tous biens"
"5666v";"Doulce dame de misericorde mere de pitie fontaine de tous biens"
"1804";"Doulce dame de misericorde, mere de pitie ... ie vous prie ... (Gebet)"
"5666v";"Doulce dame de misericorde, mere de pitié"
"5666v";"Doulce dame de misericorde, mere de pitié"
"1804";"Doulce memoire (Missa). Lasso"
"1804";"Doulce memoire (Missa). Lasso"
"5666v";"Doulce virge Marie et joye de pitié, habitacle et temple de sainte trinité"
"5666v";"Douls ihesu crist ."
"1804";"Doulx benoist Iesuchrist qui as establi a saincte eglise la celebration de la messe"
"1804";"Doulx dieu doulx pere sainte trinite ung dieu biau sire dieux ie uous requier conseil"
"1804";"Doulx dieux, doulx pere, sainte trinite"
"1804";"Doulz dieu doulz pere saincte trinite et un dieu"
"1804";"Doulz dieu, doulz pere, saincte trinite"
"1804";"Doulz dieu, doulz pere, saincte trinite"
"1804";"Doulz dieu, doulz pere, saincte trinite"
"1804";"Doulz dieu, doulz pere, saincte trinite"
"5666v";"Doulz dieu, doulz pere, sainte trinité"
"1804";"Doulz dieux doulz pere sainte trinite un dieu biau sire dieu ie uous requier conseil"
"1804";"Dous dieux, dous pere, sainte trinite ... ie vous requier conseil et aide (Gebet)"
"5666v";"Douz dieulx, doulz pere, sainte trinité"
"1804";"Doxa en ipsistis theo. ke epigis irini en antropis"
"5666v";"Draghende ewich lof boven den sterren"
"1804";"Dri werff den psalmen Lautate dominum omnes gentes"
"5666v";"Droit est parti en II parties car li uns est naturés et li autres establis"
"5666v";"Droit est parti en II parties car li uns est naturés et li autres establis"
"5666v";"Du (Au) commencement crea Diex le ciel et la terre. La terre estoit vainne et vuide et tenebres estoient sus la face d'abisme et li esperis nostre seigneur estoit portez sur les yaues"
"1804";"Du salt anbeden einen got einer halden ist syn gebot"
"1804";"Du salt in dyner begerden dich mit Marien Magdalenen neygen"
"1804";"Du salt nem bucks blutt"
"5666v";"Du schalt merken: Dat blot, dat du lest an den aderen"
"1804";"Du verstaet ende merct nu wel, welc die zaken"
"1804";"Du wesen des wesens O du lichte des lichtes O du inghedructe eewighe soetischeijt"
"1804";"Dudit balliage de Nancy ce tiennent les assizes per chascuns mois"
"1804";"Dum complerentur - (Act 2,1) Als de dage der reninge Marien weren vorvullet na der ee Moyse"
"5666v";"Duo sunt extremi vertices mundi."
"5666v";"Duo sunt extremi vertices mundi. Explicit fol. 32': ipsum usque decurrit accipiens. vid. m). Cf. Bedae opp. Colon. 1688. fol. T. 2 p. 73. (Weller), Altes. Chemn. 1766. 8. Bd. 2 p. 82 seq. cet."
"5666v";"Duo sunt, quibus Ecclesiae militantis salus etc."
"5666v";"Duplici ex caussa fa .... sissimus hic lit: gratus nobis esse dicitur."
"5666v";"Durchleuchtiger Hochgebornner Furst ..... Ich hab das schreibenn, so e f g~ derselben Rethen vnnd gesanthen alher geschickt."
"1804";"Duro mal terrible llanto. Cevallos"
"1804";"Dust thou art ... Gen. 3,19. The great adversary of god and man in seducing"
"5666v";"Dvet penytencie, want dat rijcke der hemelen is v nakende [Mt 3,2]. Dese woerde secht die helige ewangeliste sunte Matheus. Ende die meister in den hogen consten, Aristoteles, in phisicis secht aldus: Allet, dat om beweeget, dat moet em geuen tot enen sekeren punt, doir enen rechten wech …"
"5666v";"Dye speel vphalden off gehenghen. Van borghen off borchtuchten men zall den principael sculder aenspreken"
"5666v";"Dye van den engel die boetschop ontfynges, dattu die moder godz soldes wesen. Ave. Dye oetmoedelicken spracket (!): Siet hier, die derne des heren, my gesche na dynen worden"
"5666v";"Dyeu qui dou saint ton pere ies envoie"
"5666v";"Dyn doet ende cryste liden : syden"
"5666v";"Dysew tauel zayet wie vil wochen von weinachten sey auf Inuocauit"
"5666v";"Dyt is vergaddert wt den collacien heer Johans Brinckerynghes den unse lieve here hevet wtgheleydet"
"5666v";"Dyt syn dye vruchte des hellyghen sacramentes"
"5666v";"Dyt synt v. puncte dye meyster Gherat in dem ghemene volke gheprediket hevet"
"5666v";"Dût-il vous en couter quelque peu d’innocence"
"1804";"E che diavolo fate mattacchioni"
"1804";"E che si ch'io l'indovino"
"1804";"E che si ch'io l'indovino"
"1804";"E di Resta, di Massinaghi, e Cola"
"1804";"E gionta l'ora e terminato il sacco"
"5666v";"E mi pre Ioan Maria di Chiave notario de auctorita Imperiale fui presente a tutto quello, che e suprascripto et de commissione del reverendissimo domino Ludovico de Lambardis, archipresbytero de la plebe de Iorci Novi, ho scripto el suprascripto memoriale de mane propria"
"5666v";"E un' errore communamente riceuuto dal volgo, ehe la prerogatiua delle Corone in ordine alla nomina de Cardinali sia pregiuditiale alla Corte di Roma."
"1804";"Eau de sehur Des fleurs de sehur broyes les puis"
"5666v";"Ecce mundus moritur vicijs sepultus. Ordo rei vertitur."
"5666v";"Ecce rex tuus venit."
"5666v";"Ecce sorporatus sum. et exurrexi. J'ay prins somme et me suis resveillé"
"5666v";"Ecco giunto il Carnouale."
"1804";"Ecoutez les commandemens, Galans"
"1804";"Edel conyngynne der hemelen ende eyn reyne maget Maria Eyn moeder der barmherticheit ende myldicheit Om den bitteren rouwe ende groete bedroeffenysse dyns herten"
"5666v";"Edlman. Einsmalß spaciert ich v¨ber felt."
"5666v";"Eehr sy Godt in de hooghe"
"5666v";"Een ander exempel, wo ontfenclick dattet onser liever vrouwen is, dat men sie duck gruet mit devoten Ave Marien, als men lest in libro apum, dat et was een jongelinck, die seer groet van edelen magen was..."
"5666v";"Een ander fundament en mach neman setten, dan dat gheset is, dat is Cristus Ihesus, so de apostel scrijft"
"5666v";"Een boeck leest men in der heiliger kyrken, dat men in den latijne noemet Martirologium, dat sprijct te duytsche: Die reden van den martelaren of slechtijc der martelaer boec"
"5666v";"Een broder van enen guden leuen was in der oerden des heligen abts Bernardus …"
"1804";"Een bruder sach een ander brueder een doot mensche draghen"
"5666v";"Een clerck was, die sunte Katherinen plach to dienen …"
"5666v";"Een clusenaerster hadde grote begeerte te Romen te gaen doen openbaerde haer die engel gods"
"1804";"Een convers van sancte Bernardus oerden, ghesant van sinen abbet, voer"
"5666v";"Een devoet herte die Christum die si ontfanghen heeft gheerne bi haer houden soude sal hem oefenen in desen punten"
"5666v";"Een edel man wart geraden van enen monick …"
"1804";"Een eersam man was in Alexandrien de Pafuncius heite, de de gebode Godes"
"1804";"Een gheesteliken vrouwe wrat ghevraghet"
"1804";"Een goet meester spract op ertrycke"
"5666v";"Een groet philosophus in Greken, die van groter oitmodicheit sinen naeme met beschreuen en heuet …"
"1804";"Een ionnghelic vraechde sijn meister"
"5666v";"Een kyndekyn soe lauelick is vns geboeren huiden van eender ionckvrow"
"5666v";"Een lerer secht: Lieve broder wultu wael sterven so leve wal"
"1804";"Een maniere van eenre ordinancien eendrachtelicken overdraghen ende gheraemt"
"1804";"Een meester spract het sijn vele menschen"
"5666v";"Een monick toich van Rome tot den berch van Synay …"
"5666v";"Eenen eersamighen man ende hoeghe onder alle bisscoppen, Augustino, bisscop to Yponyen, Chirillus bisscop to Jherusalem, een die alre nederste der priesteren"
"5666v";"Egli e necessario che qualunque e occupato da i uiti"
"5666v";"Ego frater alphoricius boni hominis hyspanus hunc libellum antiquissimum .... noua translacione de hebrayco(?) in latinum per me interpretatum paruum exemplum vobis transmitto. Sciendum ...."
"5666v";"Ego tibi hunc librum Coluti."
"1804";"Ei de phôs hêmeras to apo tôn aisthêtôn"
"1804";"Ei de tis basilea pythomenos mellein"
"1804";"Ei synestaurôthêmen Christô kai synetaphêmen"
"1804";"Eia  ewige wijsheit lieue here Jesu Christe Ich gedenck mit oetmoedyger dancbaerheit"
"1804";"Eikön men un estin homoiöma"
"5666v";"Ein abt geheiten Lodewich to Thrier in sante Eucharius kirken, die nu sante Mathias munster heitet, schreyff eyme van synen moencken, der to Rome stoynt, dat he sante Mathias leven soilde breyder ind meirre schryven …"
"5666v";"Ein broder in dem cloister Vilmar war gesant up eyn dorp, dat he soilde dair des cloisters bow in doyn …"
"5666v";"Ein getauffter Jude vnnd fürtrefflicher Artzt mitt Nahmen Magister Franciscus ...."
"5666v";"Ein goit ende devoit mensche was, die haitte de heilige maget sant Barbara sonderlichen leiff …"
"1804";"Ein guet minsch begerden up eyntzit zu wissen van gade wat syn alre leifste wil wer"
"1804";"Ein guot mensche begerte in einem bongarten zo sehene"
"5666v";"Ein islik minsche is geschapen unde gemaket van IIII elementen"
"1804";"Ein jeglicher mensch sall weten dat god is dat recht"
"5666v";"Ein m dre ccc worste"
"5666v";"Ein man gecleit als eyn leye hadde diese gewoynheit, dat he nachtes umb gienge omb die kyrckhoeffe der heiligen, up dat he die vryer syn gebet doyn moichte …"
"5666v";"Ein rich iongelinck was in eynre stat, wes vader ende moder gestorven waren beide …"
"5666v";"Ein rydder woulde eynen apostel kiesen myt dem lot na gewoenheit van den xii eme to eyme patroyne …"
"5666v";"Ein schöner Reim allen Büchsemeistern nothwendig zuwisen. Höre lieber Büchsemacher waß Ich sag, viel neulichs kombt an tag ......"
"5666v";"Ein wyff van Echternach was stom gewest ix wecken …"
"5666v";"Eine gantz überflüssige Bemühung ....."
"5666v";"El chor pien d’amarissima dolcezza"
"1804";"Elc sy een man ende stride"
"5666v";"Elle estoit noble et de hault priz | Chascun louoit sa bien venue"
"5666v";"Elle m'a ravye ala my revelé"
"1804";"Ellesmoth ebraice"
"1804";"En 1625 on imprima en Italie un livre intitul-e G.G.R. theologi ad regem Ludovicum"
"5666v";"En Babiloine la cité Furent .ii. homes renommé Deus citaiens de grant parage Riches d'avoir et de lignage"
"5666v";"En Dieu bon loange"
"5666v";"En Swensk Cro/eneka. Then fórstha konungh som wa/ero Swenska
Crónekár seya haffua warith i Swerighe han skal haffúa
heetith Erich"
"1804";"En Terre de Labour eut jadis ung preudome"
"5666v";"En amour commençai en amour"
"5666v";"En ce livre sont les choses qui s'ensuivent, receptes d'entraiz et oignemens et experimens par quoy on puet"
"1804";"En ce moyt ya deux nombres"
"5666v";"En cellui temps estoit Troie assieigee des Grecs"
"5666v";"En cest livre est contenu les choses qui s'ensuivent, c'est assavoir recepte d'entraiz, emplastres, oingnemens et experimens par quoy l'en peut"
"5666v";"En ceste table sont descriptes aulcunes fleurs par le trés glorieulx sainct François transplantees au jardin de l'ordre des freres mineurs"
"5666v";"En domare skall forst besinna, at han ár en Guudz
befalnigxman, och at thet a/embethe han fo/erer"
"5666v";"En iceste fable parrolle De II clers qui vindrent d'escole S'orent despendu lor avoir"
"1804";"En janvier ne doit on pas seigner"
"1804";"En l'an a quatre saisons"
"5666v";"En l'an de grace mil et CC et VII l'Eschequier de Pasques a Falaize. Il fu jugié que l'oir Raoul de Tournebuc ne respondroit pas au juif de la debte de son pere devant que il fust en aage"
"5666v";"En l'an de grace mil et CC et VII l'Eschequier de Pasques a Falaize. Il fu jugié que l'oir Raoul de Tournebuc ne respondroit pas au juif de la debte de son pere devant que il fust en aage"
"5666v";"En l'an sept cens avecques cinquante et ung fut couronné roy de France Pepin"
"1804";"En l'ombre d'un buissonet. Isaac"
"1804";"En l'ombre d'un buissonet. Isaac"
"1804";"En l'ombre d'un buissonet. Isaac"
"1804";"En l'ombre d'un buissonet. Isaac"
"5666v";"En la bien aymee cité de nostreseigneur dicte Assise, homme seraphique François, nostre glorieulx pere, homme merveilleux"
"5666v";"En la conté de Dantmartin Avint entour la seint Martin"
"1804";"En la racine de la geneste croyt j nauel"
"5666v";"En la saison que le joly verd dure, / Que arbres ont pris fueillage de verdure"
"1804";"En lan duprumierarin solaire (Vers)"
"5666v";"En mensce macete een guot avent eten"
"5666v";"En nom de Dieu le payre que·ns a totz a jutgar E de la dossa vergi on se volc azombrar"
"1804";"En nom et en lhonneur de dieu createur"
"5666v";"En parables ma boche overray et sanz doute de commencement 
& * Tout fuz vindre a eslire e mistre un roi sus eus 
& * Les formieux si eslurent un grant fust
& * Touz poignons tindrent un grant parlement a eslire 
& * Un abbé donna a ses moygnes treis, mes les moignes 
& * Un esprevier aucun tens ravi un colunb e le devora 
& * Ansi le vibe qui fet noise
& * La corneille aucun tens aprés son baigner se vit nue de plume
& * Le busard au ni a l’ostour pont un oef e de celui nasqui un pigon 
& * Le cucuel pont son oes a la feiz eu ni a la burnete e la burnecte norit le pigon au cucuel 
& * Le lou estoit acun tens por poi estranglé d’un os, encuit un mere a ses oeales 
& * Un oisel qui est apelé l’oysel saint Martin e est a merveille petit 
& * Un oesel qui est apelé machefer por ce que par son bec legierement depiesce les gros ossemenz
& * L’egle quant ses pigons sunt bien granz, si esdresce lor testes
& * Totes betes aucun tens tindrent un conseil e parlement. Le huan envoia illeck son filz 
& * Je vei un bacheler qui mont ardamment ama une leide vielle. Cestui me demanda 
& * En un refector estoit entre moygnes un chat qui totes les sorriz de leenz out estranglé e mangé fors un rat 
& * Ausi ly reine treit son fil e feit ses engins e totes ses entrailles 
& * Il i a diverses mouches, mes totes soillent et poignent 
& * Une souriz damesche demanda a la souriz champestre que ele manga. E ele respondi : A la fez, dure feves 
& * Une beste qui est apelee ydre qui se envolepe en tai e se fet escrillant
& * Le goupil par quas chai en un broquet au puiz, le lou li demanda que il fesoit 
& * Uns hons avoit un formage en sa huche. Vint un rat 
& * Unne souriz vout acun tens passer une ewe e pria la reine que ele la passat 
& * Le lion e le lou e le goupil firent covenant de aler ensemble chacer. Le goupil prist un garz 
& * Le lou Ysengris aucun tens vout estre moygne. Par grant preire mena li abbes e les moygnes a ce que la coule li fut graantee
& * Les berbiz se pleintrent au lion du lou, que apertement e larrecinosement sovent lors compaignons devora
& * Avient que un prodom out donze berbiz e veut aler en pelerinage 
& * Un goupil estoit aucun tens entré en un guernier. La gent de l’ostel sorvindrent o bastons 
& * Les asnes se virent malement estre menees de lor segnorages 
& * Uns hons fu apelé Gautier. Cestui cuist un liu ou touz jors peust joir e nulle moleste 
& * Du lou e du lievre qui s’entrencontrerent. Donc dist le lou au lievre, Poerose beste estes, osez vos estriver o nulle beste ?
& * Deus conpaignons deveient aucun tens passer par un desert e dist l’un a l’autre 
& * Le guibet dist a l’yraigne, tu riens ne vaux, tout jors mainz en un pertuis 
& * Le escharbot aucun tens vola par les alemandiers florissanz e par les pomiers 
& * L’egle aucun tens out mal eus euz e apela le corf qui ert phisicien au oeseaus 
& * Un lai hom dist a un home lettré : quel joie sera en paraïs ? 
& * Un home prist un escharbot e lia a sa charue o ses bufs 
& * Les eys acun tens couvinerent l’escharboz au manger. Le escharboz s’en vindrent e tables estoient mises 
& * Le asne si vit que l’en dona sovent au porc pain en une meson, e pulment e drasche 
& * La geline sovent assemble ses pigons soz ses eles por l’escufle. La geline les apela 
& * Avint que toutes bestes furent comvié a gest par le lion. Le chat estoit apelé, le lion li demanda que plus volentiers mangeroit 
& * Un prodom pria Deu sovent por un hom pecheor que a ce le out requis 
& * Un enchanteor passa par reis e princeps la ou seient, e touz les aweugla 
& * Teus riches homes sunt semblabes a la menie dont en gyeue a l’eschequier. Les uns sunt apelez reis 
& * Le polain qui n’est pas danté se freim ne eit, il tresbuche en l’eve ou la faleise 
& * L’esscoufle regarda aucun tens ses eles, ses piez e ses ungles e dist
& * Le goupil Renouard encontra Roberge le chat e li dist : combien de wiches savez vos ?
& * Le corf ravi aucun tens le pigon au colunb. Le colunb vint au ni du corf 
& * Un riche home out plusors vasches. Une vefve qui esteit sa subjecte 
& * Les simples Wilibemings passerent le termer de lor rente paer a lor seignor 
& * Les formieux cuellent un moncel de forment 
& * Le lou se lessa morir. Le lion assembla les bestes a fere le obsequie 
& * Metez fors les escharnissauz e o li estera la tençon. Avint que un chien vout sa fiente fere
& * Un unicorne sui un home. Le hom fui e vit un arbre repleine des beles pomes 
& * Le goupil vont aucun tens une ewe passer par bat 
& * Le singe priveement manga une noiz 
& * Le limaçon porte sa meson sus son dos. Donc lentement vet e petite jornee fet 
& * Le limaçon esdresce ses deus cornes, mes quant sunt tochees de une espine 
& * La yreigne quant une moche vient en sa teille vistement s’en ist 
& * Le goupil quant il a faim se feint come morz e git eu chemin 
& * Issi art em le formage e met en la chasiere por prendre raz 
& * Le goupil famelous e meseisé vint au gelinier 
& * Le goupil se donna garde un jor que les berbiz bien se gardeient 
& * Un conte soleit rober les genz qui passeient le real chemin 
& * Une blanche berbiz e une neire e un asne e une chievre s’estriverent aucun tens de religion
& * La herce passa aucun tens outre le crapoud 
& * Un faucun prist aucun tens une escoufle e la tint ferme de l’un pié 
& * Les souriz pristrent conseil coment du chat se peussent garder 
& * Les oeseaus une feiz assemblez troverent primerole 
& * La soriz chei une fiee en cerveise, e chat passant oï la souriz pipant 
& * E conté de un Alixandre qui en peril de mer pramist a Deu 
& * Une granche pleine de blé esteit allumee 
& * Le pellican quant ses pigons esdrescent lor besche, si plaient lor mere 
& * Le serpent aucun tens jut sus la terre engelee e grant freit out 
& * Un paisant fist grant hences a un serjant le roi. Le serjant celui encusa 
& * La pantere si est une beste qui de soi giete bon odour 
& * Le lou e un aignel aucun tens ensemble burent de un ruissel 
& * Theodosie le arcevesque de rages descendi une feiz sus la rive de Roune por veer ses pescheors
"
"1804";"En quel lieu de la Cour ... / En Cour pour bien aimer"
"1804";"En quel lieu est ce ... / L'Amour regne partout -a la Cour"
"1804";"En quelque peine que l'ame soit"
"5666v";"En senefiance des .v. plaies que nostre sires Dieus Jhesucriz  reçut en la sainte vraie croiz"
"5666v";"En tele maniere li tres benearz sainz Loys resplendi et reluit en ce monde"
"5666v";"En une terre avint que .i. jone vallet bel et avenant, fil d'un noble borjois, remest aprés la mort son pere"
"1804";"En vain mille jaloux exprits"
"1804";"Enates de agua clara"
"5666v";"Encor ne soit loenge de pechaour pas bele Si m'enhardierai je de loer la pucele"
"5666v";"Ende cort des morgens vroe doet dach gheworden was doe ghingen in enen raet alle die princen der priesteren"
"5666v";"Ende nu alre barmhertichste god nu begheer u oec myn ziel u te dancken"
"5666v";"Ende nu lieve here edel zeghevechter mijn ziel begheert u oec te dancken"
"5666v";"Ende nu mijn ziel lovet dinen ghesontmaker in deser uren mit alsulker eren ende lofsanc"
"5666v";"Ende nu o my ziel ic love ende dancke dy mijn god mit dat alrehoecste lof"
"5666v";"Ende want ghi hem van deser gaven nummer meer te vollen ghedancken en kunt"
"5666v";"Ene troestelike lere predikede een devoet werdich man de lesemester van Straestborch toe Loven"
"5666v";"Eneas evesque de Senes a Anthonne Pannormitain reluisant poete, salut"
"5666v";"Enen eersamen vader Damasio, biscop Portuenensi (!) ende den allre ghetrowesten kersten Theodosio, senatoer van Romen, Eusebius, wilneer een discipel des heylighen Jheronimi"
"5666v";"Enen nachtmen machmen genesen : wesen"
"1804";"Enfin le grand procez de la gräce divine"
"5666v";"Engletere content de long .viiic. lues, cest asaver de Escoce jekes a Totenesse"
"5666v";"Enn domara skall forst besinna"
"1804";"Ensi commande Galien et Ypocras a faire le homme"
"1804";"Ensy que li philosophe Aritoste nous mer"
"5666v";"Entant com volenté me vient De fableau dire et il m'en tient"
"1804";"Entendez ici de seint brandat qui ne fu uers occident"
"5666v";"Entour la face de l'abysme qui est au plus loing de paradis"
"1804";"Entre je suis"
"1804";"Entre je suis"
"1804";"Entre je suis"
"1804";"Entre je suis"
"1804";"Entre je suis. Josquin"
"1804";"Entre vous filles (Missa). Lasso"
"5666v";"Envis muert qui aprins ne l'a. Apren doncques a morir, car nus bienz en saine ne saura qui a morir apris n'aura"
"5666v";"Epdomada priore ante initium quadragesime presbiteri plebium ad se conuocent populum."
"1804";"Epebalon tên opsin zôgraphêtheisê"
"5666v";"Epistolare officium est, vt absentes his de rebus."
"5666v";"Era si pieno il cor de merauiglia"
"5666v";"Erat in civitate Assisy nomine Franciscus. Eyne stat dy heyßet Assisy in der selbigen stat was eyn man der hiß mit namen Franciscus"
"5666v";"Erat nuntius dei oratio."
"5666v";"Erat quidam secularis habens."
"5666v";"Erbeigene, stam oder angeborne gutter ...."
"5666v";"Erffnisse van vader vnnd moder zullen staen twe suster thegenn een broder"
"5666v";"Erhalt vnnß Herr, bey deinem wortt..."
"5666v";"Erit vita tua quasi pendens ante te (Dt 28,66) … Dein leben wirt gleichsam hangend vor dir. Aus den Worten wirt vermerckt"
"5666v";"Erodoto schrive gli Etiopi tra passare nni cento venti"
"5666v";"Erster Theil, Vom Salpeter, Pulver Machen, vnd Aller Hand Lust Feuer Werck."
"5666v";"Erstlich sein jnen schrifften, an key. Mt."
"5666v";"Es ist Kundt vnnd Offenbar, Das vor Zeitten die Römer nahent die ganntzen Welt Bestriten."
"5666v";"Es ist doch der beste anevang || Allir vroudin wer libes plegit."
"5666v";"Es ist kunth vnnd offenbar, das vor zeittenn die Römer nahenndt die gantze welt bestrittenn vnnd bekriegt habenn ....."
"5666v";"Es ist nunmehr Reichskündig ....."
"1804";"Es was ein monnick Wylhelmus gheheiten in sancte Bernardus oerden"
"1804";"Es was ein ridder gheheiten Wolter. Doe he op ene tyd seick waert"
"1804";"Esclareðcida Juana (madre). Guerrero"
"1804";"Escrito esta en mi alma"
"5666v";"Essendo Traiano ripreso a suoi amici"
"5666v";"Essendomi dal prossimano et acerbo exequio"
"5666v";"Essendomi uenuto alle mani un diecorso sotto forma di lettera scritta ad un Prete Venetiano da un certo Dottore."
"1804";"Est ayos sanctus, otheos deus"
"5666v";"Est quadripartita cordis conpunctio tota | que confert uite gaudia perpetue."
"1804";"Est un instrument de math-ematique compos-e de points de lignes, de cercles et de petits globes, qui servent d'expliquer l'ordre"
"5666v";"Est via que videtur."
"5666v";"Est-ce abbe? L’Eglise la reinje (renie ?)"
"1804";"Esta vida tan larga"
"5666v";"Estaua la madre uirgen cerca de la cruz y uido padescer a la uerdadera luz"
"1804";"Estil mercy de quoy on peust finer"
"1804";"Estimer legerement ... / La Cour et un pays"
"5666v";"Esveillés vostre entendement, si aprenés bonne vie aprés ce que droiture"
"5666v";"Et a gran pena Socrate monto in buona nominanca"
"5666v";"Et apres des pechez mortelz. Que j’ay commis par ignorances"
"5666v";"Et boive petit a petit | Combien qu'il ait grant apetit"
"5666v";"Et commence la vie du glorieulx saint Françoys. Premier chapitre. De la conversacion saint Françoys en habit seculier. En la cité d'Assise y avoit ung homme nommé François duquel la memoire est en benediction"
"5666v";"Et cum appropinquasset. Superius actum est de perfeccione prelatorum. Bl. 3'. Sequitur dom. sec. in aduentu. Et erunt signa in sole etc. In precedentibus predixit dominus excidium templi."
"5666v";"Et geschiede int iaer ons heren, do men schreef ixc ende l, onder den keiser Otte die derde, by Meyborch in Zassen, een veruerlick teicken, dat ny geschiet en was …"
"5666v";"Et in questo anno di Febraio o circha la signoria di Firence"
"5666v";"Et ingressus Jesus perambulabat Jericho Luc. XIX. In precedenti capitulo informauit Christus principaliter ad opera contemplatine."
"5666v";"Et is to wesen, dat in der seluer kerken int hoge tegen dat suden is gesat der seeliger maget Katherinen tumbe …"
"5666v";"Et noia des compagnons prés | qui moult le plorerent aprés"
"5666v";"Et non dicatis aliquit proprium Wan diß ie also ist das in einer itlichen geistlichen samnung"
"5666v";"Et notato che ogniuno cossi  donne commo homini sonno obligati a confessarsi dal confessor de la compagnia"
"5666v";"Et pource que nous avons empris descrire les commens de ceste bataille punique"
"5666v";"Et premierement. En la grant mer occeane, aux parties froides tenans aux basses Allemaignes ou Germanies"
"5666v";"Et primo maria cum civitatibus iacentibus in occidente. Der anfang der mer"
"5666v";"Et quant l'empereur oÿ ce que le seneschal luy dist, il fut moult couroucié, et incontinent il manda"
"5666v";"Et que ne puisse par telle connyse etre déceu par convoitise"
"5666v";"Et si l'ai je perdue, espoir A po que je ne m'en despoir"
"5666v";"Et si l'ai je perdue, espoir A poy que ne m'en desespoir"
"5666v";"Et sullen teykene geschien in der sunnen ende in der manen ende in den sternen [Mt 21,25]. Sunte Lucas secht in synen xxi capittel, sunte Marcus in den xiii, sunte Matheus in den xxiiii capittel dese voir sprackene woerde. Ende Arystotyles in den anderen boeck Topycorum: Dat is gade in den, dat hie rechtuierdicheit doet …"
"5666v";"Et was een koenynck in Yndien, die gehieten was Avennyer, rijck ende mechtich ende vroym in stryde ende glorioes in allen wertlicken voirtgange …"
"5666v";"Et was een mensche wt phariseen gehieten myt den naeme Nycodemus [Io 3,1]. Myn alre liefste vriende gades, huyden van daege so syn wy eren die hilyge dryevoldicheit. Ende dat is, dat wy mit groter werdicheit laven ende eren onsen lieven heren, got almechtich …"
"5666v";"Et was ein groit vernoympt prediger, de predichde in eynre stat, dair eyn conynck in woende …"
"5666v";"Et was eyn wyff, der wairen ire knyeen an yren lijff gewaessen …"
"5666v";"Et y s'ensuit l'ordonnance d'un trentel, lequel se doibt dyre"
"1804";"Eti nyn men eis to kenon dia to hypeikein pheresthai dokei"
"1804";"Eti pös epi tu bareös apodösusi to pheresthai katö"
"5666v";"Etlich Tröstung D. Martin // Luthers, vor die Christen welche // solche vnd dergleichen trübsall // sehen werden. // Vber den Cxxl. psalm. //"
"5666v";"Etliche Warnung vnd weissa // gung D. Martin Luthers, von // zukunfftiger Straff über das // Deutzschland, von wegen der // grossen vndanckbarkeit vor// das liebe Euangelium.// Vber das III. Capitel Genesis.//"
"5666v";"Etsi in hac perturbatione Reipub: nostrae Judices, ipsiusque incerto statu."
"5666v";"Euagandi in peregrinacione Jerosolimitana."
"5666v";"Euagari incipiam post."
"1804";"Euaristus lapostolis establic"
"1804";"Euaristus papa ordinavit presbyteros et diacones semper custodire"
"5666v";"Euer schreiben zu Regenspurg am tage Scolastico."
"1804";"Eug-ene court apr-es la gloire"
"5666v";"Eur schreibenn so jr am datum zu Regensburg Freitag noch Esto mihi."
"5666v";"Eusebius Jeronimus Occeano suo salutem. Temptatus."
"5666v";"Ewangelie van Missus est. Lat."
"5666v";"Ex operatione docti auditoris."
"5666v";"Ex quo in ecclesiarum regimine officium predicationis."
"1804";"Exempel het was og eent tijt dat die kerstende ende die hedene vochten"
"1804";"Exempel het was op eent tijt een goet man deutolic leuende hij plach elke weeke eenen hoet te makene van bloemen"
"1804";"Exempel het was op eent tijt een vrouwe ende hadden een dochter ende leerdese alsoe dat sij der glorioser maget Marien altijt dienen soude"
"1804";"Exempel van eenen Lombaert die hert ende quaet was van leuene"
"1804";"Exempel van eenen deuoten religieus die deutolic onser vrouwen plach te dienenne met aue Maria"
"1804";"Exempel van eenen edelen riddere die een ionfrouwe seere beminde eerbaerlic om te huwelike te hebben"
"1804";"Exempel van eenen edelen riken man die eenen sone hadde ende hij leerde hem dat hi"
"1804";"Exempel van eenen meester die schole hielt die wilke touerie oft nigromancie conste"
"1804";"Exempel van eenen religiose conueers die onser vrouwen plach to dienenne maer anders was hij ruut"
"1804";"Exempel van eenen riddere die woende daer sinte Dominicus plach te prekene"
"1804";"Exempel van sinte Dominicus hij was op eenen tijt in een lant in een steede predeken"
"5666v";"Exite obuiam ei."
"5666v";"Exsultet iam angelica turba (Cantus 850202). Sich frewet yeczunt die englisch schar"
"5666v";"Exsurge gloria - (Ps 56,9). Deus pater loquitur ad filium in mortem quiescentem dicens, o fili qui es gloria mea"
"1804";"Exsurgens Maria - (Lc 1,39) Dese wort staen gescreven in den Ewangelio Luce. Maria is upgestaen ... Dese worde hebbe ick vor my genomen iu ein weinig to leren"
"5666v";"Extrait des histores et Croniques faittes et compilees par noble homme Enguerran de Monstrelet"
"5666v";"Eya reyne moeder vol alre ghenaden bewaert mi moederlike in al minen leven"
"5666v";"E ! tres certaine esperance, dame et deffenderesse de tous ceulx qui cy attendent glorieuse virge Marie"
"5666v";"Eὐσέβιος ὁ Παμφίλου ἐυ ὅλοις δέϰα βιβλίοις."
"5666v";"FATEOR Clarissime vir et michi."
"5666v";"Fableaus sunt or moult encorsé Meint denier en ont enboursé Cil qui les content et les portent"
"5666v";"Faccimote adunqua, caro fratiello, adsaperi cha lo primo juorno"
"5666v";"Fame qui tarde a point a grand desir de enfant avoir"
"5666v";"Fame se plaint, fame ce donne, fame est mallad"
"5666v";"Far man atelkone tha hwath som the ære eghende"
"5666v";"Father oc mother ære søn oc datter næst at ærffue søn ful lot och datter til halff lot"
"1804";"Fatigue des erreurs que la prevention"
"1804";"Faulte d'argent. Josquin"
"5666v";"Fecit deus hominem ab initio simplicem."
"1804";"Fecit mihi - (Lc 1,49) Scibuntur haec verba Luce. He heft my grote dinge gedaen, de daer mechtich is ... Dit wordeken mochte Maria wal spreken, meer dan yemant"
"5666v";"Federigo per la gratia didio re de Romani et senpre acrescitore"
"5666v";"Fili accedens … [Sir 2,1]. Dese woerde bescryft Ihesus Syrachs soen in Ecclesiastico in den anderen capittel. Ind sijn aldus in duytsche: Kynt, wiltu gaen to den dienste gaeds, so staet in rechtverdicheit ind in anxt ind bereid dijn ziel tot bekaryngen. Mijn lieve kynt, die bekaringen drijven ons to gaen tot gade …"
"1804";"Filis, quand votre humeur se pique"
"5666v";"Filius tuus Ausonius in ipso iam."
"5666v";"Filx, je n’ay mie grant tresor"
"1804";"Fin-i di Roma"
"1804";"Finy l'ignoration f-a l'azzardoso"
"5666v";"Flecto genua mea ad patrem domini nostri."
"5666v";"Floirencius van der gotlicker barmherticheit eyn onwerdich abt ende dat gantze convent sante Joestes op dem meer …"
"1804";"Fly, fly tou you Vale"
"1804";"Folcher considrer de mati e ser (Vers)"
"1804";"For thi that god is ynwardele the witte"
"1804";"Fors seulement"
"1804";"Fortuna par ta cruault-e. Vincenet"
"5666v";"Fortune mere de tristesce / De douleur et daffliction / Mettre me fait en ma jonesce / Mon estude et mentencion / De faire un roumant sus Boesce / Con dit de consolacion /"
"5666v";"Foutés fort la belle"
"5666v";"Fra le cose memorabili succedute nell’ eta nostra."
"5666v";"Francescho Petrarcha huomo di grande ingegno"
"1804";"Francisca en este tiempo"
"5666v";"Frater letaris quod in fide christiana morieris."
"5666v";"Fratres carissimi quam tremenda est dies illa."
"5666v";"Fratres mei cupio uobis enarrare."
"5666v";"Fratribus in cenobio sancti Iacobi quod in monte specioso situm est constitutis XXX officia in missarum uigiliarumque celebratione pleniter exsoluimus."
"1804";"Frere Thibault (Missa). Lasso"
"1804";"Frere Thibault (Missa). Lasso"
"1804";"Frunde vunf in der not"
"1804";"Frunt geberen vnf fyant syn ist boyser dan"
"5666v";"Fu inque medeimi tenpi Ihesu savio huomo si solamente esso huomo"
"5666v";"Fu uno re savui assai al quale fu portato la corona"
"5666v";"Fuit uir in Alexandria Pafnutius."
"1804";"Funf lese meister saßen bi ein ander vnd sprachen vom liden"
"5666v";"Funiculus triplex difficile rumpitur."
"1804";"Fuoco gridava il popol sollevato"
"5666v";"Førsth owir løpe gudz hælgasta pino mædh bæzste atwakt"
"5666v";"GEschrieben stehet an einer stadt, Ein wort das gott gesprochen hadt. Cap. 1. Arthemesia heyset Beyfos vnnd ist ein mutter aller wurtze, darumb wil jch zcum jrsten von jrer crafft schreybenn."
"1804";"Galien et Ypocras dient que li homs melancoliques"
"5666v";"Galiens et Ypocras qui furent les meilleurs clercs du monde de phisique et mirent tous leurs bons enseignemens en une part pour garir de toutes maladies"
"5666v";"Gamandrie, dat is ok gud beide mannen unde wiven"
"5666v";"Ganc int tghemoede dijns gods van Ysrael"
"5666v";"Garrule,  curris"
"5666v";"Gaudeo plurimum ac letor in ea te sententia esse."
"5666v";"Gautier de Mons pancossier"
"1804";"Gebenedijt si got der here der vsß syner oeverloedycheit"
"5666v";"Gebet von den Sieben Worten Christi am Kreuz."
"1804";"Geboren in weene, met sorghen ghevodt, vroescappe cleene"
"1804";"Gegroit sijstu konynckgynne der barmhertzicheit des leuens suyssicheit"
"1804";"Gegroitset sijstu rose ane dorne van deme ewigen vader eyn tzarte vßerkorne"
"5666v";"Gegruet systu alre salichste Johannes du bloiende rose ende eyn soen der ioncferen Marien"
"5666v";"Gegruet systu blenckende mertelersche Christi sante Cecilie die huden verwonnen heves dynen brudegom Valeriaen"
"5666v";"Gegruet systu blynckende ioncfer ende duerhaer mertelerse sancte N. bruet Christi die huden overwonnen heves"
"5666v";"Gegruet systu gloriose apostel sancte N., ick gruet dy huden in desen fesstelicken hoichtytlicken werdigen dage myt eynen suverlicken crensken"
"5666v";"Gegruet systu heilige vader sancte Franciscus eyn liefhebber der oetmodicheit du die werdich byst alles laves"
"5666v";"Gegruet systu hoege geboeren ionckfrouwe sancte Ursula ende conynclicke bruyt Christi eyn edel leydersche ende voergengersche der ioncferlicker schaeren"
"5666v";"Gegruet systu o hoe geloefte conynclicke dochter edel geboeren vrouwe sancte Elisabet"
"1804";"Geloeft ende geeert sijstu heilige drieuoldicheit gewaer enige godheit"
"5666v";"Genealogie et descendue des roys et contes de Bourgoingne qui sont estez puis quatre cens et quatre vingtz ans encor ou environ"
"5666v";"General Supplicatione ad ottener l’effetto di qualcunque experimento magico. Scrivi in carta vergine li quatro infra scritti Circoli con inchiostro fatto di Zaffarano et cinabrio"
"5666v";"Genesis: das puch der geschopha"
"5666v";"Germet li terre herbe verdiant... (Gn. 1,11). Des ke nos doiens por nostre salveteit trois choses a toz ceos qui saint sunt, dons les doit om plus a cele damme, qui lo salveor portat, per grant devocion rendre, c'est semblance, honor et orison"
"5666v";"Gerone rectore di Sicilia agiunse al nouanta anni"
"5666v";"Ghebenedijt si god die vader ons heren Ihesu Cristi"
"5666v";"Ghebenedijt sijn o goede Ihesu alle dijn leden om mi arme sundarse seer stadelic ghepinicht"
"1804";"Ghebenedyt soe moetstu syn in der ewiger ewicheit daer du biste voirgesien"
"5666v";"Gheeft ons alder ghenadichste vader dat ghelyck als die heylighe Maria Magdalena verwerf ghenade van haren sonden"
"5666v";"Gheeft ons lieve here dat die ziele dijns knechtes ende priesters N."
"5666v";"Ghegroet sijstu ware lichaem ons heren Ihesu Christi"
"1804";"Ghegrotet sistu aldereddelleste kindeken"
"1804";"Ghegruet moetstu wesen gebenedite hoeft ons gesontmakers"
"5666v";"Ghegruet siistu, sterre des meers, hoege gods moder"
"5666v";"Ghegruet systu seer blinckende margriet, ghegruet sy dy blinckende ende schone rose"
"1804";"Ghegruet systu waer lichaem ons heren Jesu Christi gheboren van der maget Maria"
"5666v";"Ghegruet sytstu o gloriose ioncfrou Dorothea een spieghel der claerheyt ende der reynicheyt"
"5666v";"Gherechtecheit sekerlike : hemelrike"
"5666v";"Ghever des oversten loens"
"5666v";"Ghi dochteren van Syon loept want die feestelike hoechtijt uwer moeder is ghecomen"
"5666v";"Ghi sult drinken minen kelc"
"5666v";"Gi priesteren des alre hoichsten gades, west altois gedechtig in al uwen werken der gebaden gades …"
"1804";"Gi-a Pasquino sei fatto anacoreta"
"1804";"Gi-a Pasquino sei fatto anacoreta"
"1804";"Gi-a che riede primavera"
"5666v";"Gleich wie ein fechter nicht gnugsam bericht hat."
"5666v";"Gloire, honneur, louenge, vertu, magnificence soient au Pere, au Filz et au Saint Esperit"
"5666v";"Gloire, loenge et enneur soient rendues en humble reverence et ententive devotion a Dieu nostre pere souverain de lumiere"
"5666v";"Gloria tibi domine. Ere sy dy here"
"5666v";"Glorieus dieu qui tout le munde fourmas et feis l’ome a la teue ymage"
"1804";"Glorieuse saincte Barbe, je te requiers tres humblement"
"5666v";"Glorieuse vierge Marie, mere de Jesu Christ, vray dieu tout puissant, royne tres precieuse"
"5666v";"Glorieuse vierge royne En qui par la vertu devine Jhesu Crist prist humanité"
"1804";"Glorieuse vierge, royne en qui par la vertu divine"
"1804";"Glorieuse virge Marie m-ere de dieu Iesu Christ"
"5666v";"Glorieuse virge royne En qui par la vertu divine Jhesu Crist prinst humanité"
"5666v";"Gloriose hoege voerst ende overwerdige prynce der apostelen sancte Peter ick gruete dy huden in dynre hoichtytlicker festen"
"5666v";"Gloriose waerde heilighe drievolticheit die ghemaket hebt hemel en eerde"
"5666v";"Gloriose werdige prynce des hemelschen haves sancte Mychael eyn edel banier drager der engelscher schaeren ick grut dy"
"5666v";"Gloriosissimi Christiane fidei adlethe sancte matris ecclesie."
"1804";"Glot off silver to prenten. So wrijft ceruse myt blancken virnijs"
"5666v";"Glædz hælge fadhir sancte Francisce"
"5666v";"Gnedigster Herre, E. Churf. g. ander schreiben so mir."
"5666v";"God aller genaden hi henz ons gheroepen in Christo Jesu tot sine ewigheit"
"5666v";"God die sinte Maria Magdalena also behachlic ende bequaem maecten dattu haer niet alleen die sunden en vergaefste ... gheeft ons"
"5666v";"God geeft der zielen dijns knechts N. welker jaer getide sijns dodes wi begaen die stoel der vercoelnisse"
"5666v";"God gever der verlatenisse ende een mynre der menschliker salicheit wi bidden dijnre goedertierenheit"
"5666v";"God groet u Maria vol ghenaden"
"5666v";"God groet v Maria vol van gracien die heer is met"
"5666v";"God groet v scoon bloyende rose heilighe maghet sinte Agniet"
"5666v";"God groet v waerde heilighe apostel sinte Andries"
"5666v";"God groet vo scoon sunerlike maghet ende heilighe martelarsse sinte Barbara"
"1804";"God gruet di myn salicheit ... Wes ghegruet ende wil mi bequame maken te bidden tot dinen cruce"
"5666v";"God gruet dy alre heilichste ende eerwerdichste apostel sente Andries eyn suver vat des heiligen geistes"
"5666v";"God gruet dy claer blynckende morgen sterne heilige apostel sancte Jacob sonderlinge vrynt godes"
"5666v";"God gruet u Maria du biste die scatdraecst der heiligher kerken die altoes wtvloeyende biste mit dinen riken milden gaven"
"5666v";"God gruet u Maria du biste een camerbueste des tooversten conincs"
"5666v";"God gruet u Maria du biste een kelwaerst des oversten conincs"
"5666v";"God gruet u Maria du biste een moeder des ewigen conincs"
"5666v";"God gruet u alle ghelovighe zielen welcke lichamen hier ende anderweghen in Cristo rusten inder eerden"
"5666v";"God gruet uch werde gloriose apostelen altesamen ynt gemeyn"
"1804";"God gruete di Ihesus"
"5666v";"God houde van Jhesus Kerst sove sitan one der maget lamgodis, salechede vander wereto heleghe offerunde got"
"5666v";"God weest mir armen sondaer genadich"
"5666v";"God welcs goedertierenheit geen getal en is ontfanct genadelic die bede onser oetmoedicheit"
"5666v";"God wilt dencken in mine hulpe"
"5666v";"Godd gruet iu, moeder des behouders aen uitvercoren"
"1804";"Gods lichaem tonfaen scrijft ons sinte Augustiin ende seyt aldus"
"5666v";"Got der doegeden ende to samen een guedertijren behoeder"
"1804";"Got gruet dy Maria eyn gulden manstrancie die besaet syt"
"5666v";"Got gruete dy alre heilichste apostel Ihesu Christi eyn wtvercoren prynce der apostele"
"5666v";"Got gruete dy blynckende dageraet, opgaende claer morgern sterne, gulden roese des hemelschen paradys"
"1804";"Got in ewych na syner groisse myldicheit der wolde alleyne behalden"
"1804";"Got is an begyn aller guder dynck"
"1804";"Got troiste dich lieues moderlin Und laiß vns vß aller pyn"
"5666v";"Got, de was here / unde blivet iummer mere"
"5666v";"Gouvernons nous bien vertueusement pour acquerir honneur"
"5666v";"Gozate flor uirginal que con honrra especial traspasaste el resplandor de los angeles"
"1804";"Graces vous rens, tout puissant, pere vray"
"5666v";"Gracie unde dye hellyghe anxt unses heren sy myt uns allen. Al dat wt gade ghebaren ys verwynt dye werlt"
"5666v";"Grand Roi, qui permettés qu’une Muse timide."
"1804";"Grand Roy, qui fais trembler"
"1804";"Grasse mon doulx pere grasse et mercy"
"5666v";"Gratiam dei qua cristiani sumus."
"5666v";"Gratie et laude rendo atte eterno padre, omnipotente dio, elquale se degnato me misera peccatrice unire et assotiare"
"5666v";"Gratie et laude rendo atte eterno padre, omnipotente dio, elquale se degnato me misera peccatrice unire et assotiare"
"5666v";"Großmächtigster Monarch verzeih, wann tausend schmerzen Die Seufzer mit gewalt mir bersten auß dem Herzen."
"1804";"Grüßen, Got grüße -  stemme des woerts lantern der werelt"
"1804";"Grüßen, gegrüßet seist du -  gloriose maecht ende moeder gods Maria Ic vermaen di alle der blijtscappen"
"1804";"Grüßen, gegrüßet seist du -  mijn salicheit O du lieue here Jesu Christi"
"1804";"Grüßen, gegrüßet seist du - aller lyebste woyrtzel des grondeloyssen wesens"
"5666v";"Guilielmus moritur lauedus leuatur."
"5666v";"Guudh som alltingh haffuer skapath menniskione till godho
och gagnn"
"1804";"Gy costelicke Wonden Jesus sonderlynge teyken der ouerster mynen vol van gotelicker suetcheit"
"1804";"Gyz tak wieru vmagie srdcem wierzie a vscy clowiek wyznawagie"
"5666v";"Habbiace bona oppinione del signore et nella purita di cuore"
"5666v";"Habet autem pondus."
"5666v";"Haec sententia necessariam doctrinam continet."
"5666v";"Hanc amavi et exquisivi a juventute mea et quesivi eam sponsam michi assumere Ce sont les parolles de psalmon"
"5666v";"Hannibale la pace che rompesti dislealmente assai giusto mi fanno"
"1804";"Hautismes deus misericors, deus ke formais m- airme et mon cors"
"1804";"Hautê men hê akrostichis tu parontos kanonos"
"5666v";"Havendo questi giorni posto fine ad una opera assai lungha"
"1804";"Ha| je pr-etends punir votre insolence"
"5666v";"Hec sunt que ut obseruetis precipimus."
"5666v";"Hechte, potten ... a festo purificationis usque palmarum"
"5666v";"Hedt is een dach der vroelickheyt"
"5666v";"Heer Ihesu Criste, almachtich, god goedertieren gesontmaeker"
"5666v";"Heer Ihesu Criste, des leveden gods soen, du biste der enghelen blüsscap"
"5666v";"Heer Ihesu Criste, des levenden gods soen, die scanliken biste ghepresenteert den ongenadigen rechter"
"5666v";"Heer Ihesu Criste, des levenden gods soen, die wtgerect hebste diin armen in den cruce"
"5666v";"Heer Ihesu Criste, des levenden gods soen, du biste een croen alre heilighen"
"5666v";"Heer Ihesu Criste, des levenden gods soen, du biste een scoencheit der ewiger salicheit"
"5666v";"Heer Ihesu Criste, des levenden gods soen, sette diin piin diin cruce ende dinen doot"
"5666v";"Heer Ihesu Criste, des lievenden gods soen overmits die bitterheit"
"5666v";"Heer Ihesu Criste, levende gods soen, die om ons in den cruce storves"
"5666v";"Heer Jesu Criste, verghif mi goedertiecht, soe wat ic in desen dage misdaen hebbe"
"5666v";"Heer Jesu Criste, welcoem moetstu siin ghebenedide vaders"
"5666v";"Heer die te verbidden bist met den ghebeden dyns heylighen martelaers Cornelii bescherme ons"
"1804";"Heer ghesciede inden iaer ons heren doe men screef neghen hondert ende vijftich"
"5666v";"Heer instorte in ons den gheest dijnre minnen"
"5666v";"Heer onse god gheeft ons die palme der elf dusent meechden"
"5666v";"Heer, die dienen dienres gescapen haves"
"5666v";"Heer, ontfanc ic dat heilige wywater"
"5666v";"Heere die den saleghen Niclaeus dinen odmoedeghen bisscop hebt uersiert met ontallicke mirakelen"
"5666v";"Heere ic enbin niet werdich dat ghi comt onder mijn dac"
"5666v";"Heere ontfarme dy onser... God vader vanden hemel die Maria die alderheylichste maghet dynen soen van ewicheyt gheordineert ende gheheylicht hebt... ontfarme dy onser"
"5666v";"Heere weset dynen volc een heylichmaker ende een bewaerder"
"5666v";"Heere weset dynen volc een heylichmaker ende een bewaerder"
"5666v";"Heilige gloriose vader sancte Augustynus west gegruet ende vervrouwe dy myt volhertelicker blytschoppen"
"5666v";"Heilighe Maria Magdalena bidt voer ons onghevallighen die totti vlien"
"5666v";"Hel Ihesu heel Ihesu heel søtasta Ihesu hiærta"
"5666v";"Hel Maria the hælgho threfalloghet thiænisto qwinna"
"5666v";"Hel ærlika gudz thiænista mø"
"1804";"Helas jay sans merci (Magnificat). Lasso"
"1804";"Helas que poura devenir. Caron"
"1804";"Helas! Pourquoi m'assurez vous"
"5666v";"Helpt ons sant Anne met v derdere"
"5666v";"Henry le Carabin tout bouffi d’ignorance de nostre eher abbé a détruit l’espérance."
"5666v";"Her Ihesu Criste, ic en bin niet wairdich, dattu ingaeste onder myn dack"
"1804";"Her beghynt een bechkijn, dat genoemt is van drien dach reisen"
"1804";"Her ich vor sunde mych wall behuot das wer myr"
"5666v";"Here Ihesu Christe ic en bin niet waerdich dattu in gaes onder mijn dach"
"5666v";"Here Ihesu Christe ic en bin niet waerdich dattu in gaes onder mijn dach"
"1804";"Here Jesu Christe aendenke huden aen mi ende regiere al mine werken"
"5666v";"Here du selste opdoen mine lippen"
"5666v";"Here handel nicht mit uns na unsen sundenn"
"1804";"Here in dijnre verbolgenheit enstraffe mi niet"
"1804";"Here in dyme grymmygen moede enstraffe mich nyt"
"1804";"Here wi bidden dattu uns dynen armen deenren vorlenest ewighe ghesuntheit"
"5666v";"Here, Jhesu Criste, wi aebeden"
"5666v";"Here, du sallt op doen mine lippen"
"5666v";"Here, du sallt op doen mine lippen"
"5666v";"Here, in dinre verbolgenheit enstraffe mie nit"
"1804";"Heritier d'une race en conquerans feconde"
"5666v";"Herr Jesu Christe umme din[er] bitterichheit willen de du entfengest vor my in deme crutze ... vorbarme dy aver mine sele"
"5666v";"Herr Jesu Criste, lof si dijnre wonderliker"
"1804";"Herr en begripet mi niet in uwe verbolgenheit"
"1804";"Herre  du sals op doen mijn lippen ende mijn mont sal voert cundigen dijn lof"
"5666v";"Hertzog moritz von Sachssen haiß jch."
"5666v";"Herzog zu Friedland. Magdeburg aller Damen Zier."
"5666v";"Hestor, se vous merchi i avés, se vous ne me fianciés"
"5666v";"Het ghenaket enen feest dach die paesschen hiet ende Ihesus seide tot sinen discipulen"
"1804";"Het is een menschelick mensche die alle duecht met lusten werct"
"1804";"Het is goet den menschen in goden gheesteliker vergaderinghe"
"1804";"Het is te weten, datter sonderlinge drie inwendighe ghebreken"
"5666v";"Het nakede die festdach die paeschen hiet, ende Jesus sede sijnen discipulen"
"1804";"Het sat op een tijt een yode in sijn huus"
"5666v";"Het sei wesen inden laetsten daghe een bereit berch"
"1804";"Het sijn XII punten, die den mensche zeer hinderen"
"1804";"Het sijn tien teykenen, daer men bi merken mach"
"1804";"Het sijn vijf punten, die zeer scadelic"
"1804";"Het waren drie broederen in enem cloester"
"1804";"Het waren drie clerken die langhe"
"1804";"Het waren vijf leesmeeseters"
"1804";"Het was een abdisse in enen cloester"
"5666v";"Het was een brue-der Canoniken regulier oerden sante Augustinus, die lange tijt om een son-derlinge saeke, die sinre sielen anginck, mit sinen gebede mit alte groten vlijt gearbeit hadde …"
"1804";"Het was een clerc in seer devoet ende ynnich"
"5666v";"Het was een edel wael geboren joncfrouwe gheheiten Mechtelt, die des conincks dochter was"
"1804";"Het was een gheestelic monic die dertich iaer"
"1804";"Het was een godet mensch in een langhe quale"
"1804";"Het was een grawe clusenaerster ... O du alresoetste glorioeste Maria"
"5666v";"Het was een guet man, die sante Augustinus seer lief had …"
"1804";"Het was een herder, die woende"
"1804";"Het was een ionc scolierken dat had grote devocie"
"1804";"Het was een ionc scolierken, dat seer ynnich"
"1804";"Het was een moniken cloester"
"1804";"Het was een ridder die over bracht"
"5666v";"Het was een vader eens groten gesindes, dese was mit vueriger deuocien ontsteken da-gelix …"
"5666v";"Het was een ynnich deuoet broeder van den heremiten sante Augustinus"
"1804";"Hets is waer, ja het is onmoeghelic te comen van weelden"
"5666v";"Heylich ende salich sijn si lieue heere jhesu christe die in v ewighe zijt wonen"
"5666v";"Heylighe ende gloriose Johannes baptista die gheheilicht sijt eerdi gheboren wort"
"5666v";"Hier alors que chascung se part D'une feste pour soy coucher"
"5666v";"Hier beghinnen die corte getiuden van onser liever vrouwen Marien"
"1804";"Hier beghint die legende van sinte Alijt die nonne"
"5666v";"Hier begint dat edel leven der sueter moder gades, der alre glorioser maget Marien, jonffer voir der gebuerte ende ionffer in der gebuerte ende jonffer na der gebuerte"
"1804";"Hier om make dij myt ynniger oeffenynghe drierhande opclymmynghe in dat leuen"
"1804";"Hieronymus: Groet is die barmherticheit gods"
"5666v";"Hillighe Maria Magdalena, bid voer ons onsaligen, de to di vleen"
"1804";"Hir begynnet als de lerers seggen eyn bock van den love godes"
"1804";"Hir vor do sich die zyt anfenck vnd die werlt an genck"
"5666v";"Ho letto la uostra lettera, et mi sono grandamente marauigliato."
"1804";"Ho men un Adam meta to ekblêthênai"
"1804";"Ho parôn hutos kanôn pasês gemei saphêneias"
"1804";"Ho parôn tês theotoku kanôn ude mian holôs echei dyschereian"
"1804";"Hoe een mensch becort wart in wterste eynde"
"1804";"Hoer vil wenig sagh antwort neyt zo allen frage"
"1804";"Hoi tên heautôn"
"1804";"Horent da Christus wart besnyden Drij koning van orienten quamen gereden"
"1804";"Horos esti logos dia bracheas hypomnêseôs"
"5666v";"Hortatur nos lex diuina."
"1804";"Hosper en tô tês deuteras triôdiô"
"1804";"Hoti e philosophia eis to theoretikon diareitai kai to practicon"
"5666v";"Hoveschen vrouwen, leigen, papen / unde ridderen, wisen knapen, / de recht unde warheit / vorstan vnde beschedenicheit"
"1804";"How sweet are flowers. Arne"
"5666v";"Hucusque nos patris Hieronimi dicta referentes que interpretes locuti reliquum opus ut sermo noster est uestra caritas libenter audiat .... primumque a Victorino inchoantes quem Seuerini legimus fuisse germanum."
"5666v";"Huden ist een groete hochtijt in der heiliger kerken, wanttet die achtende dach ist van der geburten ons heren Jhesu Christi"
"1804";"Huyd, huyd o ciegos. Guerrero"
"5666v";"Hwrw ba/orgamestara och ra/odmän skolo hwah dagh och om
therra eedh"
"5666v";"Hybernia igitur insula est in ultimo."
"1804";"Hyer beghijnt een boeckijn gheheten lectus noster"
"5666v";"Hystoria sacre legis non sine aliqua."
"5666v";"Hærra Ihesu Christe hwilkin som siw ordh sagdhe oppa langhafredagh"
"5666v";"Hærra Ihesu Christe som thætta aldra hælgasta køtit tok"
"5666v";"Hærra Ihesus Christus for the beskhetena skul"
"5666v";"Hærra Ihesus Christus helare oc atirløsare alla wærldinna jac vsul syndirska jak bidhir tik"
"5666v";"Hærra Ihesus Christus iak lofuar tik oc takkar"
"1804";"Hê tu parontos triôdiu akrostichis tmêma estin"
"1804";"Hêde biblos pantôs est entheos esti gar entha"
"1804";"Hês ude ho nus dyslêptos"
"5666v";"I priego te signore che la tua gratia risplenda in me a saper’ provedere"
"5666v";"IN deme Lande Ybernia vas[!] ein konig der hiß Columbanus. Ende: Finitum jn Ißleubenn, Anno Millesimo Quingentesimo Decimo Septimo. B. W."
"5666v";"IN exemplum huius sermonis bene et utile nobis sufficit."
"5666v";"IN nomine domini cuius bonitate vobis karissimis socijs et scolaribus meis debiter sum ad erudiendum in moribus et sciencijs quia prius vobis tradidi conpendium moralium ...."
"5666v";"INcipit liber primus vltra brentam de edificatione euganie iuxta mentem braytidanum."
"5666v";"Iak bidhir tik mildasta jomfru Maria"
"1804";"Ianar itschim goner osim bon aelin angitstac (Vers)"
"1804";"Ibimus viam - (Ex 5,3) Laet uns gaen enen wech van dren daegen in de woestenie"
"5666v";"Ic aenbede dyn eerweerdighe, ghebenedide, ghenoechlike boevet"
"5666v";"Ic aenbede here Ihesu Christe die gedenckenis dijnre bitterre passien"
"5666v";"Ic bevele my in die ghewont des vaders, in die wijsheit des soens, in die ghenaden des heilighen ghestes"
"5666v";"Ic bidde di here Ihesu Christi [!] doer dijn heilicghe wonden die du ontfanghen hebste om onse salicheit"
"5666v";"Ic bidde di mynnentlike, lieve heer Jhesu Cristi, om dier hoegher minnen"
"5666v";"Ic bidde di soete ende minlike Ihesu dien ic so waerachtelike inden heilighen sacramente huden ontfanghen hebbe"
"5666v";"Ic bidde, heer, gedencke, dattu mi als stike makes"
"5666v";"Ic dancke di heuer, heer Jesu Cirste, om dattu nu aldus edelen creatuer ghescaepen"
"5666v";"Ic dancke dy lieve here vader Ihesus Christus des weerden heilighen suchtens dattu here dedes opten dat herde cruus gherett ghetogen wor"
"5666v";"Ic dancke dy lieve here vader here Ihesu Christe dees weerden heilighen suchtens dattu heer dedes opten goeden vridach"
"5666v";"Ic groete dy voorgaende ter hellen Ihesum die hadde uercoren te rustene in die suuer celle Marien"
"1804";"Ic groete iu, scoene maghet"
"5666v";"Ic gruet u, Maria, dienstmaecht der heiligher drievoudicheit, ic gruet u, Maria, bruyt des heilighen geests"
"5666v";"Ic gruet u, Maria, een opgewassen lelij der reynicheit"
"5666v";"Ic gruet u, ghebenedide aenschiin ons liefs hern Jesu Cristi"
"5666v";"Ic ligge voer u ghebenedi oghen alre sachmoedichste here Ihesu Christe als een vrient"
"5666v";"Ic sach die heilige stede Jerusalem"
"5666v";"Iceu est chouse certainne que"
"1804";"Ich buyge myn knyen vor die werdige maget Maria Op dat se ons geue van der voelheit hoere gracien"
"5666v";"Ich glaub der Teüffel selbst."
"5666v";"Ich hebbe die perse alleen getreden spreect die here ende van den volke en was geen man mit my"
"5666v";"Ich lag in eyme trome hure."
"5666v";"Ich qvam vor einen grünen walt, || Der waz so wunnyglich gestalt."
"1804";"Ici cumencet amiable cancun"
"1804";"Ici sont les coustumes du Baillyage de Bar"
"5666v";"Icil fableau ce est la voire Si nos raconte d'un provoire Qui avoit une vieille mere"
"5666v";"Ick Johann Schaffer, inder tyth amptmann des gerichtz van Zelwerth, bekenne und betuge"
"5666v";"Ick N. versaeke alle duuelen van der hillen all hoer bystant"
"5666v";"Ick bidde u groete vorsten van den hemelricke here sente Mychael, sancte Gabriel, sancte Rapahel"
"5666v";"Ick danck u, lieve here, der groter bangicheit, die gy dryendertich jaer geleden hebt op eertrick gelyckt eynen mynschen, dye op syn verscheyden lyckt"
"5666v";"Ick dancke ende love die mogentheit gods dat hi my gheschapen hebt"
"5666v";"Ick dancke ende love dy god den vader"
"5666v";"Ick ghelove in god den vader almachtich scepper hemelrijcs ende eerrics ende in Ihesum Christum sinen enigen soen"
"5666v";"Ick gruet u alle heilige confessoren eyn ygelick bysonder myt ynnicheit myns herten"
"1804";"Ick hebbe nv een propoost gemaeckt hemelsche vader om het sondich lant van Egijpten te laeten"
"5666v";"Ick legghe voer uwen ghebenedyden sachtmoedichsten oghen, o alre sachtmoedijchste here Ihesu Christe"
"5666v";"Ick ligge voer uwen ghebenediden oghen alder sachtmoedichste suetste Ihesu Christi [!] ghebenedijt als een kijnt"
"5666v";"Ick ligghe voer uwen godliken aenschijn alre sachtmodicste here Ihesu Christe als een arme mensche"
"5666v";"Ick offer dy edel jonckfrouwe Kathryna"
"5666v";"Ick offer dy edel jonckfrouwe Kathryna"
"1804";"Ick offer dyc O fonteyn der genaden dyt pater noster Ende aue maria in der eeren des inwendygen groeten druckes"
"5666v";"Ick offer dynre hoeger werdicheit ende glorie toe love ende toe eeren"
"5666v";"Ick spreck myt mynen herten tot dynen edelen herten o heilige vader Augustynus"
"5666v";"Ick vermaen dy, heilige Maria, vrouwe van hemelrick, der groeten vrouden, die dyne moederlicke herte hadden opten heiligen pasdach"
"5666v";"Ick vermaene dy toeuener off toeuersche in dem naem des vaders"
"5666v";"Id geschiede op sunte Philips ende Jacobs dach, dat op der zee (112vb) een schip mit lueden priesteren, meisteren, bacalarien in den seuen kunsten …"
"5666v";"Id waren twe echte lude ende hadden een enige dochter …"
"5666v";"Id was een jonck, rass, starck joede, die sich myt kampgreppen schermen ende der gelijcken to oeven plach ende diende mitten hertoch van Hennegouwen …"
"5666v";"Id was een monixken in enen cloister, daer die monicke seer devotelick ende helichlick leefden …"
"5666v";"Id was een rijck, vroem ridder, die en wolde geen wijf …"
"5666v";"Id was ein edel man ende was eyn greve to Aquitanien, die in vil doichden lange tijt levede …"
"5666v";"Id was in enen beslaten cloester van jonfferen ene joncfrou Beatrix genoempt …"
"5666v";"Ideo immensa bonitate dei et conditum est."
"1804";"Ie te prie saincte Marie mere de dieu trespleine de pitie"
"1804";"If Christians had a just idea of the excellency"
"1804";"If we had a just idea of the excellence"
"5666v";"Iheronimus merax quod est sanctum et nemus."
"5666v";"Ihesu Cristo nuestro señor, tu que eres uerdadera lumbre de las animas"
"5666v";"Ihesucrist honoré, Dieu glorieus, seigneur et createur du monde et sauveeeur de l'umain lignage"
"5666v";"Ihesus qui fus en croix pendu Pour tous pecheurs et estendu"
"5666v";"Ihn Schleßien dem Teutschenland / viel Nationen wolbekannd."
"1804";"Ihucris qui par sepuisanche (Vers)"
"1804";"Ik  biddi heilige ioncfrouwe suete Maria doer die grote genade die di god gegeuen heeft"
"1804";"Ik Philips, byder gracien Gods hertoghe van Borgoengen doen condt allen luden"
"1804";"Ik gruete die mitter engelscher waerdicheit. O godertieren ende oversuete wonde des sueten heiligen hertes"
"1804";"Ik sal eine waerheit seggen unde ein ytlick mensche sich toe holden"
"1804";"Il -a v-ecu dessous vos loix"
"5666v";"Il avint ja en Normendie Por ce est reson que je vos die Une aventure merveilleuse"
"5666v";"Il avint ja que que nus die En la terre de Lombardie"
"1804";"Il camerier di Monsignor Sonnino"
"5666v";"Il est bien droiz que je retraie Puis que nus homs ne m'en deloie"
"1804";"Il est certain, Monsieur, que les feux"
"1804";"Il est octroy-e a vous tous et a chascuns aultres bourgeois"
"1804";"Il est vrai que Fontainebleau"
"1804";"Il faut annouer, ma ch-ere soeur"
"1804";"Il faut oublier le pass-e, souffrir ou jouir"
"1804";"Il faut que la R-epublique de Suisses n'ait pas est-e"
"5666v";"Il leur donna a mangier de la graisse du forman"
"5666v";"Il lungo silento padri conscritti il quale io ad questi tempi"
"5666v";"Il male huomo teme il mal morire"
"1804";"Il me suffit (Missa). Lasso"
"1804";"Il me suffit (Missa). Lasso"
"1804";"Il n'est rien si beau, comme Caliste est belle"
"1804";"Il ne sðcauvois me persuader, belle Angelique"
"5666v";"Il ne s’ agit pas icy du bonheur ou de malheur ...."
"1804";"Il povero Ramon sugli occhi a vive"
"5666v";"Il prencipale ufficio di tutti i huomini"
"5666v";"Il primo huomo del mondo fu Adamo"
"5666v";"Il primo martedi di febraio 1248 fu rocto chon tucta la sua conpagnia Federigo"
"5666v";"Il puledro si come disse Virgilio esce del buono armento"
"5666v";"Il qual duca mori domenica sera ad xiij d’agosto ad ore due di nocte 1447"
"1804";"Il se voit dans le monde"
"5666v";"Il sont .III. choses par coi amours est maintenue / Loyautés est la porte par la y eust tu de revenue"
"1804";"Il y a trente jours en l'an qui mult sont a doubter"
"1804";"Il y a trois sortes de successions. directe, collateralle, ascendente"
"5666v";"Illumina oculos."
"1804";"Illustre chef des troupes de Hollande"
"5666v";"Ils ont volè mon nom, rejettè mon esprit"
"1804";"Imitons aujourd'huy le charmant Epicure"
"5666v";"Imperium mundi florens cum roma teneret."
"1804";"Importuna zenzala, quanto ardita tu sei"
"5666v";"In Januario ein kint geboren wert"
"5666v";"In allen sceden der heerlicheit ons heeren jhesu christi waer"
"5666v";"In aquam de faecibus een pint iiij loot atramentis sel men dair in doen"
"5666v";"In arbeyde unde yn swete unses anghesychtes"
"5666v";"In colligendis dubijs glosarum."
"5666v";"In creationis sue primordio."
"5666v";"In dem busschdom van Luitghe is eyn cloister geheiten Sustris, dar om dat susteren dar in woenen …"
"1804";"In dem eirsten exempel leßen wyr wie die hymmelkoningynne wart gesein by eyme guiden mentschen"
"1804";"In dem ersten ist zo wessen das s. Franciscus"
"1804";"In dem ersten ist zo wessen das s. Franciscus"
"5666v";"In deme ronde Longinus hastigen tho unde stack dat sper"
"5666v";"In den begin des seluen cloesters is ock die steede, daer die busch stant …"
"5666v";"In den iaren na der hemelvart unses heren Jhesu Christi ende do men schrieff CC ende xxxviii jaere, do was in Brytanien lande eyn conynck genomet Maurus"
"5666v";"In den iersten is to weten, dat sunt Franciscus in al synen werken onsen heren Ihesum Christum vnde medeformich was …"
"5666v";"In den jaer ons heren doemen screef 1439 des saterdaghes"
"1804";"In den tiden, dat sancte Bernardus was, doe weren in sinen cloester"
"5666v";"In den tijden, do Dyoclesianus ende Maximyanus regnyerden auer dat roemsche rijcke, so was ene grote veruolginge der kristenre lude …"
"5666v";"In den tyden, dat Decius die keiser rignierde, so stont ene grote veruolginge der kristen …"
"5666v";"In der eerlicheit der alre salichster ionckfrouwen Marien laet ons volhertelike bliscap hebben"
"5666v";"In der nacht, doe Cristus gebaren wart van Marien, do was die heli-ge vrouwe sunte Elizabeth in gro-ter ynnicheit …"
"5666v";"In der tijt, doe Constantynus keyser was, leestmen, dat he geen kynt en hadde, dat syn rijcke ende heerschappie besitten mocht na om des he om sere bedrofden"
"1804";"In der tzijt der genaden do man schreyff nac Cristus geboit 267"
"1804";"In der zijt do noch leeffde der mylde vnd goitderteiren keiser Teodosius"
"1804";"In der zit was eyn stat geheischen Zusyna"
"5666v";"In die tegenwoerdicheit dijns heiligen lichaems ende dijns heiligen duerbaren bloets genadige ende ontfermhertighe heer god bevele ic di huden"
"1804";"In dien daghen dat Julianus die apostaet die die kersten menschen veruolchde"
"5666v";"In dulce iubilo, singet vnde weeset vroo"
"1804";"In enen closter dat Hemerade heit van sancte Bernardus oerden was een preister"
"1804";"In het beghin van der messe, so comt onse Heere ende vertoocht hem in een godlic wesen"
"5666v";"In hoc scimus quod translati sumus de morte ad uitam quoniam diligimus fratres."
"1804";"In hoc vocati - (I Pt 3,9) Daer to sin gy geropen, dat gy solt de benedienge myt erfnisse"
"5666v";"In hora et giorno di Venere Luna crescente piglia cera vergine preparata et essorcisata"
"5666v";"In lectione apostolica quae a nobis."
"1804";"In midden der kerken dede die heer up sinen mont"
"1804";"In minen beddeken heb ic gesocht bi nachte - (Ct 3,1) Die ziele die gode zuecket ende die begeert te comen volcomelic"
"5666v";"In monasterio Palestinorum."
"5666v";"In nocte dum video in choro conuentum Esse me considero."
"5666v";"In nomine domini Ihesu alloquor te ingredientem transiturus nouitius iam grandeuus."
"5666v";"In nomine domini nostri Iesu Cristi Anno ab eius incarnacione Millesimo quadragentesimo [!] die lune."
"5666v";"In prima prouidoro et ordinaro, che nel detto chomuno si chiamino gl’ufficiali cio e consiglieri"
"5666v";"In primis debet interrogare sacerdos poenitentem"
"5666v";"In primitiua ecclesia prohibitum erat."
"5666v";"In quel tempo che il grano è in stato di comminciarsi a raccogliere o a mettere o falciare anderai in nove campi diversi et da ciascheduno pigliarai un puocho di grano"
"1804";"In sancte Bernardus tyden was een man ende hette Reynoldus, de recklyke"
"5666v";"In sevet manieren worden die daghelisce sonden vergeven"
"5666v";"In tractatu de censura ecclesiastica primo describo."
"5666v";"In tre parti e divisa tutta la machina del mondo"
"5666v";"In una speluncha presso al orto. Et questo fu al tempo di Iuliano imperatore"
"5666v";"In vigilia publicanorum et filij prodigi, hoc est Sabbatho quando Dominica sequenti predicatur Euang. Luce XV."
"5666v";"Incomincia il primo libro dello horologio della sapienza"
"5666v";"Incomincia il prologo nel libro, il quale e intitolato horologio di sapienza"
"5666v";"Incomincia il secondo libro dell' admiranda diversità delle dottrine"
"5666v";"Incomincia la seconda parte del vita patrum, la qual si chiama paradiso, compilata da Eradio monaco, laqual per gran parte l'infrascripti sancti visito"
"1804";"Incomincia la tavola delli unguenti inplastri"
"1804";"Incomincia lacirurgia dimaestro Guiglielmo da Piacenca"
"5666v";"Indeyr den heidenschen konynck van Anthiochien daer was een kynt, dat genoemt was Agaptus, dat gade seer ontsach …"
"5666v";"Infelice colui che sa molte cose"
"5666v";"Ingenuo principi ac preexcellenti domino Ottoni duci luneborch Consules ciuitatis lubek."
"5666v";"Ingrato veramente puo essere dotto, colui il quale potendo lopetere con le sue lunghe, vigilie e fatiche e sudori acquistate communicare ad altri par el mezzo, delle quale gli uomini possono in scientia et cognitione durare cose e volle communicare. Donde par fuggire site tro obscurro"
"5666v";"Initium"
"5666v";"Initium"
"5666v";"Innhalt der schrifft Bucerj seind furnehmlich."
"5666v";"Innocentes ab Herode Ascolonita occisi sunt. Hewte an dezem tage Herodes Ascolonita dy kyndeleyn getötet hot. Man list von Herodes der eyne heyßet Ascolonita"
"5666v";"Inprimis primus et maximus ipsorum execrandus est error."
"5666v";"Inquisitum iam a multis euangelicum."
"5666v";"Int iaer ons heren gebaerte dusent twehondert ende seuentien was ick geteykent mitten cruce ons here in verlatenisse mijnre sunden …"
"5666v";"Inter multos sepe dubitatum est."
"5666v";"Inter omnia que michi."
"1804";"Io che prattico in palazzo"
"5666v";"Io chredo che il primo argomento di choraggio bene ordinato"
"5666v";"Io extimo messer Pino che non sia solamente utile"
"5666v";"Io mi racomando ad voi intenderete per quello"
"1804";"Io non ascesi in l'eterno monte"
"1804";"Io non ascesi in l'eterno monte"
"5666v";"Io non era ingannato ma teneva per certo"
"5666v";"Io non sapea da tal uista leuarme"
"5666v";"Io non sapea di tal uista leuarmi"
"5666v";"Io o inteso con grande allegreca quanto potentissimamente gli exerciti tuoi anno scacciato"
"1804";"Io revixi non pigris (Vers)"
"5666v";"Io schrissi gia d’amor piu volte rime quanto piu seppi dolci"
"1804";"Io vi adoro, dio mio"
"1804";"Io viddi Benedetto, oh' quale avea"
"5666v";"Iohan ende Paulus waren Constancie, Constantinus dochter des keisers, vorbor praeste …"
"1804";"Ion getozamay agatamiel adabanos"
"5666v";"Ir sollt legge uck up die karne"
"5666v";"Irato viso e lamente discreta"
"1804";"Iris de ces bijoux, dont vous estes orn-ee"
"1804";"Iris insensiblement"
"1804";"Iris malade et se sentant presser"
"1804";"Iris qu'autre fois -a vous voir"
"1804";"Iris, cette beaut-e qui n'a point de seconde"
"1804";"Iris, pourquoy nous cachiez vouz"
"1804";"Iris, suit son humeur volage"
"1804";"Is fraget mancher wye iß myr ghee, gyngh yß myr wil, iß dede ym wee"
"1804";"Ist-eon h-oti t-us m-en -allus euangelist-as"
"5666v";"Iste libellus est de diuersis dictis sanctorum extractus et collectus qui potest occupacio deuotorum appellari."
"5666v";"Iste sunt allegationes facte in causa comitatus sancti Seuerj super jure primogenitore [!] et agebatur dicta causa in ciuitate Auinionensi coram inclito principe domino R. Jerusalem et Sicilie Rege."
"5666v";"It is gescheit, dat ein broder van sant Augustynus orden eyns up sant Barbaren dach preitgen solde …"
"5666v";"Italia dicitur ab Italo rege. - Quid dicitur patrimonium beati Petri. In gestis II. Stephani pape leguntur. - De reformatione donationis patrimonij Alpium Cociarum. Iohannis VII pape temporibus."
"5666v";"Italia prouinciarum nobilissima omnium."
"5666v";"Ite dopo questo sollecitate l’altre anime me dilungi da voi"
"5666v";"Item aldus salmen kesen die genne die dath gylthrecht verwaren sulle"
"5666v";"Item contre gravelle, cure vraye et esprouvee et moy mesmes l’ay veu et sceu pour certain, prenez graine de lorier"
"5666v";"Item faictes en ung pot boulir chardons chausses trapes et lui mettez tout chaut"
"5666v";"Item les aux sont bons pour la toux"
"5666v";"Item mettez sus l’estomac du malade une tostee de pain"
"5666v";"Item nul boire ne nul mengier"
"5666v";"Item oignement bon et certain pour toutes manieres de plaies, tout esprouvé. Prenez demie livre de cyre toute la plus coulouree que vous pourrez avoir"
"5666v";"Item pour oster taches en drap rouge, prenez du moyau d'un oeuf"
"5666v";"Item pour restraindre prenez calloux rouges et les faictes chaufer tant qu’ils soient"
"5666v";"Item prenez .ii. rouges ciboulles et les frisez en vielz oint"
"5666v";"Item prenez fueilles de lorier et de romarin et des fueilles de chesne"
"5666v";"Item prenez lait de chievre et vin blanc et boulliez"
"5666v";"Item prenez le cervel id est cereb<r>um et le cuer du cerf"
"5666v";"Item prenez plain poing de fueilles de petis mariers qui croissent"
"5666v";"Item prenez sang humain de celui qui est matonnés et le seiche et le seiche"
"5666v";"Item prenez trois oignons gros et rougez et les fusez en demie livre de viel oingt"
"5666v";"Item quant on a mal es oyees on doit batre des aux"
"5666v";"Item quant on est enrumez ou enroué, les aux mengez"
"5666v";"Item quant on est trop enflez ou que ce soit on doit batre des aux"
"5666v";"Item quant on est trop sarré"
"5666v";"Item recipe ayn alten ganczen anserem der do fayst sey"
"1804";"Item toten lichame ons heren Ihesu"
"5666v";"Item une herbe appellee paretelle ou paritele et graine de genete"
"5666v";"Item wiltu seen, eft ene juncfrouwe reine si edder unreine"
"1804";"J'annonce le destin d'un roy d'Ethiopie"
"1804";"J'avoue, que dans le si-ecle"
"1804";"J'ay cherch-e pandant un hyver"
"1804";"J'eu pour p-ere l'orgueil et pour m-ere"
"5666v";"J'oï conter l'autre semeine C'un pescheour de Ponz sor Saine"
"5666v";"Jac bidhir tik hærra Ihesu Christe om thina hælgasta fæm wndir"
"5666v";"Jac bidhir tik ælskelicaste hærra Ihesu Christe for thæn stora kærlekin skuldh"
"5666v";"Jac syndogh oc owærdogh mænniskia bidhir tik"
"5666v";"Jac syndogh oc owærdogh mænniskia i gudhz asyn"
"5666v";"Jac syndogh oc owærdogh mænniskia i gudhz asyn"
"5666v";"Jacob van Maerlant die dit dichte : ghichte"
"1804";"Jacob van Maerlant die dit ghedichte, Om te senden tere ghichte"
"5666v";"Jadis avint d'un chapelein Qui ne fu ne fous ne vilein"
"5666v";"Jadis avint d'un vilein riche Qui trop avoit, mes trop ert chiche"
"5666v";"Jadis un pape Pie aux ventres relachés"
"1804";"Jager (Missa). Lasso"
"1804";"Jairsdach is nv gedkomen dry connyncgen haen dat vernomen"
"5666v";"Jak bidhir thik min søtasta iomfru Maria at swa som gudh fadhir mædh sinne alzwallogasta makt"
"5666v";"Jak helsa tik Ihesu Christi hælgasta hiærta"
"5666v";"Jak helsar tik sannan Christi licama"
"5666v";"Jak helsar tik wars hærra Jhesu Christi hælgasta oc aldra astundelicasta hiærta"
"5666v";"Jak loffuar tik o aldra starkaste kærlekir jak wælsignar tik"
"5666v";"Jak lofuar hedhrar ophøghir ærar oc wælsignar tik"
"5666v";"Jam iam casurus Romana praesul in Vrbe."
"5666v";"Jam uellem minime."
"1804";"Jay pris amours - De tous biens"
"1804";"Je considere ma povre"
"1804";"Je croy, mes dames, que ma vertu"
"5666v";"Je doubte que aucuns ne cuident que en mes livres"
"1804";"Je l'avois bien jug-e qu'il estoit dangereux"
"5666v";"Je le feray"
"5666v";"Je ly tiendrai"
"1804";"Je n'ay pas peine -a concevoir"
"5666v";"Je ne fais point consister la vraye felicité."
"1804";"Je ne m'ar-ete pas aus traits de ton visage"
"1804";"Je ne mange point de porq (Missa). Lasso"
"5666v";"Je ne m’arreteray pas à dicrire la beauté de ....."
"5666v";"Je ne m’arrette pas à figure. ...."
"5666v";"Je ne say comment vous fites hier pour m' engager à faire votre Portrait."
"5666v";"Je ne suis pas esbahis, se un riches homs est garis, d’une mortelle plaie"
"1804";"Je ne veulx rien (Missa). Vento"
"1804";"Je ne vous croyois pas si bonne"
"1804";"Je pourroit vous donner de fleurs"
"1804";"Je prens en grey (Missa). Lasso"
"1804";"Je proteste avant dieu"
"5666v";"Je qui suis fais de terre et terre devendray"
"1804";"Je recommande mon äme et mon corps"
"5666v";"Je soloye jadiz penser / Enseigner diter et escrire / Les livres qui font apriser / Et qui sont de haute matiere /"
"1804";"Je suis beau, je suis clair"
"1804";"Je suis comme l'on veut, longue"
"1804";"Je suis digne fils d'un grand roy"
"1804";"Je suis espris d'une flame"
"1804";"Je suis malcontent. Isaac"
"5666v";"Je suis né en Pomeranie ......."
"5666v";"Je suis qui suis, bon homme je suis"
"5666v";"Je te exortis creaturae de sel par dieu le vif par dieu"
"1804";"Je te rencontre donc, ah cruel ennemy"
"1804";"Je te suis oblig-ee Amour de ton message"
"1804";"Je vaudrais bien pouvoir satisfaire"
"5666v";"Je vueul que triumphe se face Du jour solempnel que nacquis"
"5666v";"Je, Pierre de Tarantaise, humble frere preschieeur, cardennal de Romme"
"5666v";"Jehan Bourgoingne, roy d'armes de la tres sacree cesaree et catholicque majesté de l'empereur tousjours auguste Charles cinquiesme par la divine clemence roy des Allemainnes"
"5666v";"Jehan fust nay de Philippe qui du roy Jehan fut filz Et de Jehan je Philippe que Mort tient en ses filz"
"5666v";"Jehan le Galois nos raconte Qu'il ot eu la terre le conte"
"5666v";"Jehan sestoit et ii de ses deciples"
"5666v";"Jeremias, die prophete, scrivet ons dit wort"
"1804";"Jesus ginc wt nader gewoenten in den berch van Oliueten ouer dat riuierken Cedron"
"5666v";"Jesus vint vi iours devant Pasques en Bethanie"
"5666v";"Jesus, in dem Hertsi"
"5666v";"Jesus, roi de tout le monde, en qui toute bonté habunde"
"5666v";"Jesus. Maria. Mene siele hevet, die begheret in der nacht"
"5666v";"Jet dz die Fürstlich Burg, von Heidelberg genent."
"5666v";"Jhesu Christe comt der coninghen ende heer der heeren"
"5666v";"Jhesu Crist, Dieux parfait de tous, mon Dieu, mon Sirez et mon Roy"
"5666v";"Jhesus Christus lifuandis gudz son thu som nakin oc blodughir hængdhe a korsseno"
"5666v";"Jhesus Christus sagdhe sancte Mæktille: Jak sighir tik"
"5666v";"Jhesus qui es sans fin et sans vertion, qui toutes creatures as en subjection, en ta grant providance, en ta protection"
"5666v";"Jnn dem buch gennanth Pandecta jnn dem 33. ca: das sich anhebt Aloe."
"5666v";"Jnstitutor Jtalorum, ut princeps humanus, fidus, benignus appareat: sit uero."
"1804";"Jo juclos graciosos"
"5666v";"Johannes apostolus et evangelista dilectus virgo electus. Johannes was eyn zwelffbote unde eyn ewange lista, got hatte en lip"
"1804";"Johannes, vriend van gode vercoren"
"5666v";"Jovannes (!) Bocchacci y Florenti (...) poete Corbaccius sive Conti (...) viduum et alias feminas"
"5666v";"Jugementz des sonnges en moutz des maners se varient selom la vite et la digneté des persones"
"5666v";"Jure Ciuili in commodato ...."
"5666v";"Jésus en croix, fils de dieu, le père omnipotent, toi qui est dieu des anges"
"1804";"Kaitoi aporêseisen an tis entautha dyo"
"5666v";"Karissimis filijs meis et amicis et dominis."
"5666v";"Katherina dicitur quasi catena. Der name Katherina ist alzo vil gesprochen alzo eyne kete. Dy kete hot vil gledir"
"1804";"Kdyz mluwil gessiss k sastupom"
"1804";"Kenlic ende kundich si, dat alle den ghenen, die in liden sijn"
"1804";"Kephálaion katà tôn legónton hos u deî tùs hiereîs chríein"
"5666v";"Ki aimme beginaige de Deu soit il amés, Drois beginaiges porte de paradis les clés"
"5666v";"Kom thæn ande hælge ande ok wtsænt aff himblenom thins liws gisla"
"1804";"Kykl-osate lao-i Si-on"
"5666v";"Kyrie eleyson, Christe eleison ... here godt vader ym hemmel... erbarme dy aver uns"
"5666v";"L origine de la plus part de Royaumes et de Republiques ...."
"1804";"L'Archiduc se met en campagne"
"1804";"L'Artifice premier, dont se servit le diable"
"1804";"L'Empire risque tout, l'Hollande paye tout"
"5666v";"L'aise que vous donne ma paine"
"1804";"L'amour dans ses divers projets"
"1804";"L'an mil cing cent le premier jour de"
"5666v";"L'an mil cinq cens et douze et en le samedi vingtiesme dou novembre entre dix et onze heure du seoir nasquit Jehan"
"1804";"L'an mil cinq cens trente et cincq prins a la nativite"
"5666v";"L'an mil iiiic lxvii le lundi quinziesme jour du moys de jung morut a Bruges le duc Philippe de Bourgoingne"
"5666v";"L'anno 1579. Mi e stato di gran contento"
"5666v";"L'emperayre de Fransa a sa ost somonia"
"5666v";"L'empereur vint jusqu'a Fontainebleau Noble chastel tant ou plus fort que beau"
"5666v";"L'en peut dire que la matiere de ce livre est philosofique consolacion qui vault autant a dire comme raisonnable demonstracion"
"1804";"L'interêt est le grand mobile"
"1804";"L'oracle estant consult-e"
"5666v";"LIber iste quem legendum proponimus est nouelle institucionis studiose composicionis."
"5666v";"La ..... est une femme d' une taille au dessus de la mediocre."
"1804";"La Gambetta"
"5666v";"La Moldavie est egalement comme la Vallachie un reste de l’ancienne Dacie ......"
"1804";"La Monina"
"5666v";"La Province de Prusse dont nous allons parler icy faisoit anciennement partie de celle qui appartient á l’Electeur de Brandebourg."
"5666v";"La briefté et fragilité de ceste douleureuse vie temporele et la constance de la inconstance et variableté de Fortune, la mutacion aussi de la voulenté"
"1804";"La cara cossa"
"5666v";"La chiesa apostolica et chiesa di san Piero di Roma"
"1804";"La cigalle et la fourmi. E. Drobisch"
"5666v";"La città de Venetia fu edificata de voluntà de dio et tolsela in defension"
"5666v";"La città di Firenze, Città Principale et Metropoli di tutta la Toscana, fu edificata la prima volta dei Romani circuli anni dal mondo 4883 doppo la edificazione di Roma anno 664"
"1804";"La condition humaine est tornee"
"1804";"La congnoissance des fictions et fabuleuses histoires"
"5666v";"La cosa che nascondere no si puo"
"5666v";"La demoiselle en question a treute ans ....."
"5666v";"La doctrina di Ristofane e piu alta prudentia il quale"
"1804";"La doctrine du saige es proverbes est telle"
"1804";"La dolor des dens sans poureture: prenez la graine"
"1804";"La feste sainct Mathias se faict le second"
"5666v";"La grace de Dieu nostre sauveur c'est en ces derniers jours magnifestee en son fidelle serviteur saint Françoys"
"5666v";"La grant esperance que nous avons de l'aide a celui par cui toutes choses sont faites"
"5666v";"La iustitia et i diricti meriti et onesti guiderdoni"
"1804";"La la hoe hoe. Isaac"
"1804";"La la hoe hoe. Isaac"
"1804";"La la hoe hoe. Isaac"
"1804";"La la hoe hoe. Isaac"
"1804";"La la maistre Pierre (Missa). Lasso"
"5666v";"La materia del secondo libro e delle cose che se contengono ne capitoli infrascritti cio e"
"5666v";"La nocte che seghui l’orribil caso"
"5666v";"La nocte che sequi l’horibile caso"
"1804";"La nuit se retiroit et l'Aurore -a son tour"
"5666v";"La pace di Italia per ogni studio da qui adietro con intentione"
"1804";"La paix ne peut nous -echapper"
"5666v";"La personne doit laissier orgueil qui est souveraint pechié et prendre humilité"
"5666v";"La poverta non e rea a niuno"
"1804";"La rauschen. Isaac"
"1804";"La rauschen. Isaac"
"1804";"La rauschen. Isaac"
"1804";"La rauschen. Isaac"
"1804";"La relazion distinta, che chiedete"
"1804";"La relazion distinta, che chiedete"
"5666v";"La souveraine medecine pour le vit. Prenez eaue de .iiii. <quatre> herbes et en celle eaue de .iiii. herbes, mettez la moitié d’eaue rose"
"5666v";"Labia sacerdotis custodiunt scienciam et legem requirunt."
"1804";"Laboriosa per certo e questa impresa"
"5666v";"Laet ons gheloven aen den wercken der erachten gods"
"5666v";"Laet ons screyen voor den heer mit Marien"
"1804";"Laissez, laissez, m-ere d'Amour"
"5666v";"Lange tijt bin ick versucht gewest ende seer gebeden, om wt dem latyne in duitz toe macken eyn boick, dat man latyna heischet aures, dat bedudet in duitschen gulden legenda …"
"1804";"Largo Birboni ol-a, se si compiace"
"5666v";"Larmes de contricion. Larmes de devocion"
"1804";"Las jay n'iray plus (Magnificat). Lasso"
"1804";"Lasciam Coscia, e lasciam Finy"
"5666v";"Lasso che quando inmaginando vengno nel crudo"
"1804";"Lattouro diafinito solutino ilquale uale alle febbri"
"5666v";"Le Pere est un diseur ....."
"5666v";"Le Portrait que je vais faire ......"
"5666v";"Le Roy de Prusse est d' une taille au dessous de la médiocre"
"5666v";"Le Sénat qui gouverne la Republique est composé de treize personnes ......"
"1804";"Le bruit des armes redouble"
"1804";"Le ciel donne un prince -a la France"
"5666v";"Le ciel en dispensant ses dons"
"1804";"Le grand Louis ennuy-e de la gloire"
"5666v";"Le jeudi, premier jour de juing l'an mil v.c xiiij., moy estant a Saint-Denis en France"
"5666v";"Le neufiesme jour de janvier, le dolant moys froict, plain de pleurs et lamentacions"
"1804";"Le pauvre pecheur ayant desir de son salut doibt retourner sauvent soy"
"1804";"Le plus emport-e des amans"
"5666v";"Le premier commandement que Diex commandai c'est cestui"
"5666v";"Le premier eage dura deux mille cinca cens cincquante six ans dez la formacion Adam jusques au temps que Noe fist l'arche"
"5666v";"Le psaultier de la glorieuse virge Marie, mere de Dieu, se doit nommer et appeller le psaultier car il y a cent et cinquante pseaulmes. Et dist le maistre Alain a son preschement"
"1804";"Le retrait feodal -a lieu en pays de droit ecrit"
"5666v";"Le roy Alphonce estant a Valence, vindrent illecq"
"5666v";"Le roy chascun an faisoit la quaresme bien religieusement"
"5666v";"Le roy estant en Espaigne furent commis et depputez certains notables personnaiges tant de France que d'Espaigne"
"5666v";"Le roy souloit dire qu'il n'est conseilliers meilleurs que"
"1804";"Le sage ne laisse rien perdre"
"1804";"Le savoir a dieu le piere qu- est divyne verite"
"1804";"Le seigneur parla de plus -a Moyse au desert de Sinai"
"1804";"Le serviteur"
"1804";"Le serviteur"
"1804";"Le soleil quelque fois excite ma naissance"
"5666v";"Le triumphe d'Amour. Amor vincit mundum. Roys, terre, mer, je puis suppediter"
"1804";"Le villain. Josquin"
"5666v";"Lecto sermone dignacionis tue."
"1804";"Lectulus noster - (Ct 1,15) Dese wort staynt geschreven in der boich dem leiffden zo loven"
"5666v";"Lectulus noster floridus [Ct 1,15]. Dese woerde staen gescreven yn der mynnen bueck …"
"5666v";"Legende ueluti cotidiano."
"5666v";"Legere et non intelligere est negligere"
"5666v";"Legi bonam partem Erasmici voluminis."
"1804";"Lequel de deux sexes ... / Qui des deux sexes"
"1804";"Lequel de deux sexes ... Plus l'objet est aimable"
"1804";"Lequel de dieux doit choisir ... / En cas d'amour je sðcay"
"1804";"Lequel procurateur au nom des diz religieux cognut et confessa"
"5666v";"Les Saintes Ecritures et les examples des saintes"
"5666v";"Les Turckes examinent tout"
"1804";"Les cas nouveaulx et choses merveilleusses"
"1804";"Les exploits de nötre grand roy"
"1804";"Les fiancailles precedent le mariage"
"1804";"Les iiii compleccions terriennes qui en ce monde gouuernent"
"5666v";"Les langues dez advocatz faut lier a cordes d'argent"
"1804";"Les maux les plus cruelz"
"1804";"Les mineurs peuvent être restitu-es contre tous contracts et obligations"
"5666v";"Les peines, que vous avéz prises, de deffendre la vertu ....."
"5666v";"Les provinces d'oultre mer ont coustume"
"1804";"Les quatre nations, -a Paris enchain-ees"
"1804";"Les quinze principaux myst-eres de notre r-edemption"
"5666v";"Les vii martires corporelz sans recevoir mort. Li premier est chastoy et chasteté en jeunesce. Li ije est aumosne en povreté"
"1804";"Les vues entrent dans la composition"
"1804";"Leve broders, laet ons hochlyke begaen den dach in den de eersaeme bruet"
"5666v";"Leven ende ontfermheiticheit gaetstu im"
"5666v";"Li .i. que on ne quierce nulle vengence a Deu ne au monde"
"1804";"Li capitoli o sia articoli principali. Prima la divisione del pecato in generali"
"5666v";"Li grans benefices que Deus ait donneit si largement aus pueple des crestiens"
"5666v";"Li lire les saumes dou sautier enbielist les armes, si somont les angeles en son aiwe, s'encache les diaubles, si oste tenebres"
"5666v";"Li premiers dowaire dou corps est clarteit. Mais tu dois savoir que"
"1804";"Li premiers si est ke Judas li traistres lou baixait"
"5666v";"Libellus secundum Hostren (?) in summa sit: de libell. oblat: est brevis quaedam et ordinata scriptura."
"5666v";"Liber generationis generationis[!] Maumetis."
"5666v";"Liber regum: das Buch der chuͤnig"
"5666v";"Libera nos a potestate adversarii et de inferno et de peccato. Septem petitiones posuit Dominus in ista oratione dominica"
"5666v";"Libet de singularis uite ineritis."
"5666v";"Licet multi doctissimi et probatissimi viri vario et diuerso quidem stilo sed non diuersa fide ... Primum quero a te vtrum deus trinitatis sit ..."
"1804";"Lieue suster in onsen here. Elsebe van Geerne"
"5666v";"Lieuve waerde ende gloriose apostel sinte Johann ewangeli"
"5666v";"Lieve broederen peynst hoe groot dese feeste si allen toughen"
"5666v";"Lieve broeders tghevoeghet die woerden der lessen des ewangeliis cortelic over to lopen op dattet daer na gheoerloft si"
"5666v";"Lieve geminden in onsen heren Jesu Cristo! Ick hape ende betruwe em sonder twiuel, dat hie u versien geropen, vercaren ende gemynt hevet in der ewicheit …"
"5666v";"Lis un livre devot, simple et sans eloquence"
"5666v";"Loff hedhir oc æro wari thik alzwalloghir gudh fadhir oc son oc thæn hælghe ande"
"5666v";"Loff hedhir oc æro wari tik aldra hælgasta ok høgxta trefalloghet"
"5666v";"Loff hedhir oc æro wari tik alzwalloghir gudh for alla thina guddoms ok mandoms gærninga"
"1804";"Lopet over al ghi lude ende verwondert iv van der minnen gods op iv luden"
"1804";"Lorsque l'univers en suspens"
"1804";"Lorsque sous le plus juste et le plus grand des princes"
"1804";"Los ojos puestos"
"5666v";"Lote cale sta pranse velis frigesce minute"
"1804";"Louis et Marlborough anim-e par la gloire"
"5666v";"Loys par la grace de dieu roy de France. Scavoir faisons"
"5666v";"Loys, par la grace de Dieu roy de France et de Navarre, a tous noz feaulz et noz justiciers salut et paix. Comme plainte de barons, chevaliers et autres nobles et sousmis du peuple de nostre duchié de Normendie avons receue"
"5666v";"Loys, par la grace de Dieu roy de France et de Navarre, a tous noz feaulz et noz justiciers salut et paix. Comme plainte de barons, chevaliers et autres nobles et sousmis du peuple de nostre duchié de Normendie avons receue"
"5666v";"Lucio Aennea Seneca fu spagnuolo d’una cipta chiamata Corduba"
"5666v";"Lucius hecht; trutta forelle"
"5666v";"Ludmilla interpretatur dilectio. Ludmilla wirt alzo vil gesprochen alzo dy libe unnd dy ist zweyerley"
"1804";"Luego que sale el sol"
"5666v";"Lugubri nuncio consternatus."
"5666v";"Luna prima cio che in essa vederai in gaudio si convertira"
"5666v";"Luna quanto al cielo et allora e dea di castita"
"1804";"Lusinghiero m'ingan naste"
"5666v";"Ly advens contient quatre sapmainez pour seignifier qui sont quatre manieres de advenemens"
"1804";"Ly sangz regue de le ix e heure de le nuit"
"5666v";"L‘an quatorze apres la resurrection nostre seigneur la tresglorieuse Madeleine"
"5666v";"L‘ira che da virtu senpre diversa"
"5666v";"L‘uomo che d’umil‘ loco e discendete"
"5666v";"L’amore non si puo con paura mescolare"
"5666v";"L’archa di Noe fu lunga gomita trecento alta gomita cinquanta"
"5666v";"L’uomo che solo al suo volere attende"
"5666v";"L’usanca del senato di Roma ora a tenpo"
"1804";"M ..."
"1804";"M-ia [!] dio ch' Rason no uogl-io (Verse)"
"5666v";"MILITARIS discipline Clarissime frater precepta ad te."
"1804";"Ma belle me promit lundy"
"5666v";"Ma dame grassieuse je vous Suppli tres humblemant que vous"
"1804";"Ma dame trop vous me sprenes"
"5666v";"Ma perche niuno vitio e contento di segnoreggiare esso solo"
"5666v";"Ma roze née d'amour icy germera"
"1804";"Machabaeorum libri duo praenotant"
"1804";"Machabaeorum libri duo praenotant"
"5666v";"Madame ...... est d’une taille mediocre."
"5666v";"Madame P .... est tres bien faite. (Geschrieben von der Hand Gaultiers)."
"5666v";"Madame. Je ne decrirai pont votre beauté."
"5666v";"Mademoiselle L. C. H. D. V. peut avoir dix huit ans."
"5666v";"Magdenburg ist ein Schönne Statt."
"5666v";"Maggiore vergogna e di manifestare il peccahato che non e di farlo"
"5666v";"Magico esperimento detto del Scorpione, il cui nome è Mavaron, et il suo effeto, e sominiffrante agli malefici per amazzare li inimici"
"1804";"Magister, scimus - (Mt 22,16) Mester, wi weten want du waeraftich byst, unde lerest den wech Goddes in der waerheit"
"5666v";"Magna est obedientie merces."
"5666v";"Magna sane vir amplissime atque prudentissime avuncule inter iuris iusticiaeque cultores est altercatio ....."
"5666v";"Magnas semper domino gratias referre debemus."
"5666v";"Magne et multe domini nostri donationes."
"5666v";"Magnificavit eum in conspectu regum ... Hewte begee wir den tag des mildin herren zinte Mertins"
"5666v";"Magnifici prestanteque viri amici nostri carissimi"
"1804";"Mai vidde alcuno entrar con tanta foia"
"5666v";"Mainte fois me suis esmerveillé de ce que je vois que le temps"
"5666v";"Maintes gens dient que en songes N'a se faubles non et mensonges"
"5666v";"Maintes gens dient que en songes | N'a se fables non et mençonges"
"5666v";"Maintes genz dient que en songes N'a se fables non et mençonges"
"5666v";"Maiores status solennesque etc. Cy commence Valerius son livre qui est divisez communement en .ix. livres particuliers comment que on treuve en aucuns le .xe. livre"
"5666v";"Man sagt hye enphor chunig der Römer."
"1804";"Mancate gia tanto le forðce del valoroso popolo"
"5666v";"Manifestum est ex dicto Euangelij Matthei .12. Tunc vadit et adsumit alios septem spiritus."
"5666v";"Manière pour se bien confesser. Utile à tous bons catholiques"
"1804";"Mansla delenstrue fluis divirim bodogosino"
"5666v";"Mar e bur ne cen (V)"
"5666v";"Marchici cives ad curas domesticas sunt proclives."
"5666v";"Marcho Antonio huomo di grandissimo adfare"
"1804";"Marfira por vos"
"5666v";"Margareta dicitur a margarita... Der namen Margaretha ist alzo vil gespochin alzo eyn edil steyn unnd bekommet von dem namen Margarita"
"5666v";"Margareta dicitur a margarita... Margaretha ist alzo vil gesprochin alzo eyn edil gesteyne unnd komet von dem namen Margarita"
"5666v";"Maria blinckende sterre die dat warachtighe licht des werks ghebaert"
"5666v";"Maria e vaso pieno di gratia, della quale tutto el mondo ne riceve"
"5666v";"Maria muter edele kusche maget | Eine erlöserin aller der welte."
"5666v";"Maria, die gloriose moder gades, na der opvaert in den hemel ons lieven kindes Ihesu, do satte sie oir selven een regel te leven ende onder enen begeven orden gade to dienen …"
"1804";"Martilie groet O wonden diepe O cracht des bloets"
"1804";"Mataios an eiê kai pera tu metriu"
"5666v";"Materia hujus auctoris in hoc opere."
"5666v";"Mathias interpretatur dona dei. Der namen Matias ist alzo vil gesprochin alzo dy gobe gotes wenne her gegebin ist den zwelffboten zu dinste"
"5666v";"Mathias, de gloriose apostel onses heren Ihesu Christi, was geboren van dem edelen geschlechte Juda eyn van den xii sonen Jacobs in Bethlahem."
"5666v";"Matrimonium etiam usque ad extremum vitae spiritum contrahi potest ...."
"1804";"Maudit soit. Isaac"
"1804";"Maudit soit. Isaac"
"1804";"Maudit soit. Isaac"
"1804";"Maudit soit. Isaac"
"5666v";"Maycoes tesmoigne que l'armoise soit mere des aultres herbes et dit qu'elle a a nom armoise pour ce que Dyane s'en ayda"
"1804";"Me doit on apeller de tes malheurs"
"1804";"Me promenant pr-es du logis"
"1804";"Meintes gens cuident que en songes"
"5666v";"Memore de sancte barbe. Ant. //"
"1804";"Men findet achterleye loghene, der vyve sint doetlyke sunde unde dre"
"1804";"Men fint dat unse Here Jesus Christus, de ein Heer is alre creaturen"
"1804";"Men leesen dat in sinte Barnaerts"
"1804";"Men leest dat ij pausen dats Vrbanus de IV ende Jan de XXIV te hebben ghewaerlick ghegheuen"
"5666v";"Men leest in der historien des ertschen bisschops Sigiberti, dat hi den auerhogen leerre ende heligen bisschop sanctus Augu-stino in der alre meester ynnichster liefden ende deuocien had …"
"1804";"Men leest in sinte Baernaets leven dat die duvel hem seide ... Verlicht myn ogen op dat ick niet enslape"
"1804";"Men leest oec van eenen ridder die leefde in veele sonden ende sonderlinghe in dien sonde van oncuuscheit"
"5666v";"Men leest van eenre heiliger nonnen die ons lieve vrouwe mit groter ynnyheit dach ende nacht plach toe dienen"
"5666v";"Men lest een boeck van onser liever, sueter vrouwen exempelen, dat geheiten is Morionale, dat tot een-re steeden twe cloester waren van sunte Bernarts orden …"
"5666v";"Men lest een exempel in Sysarius on-der onser liever vrouwen exempelen: Et was een ridder ende liet die werlt ende genck in sunte Bernarts orden …"
"5666v";"Men lest een exempel van onser liever vrouwen, dat geschreven steet in den Passionael, dat tot eenre steeden een knechtken van xii iaren was ende plach synre olderen schaep te hueden …"
"5666v";"Men lest ein exempel van eynen heydenschen manne, die seir rokeloes was …"
"5666v";"Men lest in Cezarium van eenre ab-dissen, die seer strenge van leven was …"
"5666v";"Men lest in den boick Liber apum, dattet geschieden in den iaer ons heren M cc ende l. So was in Brabant een iongelinck, die na genuechten der werlt seer leefden ende was gebaren van groten, edelen magen...…"
"5666v";"Men lest in der Vater boeck, dattet was een par volcx gebonden mitter ew der heliger kerken …"
"5666v";"Men lest in enen boeck van onser lie-ver vrouwen exempelen, dat ge-hieten is Morionale, dat to Rome een keyser was, die had ene gue-de, eerberlicke vrouwe …"
"5666v";"Men lest in enen boeck, dat Morio-nael heit, dattet een monick was, die avermids des viant of synre eygenre crancheit so vol in des convents kelre gedroncken had …"
"5666v";"Men lest van Wenselaus, den edelen hertoch, dat hie van synre kintheit hielt ende vuerde een reyn, helich leuen …"
"5666v";"Men lest van sunte Thomas, die een bisscop van Cantellenberch was in Engelant, die een seer helich man was …"
"1804";"Men sal nemen den swembalch dat ys de mage van stocvisch"
"1804";"Men sal ock vort myt andacht merken oft en mensche"
"5666v";"Men schal proven unde merken, dat an jewelike jare sint twe unde druttich schedelike dage"
"5666v";"Men seyt int ghemeyn ouer al"
"5666v";"Men vindet beschreven in dem heilgen ewangeliom, dat onse here Ihesus dat hoifft is der heiliger kirken ind eyn here alre creaturen …"
"1804";"Mentre st-a mane leggier sonno avea"
"1804";"Mentre st-a mane leggier sonno avea"
"5666v";"Mer siet of yemant van u allen gheeysket wart of hi gode mint mit ganser trouwen"
"1804";"Merc wel, tot eenre tijt ghevielt dat een predicar"
"5666v";"Mercorialis -- smerevort"
"5666v";"Mere vous sçavez que je suys Cha jus pour la redemption"
"1804";"Merveille de nos jours, monarque incomparable"
"5666v";"Mes chers enfans. Quoy que je n’aye pas lieu de douter ....."
"5666v";"Mes confreres ensuiant la poissance Que nostre mestre en plainne esjoïssance"
"5666v";"Mes diciples et bons amis Je vueul que soyez advertis"
"5666v";"Messires Saint Nicaise qui fu evesque et archevesque de Rains pour le pureté et pour le sainteté"
"5666v";"Messires saint Jehans en livre de ses revelations qui est apolez Apocalipses si dist que il vit une beste qui issoit de la mer"
"5666v";"Met logh skal land bygges/ æn vildhe hwer man orwes"
"5666v";"Mi hebben umbevanghen, die suchten des dodes"
"1804";"Mi ni-no dios i se-nor"
"1804";"Mi rimorde la coscienza"
"1804";"Mi sento il petto accendere"
"1804";"Mi sento il petto accendere"
"5666v";"Miglore et piu utile e le ripriensioni et le bactiture del amico"
"1804";"Mijn Ihesus mijn myne mijn hoppe mijn sueticheit"
"5666v";"Mijn alre liefste broeders, als gi wal weten, so heb ick verdient avermids de gracien gades loevelick to tymmeren by Yponen drie cloester to der eren der heliger drivoldicheit …"
"5666v";"Mijn alre liefste broeders, gi en sult niet allene dat swigen in der woestenijen hoilden …"
"5666v";"Mijn alre liefste broeders, gi, die to saemen woent in der woestenijen, u en is geenre wijs georloft ach-terspreckers of murmurierres of ruyirres to wesen..."
"5666v";"Mijn alre liefste broeders, ick baetscappe ene grote blijtscap …"
"5666v";"Mijn alre liefste broeders, mi en denckt niet, dat ick ye geleesen heb, dat die gene, die gerne in desen leven oeffenen wolde die werke de gudertierenheit ende der mynnen, mit quaden dode vergaen is …"
"5666v";"Mijn god mijn ontfermherticheit... ic bijdde dy o lieve heer Ihesu Christe ontferme mijnre overmids dijn heilighe wijf wonden"
"5666v";"Mijn lieve broeders ende vroelicheit mijns herten, tis tijt, dat ick wederkier to den genen, die daer is ende my tot u gesant hevet …"
"5666v";"Mijne broeders ende die blijtscap mijns herten, myne crone ende myne vroude …"
"1804";"Mill vezes voy Francisca"
"1804";"Min allrelevesten, boven al solle gy iu oefenen in der passien unses leven Heren"
"1804";"Mine daeghe sint vorby gegaen alse schepe ... (Iob 9,25) Dese worde spreket de hillighe prophete Iob"
"1804";"Ministre sans pareil du plus grand des monarques"
"5666v";"Minor[!] fratrum religio fuit."
"5666v";"Mirez vous cy perturbateurs de paix"
"5666v";"Miserator et misericors dominus."
"1804";"Miserere mei - (Ps 50,1) Dat ic in ydelheden dus"
"5666v";"Miserere mei Deus Trop longuement me sui teüs Que je deüsse avoir bien dit"
"5666v";"Miserere mei Deus se etc. Sire Dieu ayes mercy de moy selon ta grant misericorde"
"1804";"Miserere mei Deus, dat ick in ledicheden dus hebbe versleten myne daghen"
"5666v";"Misniae nostrae pars est non postrema Ostlandia ...."
"5666v";"Misse in officio omnia que aguntur."
"5666v";"Mit Wahrheit müssen erkhennen vnnd bekhennen die Benachbartte vnnd nehst gelegne Christen."
"5666v";"Mit herten ende mit stemmen te samen Cristum den coninc eerende"
"5666v";"Mitt Vrleieb kome wir her tohr stedte ... Wir bringen ein Nie Vastel Avendt speel ... De Autores [Actores?] sindt gewesen ..."
"5666v";"Mjn fru sancta Maria j thins mildhetz skøt oc hændir befalar iak idagh min licama ok siæl"
"5666v";"Mjn hærra Ihesus Christus jak thro fullelika at ænghin ær swa syndoghir"
"5666v";"Mjn søtasta iomfru Maria giff mik nw at thænkia a the glædhina som thu hafdhe"
"5666v";"Mjn søtasta iomfru Maria gudz modhir giff nw thankia huxa oc skodha"
"5666v";"Mjn søtaste gudh oc aldra kæraste hærra"
"5666v";"Mjn søtaste hærra Jhesu Christe wærldinna helare jak bidhir tik"
"1804";"Modlytba naywybornieissie od naylepssieho mistra k nassemu ke wssemu dobremu wydana"
"5666v";"Molossus rüde"
"5666v";"Molto me molesto et grave udire le nostre differentie et contentioni civili"
"1804";"Mon cher amy, ne me d'y plus"
"5666v";"Mon chier ami, ja soit ce que tu voies et lises souvent et entendes clerement les livres et ditiez de tous poetes, toutesvoies j'ay aucuneffoiz pensé et deliberé en moy"
"1804";"Mon coeur se recommande (Missa). Lasso"
"1804";"Mon fr-ere, kenstu nicht Jungfer Ließgen"
"5666v";"Mon simple sens qui en vain euvre / Pose fin a mon petit euvre / Exhibant ma presumption"
"5666v";"Monachorum quatuor esse genera."
"5666v";"Monsieur de -- Baribas, Sicilien de Nation, .... est d' une taille au de là de la -- mediocre etc."
"5666v";"Morbastiano e rey Iessi coi suo frategli Cherabi & Morbastiano e Heberi di Iessi coi suo frategli Cherabi"
"5666v";"Mori maestro Agostino Romano generale degli Agostini"
"5666v";"Mortuj enim estjs et uita vestra abscondita est cum christo in deo."
"5666v";"Moult fu iries li anemis, quant nostre sires ot este en infer"
"5666v";"Multa sunt filii que hortantur."
"5666v";"Multi multa sciunt."
"5666v";"Multi multa sciunt."
"5666v";"Multi multa sciunt."
"5666v";"Multifarie multisque modis dominas vniuersorum."
"5666v";"Mundus dicitur quasi undique motus, est enim in perpetuo motu"
"1804";"Musa lascia di Pindo ogn'altro impaccio"
"1804";"Musa non ti lagnar pi-u non canto"
"5666v";"Muy dulce señor Iesu Cristo y benigno redemptor de la mi anima, tu que dexiste"
"5666v";"Muy dulce señor Ihesu Cristo que a la tu bienauenturada madre"
"5666v";"Myn alre liefste broeders, ist dat wy willen verdienen dat loen des ewygen leuens, so laet ons arbeiden mit alre macht, die gebade gades te bewaeren …"
"5666v";"Myn god myn ontfermherticheit gheeft my dattu kenste my noetdruftich te sijn"
"5666v";"Mynlike ende gloriose heilighe pacs"
"1804";"Mê adikos ho theos ho anisôs hêmin"
"1804";"N-e pour partir une couronne"
"5666v";"NVmerus est duplex scilicet mathematicus qui dicitur numerans."
"5666v";"Nach dem die göttliche Nattur ... Jesu Christi allen menschen ...."
"5666v";"Nachdem S. Maj. der König d. 12ten Jan. 1760 von Pretschendorf ohnweit Dipoldiswalde .... aufgebrochen ....."
"5666v";"Narra Paolo Eurosio che Serse re di Persia"
"5666v";"Naturale di rictura et ogni iustitia covole"
"1804";"Nature enseigne nous par quel bizarre effort"
"1804";"Nature qui par lordonnance de dieu"
"1804";"Natus ante saecula dei filius. De sone ghades de dar unsichtlyk ys"
"1804";"Ne craigner point cette Rougeole"
"5666v";"Ne crains point, charmante Uranie"
"5666v";"Ne di passati per nobile nostro Antonio dalla Torre decto Lobrauo mandato"
"5666v";"Ne dictz gueres et escoutte beaucoup On n'est pas saige tout a coup"
"5666v";"Ne frangâre animo, aut trepida cordate BOHEME."
"5666v";"Ne nomen domini nostri Jesu Christi blasphemetur et fides catholica vilis et contemptibilis habeatur."
"5666v";"Ne sribam vanum Duc pia virgo manum. Omnia membra mea conservet virgo Maria"
"5666v";"Ne tempi passati in Parigi si trovarono dodici maestri in teologia"
"5666v";"Nec oppinanti michi."
"5666v";"Nel 1369 et di 9 di gennaio il comune di Firençe prese San Miniato al Tedesco"
"5666v";"Nel cor pien d’amarissima dolceza"
"1804";"Nel meðco del chamino - At intelliencia dela presente comedia"
"5666v";"Nel nome de Nostro Signor Giesu Christo. Amen. Questa è una breve et utile compilatione ovvero somma"
"1804";"Nel piu torbido rio l-a d'Ipocrene"
"1804";"Nel piu torbido rio l-a d'Ipocrene"
"5666v";"Nel taureo albergo con l’aurora inanzi"
"5666v";"Nel tempo che nuovamente gli Ungheri erono convertiti alla fede Christiana"
"5666v";"Nel tempo che rinuoua i miei suspiri"
"5666v";"Nel ultimo o huomo famosissimo la fede a vinto la perfidia"
"1804";"Nella barca di Caronte"
"5666v";"Nella florentissima eta, nella quale lo imperio de Romani"
"5666v";"Nemo dicat fratres quod temporibus."
"5666v";"Nichil christiano felicius cui promittuntur."
"5666v";"Nicholino e chonpagni. I chapitani della chonpagnia della virgine Maria d’Orto San Michele"
"1804";"Nim blijwyt ende doe dar yn eyn wenich cenober off rubrick"
"1804";"Nisan, Iar, Sivan, Thamul, Aab"
"1804";"Nisi abundaverit - (Mt 5,20) Qui plus prent plus coste. In omni curia et in omni loco"
"5666v";"Nisi habundauerit iusticia uestra."
"5666v";"Niuna servitu e si vituperosa come quella di colui"
"5666v";"Niuno puo avere cio che vuole ma egli puo bene"
"1804";"No eya del cuerpo dolor"
"5666v";"Nobilis vir am[...] noster carissime havemo ricevuta vostra lettera per la quale"
"5666v";"Noble duc de Cleyves yssu de royalle lignee | Cousin du trescrestien et trespuissant roy"
"5666v";"Noble roi, celui Dieu vous garde Qui supz tout le monde a regarde"
"5666v";"Noblesse, helaz, si je n'ay bouche ou langue | Pour faire icy suffizante harengue"
"5666v";"Noch den sternen so richtet sik der werlde lop"
"5666v";"Noi abbiamo aspettato infino allora novissima huomo magnifico"
"5666v";"Noi non siamo ignari padre beatissimo che nella cosa"
"1804";"Non adorare se non uno solo dio"
"5666v";"Non da richeca antica nobiltate"
"5666v";"Non dee il cor gentile irare contro al subggecto"
"5666v";"Non enim est strepitus oris."
"5666v";"Non me ignoto generosissimo signore questa essere consuetudine"
"5666v";"Non se vole haver tanta cura de essere grande moltitudine"
"1804";"Non si dee gi-a far dell'orfanelli"
"1804";"Non so qual Mosca Svizzera"
"1804";"Non so qual Mosca Svizzera"
"5666v";"Non sono molti anni passati, che trovando mi in compagnia"
"1804";"Nos crimes sont trop grands pour estre pardonnable"
"5666v";"Nos nicolaus sancte dorothee wienne"
"1804";"Nostres sires monstrait a une nonnain de l- ordre de cytiaus qui diroit XV patenostres"
"5666v";"Nostro proponimento e di vivere sicondo natura"
"5666v";"Nota anabulla id est wolfes milch vel esula"
"1804";"Nota che questa herba fu recata d'India"
"1804";"Nota questa regola che qu'alcuno si vuol"
"5666v";"Nota quod Christus est ubique, sed non ubique est Christus."
"5666v";"Nota sex sunt etates mundi. Prima durat ab Adam usque ad Noe (Bl. 1 und 2 sind verdorbene Duplicate der Blätter 7 und 8)."
"5666v";"Nota sic legitur in naturalibus. Wenne man eynen menschin under dy -"
"5666v";"Nota tractatum canonum de mensuracionibus per puncta vmbre."
"5666v";"Nous avons trouvé en natures que il sont iiii. helemens qui sont chaus et frois et moites"
"5666v";"Nous commencerons par les Svedois ..."
"5666v";"Nous dit Cesar Auguste en paix unye Imperateur d'humainne progenie Par maternel estoc venant de cuer"
"5666v";"Nous t'adorons et saluons image saincte de nostre redempteur"
"5666v";"Nous trouvons ès escriptures que nostre saulveur Jhesu Christ s'aparut une fois à Monseigneur Saint Gregoire"
"5666v";"Nous trovomes en escriture Une merveilleuse aventure"
"5666v";"Nouum opus facere me cogis."
"5666v";"Novella elegantissima et bella dello imperadore Federigho Barbarossa"
"1804";"Noves amor. Navarro"
"5666v";"Nox erat et lentus carpebat."
"5666v";"Nu hörett undt merket tho dießer thiedt."
"5666v";"Nu ist toe weten dattet liden unses leven heren is van wonderliker eracht"
"5666v";"Nu loue herteken loue du scholt nicht sore stan"
"5666v";"Nu secht ons Nycodemus die guede leerre wat van der droefheit, die Maria ende die ander vriende gades hadden die wyle, dat Jhesus in den graeue lach …"
"5666v";"Nudiustertius allatum est archiepiscopos Rhom: eosdemque electores."
"5666v";"Nudiustertius allatum est archiepiscopos Rhom: eosdemque electores."
"5666v";"Nulla lite e ad l’uomo tanto pertinnace quanto quella che"
"5666v";"Nun wil ich schreiben die grossen gemischten recebt als serupas."
"5666v";"Nun woll wirs aber hebenn an."
"5666v";"Nunc canimus falsi periuria principis: Et te."
"5666v";"Nuovamente ad i nostri orecchi e pervenuto come nelle italiche parti"
"1804";"Nus hom ne set d'ami qu'il puet valoir"
"1804";"Nyn dinck is seer straflick in den geistliken luden, de nae der avergevinge deser werlt"
"5666v";"N’Arnautz Daniels si fo da qella encontrada don fon N’Arnautz de Mervoill 
& * En est sonet coind’e leri 
& * Sols soi qe sai lo sobraffan que•m soritz 
& * Ar vei vermeils blaus blancs gruers 
& * L’aura mara fa•ls brueills brancutz 
& * Anz qe sim reston de branchas 
& * Si•m fos amors de joi donar tan larga 
& * Lo ferm voler q’el cor m’intra 
& * Dous braiz e critz 
& * Anc eu non lac mas ella m’a 
& * Chanson don•l mot son plant prim 
& * Autet e bas entre•ls prims fueills 
& * En breu brisara•l temps braus 
& * Pistoleta si fo cantare de N’Arnaut de Mervoill 
& * Sens e sabers auzirs e fin’amors 
& * Plus gais sui q’eu non sueill 
& * N’Ucs de Saint Circ si fo de Caersin 
& * Gent an saubut miei oill venser mon cor 
& * Nuilla ren que mestier m’aia 
& * Nuls hom no sap d’amic tro l’a perdut 
& * Anc enemics qu’ieu agues 
& * N’Ucs de Saint Circ si amava una dompna de Trevisana 
& * Longamen ai atenduda 
& * Ai cum es cointre gaia 
& * Anc mais non vi temps ni sason 
& * Ses desir e ses rason 
& * Enaissi cum son plus clar 
& * Servit aurai loniamen 
& * Estat ai fort loniamen 
& * Tres enemics e dos mals seingnors ai 
& * Raembautz de Vaqueiras si fo fils d’un paubre cavallier 
& * Savis e fols, humils e orgoilos  
& * Leu pot hom gaugz e prez auer 
& * Ja non cuigei uezer 
& * Nuills hom en ren non faill 
& * No•m agrada yuerns ni pascors 
& * Eissamera ai guerreiat ab amor 
& * Guerras ni plais non son bon 
& * Ara pot hom conoiscer e proar 
& * Era•m requier sa costume e son us 
& * Del rei d’Aragon conssir 
& * Roembauz d’Aurenga si fo lo seingner d’Aurenga e de Corteson 
& * A statz mes bel 
& * En aital rimeta prima 
& * Als durs crus coçens lauzengiers 
& * Ab nou joi et ab nou talen 
& * Car douz e feinz del bedresc 
& * Braitz chanz qil criz 
& * Apres mon vers voil sempr’ordre 
& * Ar non sui ges mals e astrucs 
& * Pos tals sabers mi sors e•m creis 
& * Ar ses pan la flors enversa 
& * Amors comer qe farai 
& * Assatz sai d’amor ben parlar 
& * Entre gel e vent e franc 
& * Aici mou un sonet iou on form e laz 
& * Er m’er tan un vers a faire 
& * Erai vei escur trebolel 
& * Er quant se broill foill del laisse 
& * Pos vei que•l clars 
& * Un vers farai de tal mena 
& * Ara•m plaz Giraut de Borneil 
& * Guillems de Capestaing si fo uns cavalliers del encontrada de Rossillon 
& * Jaufres Rudels de Blaia si fo molt gentils hom princeps de Blaia 
& * Quant lo rossignols el fuoillos 
& * Peire d’Alverne si fo del evesquat de Clarmon 
& * Abanz que•ill blanc puei sion uert 
& * Dejosta•ls breus jorns e•ls loncs sers 
& * Bella m’es la flors d’aguilen 
& * Girautz de Borneil si fo de Lemotsi  
& * Alegrar mi volgr’en chantan 
& * S’era non pueia mos chanz 
& * Quan la brun’ura ses lucha 
& * A ben chantar coven amars 
& * Jes de sobre voler no•m tueill 
& * La flors del ver chian 
& * Lo apleitz ab qeu sueill 
& * Quan branca•l brondelz el rama 
& * Ar auziretz 
& * Quar no ai joi qui m’aon 
& * Ben cove pos ia baissa•l ram 
& * A com m'ave dieus m’aiut 
& * Si•m sentis fizels amics 
& * Jois e chanz e solatz 
& * Girautz de Boneil si avia amada una domna de Gasconia qi avia nom N’Alamanda de Stancs 
& * Tuit demandon qu’es devengu d’amors 
& * Peire Vidals si fo de Tolosa, fils dun pelliser e cantava miels c’ome del mon 
& * Plus qe•l paubres qe iatz el ric ostal. 
& * Be•m pac d’invern e d’estin 
& * Ajostar e lassar 
& * Peire Vidals si s’en amoret de madomna N’Alais de Rochamartina 
& * Pos tornatz sui en Proensa 
& * Si eu fos en cort on hom tengues dreitura 
& * Tan mi platz jois e solatz 
& * Anc no mori per amor ni per al 
& * Si•m laissava de chantar 
& * Cant hom es en autrui poder 
& * Cant hom honratz torna en gran paubrieira 
& * Per la mort del bon comte Raimon de Tolosa Peire Vidals se marri molt 
& * Bernartz de Ventador si fo de Lemoisin d’un chastel de Ventador 
& * Non es meravilla s’ieu chan 
& * Bel mes q’eu chant en aqel mes 
& * Ara non vei luzir soleill 
& * Ab joi mou lo vers e•l comenz 
& * Bernartz de Ventador si ama una domna gentil e bella e si la servi tant 
& * Ar ma conseillaz seingnor 
& * Can vei la lauzeta mover 
& * A tantas bonas chansos 
& * En conserier et en esmai 
& * Tant ai mon cor ple de joia 
& * Lonc temps a qu’ieu non chantiei mai 
& * Per descobrir lo mal pel e•l consire 
& * Conort era sai eu ben 
& * Pos mi preiatz seingnor 
& * Lo gen temps del pascor 
& * Ben m’an perdut lai ves Ventadorn 
& * Can vei la flor l’erba vert e la fueilla 
& * Lan can vei la fueilla 
& * Estat ai com hom esperdut 
& * Can par la flor josta•l vert fuoeill. 
& * Can l’erba fresca•l fueilla par 
& * Lo rossignols s’esbaudeia 
& * Tuit sil qe•m preion q’eu chan 
& * Ja mos chantars non m’er honors 
& * Lancan vei per miei la landa 
& * Del mes chant c’un vei la broilla 
& * Pel dous chant qe•l rossignols fai 
& * Amors e qe•us es veiaire 
& * Jes de chantar no•m pren talan 
& * Lo temps vai e ven e vire 
& * Amors en que a taus preiera 
& * Be•m cugei de chantar sofrir 
& * Chantars non pot gaires valer 
& * Cant l’aura douza venta 
& * Quant la vert fueilla s’espan. 
& * En abril qan vei verdeiar 
& * La douza voiz ai auzida 
& * Cant la fueilla sobre a l’arbre s’espan 
& * Folquet de Marsceilla si fo de Marceilla fils d’un meçadier 
& * Folqetz de Marceilla si ama la muillier d’En Baral so seingnor 
& * Tant mou de cortesa rason 
& * Amors merce non moira tan soven 
& * Mout i fes gran pechat amor 
& * A pauc de çantar no•m recre 
& * Ben an mort mi e lor 
& * S’al cor plagues ben fora oimais sasos 
& * Tan m’abellis l’amoros pensamenz 
& * Chantan volgra mon fin cor descobrir 
& * Per dieu amors ben sabetz veramen 
& * Chantars mi torn’ ad afan 
& * Apres non gaire lonc temps qu’En Folqet fo caseguz en ira 
& * Si con sel qu’es tan grevatz 
& * Si tot mi sui a tart apercebutz 
& * En chantan m’aven a membrar 
& * Meravil me con pot nuls hom çantar 
& * A qan gen venz et ab qan pauc d’affan 
& * Greu fera nuls hom faillensa 
& * Ja no•s cug hom q’eu camge mas çansos 
& * Quant lo bons reis Anfos de Castella fom estatz desconfitz 
& * Oimais no•i conosc razon 
& * D’En Folquet de Marceilla vos ai ben dich chi el fo 
& * Hus volers outra cuidatz 
& * Ges aissi del tot no lais 
& * No•m platz chanz de rosignol 
& * Si•l cors no•m luz era dreg 
& * Can lo glatz, e•l fretz, e la neus 
& * Per la dolor e per l’ira q’En Girautz de Borneil ac de la mort del rei Richart d’Engleterra 
& * Si per mon Sobretotz non fos 
& * Girautz de Borneil si passet outra mar com lo rei Richart 
& * No puesc sofrir c’a la dolor 
& * Girautz de Borneil qan Guis lo vescoms de Lemotges l’ac fait raubar la sua maiso 
& * Per solatz reveillar 
& * Girautz de Borneil si era partitz del bon rei Anfos de Castella 
& * Lo dous chant d’un ausel 
& * Un sonet fas malvaz e bon 
& * Gen, maten, ses faillimen 
& * Nuilla res a chantar no•m fail 
& * Leu chansoneta e vil 
& * Si sotils scenz 
& * De chantar ab deport 
& * A quest terminis clars e jenz 
& * Ben deu en bona cort dir 
& * Ops m’agra si m’o consentis 
& * De chantar, mi for entremes 
& * Ara si•m fos en grat tengut 
& * Ja•m vai revenen 
& * Can creis la fresca fueill el rams 
& * Girautz de Borneil si amava una dompna de Gascoina qe avia nom N’Alamanda de Stanc 
& * S’i•us quier conseil bell’amiga Alamanda 
& * Ben m’era belz chantars 
& * Un sonet novel faitz 
& * M’amiga•m mene estra lei. 
& * Qui chantar sol 
& * Ses valer de pascor 
& * Ben for’oimais dreitz el temps 
& * En un chantar qe dei de ces 
& * Si plagues tan chanz 
& * Era can vei reverdezitz 
& * Tot soavet e del pas 
& * Al plus leu q’eu sai far chansos 
& * Sol q’amors me plevis 
& * Jois si a comenzamenz 
& * El honor dieu torn en mon chan 
& * Ben fora dreigz 
& * Ben es dreg pois en aital port 
& * Plaing e sospir 
& * Lancant son passat li giure 
& * S’anc jorn agui ioi ni solaz 
& * Peire Rogiers si fo d’Alvergne de la ciutat de Clarmon 
& * Peire Bremonç lo Torç si fo uns paubres cavailliers de Vianes 
& * Peire Raimonz de Tolosa lo Viellz si so fillz d’un borges e fez se joglar 
& * Peire de Barjac si fo uns cavaillers compaignon d’En Guillem de Balaun 
& * Peire de Bosignac si fo uns clers gentils hom d’Autafort 
& * Guirautz de Salaingnac si fo de Caersin del chastel de Salaingnac 
& * Peire da La Mula si fo uns joglars qe stet e Monferrat et en Poimon  
& * Ugo de Pena si fo d’Angenes d’un castel qe a nom Monmessat fils d’un mercadan 
& * Gauselms Faidiz si fo d’un borc qe a nom Usercha q’es en l’evesqat de Lemozin 
& * Pel joi del temps q’es floritz 
& * S’om pogues partir son uoler 
& * Mon cor e mi e mas bonas chansos 
& * D’En Gauselm Faidit vos ai dich qi el fo, ni convenc ni com estet 
& * Tant ai sofert loniamen gran afan 
& * Non alegra chanz ni critz 
& * Al semblan del rei ties 
& * Gauselms Faiditz qant fo partitz del entendemen de ma domna Maria de Ventador 
& * Si anc nuls hom per aver fin corage 
& * Chant e deport joi domnei e solatz 
& * Lo gens cors honraz 
& * Tot me cuidiei de chanson far sofrir 
& * Si tot m’ai tarzat mon chan 
& * Ja mais nul temps no•m pot ren far amors 
& * Lo rosignolet salvageai 
& * Ara cove qe•m conort en chantan 
& * Gen fora contra l’afan 
& * Cora qem des benenansa 
& * Tan soi fis e ferms vas amor 
& * Ab conserier plaing 
& * De solatz e de chan 
& * Ben for omai 
& * Gauselms Faiditz si amava una domna del evesquat de Gap e de Breun 
& * L’honratz jausenz sers 
& * Tuit cil qe amon valor 
& * Mout a poingnat amors en mi delir 
& * Jes per lo freiz temps no mi rais 
& * Jes no•m tuoill ni•m recre 
& * Mout m’enuiet oian lo cor tes mes 
& * Ben plas e m’es gen 
& * Moutas sazos es hom plus volontos 
& * Omais taing qe faza parer 
& * De faire chanson 
& * Razon e mandamen 
& * Ara nous sia guitz 
& * Fortz chauza es qe tot lo majer dan 
& * Per qual forfag o per cal faillimen 
& * Cantarei d’aqetz trobadors 
"
"1804";"O Allmächtig  ewich vader van wes moegentheit hemel ende eerde gescapen syn"
"1804";"O Allmächtig  vader ons heren Jesu Christi nv roep ic v aen ende bid v"
"1804";"O Alre liefste lief ic offer v mijn hert siel ende lijf"
"1804";"O Alre saechtmoedichste lam Christus ... Ic vermaen v ende danck v des ellendigen staens"
"5666v";"O Bona Pars, Bona Pars meliorum selige Partem"
"1804";"O Christe - o du here/ splendor - en schyn/ patris vita - en levent/ ac virtus - unde en dogente"
"5666v";"O Christi siæl hælgha mik"
"1804";"O Coningynne des hemels verblijt v blinckende dageraet wtuercoren bruyt gods"
"1804";"O Dio Comesser puo che un si belviso"
"5666v";"O Dio omnipotente et misericordioso"
"1804";"O Edel ioncfrouwe Maria alre ontfermhertichste moeder der weysen ... dese v Aue Maria begeer ic v te lesen"
"1804";"O Ewige gloriose heilige drieuoldicheit Ic begeer dz v alle creatueren ... moeten louen"
"1804";"O Fonteyn der mynnen guede Jesus ic aenbede v neder clymmende van dem hemel"
"1804";"O Gebenedide her hemelsche vader edel god Ic offer di huyden in eynre heiliger leuen"
"1804";"O Gebenedide salige drieuoldicheit Ic onwerdich mensche begeer te eeren dat ewige godlic wesen"
"1804";"O Geweldige here god hemelrijcs ende eertrijcs Ic arme sundich creatuer"
"1804";"O Gi duerbaer costelike wonden Christi sunderlinge teyken der ouerster mynnen"
"5666v";"O Gloriose princen der heiligher kercken"
"5666v";"O Gott Vatter im hochsten thron / durch Jesum Christum deinenn Sohn."
"1804";"O Heilige Maria gewerdige mi di te louen mitter gebenedider vruchten dijns buycs"
"1804";"O Heilige bisscop sancte Hubrecht behuet mi"
"1804";"O Heilige marteler ende vrient gods sancte Carijn"
"1804";"O Heilige marteler ende vrient gods sancte Cornelis"
"1804";"O Heilige marteler sancte Sebastiaen doer dijn gebet ende verdienst"
"1804";"O Heilige vader sancte Anthonius leuendige heilant ic beueel di mijn ziele"
"1804";"O Heilige vader sancte Gielis"
"1804";"O Herre  mijn god werdige ewige heilige drieuoldicheit Ic begeer v te louen"
"1804";"O Herre  ontferm di onser Christe ontferm di onser"
"5666v";"O Jacob, hillighe kempe gods, overclaer cijrheit der apostelscher scharen"
"1804";"O Jesu Christ filz de dieu"
"1804";"O Jesu Nazaret, a mes meschies et mes tribulations qui environent moy"
"1804";"O Jesu afgront godliker mynnen Alle creatueren moeten di louen"
"5666v";"O Jesu mijn ghesontmaker, mijn hoep, mijn minne, mijn salicheit, mijn troest, wat dancken of wat wederloen sal ic di weerdelic weder gheven"
"1804";"O Jesu mijn myn mijn sueticheit ... Wat sal ic di werdelike moegen weder geuen"
"1804";"O Jesus alre suetste nachtegael ic biddi om den alren suetsten sanck"
"5666v";"O Jhesu Christe lifuandis gudz son forlat os alla wara synder"
"5666v";"O Jhesu Christi dyrasta hiærta"
"5666v";"O Jhesu lifwandis gudz son som al thingh wet"
"1804";"O Lieue here Jesu Christi eyn scepper ende eyn verloeser alle der werelt"
"1804";"O Maiburga / tu sei el corona / Del tuta tudesta / si roi stare firmo"
"5666v";"O Maria hochgelovede hemelsche konynckynne ick arme sundersche offer dy dyt klene unnutte gebet"
"5666v";"O Maria ic begheer dat ghi desen godliken dienst ghi huden wer voer my dinen lieven soen bewisen wilt"
"1804";"O Maria ic vermaen di der druefenis ende rouwen die du haddes doen"
"1804";"O Maria ic vermaen v der groter eeren die di onse lieue here gedaen heeft"
"5666v";"O Maria søtasta Jhesu Christi aldra kærasta modhir"
"5666v";"O Maria ærofullasta himerikis drothningh"
"5666v";"O Maria, du biste aen menwech des levens"
"5666v";"O Maria, moeder ons heren ende des ewigen vaders soen, eysche ons allen hulp"
"5666v";"O Marie bedrøfdha hiærta"
"5666v";"O Paolo io credo che ad te fu cesto quello che noi tractamo"
"5666v";"O Thoma dydime. O Thoma twyvelastighe vormyddelst Cristum"
"1804";"O Vrouwe hoe lange salstu mijns vergeten om mi te verloesen"
"1804";"O Werde moeder des ewichs gods ... nv gewerdicht tontfaen"
"5666v";"O Wien ich muß dich laßen, Jch fahr dahin mein straßen."
"5666v";"O Ysrahel keer dy tot my unde yc wyl"
"5666v";"O alder heylichste moeder goeds op dat my die strenghe richter Jhesus in synen toem niet en berispe versuene my met hem"
"5666v";"O aldra miskunsamlikasthe gudh huru mæktogha"
"5666v";"O aldra søtaste hærra gudh Jhesu ok aldra kæraste ffadhir"
"5666v";"O aldra søtaste hærra hwilkin iak hafwir astundat"
"5666v";"O aldra søtaste hærra oc dygdhelicaste atirløsare"
"5666v";"O aldra søtaste oc miskunsamligaste gudh thatta oc alt annat goth"
"1804";"O alle gi inwoenres der hemelen loeft Jesum den behalder"
"5666v";"O alle gudz hælge ængla som mædh størsta kærlek"
"5666v";"O alle hælge oc gudz wtualdhe mæn"
"5666v";"O allegrece mondane quanto siete friole et vane et quanto e fuggitivo l’onore"
"1804";"O almachtige god vader, here scepper hemelrycs ende artrycs ... Tone di mi"
"5666v";"O almachtige wise rechtvaerdige god die nyemant wederstaen en mach ... ontferme u nu"
"5666v";"O almachtighe ewich god die dar biste een diep afgront mijnre begheerten ende een eracht mijns morghes"
"5666v";"O almachtighe hemelsche vader, ic bidde di om een cler bekennen"
"5666v";"O almachtighe scepper alre dinghen... die suete ghedenkenisse dijnre passien moet uy wesen in verlatenisse mijnre sunden"
"5666v";"O almechtige ewige god dien men nummermeer en bidt sonder hope der ontfermenissen weest genadich der zielen dijns dienres N."
"5666v";"O almechtighe ewighe god die gheheylicht hebt di offeringhe der martelaren in den bloede des salig hen levens sinte Stheven wy bidden"
"5666v";"O almechtighe ewighe godgheve onse hartten te volghen die rechticheit dynre toepaden"
"5666v";"O almechtighe scepper alre dinghen siet neder van de hocheit dyns trones"
"5666v";"O almechtighe vader seet neder vanden hoghen up dinen enighen sone de toe vesper tijt genamen waert vanden cruce"
"5666v";"O alre barmhertichste vader de meer untfarmet hefst over ons unsalighe menschen dan te sparen dynen alre levesten sone ghedencket ende untfarmet unser crancheit"
"5666v";"O alre bedroveste moder ende iunefer Maria ghedencket woe ju was te moede in den eersten upslach doe du dyn leve kint saghen hoghe verheven in der lucht hanghen"
"5666v";"O alre edelste ende alre reynste iuncvrouven, dochter des ewigen vaders"
"5666v";"O alre edelste ende mynlicste maget"
"5666v";"O alre ghetrouweste mynnre mijnre sielen anesiet iw die begheerte mijns herten"
"5666v";"O alre goedertierenste moeder ende maghet Maria"
"1804";"O alre guedertierenste vrouwe ... Ick bidde die overmits die hilige onspreklike bliscap"
"5666v";"O alre liefste vader mijns heren Ihesu Christe ic offer nu u […]nen ghemynden soen tot enen versoenre vor dy"
"5666v";"O alre mynnentlichste unversoerte maget"
"5666v";"O alre ontfermhertichste, o alre scoenste, o alre eerwaerdichste god"
"5666v";"O alre soeteste here Ihesu Criste als gy na den lesten avent mael ghegaen waren buten der stat Iherusalem"
"5666v";"O alre soetste moeder, vrouwen ende reyne maget, Maria"
"5666v";"O alre suetste Ihesu ic bidde di bi alle dinen heilighen leden di al mit wtghesochten tormenten om minen wil ghepinicht"
"5666v";"O alre suetste lam Criste goedertieren heer Ihesu ic vermane ende danc u des elleyndigen bitteren staens"
"1804";"O alresuetste here Jesu Christe die uten scoet des almachtigen vaders ghesent biste ... troeste"
"5666v";"O alta prole del superno Giuve Alcida grande che facesti"
"5666v";"O alzmechtige ewige gudh, iak arm owerdig och bedröffnut syndig menniskia bekenner"
"5666v";"O appetito vergognoso et rio"
"5666v";"O barmhertichste ende guederterenste vader seet neder tot dynen alre levesten sone Ihesum de toe sexte tijt dre uren lanck hinc ander galghen des cruces"
"1804";"O barnende vuer ende barnenden douwe ... nu wilt u ontstelde beelde dat is myn arme ellendige siele"
"1804";"O be joyful in the Lord. Händel"
"5666v";"O bloeme des camps ende lely der dalen Ihesu Criste die der meechden brudegom ende mynnaer biste, hoe vrolick is te wesen altoes in dynen aensichte"
"5666v";"O bloeyende roes suverlike moeder des heren, o saftmoedige maget"
"1804";"O che grossa penitenza"
"1804";"O che grossa penitenza"
"5666v";"O clavis David. O du slotel Davites unde eyn konichlik staff des huses Ysrahel"
"5666v";"O clavis David. O slotes her Davites unde eyn hantbar des Volkes van Israhel"
"5666v";"O coninc der ghelorien myn ziele begeert u te dancken"
"5666v";"O cruijs ons hope wij groten dij"
"5666v";"O cum es riches em misericorde, chier sire, cum granz en justise et cum larges en grace
& * Pour ceu ke li glore habitast en nostre terre si s’encontrarent misericorde ... nostre conscience (Ps. 84,10-12). Et ne mies tels tesmonages cum cil orguellous fariseus avoit
& * Vuardez chier frere en la sollemniteit qui hui est la simple hystoire de nostre raparillement
& * Ne fut mies sens chose ceu que sainte eglise qui at l’espirit de celui qui est ses espous et ses Deus
& * Il nos covient hui, chier freire, parler plus briement por lo tens ki petiz est. Li processions que nos hui doiens faire
& * Ja soit ceu que Deus fesist totes choses em poes et en numbre et en mesure (Sap. 11,21), totevoies plus specialment ordinet il celes choses et celes oyvres 
& * Velliez, chier freire de cuer,por ceu que li sacrement de cest tens ne trespassent en vos
& * Cist sunt li jor, chier freire, cui nos doiens warder, cist sunt li jor plain de pitiet et de grace
& * Li lieons de la lignieie de Juda at vencut (Ap. 5,5). Vencut at vraiement lo malice li sapience
& * Vencut at li lieons de la lignie Juda (Ap. 5,5). Ocis est li agnes mais li lieons at vencut, li lieons brurit,
& * Nos avons entendut de l’apostle que Criz habitet per la foit en noz cuers, et por ceu 
& * Tot ensi cum en la medicine des cors s’ajuet om tot primiers des poisons por faire l’espurgement
& * Tot ceu ancor que nos leisons de nostre salvor sunt medicines de noz ainrmes
& * Tot ceu que neit est de Deu sormontet lo munde ... si cum hom (1. Joh. 5,4). Si se siet jai per droit li humaine petitece
& * Une leiceons nos est hui lete chier frere de l’epistle saint Johan ou nos avons apris que troi tesmognage sunt
& * Liquels de vos averit un amin et irit a lui a meie nuit ... puie mettre davant (Lc. 11,5). Qu’est ceu qu’il dist q’uns siens amins estoit venuz a lui
& * Ensi cum li unze diciple seoient al maingier, si aparut a ous nostre sires Ihesus (Mc. 16,14). Certes voirement aparut bien li benignetez et li humanitez de nostre salveor
& * Ceste sollennitez, chier freire, est gloriouse et plaine de joie, car hui celebret om la singuler glore
& * Hui pessat per mei la haltece des ciels li sires des ciels per celestiene possance, et l’enfermeteit de la char
& * Si nos avons dignement et per devocion celebreit la feste de la nativiteit et de la resurreccion nostre signor, ne doiens hui mies moens
& * Hui est offerz li filz de l’omme a celui qui siet en l’ancien trone des jors por seor ensemble lui
& * Celebruns hui, chier frere, la sollempniteit del saint espirit, cui om doit celebrer per grant deleit de cuer
& * Hui unt, chier freire, li ciel decorrut davant la faceon de Deu de Synai, davant la faceon de Deu d’Israel
& * Certes, chier freire, si Deus me donevet ancun bien sentir per sa grace, molt voluntiers lo vos encumeneroie
& * Lonz soit de cez noz assembleies, chier freire, cil aspres chosemenz de la prophete, dont il les conventicles des Geus blaismet
& * Ens vigiles des sainz covient vellier l’espiriter homme, qui desiret a celebrer lor sollemnitez en esperit
& * Apparue nos est, chier frere, li gloriose sollemnitez cui li glorios martre qui condusor sunt des martres
& * Cist saint, dont nos hui faisons la feste, nos donet grant okeson et grant matiere de parler
& * Per droit, chier frere, raffiert as sainz apostles nostre mere sainte eglise ceu k’en leist el livre de sapience
& * Li charitez ke me fait estre cusencenos por vos me destrent de parler a vos, et molt plus sovent
& * Trois vertuz nos loet sainz Lucas a petit de parolle, ke furent en sainte eglise en l’encomencement
& * Nos trovons el livre des rois d’on baron qui ot nom Golies, qui molt fu granz
& * Pitiez me prent de ceste torbe ... que maingier (Mc. 8,2). Por ceu est escripte li euvangele c’om la lecet ne por el ne la leist om
& * De ceu ke nos disimes ancor n’es vuaires, c’est ke li un revuardevent contremont et li altre contreval
& * Il est a vis ke nos soiens povre et si sommes nos vraiement. Nequedent nos savons bien
& * Chier frere, li travalz de cest exil nos amoenet davant nostre poverteit et nostre malvistiet
& * Ceu en ceste generacions ke quiert Deu ... Jacob (Ps. 23,6). Je suis hui molt desiranment venuz a ceste compaignie
& * Hui est monteie, chier freire, li gloriose virgene en ciel, et si at sens dotte forment acrut la joie des soverains citains
& * Ihesus entrat en un chasteil ... maison (Lc. 10,38). Covenaulement me semblet ke ju mismes poie dire en cest leu et huchier
& * Jesus entrat en un chastelet ... nom Marie (Lc. 10,38-39). Ke welt ceu estre, chier frere, ke li evangelistes dist ke li une de ces dous serors
& * Tens est ke tote chars paroust hui en cest jor quant li mere de la parolle qui por nos prist char
& * En un chastelet entrat nostre sires ... maison (Lc. 10,38). Ceu ke nostre sires et nostre salveres volt dons a cel tens faire en un leu et une fieie
"
"1804";"O de grace la belle dame qui mon cuer"
"5666v";"O dell' eterno Fabro."
"5666v";"O doete ghebenedide mynke ghewonde Ihesu"
"1804";"O doulx Ihesus qui es du monde la vraie lumiere"
"1804";"O doulx Jesuchrist filz de dieu vif qui fus conceut du benoist sainct esprit"
"5666v";"O du werde moder ons lieven heren Jhesu Christi. Als du dit wort godz dese gruet van den engel Gabriel oitmoedelicken ontfynges ind by dy behieldes ind vrucht des ewigen levens daer van brechtes. O Maria, alsoe help my, dat ick dat woert gadz oetmoedilicken hoer ind by my behalde vruchtbairlicke. Amen. Ave Maria"
"5666v";"O edel Maria Magdalena vol genaden over vloiende myt sueten ruecke der heilicheit du byst eyn spegel alre sonderen"
"5666v";"O eerwerdighe edel vrou, alder liefste moeder heylighe Maria, totti sonderling keer ick my"
"1804";"O estoille de mer, consolation de tout la monde"
"1804";"O eterne conditor - o du ewighe schipper/ rerum - der dynghe"
"5666v";"O genitrix soboles que dei coniux que soror que."
"5666v";"O ghenadich god, godertiere heere Ihesus Cristus, die gheboren wildes wesen vander heligher maghet Maria om onser alder salicheyt ende onsen [101v] keytiuichede doghen sonder zonden, vanden quade joden ghewederseit ende versmadt (G)"
"5666v";"O gloriose edel ridder Christi ende stolte kempvechter des kersten gelove heilige 10000 mertelaeren ick gruet alle gemeynlicke"
"5666v";"O gloriose verwynre edel merteler Christi stant my by in alle mynre noet"
"5666v";"O gloriose vrouve ende moeder miins lieven heren Ihesu Cristi"
"1804";"O gloriose vrouwe ende maghet Maria ... oetmodelic so bid ic u"
"5666v";"O gloriose werde apostel Christi wtvercoren gemynde des heren heilige Johannes ick offer dynre hoger werdicheit dyt crensken"
"5666v";"O glorisoe waerde heilighe apostel Sinte Peter die van onsen lieuven heere"
"5666v";"O glædhinna drotningh o mildhethena oc miskunnena kælla"
"5666v";"O godhe Ihesu o mildaste Ihesu"
"5666v";"O goede Ihesu, o alre goedertierenste Ihesu, o alre soete Ihesu ... ontferme mijnre"
"5666v";"O goede Jesu, ewige wijsheit"
"5666v";"O goede god die di hebste gewerdicht te geven der alderwerdichster vrouwen sinte Annen also grote gracien ... wi bidden di"
"5666v";"O goedertieren heer Jesu gode, behaechliken siin"
"5666v";"O goedertieren heilige gheest"
"5666v";"O hedirwærdogha ok min kærasta fru sancta Elizabeth"
"5666v";"O heer Ihesu Christe, o almachtighe god du die hebste dat alre heilichste vleysche aenghenomen van der glorioser maghet Maria"
"5666v";"O heer Ihesu Criste almechtich god want ghi dat alder heilichste vleische ontfangen hebt... inden sel ven vleische verlost mi"
"5666v";"O heer Ihesu Criste des levende gods soen doer dat bitter wtrecken dat alle u heilige leden wtgerect worden aenden heiligen cruce ... soe bidde ic di"
"5666v";"O heer Ihesu Criste des levende gods soen doer dat breken dat u heilige ogen braken aenden heiligen cruce... soe bidde ic"
"5666v";"O heer Ihesu Criste des levende gods soen doer dat wrede stoeren dat dijn alre heilichste hart van mynnen brac soe bidde ic di"
"5666v";"O heer Ihesu Criste die altoes voer onse sunden gheoffert werdes, du werdes gebroken"
"5666v";"O heer Ihesu Criste ic aenbede di verrisende van der doot"
"5666v";"O heer Jesu Criste, ic aenbede di, hanghende an den cruce"
"5666v";"O heer ende myn vader ende allen der engelen glorie ic arme sunder ic scame my ende ontsie my te gaen dijnre tafelen"
"1804";"O heer god, ontfarme di over mi"
"5666v";"O heere Ihesu Christe, ic anebedu hanghende in den cruce een doornin croene vp hu hooft draghende"
"5666v";"O heere Ihesu Criste, leuende gods sone, ic en bens niet waerdich (G)"
"5666v";"O heere die desen dach hebt ghesalicht inde martirie ende passie van uwen apostelen Pietere ende Pauwels"
"5666v";"O heileghe Erasmus martelare die in den sondaghe gheoffers waert ..., ontfanct dit ghebet"
"5666v";"O heilige Maria Magdalena die metter fonteinen der tranen quaemste totter fonteynen der ontfermherticheit... vercriget mi van gode"
"5666v";"O heilige apostel sancte Iacob die merre du heves den vyant onder die voete getreden"
"5666v";"O heilige buysschop ende mertelaer sancte Herasmus bidt voer my"
"5666v";"O heilige engel gotz du die byst eyn beschermer mynre ende alle gy heilige engelen die myt gode syt, ick segge u allen loff"
"5666v";"O heilige gloriose mertelersche Christi [sancte Mar]grieta come my onsalygen sonder toe hulpen"
"5666v";"O heilige maertelaer, sinte Herasmus, die apten"
"5666v";"O heilige sinte Rochus werdige confessor die daer sijt een groet vrient ons heren Ihesu Cristi... ic bidde di oetmoedelic"
"5666v";"O heilige vader sancte Franciscus dyt crensken heb ick dy geleesen toe lave ende toe eeren"
"5666v";"O heilige vader sunte Anthonius levende eylant ic bevele mijn ziel ende mijn lichaem in dinen banden"
"5666v";"O heiligen engel gotz ick gruet dy du die byst gesat van den almechtigen gode eyn behueder myns levens"
"5666v";"O heilighe drievoudighe craften"
"5666v";"O heilighe ende wt uercoren gloriose urient des onersten conincs"
"5666v";"O heilighe geest ic offer di mijn hert als een gulden wierroes vat wol sueter roken"
"5666v";"O heilighe gloriose bysscop ende tot uerroren"
"5666v";"O heilighe gloriose vader Iheronime een hogher lerer Christi di wert dicke gheopenbaert die gloriose godes ... wi bidden di"
"5666v";"O heleghe santinne sinte Magriete die tuwen xv iaren vromelic wederstont die temptacien van den viant ..., hu so anroupic"
"5666v";"O helich apostele ende glorieus maertelare heere sint Jacob die met uwer glorieuser pijne ... gode ghelieft hebt ..., hu anroupic"
"5666v";"O hemeleschen vader, ontfanckt doch alle die gebeden"
"5666v";"O hemelsche coninghinne Maria ic bid u doer u grote bermherticheyt"
"1804";"O hemelsche keyserynne de du dalyngh eyn moder bist geworden ick bidde dy"
"5666v";"O hemelsche moeder Christi, Maria, Gode alre naest"
"5666v";"O hemelsche vader vult nu anseen dynen enigen gheboren sone de toe none tijt alle dinc volbracht heft"
"5666v";"O here Ihesu Christe als dijn strenge oerdel over mijn siel sal gaen : staen"
"5666v";"O here Ihesu Christe die alle tijt voer onse scout gheoffert werdet, du werdet ghebroken"
"5666v";"O here Ihesu Christe ick danc dy alle dijns lidens dattu leetste vander uren dijns lesten avemaels"
"5666v";"O here Ihesu Christe soen des oversten vaders ic offer di min selven dat beste dat ic van di hebbe"
"5666v";"O here Ihesu Criste de des vridaghes te complete tijt doe al dinck volbracht waren ghewonden werste in reyne suver doeken ... ghijf my iuwen costeliken doet"
"5666v";"O here Ihesu Criste ic aenbede di in den cruce hangende"
"5666v";"O here Ihesus Christi [!] du byst die a ende die o, begyn ende eynde alre dyngen"
"5666v";"O here Ihesus Cristus, ic dancke ende ic love di"
"1804";"O here Jesu Christe des levenden godes sone. Ik danke die ende love die van mynre herten"
"1804";"O here Jesu Christe des levenden gods sone, scepper ende verwecker ... wi danken di"
"1804";"O here Jesu Christe levende gods soen die in der nacht"
"5666v";"O here Jesu Christe, des leuendighen godes soene, die die verborghenheit"
"1804";"O here Jesu Christe, ewige soeticheit der gheenre die die minnen, inwendige bliscap des herten"
"5666v";"O here Jhesu Christe hier stae ic voer dy als een arm bedelaer"
"1804";"O here god almachtich die drievolldich ende enich biste ... Ick beveel huden myn siel"
"5666v";"O here we byn ik dat ik tore dy werpen in de stinkenden kamere mynes lychames"
"1804";"O herr du selte opdoen mine lippen"
"5666v";"O heylighe Jacob die den viant onder di voete trades met erachten ende met teykenen, o Jhesu Criste maecke ons werdich"
"5666v";"O heylighe moeder Anna helpt my met u dorder"
"5666v";"O hoe gloriose is dat ryc der hemelen inden welcken met Cristo regneren alle die heylighe enghelen ende archangelen"
"5666v";"O hoe scoon ende hoe suner lic is dat zijt daer die heilighe martelaers"
"5666v";"O hoeghe edel vrou, moeder gods Maria, ic bidde u, dat ghi nu im doet penitencie doen, mit waerachtige biecht"
"1804";"O hoghe heerscap der godlik volcomenheit hoe onbeken is der werlt die richeit"
"5666v";"O hælgasta iomfru sancta Clara"
"5666v";"O hælgasta oc høgxsta oatskildh trefalloghet"
"5666v";"O hælgasta oc mildasta modhir sancta Birgitta gudz wtualdha brudh"
"5666v";"O hælgasta oc ælskelicasta frw owir alla andra sælasth iomfru Maria"
"5666v";"O hælgasta wars hærra Ihesu Christi kærasta modhir æwærdhelikin iomfru Maria"
"5666v";"O hærra Ihesu Christe lifuandis gudz son thu som hængdhe oppa korsseno"
"5666v";"O hærra Ihesu Christe lifwandis gudz son jak bidhir tik for thina aldra hardasta pino"
"5666v";"O hærra Ihesu Christe lifwandis gudz son sargha mit hiærta"
"5666v";"O hærra Ihesu Christe mædh skælfuandhe samwiti gaar iak fram"
"5666v";"O hærra gudh Ihesu Christe hwo ær iak"
"5666v";"O hærra gudh Ihesu Christe lifuandis gudz son anama oc wpfyl thæssa bønena"
"5666v";"O hærra gudh alzwalloghir som alla ledhir til got"
"5666v";"O hærra gudh alzwalloghir thu som west mik hafua al thingh aff tik"
"5666v";"O hærra gudh alzwalloghir wælsignadhir wari thu"
"5666v";"O hærra gudh forlat mik mina syndir"
"5666v";"O hærra gudh gør mædh os miskund"
"5666v";"O hærra gudh thu swndir slet minna syndha"
"5666v";"O hærra gudh thær wærdogadhis for wærldinna atirløsn"
"5666v";"O hærra sancte Lawrenz Ihesu Christi martyr hwilkin som fadhir i himerike ær"
"5666v";"O inclita et magnanima reina alla quale i fati minacciano"
"1804";"O increata et immensa sapientia che governi l'universo mundo"
"1804";"O intemerata in vlaensche, o ombesmette ende eewelike ghebenedide"
"5666v";"O kæraste hærra Ihesu Christe jak bidhir tik ødhmiuklika om thins hælgasta dødhz besklikhet"
"5666v";"O kæraste hærra gudh gør dødh i mino hiærta"
"1804";"O l'estrange bêtise d'aymer avec franchise"
"5666v";"O leve here Ihesu Criste woe groet ende swaer syn ende vertellijc syn myne sunden"
"5666v";"O lief heer een oetmodicht rouwich herte en wilt nyet versmaen"
"1804";"O lieue here Jesu Christi dit lauwe gebet offer ic v in die eer der groter liefden"
"5666v";"O lieve heer Ihesu Criste, ic aenbede dinen heiligen lichaeme"
"1804";"O lieve heer ic hope meer in uwer ontfermherticheit dan ic mistrouwe"
"1804";"O lieve heer verlicht doch myn inwendighe oghen"
"5666v";"O lieve here Ihesus Christus doe die dyt dyns lidens anstaende was soe gyngestu op den berch van olyveten om alle daer toe beden"
"5666v";"O lieve here Jhesu Christe hier stae ic voer dy als een arm sondich mensche ende seer mistadich"
"5666v";"O lieve here Jhesu Christe hier stae ic voer dy als een kynt"
"5666v";"O lieve here Jhesu Christe hier stae ic voer dynen oghen ais een vrient voer sinen vrient"
"5666v";"O lieve here Jhesu Christe hier stae ic voer dynen oghen als een arm dienst maghet"
"5666v";"O lieve here Jhesus Christus, yck danck dy des mynentlicken nedervals, den du dadez op den berge van Oliveten, doe du, alre mynentlickste here, scheides van dynen lieven jongeren"
"5666v";"O lieve here du stonste in dat middel dijnre discipulen hem den vreden ghevende"
"5666v";"O lieve here maeckt my dat ic nyet en bin ende gheeft my dat ick nyet en heb"
"1804";"O lieve vrynde ende bruders et is ons noet dat wy ons uernstelicken wachten"
"1804";"O madame saincte Marie vierge de vierges perpetuele mere de nostre seigneur"
"1804";"O mar siel demis ojos"
"1804";"O martel groß O wonden dieffe"
"1804";"O martel groß O wonden dieffe"
"5666v";"O mensche alstu in der nacht up staetste soe ghedencket woe Ihesus wt ghinc mit synen iungheren int hoefken bi den berch van oliveten"
"5666v";"O mensche ghedencke toe none tijt woe Christus scepper hemelrikes ende eertrikes in also groter pynen hinc dre uren lanck also ghespannen an de galge des cruces"
"5666v";"O mensche ghedencke toe sexte tijt dat is umtrent der neghender uren woe dyn here dyn god also mismaket was van den gheyselen"
"5666v";"O mensche ghedencke woe Ihesus des morghens vroe ter vijfter uren van den bosen menschen was ghenamen vanden pilaerne"
"5666v";"O mensche ghedencke woe Ihesus toe tercie tijt omtrent ter achter uren waert ghenamen van Pilatus de hem dede naket maken"
"5666v";"O mensche ghedencket toe vesper tijt woe Cristus vanden cruce ghedaen waert"
"5666v";"O mensche, mercke, in wo groter hoicheit god, onse here, dy gesat heuet …"
"1804";"O mi pastora"
"5666v";"O mijn god unde mijn ontfermhertich vader mijns here Jhesu Christe nu begheert mijn ziel dy te dancken"
"5666v";"O mijn heil ghef mij dat mijn ziel ende lichaem dy ontfanghen moet mit alre reverentien ende scametheit"
"5666v";"O mijn lieve here Ihesu Christe, mijn goedertieren vader nu begheert u oec mijn ziel te dancken"
"5666v";"O mildasta gudz modhir jomfru Maria jac bidhir tik"
"5666v";"O mildaste oc min kæraste hærra sanctus Ambrosius"
"5666v";"O min aldra kærasta fru jomfru Maria jak bidhir tik fore thins ælskelika sons kærlek"
"5666v";"O min søtaste hærra Jhesu Christe loff hedhir oc æro oc thak wari thins høghro handz hælgasta sare"
"5666v";"O min søtaste hærra sanctus Johannes baptista"
"5666v";"O min ælskelika oc kærasta jomfru sancta Barbara som ær the wtualdha rødha rosin"
"5666v";"O min ælskelike fadhir oc hærra sancte Ieronime"
"5666v";"O mine kæro oc wærdoghe hærra konungh Iæsper, konungh Melchior, konungh Baltazar"
"5666v";"O minlike ende socte maechden jhesum christi"
"5666v";"O miskunsam modhir jomfrw Maria thu see lofuat"
"5666v";"O mit hoe gloriosen licht blenckstu coniclike dochter van Davits gheslacht"
"1804";"O mon benoist createur et saulveur Jesuchrist bon pasteur"
"5666v";"O mueghende ende onfaermhertich god, ic aerme sondare comme tot hu om te nuttene die heleghen lichame van uwen sone Ihesum Christum"
"5666v";"O muy sancta y muy cierta esperança de todos los que en ti esperan, sancta Maria"
"1804";"O myn alre liefste heilighe vrouwe Maria, ewighe maghet der maechden"
"5666v";"O myn here gheif my dy op te dragen et offeren mijn siel ende lif"
"5666v";"O onbevlecte ende in ewicheit gebenediite, sonderlinge maget"
"5666v";"O oriens. O de du upghingest in deme oesten"
"1804";"O overste preester ende ghewaer bisscop here Jesu Christe ... Ic bidde di om verhoechnisse"
"5666v";"O overste prester ende waerachtich biscop Ihesus Cristus"
"1804";"O passi sparsi (Missa). Lasso"
"1804";"O pere eternel, dieu tout puissant la vostre pouvre creature vous rendz grace"
"1804";"O pere tout puissant et dieu eternel, je vous rendz graces"
"5666v";"O quam vehementi amplexu amplectisti me."
"5666v";"O radix Yesse ... O du wortele van Yesse de dar steyt to enen tekene"
"5666v";"O radix Yesse. O du werde stam van Yesse"
"5666v";"O rex gentium. O du konynk des Volkes unde alder begherlikeste van em"
"5666v";"O reyes bienauenturados a los quales la gratia del spiritu sancto alumbró para uos fazer los primeros creyentes"
"1804";"O saincte vierge Marie, royne du ciel et de la terre"
"5666v";"O sancta Maria Magdalena thu som mædh tharanna kældo"
"5666v";"O sancte Andrea wars hærra Ihesu Christi mildaste apostol"
"5666v";"O sancte Erasme thær pino oc martyrium tholde"
"1804";"O sancte Jan apostel end evangeliste gheminde neue ons heern Jesu Christe"
"5666v";"O sancte Johannes ewangelista æro wari gudhi som tik i iomfrudom wtualdhe"
"5666v";"O sancte Paule wælsignadhir wari thu thy at thu war førsta kirkionnna liws"
"5666v";"O sancte Pædhar gudz wtualdhe apostol"
"5666v";"O sancte Thoma iak syndogh mænniskia"
"5666v";"O sapientia. O du ewighe wysheyt de du byst gheghaen ute deme munde des alder hoghesten"
"5666v";"O sapientia. O du wysheyt du van deme munde des alder hogesten bist gegan"
"5666v";"O siel Cristi heilich mi, o lichaam Cristi, behoet mi"
"1804";"O sio potessi donna (Magnificat). Lasso"
"1804";"O sire Iesuchrist filz de dieu le pere tout puissant toy qui es seigneur et gloire des anges"
"1804";"O sire Iesuchrist filz de dieu le vif et de la tressacree vierge Marie"
"1804";"O soete Maria moeder gods"
"5666v";"O soete here Ihesu ic come voer u alre moghenste keyser, schepper hemelrijchs ende eerrics"
"5666v";"O sommo sacerdote e vero pontifice Gesu Cristo elquale offeristi te medesimo in ostia pura e inmaculata"
"5666v";"O sote levendighe overvlodende mer der grundelosen milden barmherticheyt... al myne inwendyg hen unde utwendighen kreste sechghet dy lof"
"1804";"O spieghel der ionfrauweliker scamelheit"
"5666v";"O suette here Ihesus trecke my doch in u ende u in my op dat ic nummermeer van ghescheiden en moet werden"
"5666v";"O suuer ende reyne maghet sinte Kateline edel coneghinne die bij den ghebode van Maxencius ..., hu biddic"
"5666v";"O søtaste hærra Jhesu Christe æwærdhelikin søtme"
"5666v";"O søte Ihesu Christe iak bidhir tik"
"5666v";"O søte gudh nar iak thænkir mina syndir"
"5666v";"O thu aldhra lustelicasta yrthegardhir jomfru Maria"
"5666v";"O tres doulce vierge Marie Qui portas le vray fruit de vie Dame plaine d'umilité"
"1804";"O tres doulx Jesus devant toy je proteste de coeur"
"5666v";"O tres doulx, Jhesus eternelle doulceur de ceux qui te ayment"
"1804";"O tresentiere et perdurablement benoite singuliere ... vierge Marie ... par laquelle apres dieu tout le monde vit"
"1804";"O tresoriere de grace et de misericorde veilles mon cuer amollier en grant compassion"
"1804";"O tresorire de grasce et mere de misericorde glorieuse uierge Marie a toy uien iou a refuge"
"5666v";"O tu vierge enterine et droite pardurablemant benoite"
"5666v";"O twe hemelsche perlen sinte Birgitta en vrou Katherina haer dochter ghi sijt in wien Ihesus Cristus ... sijn huus ghemaect heeft"
"1804";"O vader alre ontfermerticheit ick arme ongheraete sundige mensche dancke die"
"5666v";"O verdadero dios y ombre, padre y fijo y spiritu sancto, yo te confiesso"
"5666v";"O vere digna hostia. O ware werdighe offeringhe"
"5666v";"O virge glorieuse qui Jhesus purement Enfantas virge aprez, virge au commencement"
"5666v";"O virgo virginum. O juncfrouwe alder juncfrouwen wo werd dyt scheende"
"1804";"O voi che siete dal verace lume"
"5666v";"O vrauwe sent Anne die droughet die suuer dracht die alleene weerdich was te baersene die vrucht ..., hu anroupic"
"5666v";"O vrauwe sinte Baerbelen die ouer mits uwer groeter ouer uloeyender maertelie ende pijne uerdient hebt ..., hu biddic"
"5666v";"O vrou der glorien ende coninghinne der bliscappen"
"5666v";"O vrouwe alder ryckste o Maria verhoert myn arm ghebet"
"5666v";"O waerde ende ghebenedide marte laer ende zidder"
"5666v";"O waerde gloriose princen sinte michiel gabriel raphael ende"
"5666v";"O waerde iuncvrouven maget, Maria, eersamighe moeder"
"5666v";"O werde heilige apostel N. ick offer dynre werdicheit dyt crensken toe lave ende toe eeren"
"5666v";"O woe milde bistu in guedertijrenheit, vader der ontfarmicheit"
"5666v";"O wærdogasta blomstir qwistir miin kærasta iomfru sancta Eufrasia"
"5666v";"O zuete here yc vermaen u der groter oetmoedicheit dat ghi u het glegghen inden grave"
"5666v";"O ædhla iomfru oc martyr sancta Apollonia"
"5666v";"O æroful iomfru oc martyr sancta Katherina"
"5666v";"O ærofulla frw aldra høfuiskasta qwinna sancta Anna"
"5666v";"O ærofullasta iomfru Maria gudz modhir iak bidhir tik"
"5666v";"O, der die voeten dijnre hoecheit legghe ic ghevallen sondige mensche, alle mine ropen is ghenade"
"5666v";"O, heer Jesu Criste, die dat alre heilichste lichaem ontfingheste van der glorioser maghet Marien"
"5666v";"Ob ich gleich billig unter die HH. Gelehrten mich nicht wagen ....."
"1804";"Och here got wat mach ych des dat man sait dat ney enys"
"5666v";"Och kyrkio aff nyo byggia"
"1804";"Och tzit ouch zyt ouch edel zyt wie bistu mych ointronnen"
"1804";"Och zit och zit och edel zit we schnel bistu mir entrunnen"
"5666v";"Ocleanso visse anni cento uno il quale e incerto"
"5666v";"Oerlike vader Chirille, enwane niet, dat men zwighen sal dat lop des gloriosen kempes ende striders des kerstenen gheloves Jheronimi"
"1804";"Oetmoet stijget, hoemoet syget"
"5666v";"Oez Peaucele qui trova Cest fableau par reson prova"
"5666v";"Of in hem siin ewige sculden, die pinen  wardich siin of enighe misdaden"
"1804";"Offtu begerest volkomen ind eyn geystlich mynsche zu werden"
"5666v";"Oft waer een koninck de enen schonen berch hadde van puren golde alsoe groet als de hele stat van Collen is"
"5666v";"Oggi ricevemo lettera di mano d’uno corriere sotto nome di Giovanni Galeacco Bisconte"
"5666v";"Ogni tesoro avança il vero amico"
"1804";"Oh sagra eminentissima persona"
"5666v";"Oignement. Prenez une livre de cire neufve, .ii. livres de turbentine, une livre de suif de mouton de saison"
"1804";"Ojos claros y serenos. Guerrero"
"1804";"Oker ende wenich rubrijcks to sammen wyrt geil"
"1804";"Olbidado mes mengilla"
"1804";"Oli lijfferverue: dar sal men claeren virnijs vnder mengen to samen myt nuvssoly"
"5666v";"Olvido acuerdo"
"1804";"Om dat de boose viant booselijck den menschen die godt lief hebben"
"1804";"Omme dat ick begere ut toe sprekene de love der bruet Christi"
"5666v";"Omnis scriptura diuinitus."
"5666v";"Omnium recte philosophantium verisimilibus credibilibusque argumentis."
"1804";"On a sem-e en cette terre"
"5666v";"On accorde le Nom de Grands, à des Hommes, qui excellant dans leur espèce ......"
"1804";"On aultrement pour garir de la maladie"
"1804";"On avoit crü jusqu'-a ce jour"
"5666v";"On doit penser a la tres douleuse, angoisseuse et amere mort que nostre seigneur souffrit"
"5666v";"On doit penser comme nostre seigneur fut batu de flayaux et decourgiés en la tache, coronné d'espines, de clous trespercez"
"5666v";"On doit prendre bon vin rouge et le ferre comme eaue"
"1804";"On est en doüte si l'amant"
"5666v";"On m'a raconté les merveilles"
"1804";"On me la dict (Missa). Lasso"
"5666v";"On sunthe Peters dach ad Cadedram, die de xii. dath jaer vthenn rede gaen"
"1804";"Onbeulecte ende in der ewicheit gebenedidet Die men nyemant gelicken en mach"
"1804";"Onbeulecte ende in der ewicheit gebenedidet Die men nyemant gelicken en mach"
"5666v";"Onder allen creaturen : naturen"
"1804";"Ondersceit tuschen der natuer"
"5666v";"Ons wort geboeren een kyndelyn"
"1804";"Onse Here Jesus Christus sprecket in de Evangelio: Min hues is ein hues des gebedes ... Desse worde sede he do van den werliken"
"1804";"Onse gloria es dat ghetuech ... (II Cor 1,12) De eerste is ein godlyck tuch, dat ist unse leve Here"
"1804";"Onse heer leerde sinen iongheren in wat huus"
"1804";"Onse here Jesus dit gesproken had doen ginc hi in eyn dorp dat hiet Getsemani"
"5666v";"Onse lieve here secht: O lieve mynsche alsoe bitter als dy die doet is"
"5666v";"Onse lieve here seget: Wacket ende hedet dat gy niet vallet in becoringen"
"5666v";"Ontfarme dy mynre o gloriose maghet Maria die daer om gheheyten wortste een moeder der barmherticheyt"
"1804";"Ooch dat moet verre van mij wesen dat ick anders in glorieren soude dan alleen"
"5666v";"Op dattu tot merre dancbarheit verwect mogheste werden so denct wie dattet is die du ontfanghen heb ste"
"1804";"Op een tijt doe ghinc sinte Pouwels"
"5666v";"Op een tijt lach Mechtildis in groter siecten …"
"5666v";"Op een tijt, do die helige bisschop Augustinus noch leefden ende sat in sinre kerken studierende ende las …"
"5666v";"Op een tijt, do die helige ynnige man Augustinus in sijnre ynnicheit lach …"
"1804";"Op een tijt, doe Padus die rivier"
"1804";"Oportet nos - (II Cor 12,1) Dat behoert ons dat wi sollen glorieren ... Dat is ein ydel glorie, de daer glorieren"
"1804";"Oportet omnia - (Lc 22,37) Dat behoert dat alle dyng vervullet werden ... Doe der tyd der passien Christi anstaende was"
"5666v";"Or avons dit le traitié de la garde del cuer et de la bouce, or dirons de l'aouvrement del cuer en .ij. manieres"
"5666v";"Or avons traitié de l'estaublitet del cuer, el cinquime lui vourons traitier del dounement dou cuer"
"1804";"Or che Roma in un baleno"
"1804";"Or che avete voi finito"
"1804";"Or che avete voi finito"
"5666v";"Or dit li contes que celui jor estoit li roi Artus a Kamalot car il i sojornoit avec lui grant conpaingnie de chevaliers"
"5666v";"Or escoutez sanz fere estrif Il se fu ja .I. fol cheitif Por ce qu'il n'iert pas amassez"
"5666v";"Or escoutez une merveille Onques n'oïtes sa pareille"
"1804";"Or le seigneur appella Mayse"
"1804";"Or senti caro amico un sogno strano"
"5666v";"Or t'ai je pardesus monstré generalment la dignité, la valeur et la bonté de vertu et de charitei et pour quoi on la doit aquerre"
"5666v";"Or volons parler dou detrencement dou cuer de cui nostres Sires nos soumont par le prophete Joel"
"1804";"Ora che tutti i corvi fan da cigni"
"1804";"Ora che tutti i corvi fan da cigni"
"1804";"Orbanus busschof knecht der knecht gotz"
"5666v";"Orbem iam totum victor Romanus habebat."
"5666v";"Ordonnance faicte par tres hault et tres puissant prince Phelippe par la grace de Dieu duc de Bourgoinge etc. l'an de grace mil IIIIC et trente, le XXVIIe jour de novembre en sa ville de Lisle... Premierement a ordonné mondit seigneur que le service divin"
"5666v";"Ore en noun de Dieu glorious qi voet aler outre mier par plusours chemyns"
"5666v";"Oresoen van sinte Anthonis. Lat."
"5666v";"Orine aprés mengier est saine se elle est evace, blanche et vaine, avant mengier doit plus avoir couleur"
"5666v";"Orthodoxus dixit. Corpus."
"1804";"Orto - uppghan/ jam - juto/sydere - dem sterne"
"1804";"Osee, Iohel, Amos, Abdias, Ionas, Michaeas"
"1804";"Otazka nynie takowa biezy mezy swietskymi y take kniezymi"
"5666v";"Ou nom de Dieu, Amen. Quant je fus endormis sur la noble fontainne"
"5666v";"Ou tamps Jussa (Josua) roy d'Israel fit certayns statuitz que toutes choses fuses (fussent) vendues et nun point changees l'une pour l'aultre an pecunhe et disoyt que or et argent sont chouses de tous vices"
"5666v";"Ou temps que Jhesu Crist print mort et passion en Jherusalem soubz la main de Pons Pilate qui estoit senescal de Julius Cesar, empereur de Romme, et tenoit son lieu en Jherusalem et en Cesarie"
"5666v";"Ou trop parfont ou trop peu etendues Ou trop ou peu a leur devoir rendues Trop soubz briefvement esleues les unes"
"1804";"Ouch richer got wat he verluist"
"1804";"Our ladies still ranting"
"1804";"Outre Peronne et Saint Quentin"
"1804";"Outre mon illustre apanage"
"5666v";"Oxellons de la contree ou repaire Jhesu Cris, prant ton veil droit si tan voulle lai ou est li miens amis et quant ton vois, si l'ancline et toute la cort por li et se li ai de par mi, gloire soit a roi des angles"
"5666v";"Oy, voy, parle, poncy"
"5666v";"PIen d’infinita et nobil marauiglia"
"5666v";"PRima mundi etas incipit ab adam."
"5666v";"Pabst. Jch will dz Geistlich vnd Weltlich Schwerdt brauchen."
"5666v";"Padre Santo Rochieto di Dio, voi che."
"1804";"Padre santo -a piedi vostri"
"1804";"Paeys ist claerhede des ghedachten rustelike"
"1804";"Pages, ne craignez pas vötre persecuteur"
"1804";"Pange lingua gloriosi"
"1804";"Pange lingua gloriosi"
"1804";"Panta men ta urania tagmata synecharisan anerchomenö"
"5666v";"Papa Pelagio sicondo venne a Pisa con piu suoi cardinali"
"1804";"Par ce qu'il n'a point de merite"
"1804";"Par ce qu'il n'a point de merite"
"5666v";"Par cest fugure desus l’en poet savoer les divers regnes ke furent jadis en Engletere, e si doit l’en savoir ke Engletere est ben lounge"
"1804";"Par ceste table sera trouue le jour de pasques a tous jours"
"1804";"Par la grant hayne diverse"
"1804";"Par mille chose nos ne veons que li peuples de Rome"
"5666v";"Par plusieurs poins peut Paris precellence"
"1804";"Par un effet de l'amitie"
"1804";"Par un soleil ardent et beaucoup"
"5666v";"Par un tout soul escondire de bouche non de cor fait"
"1804";"Par ung jour de matinee. Isaac"
"1804";"Par ung jour de matinee. Isaac"
"1804";"Par ung jour de matinee. Isaac"
"1804";"Par ung jour de matinee. Isaac"
"1804";"Para mi triste son penas"
"1804";"Para nome querer"
"1804";"Paris vous demande justice"
"1804";"Parlez soupirs, parlez sans cesse"
"5666v";"Pars II. Bl. 25. III. Bl. 29'. IV."
"5666v";"Pars ministerij prima est arguere peccatum."
"5666v";"Parsegli che una et un’ altra forse piu bella"
"1804";"Partez, Monsieur de Villars"
"1804";"Parvulus natus - (Is 9,6) Uns is ein kyndekin geboren. Dyt hevet de prophete gesprocken van der gebort"
"1804";"Passava in dolce oblio"
"1804";"Pastora que mis ojos"
"5666v";"Pater noster... [Mt 6,9]. Dat beduydt: Vader ons die du bust in den hemellen etc. nu rest. Ind bedinckt dat hij dijn vader is"
"1804";"Pater su tosti e disprezzasti il noster"
"1804";"Pater su tosti e disprezzasti il noster"
"1804";"Patir ymon o en tis uranis"
"5666v";"Patri reuerendissimo damaso portuensi .... Multifarie multisque modis."
"5666v";"Paßquinuß vnd Marforiuß. -- M. Waß Ist guets Neues Pasquino etc."
"5666v";"Pediculus laus"
"1804";"Pegaze, contre qui d'autres chevaux"
"1804";"Pendant que je suis en humeur"
"5666v";"Per avere piena notitia della presente epistola"
"5666v";"Per certo maggiore miracolo e ad i sue gliere il vitio"
"1804";"Per il sagrosantissimo collegio"
"5666v";"Per la lossuria sola et non per altro peecato si legge che iddio disse"
"1804";"Per laqual chosa settu potessi"
"5666v";"Per le 52 prestance coi risidi della novina del 1422"
"5666v";"Per l’ Amore. Text, Inc. Scriverai nella mano sinistra li sotto scritti Caratteri nel giorno di giovedi a Luna crescente"
"1804";"Perche Roma, perche quando morio"
"1804";"Perche Roma, perche quando morio"
"5666v";"Perche Tito Quintio Falminio venendomi"
"5666v";"Perche adunque i nostri figlivoli admaestriamo ne‘ liberali studii"
"5666v";"Percuntanti mihi sepe numero Beatissime pater et Sanctissime domine."
"1804";"Pere et patron sainct Anthoyne de Pade, priez mon dieu, que luy soye aggreable pour me gardre"
"5666v";"Perfectissima atque [!] iusticia eat."
"1804";"Pergama flere volo"
"1804";"Peri biu aretês kai kakias"
"5666v";"Perna pache"
"5666v";"Pertransivit quidam clericus durch einen grünen walt"
"5666v";"Petis a me Nepociane."
"5666v";"Pfeiff auff Wölffe gantz onverzagt."
"1804";"Pflicht, Schuldigkeit, Devoir"
"5666v";"Phelippe, par la grace de Dieu duc de Bourgoingne, de Lothier, de Brabant et de Lembourg, conte de Flandres, d'Artois, de Bourgoingne, palatin, de Haynau, de Hollande, de Zellande et de Namur"
"5666v";"Phelippe, par la grace de Dieu, duc de Bourgoingne, de Lothier, de Brabant et de Lembourg"
"1804";"Phere dê metabômen ek tôn prolabontôn hierôn kanonön"
"1804";"Phillis, why should we delay pleasures"
"1804";"Piache socto il mio manto, oh infame"
"1804";"Piangeano Pirra ed Eucalione insieme"
"1804";"Piangeano Pirra ed Eucalione insieme"
"5666v";"Pien d’infinita et nobil marauiglia"
"1804";"Piendi novelli fior"
"5666v";"Pigros nos efficit ad scribendum."
"1804";"Pilons pilons lorge (Missa). Lasso"
"1804";"Piste uo isteon patira pantokratira"
"5666v";"Piu e da dolere della anticha poverta che delle"
"5666v";"Pius quidem modus."
"1804";"Plaise -a Monsieur le Conseilleur Doujat"
"1804";"Pleno choro. Brixi"
"5666v";"Plest vos oïr d'une bourjoise Une aventure asés courtoise"
"1804";"Pluguiera a dios"
"1804";"Plus nullz regretz. Josquin"
"1804";"Plus oultre pretens"
"1804";"Plus oultre pretens"
"1804";"Plus oultre pretens"
"1804";"Plus oultre pretens"
"5666v";"Plusieurs ont l'eau dont je tressue Commencement et l'ayde issue"
"5666v";"Poet dyabolici dilapidationem."
"5666v";"Poi ch'è compita questa dolce manna"
"5666v";"Poi che a mia consolaçione honoreuole et charo"
"5666v";"Poky Swiat Swiatem, Feldstet nieche Ferberowi byc brattem"
"5666v";"Pondera postremis Veterum memorata libellis | Nosse iuuat. pondus rebus natura locauit."
"1804";"Poniewadz manzelstwo gest staw wysoky od boha w ragi vstaueni"
"5666v";"Por la maile et por la toie qui croiste es eux metez aisil mont fort"
"5666v";"Portarono gli angioli morta che fu santa Chaterina insul monte Sinai"
"5666v";"Portolato de luoghi et porti da Ponente al Levante sono approvati connogni misura da boni piloti e optimi navichanti. Dalle Schiuse a Biancha Vergha. XV miglia"
"5666v";"Poscia che mia fortuna in forza altrui"
"5666v";"Poscia che mia fortuna in forza altrui"
"5666v";"Poscia che tute cosse termene hanno"
"5666v";"Positiones Juris Ecclesiastici. Sectio I. Caput I. De Jure Ecclesiastico. 1. Quanquam religio in se considerata involvat ....."
"5666v";"Poudre pour toutes maladies, prenés os humain de jambe ou de bras, ardés et en faites poudre"
"1804";"Poulieul est caud et secus ou tierch degre"
"5666v";"Pour aler a chambre beuvraige, prenez jombarde et destrempez avec lait de femme"
"5666v";"Pour arseure, prenez jus de plantain et de poireaux et de langue de chien"
"1804";"Pour auoir cougnoissance des orines Par trois manieres"
"5666v";"Pour avoir la congnoissance des choses concernans les faiz de la marine et navigaiges, lisez ou faictes lire les choses cy aprés escrites"
"5666v";"Pour boce ou apostume qui est dedens le corps faire yssir, prenez vin aigre et miel et boulliez bien sur le feu"
"5666v";"Pour boce ou furoncle prenez oignon de lis et fueilles de mauves et mettez en .I. pot"
"5666v";"Pour ce que la malice de ce monde et de convoitise avoit si ardaument enlacherié de humain lignage"
"5666v";"Pour ce que la malice de ce monde et de convoitise avoit si ardaument enlacherié de humain lignage"
"5666v";"Pour ce que li diables qui chascun jour empesche, destourbe et enordist les cuers des hommes par oiseuse et par mil laz u'il a tendus"
"5666v";"Pour ce que nostre entencion est a esclamer au mieulx que nous pourrons les drois et les establissemens de Normendie par quoy les contens et les quereles soient finees"
"5666v";"Pour ce que nostre entencion est a esclamer au mieulx que nous pourrons les drois et les establissemens de Normendie par quoy les contens et les quereles soient finees"
"5666v";"Pour chancre, prenez jobarde et gravelle de blanc vin et triblez bien"
"5666v";"Pour che que li desrains livres de Tristran dist en cette maniere explicit"
"1804";"Pour commencer forme de vivre"
"1804";"Pour conforter lestoumacque ... du conseille maistre Jaque Despars (Rezept)"
"1804";"Pour conserver dedans Arras"
"1804";"Pour cougnoistre a lorine et as aultres choses"
"5666v";"Pour cuidier courous eschiver Et passer temps communement Une nuit de cest hyver"
"5666v";"Pour dertres volent, boulliez soussie en eaue"
"1804";"Pour donner au public le portrait du Dauphin"
"1804";"Pour excuser ce que l'on aime"
"5666v";"Pour fievre quartaine, prenez une poignié de alingne, de rue, de milfueil"
"5666v";"Pour fistule en quelque lieu qu’elle soit, prenez jus de camomille, jus de lancellee, jus d’ache"
"5666v";"Pour frecture quelle qu’elle soit, prenez consoude menue, comsode royal, compierie et la racine de la grant consoude"
"5666v";"Pour gairir des maladies que on apelle le mal saint Jehan, prenez l'erbe saint Jehan"
"5666v";"Pour homme ou femme forcené, donnez lui a boire jancienne et semence de rue"
"5666v";"Pour homme ou femme qui a le grant mal de quoy on chet, prenez une herbe qui a nom pyonie"
"5666v";"Pour inciter et esmouvoir tous cuers humains au service de
nostre Seigneur et de sa glorieuse mere vous vueil reciter et raconter aucuns bons exemples que nous racompta ung tres notable docteur en theologie nommé maistre Alain de la Roche, natif du pays de Bretaingne"
"5666v";"Pour l'amour du bon roy Philippe de France fut fait ce livre qui est appellé Lapidaire et cil qui le pourchassa fut en pluseurs abbayes"
"5666v";"Pour le foye refroidir prenez de l'eau d'andive et y mettez de l'eaue rose"
"5666v";"Pour monstrer et declairer les fiefz a la coutume de France, sur ce que les ungs dient avant"
"5666v";"Pour nerf tranchié, prenez gros vers de terre et les triblez un poy et puis les triblez"
"5666v";"Pour nettoier l'estomac de toutes coleres et flumes et superflues et descharger la teste"
"5666v";"Pour oster les dens sans mal faire et sanz le sentir, prenez racinez de morier tribleez"
"1804";"Pour peindre un Alexandre il faudroit un Apelle"
"1804";"Pour peu que tu sois juste amour"
"5666v";"Pour plaies guerir, prenez consoude qui porte la fleur blanche et en faites jus"
"5666v";"Pour pluseurs maladies lesquelles avoit monseigneur de Valoys, prenez litargie d’or une livre et demie once, de armoniach une once"
"5666v";"Pour rougne et enfondure en quelque lieu qu’elle soit, destrempez turbentine d’uille d’olive et destrempez vif argent"
"5666v";"Pour sang qui ist du menbre, pren les deux consoudes et la racine de coutire et milfueil et orties griesches"
"1804";"Pour sauoir a le faichon du corpz de quelle compleccion"
"1804";"Pour se preseruer de pestilence on se doit garder"
"1804";"Pour suivre des amans l'usage"
"5666v";"Pour tant que les faiz et histoires de anciens doit lon voulentiers oyr lyre"
"5666v";"Pour tant que paroles sont vaines et les escriptures permanentes"
"5666v";"Pour tous maulx d’aventure, faitez tel oignement, prenez suif de mouton et saing de porc"
"5666v";"Pour tuer toute vermine sur corps d’omme ou de femme, prenez stafizacre la graine et en faitez poudre"
"5666v";"Pour ung plaisir mille doulour (V)"
"1804";"Pour ventouszer et espurgier le sang"
"1804";"Pour vous plaisiers. Isaac"
"1804";"Pour vous plaisiers. Isaac"
"1804";"Pour vous plaisiers. Isaac"
"1804";"Pour vous plaisiers. Isaac"
"1804";"Pour vous prouver ma foy s'il faloit"
"1804";"Pourquoi n'avoir pas le coeur tendre"
"1804";"Pourquoy on se saine et a quoy il puelt pourfiter"
"1804";"Prado verde e florido. Guerrero"
"5666v";"Praeparate corda vestra Domino. C'est aparilliés vos cuers a vostre Signour"
"5666v";"Praeparate corda vestra Domino. Ce sunt les paroles Samuel el Livre des Rois"
"1804";"Prelaten dye got nyt an ensehent, pryester dye de helge kyrche flehent"
"5666v";"Prelocucio. Quandoquidem fortiter in theatro philosophie sudantes ardua."
"5666v";"Premier Courier. Vôtre étonnement, Mes Dames, en recevant des Nouvelles de l’autre Monde ......."
"5666v";"Premier le roy demande : Ung chevalier et une dame ont plusieurs enfans filz et filles"
"5666v";"Premier pour le pouvre pacient, prenés quatre once de doulx pencer, avec cincques onces de doul souvenir"
"5666v";"Premierement avant toute euvre doit adviser s'il a bonne et juste querelle"
"1804";"Premierement est a sauoir que de dens"
"5666v";"Premierement le prologue comment les François sont descenduz de Troye la grant"
"1804";"Premierement li blanc traient et dient"
"5666v";"Prendi quanti di a la luna et raddoppiali"
"1804";"Prenes vne herbe qui a nom filago"
"5666v";"Prenez cendre gravelee une livre, demie once de savon"
"5666v";"Prenez l'escorce de la racine de l'orme"
"5666v";"Prenez la taupe vive et la boulez en vin et en miel"
"5666v";"Prenez oignons bien rouges et les trempez en vin aigre tant qu’ilz soient pourriz"
"5666v";"Prenez saindoe et jombarde et racines de fanoil et boulez ensemble"
"5666v";"Prenez vielz oint et souffre une cloche"
"5666v";"Pres de la croix molt doloureuse estoit la mere et angoisseuse"
"5666v";"Presentement selonc le tempz Monstrer volons aux escoutans Comment en ung tempz pacificque"
"5666v";"Presentis diei festiuitas ad virtutum nos accedat [accendat] gaudia."
"5666v";"Prima aetas ab Adam usque ad Noë ......"
"5666v";"Prima che egli e grande 166 volte quanto e tucta"
"5666v";"Primi Priori entrati a di 15 Giugno 1282 par duo mesi. Borroso di Monte Iacobo del Rico de Bardi per sestier Olnarno"
"5666v";"Primo de arthemisia vel buggel"
"5666v";"Primo dic verbum ‚amen‘, post haec propone ... Der friede des almächtigen gotz"
"5666v";"Primo dicatur letania per totum."
"5666v";"Primo e il cardinale di santa Maria in Donica che e arcidiacano"
"5666v";"Primo e il cardinale di santa Maria in Trestevere"
"5666v";"Primo e vescouo d’Ostia il quale e piu degno"
"1804";"Primo li articoli de la fede"
"5666v";"Primo nota quod in ecclesia cathedrali si fuerit Episcopus vel Archiepiscopus aut alius superior eligendus."
"5666v";"Primum est: Ist zemercken, daz alle die zeilen an dem pawm der frewntschaft von dem plut sind"
"5666v";"Primum scire uos cupio."
"1804";"Prince, j'avois predit qu'un jour"
"1804";"Prince, vous avez donc la goute"
"5666v";"Prisci mortalium rectores."
"5666v";"Proemio della Clavicula del RE SALOMONE. Ricordati Figlio mio Roboam qvando io Salomone sopra tutti gli Huomini viceuei (?) la Sapienta del Signore all’hora"
"5666v";"Proemio nel libro intitulato horologio di sapienza"
"5666v";"Proheme du livre e la generation du roy Charles de France"
"1804";"Proiecit se Elias - (III Rg 19,5) Men leset in der Koninghe boke ... dat de bose koninkynne Jezabel de al de propheten des Heren gedodet hadde"
"5666v";"Prologo. L'Amor diuino. Qual merauiglia."
"5666v";"Prologus: Quisquis in Mathescos disciplinis efficacius uult proficere."
"5666v";"Pronto al’uficio ad l‘udienca humano"
"1804";"Prôton men anankaion eipein hênika Christos tois apostolois"
"1804";"Prôtê kai ogdoêkostê Olympiadi phasi tên Aitnên ryênai"
"1804";"Pues que jamas olbidados"
"1804";"Pues yalas claros fuentes"
"5666v";"Puis que Roen fu establie Ne fu fete tel deablie, Si comme m'est contee et dite"
"5666v";"Pulcherrima historia est et plena spiritualis."
"5666v";"Puossi vedere certamente come gran loda sia nel beneficio dato"
"5666v";"Puto leuius esse crimen ubi homo peccatum suum."
"5666v";"Puysqu'a voz servir me suys mys Loyalment vouz servyray se je puys"
"5666v";"QVando dolor capitis est ex enfraxi cerebri."
"1804";"Qu'est ce que c'est que la colere ... / Souvent dans l'amoureux"
"1804";"Qu'est ce que le temps de la vie?"
"5666v";"Quae nos dudum praesagijs."
"5666v";"Quae nos dudum praesagijs."
"5666v";"Quaedam de correctione fraterna. In tertia parte fundavi"
"5666v";"Quaestio I. Ob nicht die Verordnung Sechsischer Recht das Stamgutter ohne gericht ......"
"1804";"Qual cagna mesta, e gravida"
"1804";"Qual cagna mesta, e gravida"
"1804";"Qual mei Titiro mio pensier"
"1804";"Qual mei Titiro mio pensier"
"5666v";"Quale cosa e piu vituperosa et piu riprensibile che"
"5666v";"Qualmente alcuni eletti et prevenuti dalla divina gratia sono mirabelmente tirati"
"1804";"Qualor scorre l'onda alpina"
"1804";"Qualor scorre l'onda alpina"
"5666v";"Quam vehementi amplexu amplexisti me."
"5666v";"Quamquam arbitror controuersiam, quae nata est inter theologos Brussiae."
"5666v";"Quamquam arbitror controuersiam, quae nata est inter theologos Brussiae."
"5666v";"Quamquam michi multorum sim."
"5666v";"Quamuis in cuiuslibet humani Operis artificio."
"5666v";"Quamuis plura dubia circa materiam ecclesiastici interdicti."
"1804";"Quan bienaventura. Cevallos"
"1804";"Quand Iean alla de vie -a trespas"
"1804";"Quand dans ce pays au niveau"
"1804";"Quand filis d'un air tendre et doux"
"1804";"Quand l'amant -a l'an sðceut plaire"
"1804";"Quand'io penso al martire (Missa). Lasso"
"1804";"Quand'io penso al martire (Missa). Lasso"
"1804";"Quando Coscia crudel nacque alla Luce"
"5666v";"Quando di verno cioe del mese di Dicembre o di Gennaio sono tuoni assai"
"1804";"Quando diavol la finite"
"1804";"Quando diavol la finite"
"5666v";"Quando ecclesia cum altari de nouo consecrari debet."
"1804";"Quando io lieta sperai (Magnificat). Lasso"
"5666v";"Quando iustitia sia venerabile et santissima"
"1804";"Quando lieta sperai (Missa). A. Gabrieli"
"1804";"Quando penso ai cardinali"
"5666v";"Quando tu amonisci alchuno per suo bene"
"5666v";"Quant Gauteron se maria Marion prist qui dit li a"
"1804";"Quant aux meubles, c'est une maxime constante"
"5666v";"Quant le Duc de Bourgongne eust fait ceste chevaulchee"
"1804";"Quant le lune est au signe qui a regart a cascun"
"1804";"Quant le lune est en aries en leo"
"5666v";"Quant li evesques de Liege vuet faire monoie a Liege, il le doit faire crier le jour sains Giele, comme prescript est, et doit corir premiers le jour sains Denis"
"5666v";"Quant li mesage se furent parti del roi Artu"
"5666v";"Quanto Silla ebbe facto morire Mario"
"5666v";"Quanto amore et studio."
"1804";"Quanto il labro -e piu inclinato"
"1804";"Quanto in mill'anni il ciel (Magnificat). Lasso"
"1804";"Quanto obscurato habbi la veritade"
"5666v";"Quanto sia grande la forza della Religione."
"5666v";"Quanto studio et amore contenderim."
"5666v";"Quantum exagitauit nos primum."
"5666v";"Quantus beatitudinis tue."
"5666v";"Quatre cens et quatre ans avant que Romme fust fondee regna Priant en Troye la grant"
"5666v";"Quatre cens et quatre ans avant que Romme fust fondee regna Priant en Troye la grant"
"5666v";"Quatre cens et quatre ans avant que Romme fust fondee regna Priant en Troye la grant"
"5666v";"Quatuor modis exponitur sacra scriptura. Primo hystorice. Secundo allegorice. Tercio tropoloyce. Quarto anagogyce."
"5666v";"Quatuor virtutum speciez etc. Quatre manierez de vertus nous sont par moult de sagez demonstreez"
"1804";"Que dixo el Se-nor a Moysen safuma el monte"
"1804";"Que se hizo Hermano (Juan)"
"1804";"Quel est donc ce cahos, et quelle extravagance"
"5666v";"Quel lumiere incorparable, agreable"
"1804";"Quel poete altitonant sur nötre Parnasse"
"1804";"Quel spectacle humain, de voir dans un tableau Judith"
"1804";"Quel spectacle si grand ravit"
"1804";"Quella fama in enfiteusi"
"1804";"Quella fama in enfiteusi"
"5666v";"Quella virtu che ‘l terco cielo indonde i chuori"
"1804";"Quelle erreur vous seduit, superbes potentats"
"1804";"Quelles sont les marques ... / Voulez vous voir"
"5666v";"Queritur circa inicium primi libri sentenciarum vtrum theoloya sit scientia."
"5666v";"Queritur ergo primo que prohibentur."
"5666v";"Questa e la expositione overo narratione della imbasciata fatta"
"5666v";"Qui Ethiopem inuitat ad balnea."
"1804";"Qui aime le plus ou celuy ... / Ceux qui de l'art d'aimer"
"1804";"Qui aime le plus ou celuy ... / Ceux qui de l'art d'aimer"
"1804";"Qui aime le plus ou celuy ... / Ceux qui de l'art d'aimer"
"5666v";"Qui apresso si schriverra una expositione d’uno mago"
"1804";"Qui belles amours. Josquin"
"1804";"Qui belles amours. Josquin"
"1804";"Qui belles amours. Josquin"
"1804";"Qui belles amours. Josquin"
"5666v";"Qui bien veust entendre ce livre Et savoir comment il doit vivre"
"5666v";"Qui ce escrist eu nez me"
"5666v";"Qui dominum nostrum."
"5666v";"Qui du toult ayme son"
"5666v";"Qui entendra a ce commens Si aprendra en ce ronmans Grant partie de la feture"
"5666v";"Qui le livre du tresor de sapience veult mettre en l'aumaire de sa memoire et l'enseignement des saiges es tables de son cuer escripre"
"5666v";"Qui me ensuit ne chemine"
"5666v";"Qui nauali prelio dimicaturi sunt."
"5666v";"Qui nostro Seculo Annales Marchiae Brandeburgensis describendo altius repetiverunt ......"
"5666v";"Qui ont toz jorz Meraugis quis Ont tant erré qu'il sont venu"
"1804";"Qui ore ueut aprendre e oir/dont il se pora e si oir"
"5666v";"Qui pais vaura faire et entendre D'amours porra les ars apenre Se il y veut sentence mestre"
"1804";"Qui plus est ne me doit suffire"
"5666v";"Qui pres de moi se vodra trere .J. beau conte m'orra retrere"
"1804";"Qui v-a in giro una canzone"
"1804";"Qui v-a in giro una canzone"
"5666v";"Qui veult en paradis aler Pour avoir joye sans finer Et le sentier ne scet trouver"
"1804";"Qui veult sauoir les manieres et les natures des choses"
"5666v";"Qui veut oïr beaus mos Proverbes bien asis Or m'escout, si orra Il porra ce m'est vis"
"5666v";"Quia de canonica episcopali et parochiali."
"5666v";"Quia sacre peregrinacionis Ierosolimitane."
"1804";"Quiconques veult estre bien"
"5666v";"Quiconquez veult ensuir prudence, lors vivra droictement par raison, se des le commencement tu prisez et poisez"
"5666v";"Quicunques a l'onneur et reverence de la doulce et benoyte vierge Marie"
"5666v";"Quid tibi cum Bohemia Coronifur Ferrice?"
"5666v";"Quid tibi cum Bohemia Coronifur Ferrice?"
"1804";"Quien amores tiene"
"5666v";"Quis auctor omnium. O scepper aller dingh"
"5666v";"Quis est homo, qui vivit et non videbit mortem? [Ps 88,49]. Dese woirde sprict David in sinen lxxxviii psalm ende syn aldus toe dude: Wie is die mensche, die daer levet ende den doet niet sien en sal …"
"5666v";"Quod Sacratissima Regia Majestas Vestra nos humilimos Civitatum Ducatus Prussiae Nuncios."
"5666v";"Quod autem in uoluntate."
"1804";"Quoi qu'il importe a tous les hommes"
"5666v";"Quomodo audiuimus uenerationem tuam."
"5666v";"Quoniam ad Raciones quasdam presentis libelli."
"5666v";"Quoniam carissimi in uia huius uite."
"5666v";"Quoniam circa obseruacionem diuorum."
"5666v";"Quoniam fundamentum et ianua."
"5666v";"Quoniam in precedentibus frequenter contingit."
"5666v";"Quoniam misericordia et veritas custodiunt regem et roboratur clemencia thronus eins."
"5666v";"Quoniam quatuor sunt membra."
"5666v";"Quoniam sepe desiderastis audire."
"5666v";"Quot sunt dies serui tui?"
"5666v";"Quoy qu'il advienne"
"5666v";"Qvando ad un ghogho et in un tempo quiui & Qvando ad un ghiogho et in un tempo quiui"
"5666v";"Qvando ad un giocho et in un tempo quiui"
"5666v";"Qvanti gia nell’eta matura et acra"
"5666v";"Qvella legiadra et gloriosa donna"
"5666v";"Qveritur si primus homo indiguit sompno."
"5666v";"Qvesta leggiadra et gloriosa donna"
"5666v";"REx clementie Prouer. ult."
"1804";"Racconta un sogno il cardinal Porzia"
"1804";"Racconta un sogno il cardinal Porzia"
"5666v";"Raconte le meistre Gamaliel que Jhesu Crist parti de Bessage ung samedi pour aler sermonner en Jherusalem. Et si avoit ses apostres avecques lui, et ses desciples auxi, et quant il fut a l'entrée de Jherusalem, il dist a saint Piere et a saint Philippe"
"5666v";"Radoppia i di della luna ragiugnivi la meta de detti di"
"1804";"Ragin ragina mathti zachina cunti perpra ysra oueo(?)"
"1804";"Recipe cerussam ande doet sy in eynen pot"
"1804";"Recipe die besen van den moerboem eyn groet deil die wail rijp synt"
"1804";"Recipe die blaes des stars myt synen orijn"
"1804";"Recipe die galle van eynem steyr ende saffraen"
"1804";"Recipe glas van wat veruen dattu wolt. dat wrijff subtilick myt wyt van eye"
"1804";"Recipe groene cnappen die wassen up fuylbomen hot by synt Laurens dach"
"1804";"Recipe perds voet ende heirstet (?) up kolen"
"1804";"Recipe stercken asijn ende set den upt vur ende laeten heit werden"
"1804";"Recipe termentina bene chiara, distilla per lambecco"
"1804";"Recipe twe deil virnijs ende dat derde deil terpentijn"
"1804";"Recipe vernijs ende terpentiin gelijck te samen"
"1804";"Recipe vul stucken papirs ende leget sy eynen dach te weiken in schoen water"
"1804";"Recipe woertelen van venekoel ende sudet die in wyn"
"1804";"Recipe wynruyts blader nascaden blader ende vleder blader"
"5666v";"Recordant journelment les faiz et ditz de Alphonce"
"1804";"Regarde toujours les maulx que tu fais biens que autruy font"
"5666v";"Religiosis ac deuotis et in Christo sibi dilectis."
"5666v";"Repaire, repaire, despete, repaire, repaire, que nos te voiens (Ct. 6,12). Tu qui es benoite et plus que benoite"
"5666v";"Represaliarum materia not; frequens nec cottidiana."
"5666v";"Rerum dominia acquiri duobus modis ...."
"5666v";"Res probata emigranicis."
"5666v";"Reuerendi patres ac domini cogitanti michi crebrius."
"5666v";"Reuerendissimo in Christo patri ac domino suo specialissimo domino Johanni diuina ordinacione Episcopo Brixiensi."
"5666v";"Reuerendo patri domino Diliuoniensi frater Egidius Bituricensis archiepiscopus."
"1804";"Revenez tous regretz. Agricola"
"5666v";"Reverend clerc, vous avés vostre foys argué et par plusieurs demonstré"
"5666v";"Reverendissimo in Christo patri et domino Siluestro Rigensis ecclesie archiepiscopo domino et patri suo frater Johannes Breslawer ordinis predicatorum."
"5666v";"Revestir les povres, donner a mengier"
"1804";"Ribera'l sacro darro"
"5666v";"Riccho – bugiardo. Vecchio – lussurioso et povero – superbo"
"5666v";"Richer got von himelrich vnd Ertrich."
"5666v";"Ricordati che il di santo Vincenco se il sole"
"1804";"Rien ne nous fait mieux voir"
"1804";"Ro. Co. Gal. E. Phi. Co. Theassa. Ti. Ti. Phil. Hebraeos (Vers)"
"5666v";"Robert, roy de France, filz de Hue Cappel qui avoit esté roy par election aprés la ligne de Pepin finie, commança a regné en l'an de l'incarnacion nostre Seigneur ix.C iiijxx huit"
"5666v";"Rodoppe a la taille très fine et riche."
"1804";"Roma alfin dopo gran stenti"
"5666v";"Roma gira ad l’ontorno cento ventisei miglaia"
"1804";"Roma non v'odia, e v'ama assai"
"1804";"Roma son' io, che parlo, io quella sono"
"1804";"Roma, avendo gi-a scritto corto"
"1804";"Romains ne vantez plus l'orgueil"
"5666v";"Romolo fu il primo re di Romani e padre della Romana republica"
"1804";"Rosales mirtos platanos. Cevallos"
"1804";"Roy l'example des rois, mettez vous"
"1804";"Roy le plus grand des rois que le monde"
"1804";"Rubrijck ende lasuyr die eyns wail gewreven ys"
"5666v";"Rudolphus Jmperator Romanus. Ruet Imperium Romanum. Ein zeit wirdt kommen hiezu gleich."
"5666v";"S'ensijet la maniere coment monsseigneur de Liege puet faire manoie al loy de Liege"
"5666v";"S'ensuivent en brief les tiltres, soubscriptions et superscriptions a tenir en lettres missibles d'une cité imperiale a princes, seigneurs, citez, villes communitez et autrement"
"5666v";"S'ensuivent les noms et seurnons des freres et seurs de la confrarie de la tres glorieuse virge Marie. Et premierent Monseigneur maistre Anthoine de Paris. Monseigneur maistre Jehan Henry. Monseigneur maistre Pierre de Cerisay. Seur Jehanne La Picquerre. Loyse la Tourneuse"
"5666v";"S'ensuivent les ordonnances et instructions que tres excellent, tres hault et tres puissant prince monseigneur le duc Phelippe de Bourgoingne"
"5666v";"S'ensuivent les ordonnances et instructions que tres excellent, tres hault et tres puissant prince monseigneur le duc Phelippe de Bourgoingne... a fait et donné de quatre officiers qu'il a ordonné et establi pour servir a icellui ordre, c'est assavoir : chancellier, tresorier, greffier et roy d'armes"
"5666v";"S'ensuyt le double de la bulle de nostre saint pere le pape Sixte dernier trespassé, impetré et octroyé a la requeste des duc det duchesse de Bretaigne a present vivans"
"5666v";"S'ensuyvent certaines addicions et alterations que tres haulx, tres excellens et tres puissans princes, monseigneur le bon duc Phelippe, instituteur et premier chief et souverain de tres noble ordre du thoison d'or et ses successeurs"
"5666v";"S'est le seul bien auquel j'aspire"
"1804";"S'il est honnête ... / Les lettres sont"
"1804";"S'il est plus honnête ... / L'honnêteté demande"
"5666v";"S'il ne me font averer toz mes diz"
"1804";"S'il peut y avoir d'-eternelles amours ... / Quand l'ann-ee est finie"
"5666v";"S'il plaisoit au roy tres chrestien faire une armee royalle pour aller contre les ennemys de la foy catholicque ou autres ses ennemys, il pourroit armer en Normendie et Bretaigne les nefz qui s'ensuyvent. Et premierement. Normendie. La grant nef françoise"
"1804";"S'onqes nus hom por dure departie"
"5666v";"SAlomon spricht in der prophecey."
"5666v";"SAnctus gregorius beschribit vns vnde andere heylige lerer in deme gotis rechte Vnde in deme heiligen sacrament der heiligen ee, das keine geburt heiliger ist."
"5666v";"SEpius rogatus a condiscipulis quasdam questiunculas enodare."
"1804";"SSuaty dussie genz sy swietlost srdcy"
"1804";"Sacri Cardini voi del ciel Romano"
"5666v";"Saevi si tratta della guerre tra' il Vice Rè di Napoli ed il Papa, e la concordia fra loro seguita"
"1804";"Sage et vaillant Louis, monarque incomparable"
"5666v";"Saiches premier que commencer Sy l'oeuvre te puis avancer"
"5666v";"Saichiés que vostre arme est de teile force et de teile vertu et de teile franchise"
"1804";"Saincte vraye croix aouree. Qui de corps dieu fus aournee"
"5666v";"Sains Claudes fu des seigneurs de Salins et fu arsevecque de Besançon"
"1804";"Sains Jheromes dist que Adam fufais de viij parties"
"5666v";"Saint Michiel et saint Gabriel Et tuit li autres sains o el Et tuit li anges ensement"
"5666v";"Sainte Barbe, c'est chose vraiy que de dieu tu as grant merite et pouvoir contre le tonnere"
"5666v";"Sainte Febronie vierge et martyre"
"1804";"Sainte Marie croys aouree qui du corps dieu fus aournee"
"1804";"Sainte uraei croyx aoree que duo cors deu fus ornee"
"1804";"Sainte uraye croys a ouree"
"5666v";"Sainte vraye croys aoree, qui du corps Dieu fus aornee"
"5666v";"Sainte vraye croys aouree Qui du corps Dieu fus aournee"
"5666v";"Salich is die man die wijsheit vint ende die vroetscap toe vloeyt"
"5666v";"Salich sult gy syn als u die menschen baten"
"5666v";"Salich syn sy die dy mynnen o alre mynlichste maghet Maria want haer sunden sullen van dy in die levende fonteyn der bloedigher wonden Jhesu af ghewasschen werden"
"5666v";"Salmn tsendlf flimdrnsv"
"5666v";"Salmons en son livre de Sapienche ou premier chappittre dist en ceste maniere Sentite de Domino"
"5666v";"Salve regina in vlamesche."
"5666v";"Samuel quondam lugebat."
"1804";"Sancta Anna hatte dry manne Joachim"
"1804";"Sancta Birgitta hat drij hochzide yn dem yare"
"5666v";"Sancta Margareta en aff gudz wtualdom iomfrum"
"5666v";"Sancta Maria æwærdhelikx konungx modhir"
"5666v";"Sancte Augustynus seget: Om eyn ure ewichs levens solden wy billicks versmaden"
"1804";"Sancte Herasme, hilige mertelaer Christi, die op den hiligen sonnendach Gode geoffert wordes"
"5666v";"Sancte dei presul meritis in secula viuens."
"5666v";"Sancti euuangelij Secundu(m) // Johannem. Gl(ori)a tibi domine // ..."
"5666v";"Sanctus filius Eradius dyaconus michi retulit."
"5666v";"Sano e ‘l consiglo del suo dolce amico"
"5666v";"Sans departir tant que seray en vie, a vous, mes dames, me suis entier donné"
"5666v";"Sante Iheronymus seget: AI dat leven des wysen menschen is die andacht des doetz"
"5666v";"Santo Pelagio papa sagro in Firence la chiesa di santa Maria Maggiore"
"1804";"Sap intel con for sci ti pi collige dona"
"1804";"Sap intel con for sci ti pi collige dona"
"5666v";"Sapienciam omnium antiquorum, jadis fu ung disciple qui souverainement desiroit de venir a le congnoissance de Sapience"
"5666v";"Sardes, granas, amandines et jacintes sont consinés ensemble"
"5666v";"Sauffa dua audite kagade"
"5666v";"Savoir doivent tous bons chrestiens que nostre seigneur Dieu <e>st en deïté et puissance dez le <c>ommencement du monde et tout temps sera tout puissant. Et que au commencement du temps il crea ciel et terre et tous les elemens"
"5666v";"Schiffskarte, id est quarta pars descriptionis terrae … Ein spitz des roten mer"
"5666v";"Sciendum est letaniae in anno bis fiunt scilicet in festo sancti Marci... Nota: Deze woche ist eyne woche des gebetis dorynne wyr den herren sollen beten ummb seyne gnode"
"1804";"Sciolto dalla barella il creso indegno"
"5666v";"Scis me fuisse in Cattis."
"5666v";"Scis me fuisse in Cattis."
"5666v";"Scribarum etc In isto prologo dominus petrus de vnçola commendat."
"5666v";"Scripturus uitam beati Hylarionis."
"1804";"Scrive d'orror di morte ingombra"
"1804";"Scrive d'orror di morte ingombra"
"5666v";"Se // cundu(m) luca(m) ..."
"5666v";"Se Calende di Gennaio verra in Domenica sara el verno caldo"
"1804";"Se aucun est enteche de granele"
"5666v";"Se aucune bonne creature veult supplier et requerir la douce misericorde du benoist fils de Dieu"
"5666v";"Se fableau puet veritez estre Dont avint il ce dit mon mestre C'un vilein a Bailluel manoit"
"1804";"Se fate Papa il cardinal Porzia"
"1804";"Se fate Papa il cardinal Porzia"
"5666v";"Se femme ment, c'est mespresure"
"5666v";"Se la fortuna e ‘l mondo mi vuol pur contastare"
"5666v";"Se m'amour vous ay donnee Es-ce rayson que je suye diffamee"
"5666v";"Se non che noi abiamo qua buone novelle che s’e scoperto"
"1804";"Se non vanno in castello, e Coscia"
"5666v";"Se piove o nevica sara caro"
"5666v";"Se piovera il di di san Processo et Martiniano sara l’astate grave"
"5666v";"Se qvalcheduno desidera sapere sia che cosa si voglia o rubata, o nascosta, o segretta"
"1804";"Se sont li VII pechies morteis"
"5666v";"Se tu ai figlivolo et non ai ricchece"
"5666v";"Se tu veulx a honneur venir Il te convient de toy banir Orgueil, et humble devenir"
"1804";"Se un mal prattico poeta"
"1804";"Se un mal prattico poeta"
"5666v";"Se voi mi costrignerete che io facci l’uficio"
"5666v";"Se volessi sapere l’eta della luna in ciascuno di del mese"
"5666v";"Se vorrai sapere che ventura sara quella d’uno huomo o d’una donna"
"5666v";"Se vuoi sapere in che sarai adventurato va al leone"
"1804";"Se-nora quan amas penas"
"1804";"Se-nora si deli notengo"
"5666v";"Secundum autem quod wlt Auicenna in primo libro."
"5666v";"Sedis apostolice princeps lux aurea Rome."
"5666v";"Segondo come si trova scritto nelle historie antiche: La città de Venetia avio principio da poi la destruction de Troia"
"5666v";"Seigneur, qui estes le roy des roys, le prince des princes"
"5666v";"Seigneurs, or faictes paix pour Dieu le roy divin Que nostre sire Dieux qui de ly eaue fist vin"
"5666v";"Seigneurs, ouvrez les oeilz de voz entendemens, congnoissez vous, rememorez voz vanitez impreudentes et vostre necessité occurrante"
"5666v";"Seignours aprés le fabloier Me veil en voir dire apoier"
"5666v";"Seignours oez .I. novel conte Que mon fabliau dit et reconte"
"5666v";"Seignours vos qui fames avez Et qui sor vos trop les levez"
"1804";"Seint Leon the pope of Rome wrote this letter"
"1804";"Selich ys de mensche de nicht van gode ghetreden en is"
"5666v";"Selonc la coustume de Veulguessin le françois de quoy l'en use en matere de fiefz"
"1804";"Selonc quil est escript es histoires"
"5666v";"Selych syn dye armen van gheeste"
"5666v";"Semen cecidit in terram bonam."
"5666v";"Semper prompta feriens et uigilans illa uestra debet inuenirj deuotio ...."
"5666v";"Senhors, aujatz bo sen, si·ntendre·l voliatz"
"5666v";"Senocrate disse che avere parlato alchuna volta"
"1804";"Sensuient pluiseurs arracions de maladies"
"5666v";"Sensuit le tiers Livre de boece // Quant philosophie eut fait fin // de son chant questoit noble // et fin // ..."
"5666v";"Sensuit plusieurs sommes et la maine [. .]nner onfait telz sommes et plusieurs autres sommes de hillion blanc et noir et premierement"
"1804";"Senti mia clio non -e gi-a tempo adesso"
"1804";"Senti mia clio non -e gi-a tempo adesso"
"1804";"Sento per tutti i colli e tutti i piani"
"5666v";"Septies in die cadet iustus [Prv 24,16]. Aldus sprict die wyseman Salmon in den xxiiii capittel: Seuenwerff des dages valt die rechtueerdighe mensche. O hoge ende grondelose wysheit …"
"5666v";"Sequentes medicinae excerptae ... So dir das haupt we thüt"
"5666v";"Sermo sinodalis qui in singulis synodis parrochianis presbiteris est enuntiandus. Fratres presbiteri et sacerdotes domini cooperatores ordinis nostri estis."
"5666v";"Sermonis usum deus nobis quos creauit."
"5666v";"Ses dinghen weric dat water, dat overnuts den priester ghebenediit is"
"1804";"Sesterym obycegem clowiek ma sie piy prawiti kupry"
"1804";"Severe tribunal de mes malheurs"
"5666v";"Señor Ihesu Cristo, pido te por merced que a las sanctas almas de purgatorio por la muerte y passyon"
"5666v";"Señor Ihesu Cristo, yo indigna pecadora, por la qual recebiste muerte y passyon, protesto"
"5666v";"Señor dios todopoderoso, yo indigna pecadora te ofresco todos los sacrificios"
"1804";"Si affatichi, o Ministro di Savoja"
"1804";"Si affatichi, o Ministro di Savoja"
"1804";"Si en humo se tornaron"
"1804";"Si fas com cil qui cuevre sa pesance"
"5666v";"Si firmo sensu scripta notare uelis .... Erste Rubrik: De opere tercie diei."
"1804";"Si l'amour a de la puissance"
"1804";"Si l'amour d'inclination ... / Quelque forte inclination"
"1804";"Si l'amour dans un pas difficile ... / Il est certain sans contredit"
"1804";"Si l'extreme amour ... / Le respect est de glace"
"1804";"Si l'extreme amour ... / Le respect et l'amour"
"1804";"Si l'extreme delicatesse ... / Ces mots -etudiez"
"1804";"Si l'on peut avoir un secret ... / En matiere d'amour il n'est point"
"1804";"Si l'on peut retablir ... / Quand une fois la confiance"
"1804";"Si l'on vous doit louer"
"1804";"Si la conformit-e d'humeurs ... / Sans la conformit-e"
"1804";"Si les dernieres faveurs ... / Les dernieres faveurs me"
"1804";"Si les dernieres faveurs ... / Quand on -a le coeur"
"1804";"Si les dernieres faveurs ... / Quand on -a le coeur"
"1804";"Si mandi presto per tutti i Confini"
"1804";"Si non plus autre est surpris"
"1804";"Si quereis que de aentenderos"
"5666v";"Si sont .vij. pechiés mortelz, orguel, envie, ire, luxure, convoitise, mescreance et avarice"
"1804";"Si todo el mundo"
"1804";"Si todo el mundo"
"1804";"Si tu n'as reðcu reponse"
"5666v";"Si uis ad uitam ingredi."
"1804";"Si une honneste femme ... / Depuisque le monde"
"5666v";"Sich du selste dat volc roepen dattu niet en kenste"
"5666v";"Sich hi comt tot sinen heilighen tempel"
"5666v";"Sich in mi onsalich mensche, o onghemeten goedertierenheit"
"5666v";"Sicut dicit beatus Jo. canonice sue."
"1804";"Siet tsestich starken van den starcsten"
"1804";"Siet tsetich sterken van den stercksten - (Ct 3,7-8) Beda. Salomons beddekijn"
"5666v";"Signieurs barons ce m'est grand mal Que ce villain et desleal"
"5666v";"Signore mio dulcissimo Yhesu Christo, elquale di volonta del tuo padre et operatione delo spirito sancto per la morte tua resuscitasti"
"5666v";"Signore mio in dio padre omnipotente, ilquale per la tua gratia et benignitati se degnato dipiacere et satiare me peccatrice"
"5666v";"Sijn naeme is geheiten Jhesus, welke naeme genoemt is van den engel, eer dan hie in den edelen kuysschen licham Marien ontfangen wart [Lc 2,21]. Want daer steet geschreuen aldus, als sunte Lucas, die helige ewangeliste, secht in den anderen capittel. Guede menschen ende alre liefste vriende gades, ghy sult weten, dat in desen voirsprakenen woerden wort geruert ende geweegen van den gebenedijden naeme Jhesu …"
"5666v";"Silva walt; nemus vel saltus forst"
"1804";"Silvester lapostolis fe moviz establimenz"
"1804";"Sinte Gereon was van edel ghesclacht"
"5666v";"Sinte Gregorius seit, dat also goet es messe ghehoort"
"1804";"Sinte Iheronimus seyt: Men sal onse lieuen here suken in armoede"
"5666v";"Sinte Jans ewangelie. Lat."
"5666v";"Sire Dieu merci te requier Doulz Jhesus Crist vray dieu entier Pour Dieu mercy ayes de nous"
"5666v";"Sire Dieu qui en croix mourus A toy pour estre secourus Je vien pour moy recommander"
"1804";"Sire Iesuchrist le vif qui es le vray et tout puissant dieu de la resplendeur du pere"
"1804";"Sire Jesu Christ, filz de dieu vif, je te adour pour ce que es vray diex"
"5666v";"Sire Jhesus Crist en la desreniere heure de ta vie pendant en la croys dis sept paroles et pronuncias a ceste fin que ces trez saintes paroles nous eussons tousjours en memoire"
"5666v";"Sire dieu en l’oneur de la sainte pacience que vous en la sainte croix eustes"
"5666v";"Sire ne m'argue pas en ta fureur ne en ton courroux ne me chastie ne corrige en la tienne ire, ayes merci de moy"
"1804";"Sire, -ecoutez la voix d'un sujet"
"1804";"Sire, Sorain Capitaine"
"1804";"Sire, je me confesse a dieu mon createur et la glorieuse vierge Marie"
"5666v";"Sire, on voyt bien en vous sans voyr votre devise"
"5666v";"Skodha mik wsla obegripelikin mildhet"
"5666v";"Slaet iu seer doer Christi eer doir god so laet die sonden meer"
"1804";"So wer sich an eyn tayffel wylt setzen ynd sych myt dem wyrde wylt ergetzen"
"1804";"So wrijff rose, blae, ende blijwijt to sammen"
"1804";"So wrijff rubrijck myt weisbloemen"
"1804";"So wrijft steinkolen myt vasser"
"1804";"Sobre una pe-na. Navarro"
"1804";"Soe als de lilye is onder den dornen - (Ct 2,2) Sunte Bernt secht"
"5666v";"Soe welck persoen, man offthe wyjff bynnen vnße stath off bynnen lande tuschen"
"1804";"Soe wie begeert te gedenken der minliker martelien ons heren Jesu Christi"
"1804";"Soe wie begheert te ghedenken dat mynlike liden ons heren Jesu Christi"
"5666v";"Soen alstu gevoeles, dat die begheerte der ewygher salicheit van boven inghestort wort"
"1804";"Soette mensche, mi waer liever"
"5666v";"Sol refulsit … [II Mcc 1,22]. Dese voersechde woerde staen in den bueken der Machabeen ende beduden in onsen duitsch: Die sonne, die onder den wolken was ver-borgen, die heuet weder geschenen. Als Augustinus secht in den boeke de doctrina christiana: Die dyngen werden bekennt bij gelikenisse …"
"1804";"Sollen dicunt Graeci multum"
"1804";"Sombre et noire forest heureuse solitude"
"1804";"Son Altesse Royale voulant t-emoigner"
"1804";"Sono alcuni dannanti"
"5666v";"Sono septe l’ pianeti celesti, cioe Saturno, Giove, Marte"
"1804";"Sono stato al fin costretto"
"1804";"Sono stato al fin costretto"
"1804";"Sorgea dal sen di Teti il primo auriga"
"1804";"Soudainement mon cueur"
"1804";"Sous ce magnifique tombeau"
"5666v";"Souventes fois m’avoient requis nostre disciple"
"5666v";"So (?) is die mensche onse lieve here ontfangen heeft, soe sal hy den soen mit eynre oetmoediger begeerten dancbaerlicken op dragen ende offeren"
"1804";"Soüs ce marbre repose un homme"
"1804";"Spasytel cerkwi swate genz gest zbor wssech wywolenych"
"1804";"Speranze disparite"
"1804";"Spero in Fortuna che a buon fine spiri"
"1804";"Splendor paternae gloriae"
"1804";"Squarcia il seno allorche nasce"
"5666v";"Stancho gia di mirar, non satio ancora"
"5666v";"Stanco gia di mirar non sacio ancora"
"5666v";"Stant op mijn vriendinne mijn scoen ende com"
"5666v";"Statuemo e ordinemo, che zaschadun fradelo de la dita fraia sia"
"5666v";"Stephanus plenus - [vgl. Act 6,8] Stephanus vol der genodin ... Stephanus interpretatur strenue fans... Der namen Stephanus ist alzo vil alz eyner der do torstig unnd strenge ist"
"1804";"Su corri Musa mia, deh vieni"
"1804";"Su corri Musa mia, deh vieni"
"1804";"Su fosti o guercio Albani"
"5666v";"Sub anno etc. XXXI etc. ist der anschlag vnd dy begreiffung"
"1804";"Subiendo el tono"
"5666v";"Subtus terra firmantur signa sex."
"5666v";"Sufficiunt quidem eaque scripta sunt."
"5666v";"Summum bonum deus est."
"5666v";"Sunerlike ende gloriose heilighe maghet Katherina"
"5666v";"Sunt bona mixta malis, sunt mala mixta bonis; Venerande Dn. Antistes, Scholarcha Magnifice, Viri Reverendi."
"5666v";"Sunte Franciscus discipel genoempt broder Coynraet, die was van groten heligen leven …"
"1804";"Sunte Marcus spreket in synem ersten gesette"
"1804";"Suoni pure a distesa il Campanone"
"5666v";"Supra visum est de stipulationibus seu verborum obligationibus."
"1804";"Sur le sujet de votre epoux"
"5666v";"Surgite sancti de mansionibus."
"1804";"Surquoy fondez, pr-etendez vous"
"1804";"Susanne un iour (Magnificat). Lasso"
"1804";"Susanne un iour (Missa). Lasso"
"5666v";"Sveriges rijke är aff hedhna várld sammann kommit, aff swea
landh och giöta"
"5666v";"Svnt in vniuersa vrbe Romana mille et centum et XIX ecclesie Murus ciuitatis habet turres."
"5666v";"Svnte Gallus mit xii anderen wart genamen mede van Colombano van Hybernijen …"
"1804";"Swatych pyet ran vzdrawte tuto ssestu ranu"
"1804";"Swich lijt und verdrach, myt eder man dynen kommer enclage"
"1804";"Symeon der Clusener vnd eyn frunt godes was van eyme greecken vader geheischen Anthonyus"
"1804";"Symeon ein man gotz was van eyme greecken vader"
"5666v";"Symeon ex utero matris sue."
"1804";"Symeon und Judas auch genant Thadeus apostolen"
"1804";"Synodos theia kai hiera synathroistheisa en Hierosolymois"
"1804";"Synt die werlt van tyden tot tyden boesser vnd boesser wort"
"1804";"T-as hesperin-as hem-on euch-as"
"5666v";"TRactaturus de defectu capillorum decreui primo."
"1804";"Ta aitia kata tus skeptikus tritta eisi"
"1804";"Ta men dê tu hyiu peras echei"
"1804";"Ta solide vertu fait pancher"
"1804";"Tacete ola dell'atro Averno, o mostri"
"5666v";"Taddeo Ugoletti fut un de ceux que Matthias envoya"
"5666v";"Tales filosafo fu d’Asia et fu il primo de septe saui de’ greci"
"1804";"Tammat al-kitab bi'aun Allah"
"5666v";"Tancredi prenze di Salerno uccide l’amante della figliuola"
"5666v";"Tant me sui de dire teuz Que ge me sui aperceuz Que trop son corage tere"
"1804";"Tant vous allez doulce Guillemette (Magnificat). Lasso"
"5666v";"Tante ciascun gentile quanta virtute"
"5666v";"Tanto ha virtu zascun quanto ha intellecto"
"1804";"Tantra vajos estado"
"5666v";"Tauweler sprickt: O du lutter ewige guet gyf my dy toe mynnen"
"5666v";"Te compleet tiit wort dat edel lichaem Cristi in den grave gheleit"
"5666v";"Te compleet tyt dencke droefelic hoe dat Iohanes als de avent nakede onser vrouwen badt"
"5666v";"Te deum laudamus: Dich got wir loben dich"
"5666v";"Te noen tiit riep Ihesus hely hely waerom hi alsoe aftergelaten waer"
"5666v";"Te priim tiit wort Ihesus gheleit tot Pylatus"
"5666v";"Te sex tiit wort Ihesus ghenaghelt an den cruce"
"5666v";"Te tertie tiit riepen die ioden cruysten, cruysten, hi wort bespot"
"5666v";"Te vesper tiit wort Ihesus genomen van den cruce"
"5666v";"Te vespertyt salstu dencken mit droeviger herten hoe die moeder ons heren ende die ander vier hen neder setten bidem cruce"
"5666v";"Tel en l'appellant par le nom que il apporta de baptesme"
"5666v";"Telanicho dice che alchuni degli Epipori"
"1804";"Templum Domini - (Ier 7,4) Dat is ein drevoldich tempel des Heren, war af de apostel Paulus"
"1804";"Tempo gia fu, che di falso loquore"
"1804";"Tempo va tempo ven (Vers)"
"5666v";"Temporibus Diocletiani profanissimi."
"5666v";"Tempus est exclamare."
"1804";"Ten anderen mael vinden wy een vernuinghe"
"5666v";"Ten lesten sach hi van verren comen syn wedersaken mit vackelen, mit lanteernen ende mit wapenen"
"1804";"Tendi todas mis vellas"
"1804";"Ter eerster morgenstonde di daer began te lichten des eersten dages vanden weke"
"5666v";"Testium facilitati, veritati et falsitati ipsorum."
"5666v";"Tha thu wilth tagha tha beskodha grannelica husit som ær thin siæl"
"1804";"The sacrament of confession, commonly called confession, is a sacrament instituted by our lord"
"1804";"The seaventh chapter of saint Benedicts Rule"
"5666v";"Then första konnungh som wära Swenska Crónikár seya haffwa
warit i Swerie han skal haffwa hethit Erich"
"5666v";"Then förste Boken. Cap. I. Om Sveriges fordna namn Scandinavia."
"1804";"Theodora want ict voer genomen heb van den blomen des paradys"
"5666v";"Theophilus, des richters amptman, bespotten sunte Doratheen, die helige jonffer …"
"5666v";"Theophilus, des richters amptman, bespotten sunte Doratheen, die helige jonffer …"
"1804";"There lives in Germany a lad / and Geddes is his name"
"5666v";"Thette ær then ret ther sæth wor a malsteffnæ"
"5666v";"Thiebault, par la grace de Dieu roy de Navarre, et de Champaigne et de Brie quens palasin, a l'evesque de Thunes, salut et lui tout. Sire, j'ay receu vostre lettre"
"1804";"Tho' all the seasons of the year"
"5666v";"Thu sanne oc lifuandis gudz son"
"1804";"Thus Luther and his quorum"
"1804";"Tiraniques devoirs qui dechir-es"
"1804";"Tirsis vous parlera du transport"
"1804";"Tis men ho skopos tês parusês akrostichidos"
"5666v";"Tit. I de haereditatibus quae ab intestato deferuntur. De utilitate praesentis suateriae ....."
"1804";"Tínos héneken tôn állon euangelistôn apò tês oikonom-ias arxam-enon"
"1804";"Tjs tijt, dat wi beghinnen mitt onsen willen schier"
"1804";"To adetö melödeitö soi ö despoina ho sos propatör Dabid"
"1804";"To den ewyghen leven sint seven slotel sunder welke"
"1804";"To endless ages sing o"
"1804";"To peri tên hylên energeia dittôs esti"
"5666v";"Toda me deuo dar al señor porque de no nada me fizo"
"5666v";"Toe complete tijt soe salstu ghedencken mit een drovigher medelidender selen up den gueden vridach doe dat seer late waert"
"5666v";"Toe none tijt woe iamerlike dat Ihesus anden cruce staf ende van alle de wonderlike dinghen de doe ghescheden"
"5666v";"Toe prime tijt staet hastelike up ende untspringhet wackerlike wt dynen slape"
"5666v";"Toe sexte tijt soe merket woe de sachtmodighe Ihesus up den berch van Calvarien te hantes gecomen was"
"5666v";"Toe tercie tijt soe gaet wt mit enre mynnender selen ende beseet woe de wrede richter Pylatus geboet datmen den alre unnoselsten Ihesum solde untcleden"
"5666v";"Toe vespertijt soe kert dy selven inwverdes ende overdencket mit een guederteren mededoghender herten woe de alre bedrovichste moder Ihesu Maria was sittende"
"5666v";"Toma dispregio Catone insino che egli non fu conosciuto"
"1804";"Too long my good lyre, have I wandered from the"
"1804";"Torna mingo aenamorainte"
"1804";"Tornyßel js bruyn doich gilt man in der aptiecken"
"1804";"Tot eynre clen (?) wollen wyts grau te veruen sal men nemen III gupsen schalen van noitbomben cleyn gehauwen"
"5666v";"Tot habuit in se holocausta … Als manches mal der sunden"
"1804";"Tou hagiou basileiou: Mê adikos ho theos ho anisôs hêmin"
"1804";"Touchant mon etablissement"
"5666v";"Toujours ay mis mon temps et ma vie en oyseuse Dont j'atens a avoir merite douloureuse Se deffense n'y met la vierge glorieuse"
"5666v";"Tous li tamps de ceste presente vye si puet estre divisés en quatres parties"
"5666v";"Tous orgueilleux se veulent a Dieu comparer en tant qu'ilz se glorifient en eulz mesmes"
"1804";"Tout a par moi. Agricola"
"5666v";"Tout ainsi com descend en la fleur la rosee"
"5666v";"Tout soit il ensi que il n'ait pas en noz toutes les graces qui doivent estre en home"
"5666v";"Toute chose, qui est de dieu"
"5666v";"Tractatum de spera quatuor capittulis distinguimus dicentes."
"5666v";"Tractaturi de successionibus ab intestato."
"5666v";"Tractatus isto de bello prima sui diuisione."
"5666v";"Tred vise ter trinus vitri sex nod daco"
"5666v";"Tres honnoree tresnoble et tres notable dame d’honneur prudent"
"5666v";"Tresdigne sceptre royal de France, singulierement aourné de grace et prerogative celestielle, de benediction divine et d'aultres tresgrans dons spirituelz"
"5666v";"Tresexcellent majesté redoubtee / Illustre honneur en dignité montee"
"5666v";"Treshault et puissant  prince Charles le quint de son nom, par la digne pronucance (!) de dieu roy de France"
"5666v";"Treshault et puissant  prince Charles le quint de son nom, par la digne pronucance (!) de dieu roy de France"
"1804";"Triste demi que amor"
"1804";"Tristesse, Ennuy, Chagrin, Langueur, Melancholie"
"5666v";"Trombe infelici e miseri metali."
"5666v";"Tu adimandasti essere insegnato da noi del modo della chura"
"1804";"Tu che stai presso il conclave"
"1804";"Tu dis qu'en regardant de prez"
"5666v";"Tu m’a requis que aucunez maneire de panser et contempler"
"5666v";"Tu te vantes de tes rikeces, de tes fleurs et de te noblece"
"5666v";"Tu vai cerchando la morte tua"
"1804";"Tunc stabunt - (Sap 5,1) Dan sollen de rechtverdigen staen in groter stantafticheyt"
"1804";"Tuto to biblidion, pai, exeilêson akribôs"
"1804";"Tutti aspirano al Papato"
"1804";"Tutti aspirano al Papato"
"1804";"Twalef meesters"
"1804";"Tên hagian Sophian tên megalên ekklêsian"
"1804";"Tôn enantíon heautoîs echóntôn kaì aprepôs"
"1804";"U kataischynö hopla ta hiera"
"1804";"Udito, che doveva imperiale"
"1804";"Ultimi miei sospiri (Magnificat). Lasso"
"5666v";"Un arbore da deo plantato lo quale amore es nomenato"
"5666v";"Un certo discipulo della sapienza vago cercava la sapienza di gli antigui"
"5666v";"Un chastel d'amours vous demant Nommés le premier fondement Amer loiaument"
"1804";"Un entretien muet, un paisible langage"
"5666v";"Un palais de roy et d'empereeur appartient quatre manssions, c'est assavoir audictoire, ouquel il fait ses jugemens et donne a chascun son droit"
"1804";"Un papato di rispetti"
"5666v";"Un prestre maneit en Chartein S'amoit la fame a .I. vilein"
"5666v";"Un prestres amoit une dame Qui d'un chevalier estoit fame"
"5666v";"Un riche quens d'estrange terre Aloit par le païs pour querre Le deduit de chevalerie"
"1804";"Una pietra ... che ha l- imagine"
"5666v";"Under desen ende deser gelicken vil groeter wonderwercken, die got doer sante Mathias den apostel wirkde in der stat to Thrier ende in dem lande darby …"
"5666v";"Undhir them førsta stenenom skal mæniskian latha sik i hugh koma"
"5666v";"Une chescune partie ait estre plux parfaite quant elle est conjointe a son tout que"
"5666v";"Une cité avoit en Grece que Penelope estoit appellee. Et en celle cité avoit un roy nommé Peleus"
"5666v";"Une maniere de gent sunt Qui d'estre loial semblant funt Et leur conseil si bien celer"
"5666v";"Ung jour estant seulet a la fenestre"
"1804";"Ung jour pensant aux choses advenues"
"5666v";"Uns prodons raconte la vie saint Juliens qui l’a translatee de Latin en Romain"
"1804";"Unter den sonen der wiven en es miement"
"5666v";"Unus de duodecim - [vgl. Io 20,24] Thomas eyner aus den zwelffen ... Thomas interpretatur abyssus. Der namen Thomas bedewt alzo vil alzo eyne tewffe"
"1804";"Up daz dine knechten moghen singhen uiz onghebondenen adern"
"5666v";"Urah kp fodi Urah fennefel"
"5666v";"Uranie est d' une taille un peu au dessous de la mediocre."
"5666v";"Urbis Rome et cetera. Translateur. C'est le commencement du proheme de ce livre pour l'entendement duquel avoir est assavoir que Vincent en son miroer hystorial"
"5666v";"Usuriers commettent moult de pechies"
"5666v";"Ut abbates mox ut ad monasteria sua remeauerint."
"5666v";"Uten diepen myns suchtens met bitteren screyen myns hartten heb ick o Maria godlicke joncfrou gheroepen totti"
"1804";"Utta kutta gutria gustra azmaringa"
"5666v";"V. E. demonde de moy une chose ..."
"5666v";"Valde honorandus est beatus Johannes. Saint Jehan l’euvangeliste doit estre moult honoré ainsi en soy esjoisant en Jhesu Crist chante nostre mere sainte Eglise"
"5666v";"Van der sonnen opganc totten nedersteen der aerden, soe lat ons singen"
"1804";"Van der vruchten des heilichs sacraments"
"1804";"Van vele sprekens"
"1804";"Van verduldich liden"
"1804";"Van ydel ghedachten van beruerliker gramscap"
"5666v";"Vander gods minne heb die ghehoert: vort"
"5666v";"Vater vnser. der du pist in den himeln. geheiligt werd dein nani .... Adonay gewaltiger got vater ich pitt dich mit auf gerichten henden."
"5666v";"Venerabili viro .... Illius sequi vestigia cuius."
"1804";"Venez, accourez tous peuples de l'univers"
"5666v";"Veniat dilectus meus in hortum suum - (Ct 5,1) Verbum istud est animae fidelis, spiritualem adventum Christi postulantis"
"5666v";"Venite ad me - (Ps 11,28) Die Natur hat alle Thier underwisen"
"5666v";"Veons orendroit aulcun pochet dez vertus que dyrons nous de foy. Je dy que lai passion Nostre Signour est la force"
"5666v";"Verba jeremie filii helchie."
"5666v";"Verbliit u, heilige Maria, moeder ende maghet"
"1804";"Verblijt v moeder ende maget Christi die alleyn hebt te sijn van soe groter werdicheit"
"5666v";"Verblyde dy alre schoenste bruet Christi sancte Barbara, ick begeer dy toe grueten myt eyn suverlikken crensken"
"5666v";"Verblyde dy myt volhertelicker blytschoppen o gloriose vader ende edel confessoer Christi N."
"5666v";"Verbum michi ad te o rex."
"5666v";"Veritatem meditabitur guttur meum."
"5666v";"Vermehtenheyt undt over Moht."
"5666v";"Vervroechde di ende verbilde di dochter van Syon"
"5666v";"Vervrouw dy ende verblyde dy o hoege werdige apostel Christi ende ewangeliste sancte Iohannes gemynde ionger"
"5666v";"Vervrouwe dy o alre mynlicste Johannes want alsoe die here alle der werlt geboeren wolde werden van eynre onbevleckter ioncfrouwen"
"5666v";"Veson als ons scrivet Solun : sun"
"5666v";"Vez ci en quantes manieres uns homs Puet geter .xii. poins en .iij. dez"
"5666v";"Vff die Strasburgische schrifft, ob ein neu fremdes."
"5666v";"Vicetiam vrbem a Gallis populis conditam."
"1804";"Vidi civitatem - (Apc 21,9-10) Ick hebbe geseen de hilligen nyen stat Jerusalem neder stygende van den hemmel van Gode beret als ene bruet vorsyret"
"1804";"Vierzim w boha otce wssemohuceho"
"5666v";"Virgine mater dei et tu beata fosti per madre di quel verbo ecterno"
"5666v";"Virginis a partu ter senas lucidus alto"
"5666v";"Virgo deum pariens venie spes maxima sola."
"5666v";"Virtus medicine est potencia naturalis qua."
"1804";"Vit on jamais soüfrir un coeur"
"1804";"Vitlis der heilge merteler was eyn ritter"
"1804";"Vivo sol di speranza. Lasso"
"5666v";"Vnns seint zwei schreiben von euch am datum Regensburg am tag Mathie apostolj vnnd am Sontag darnach."
"5666v";"Vns jst euer schreibenn vnnd bericht am Datum Regenspurgk Donnerstags nach Conuersionis Paulj."
"5666v";"Vnse herrgot wyssaite eyme."
"5666v";"Vnser vnterthenig bedencken von der schrifft."
"5666v";"Vnsern grues zuuor, Erwirdiger vnd hochgelarten .... Nachdem wir durch doctor Johan Hiltener."
"5666v";"Vocales apud Graecos sunt septem videlicet α ε ϊ η ο μικρὸν υ ψιλὸν καὶ ω μέγα eqs."
"5666v";"Voel kristen hebben veruolginghe geleden om den gelouen ende om dat rycke ons lieuen heren Jhesu Christy …"
"5666v";"Voer den feest daech die passchen hiet doe dat lesten avontmael mit mynen iongeren ghedaen was"
"1804";"Voer den feestdach van paeschen als Jesus wiste dat sijn vre quam"
"5666v";"Voglioti dare exenplo a decta regola et voglo dire cosi"
"1804";"Voici ce que dit Moyse -a tous les Israelites"
"1804";"Voici les noms des fils d'Israel"
"1804";"Voicy de petites volages"
"1804";"Voicy le lieu fatal, o-u la premiere fois"
"1804";"Vola vola pensier (Magnificat). Lasso"
"5666v";"Volendo questo venerabil compagnia della Concettione della Madonna continuare"
"5666v";"Von Juden ... jtem anno domini M CCC xlix jar das dy juden warn gesessen zu Nurmberg."
"1804";"Von dem ewigen wort heb ich an zu singen"
"5666v";"Von den koer"
"5666v";"Von sant Andreas duplex priores. Zu vesper dy laudes antiphon ‚Salve crux‘"
"5666v";"Von wetagen des hoybtes."
"5666v";"Vor Rede. Es sind zwar die auff vorhergehenden titul angezeigete Stücke der Ingenieur Kunst an sich selbst gar leicht ......"
"5666v";"Vorvrouwe dy aller uthvorkorenste telersche godes altyt junfer Maria"
"1804";"Vos bruyt, honneur, salut et reverence"
"5666v";"Vos qui fableaus volez oïr Peine metez a retenir Volentiers les devez aprendre"
"5666v";"Vos qui sub Christo mundo certatis in isto."
"1804";"Votre relation est agr-eable -a lire"
"1804";"Vous -a qui nötre foy paroit une imposture"
"1804";"Vous amans que j'interesse (Aria). Giardino"
"1804";"Vous estes dites vous inqui-ete et chagrine"
"1804";"Vous m'aimez, dites vous, aimable bergere"
"1804";"Vous menagez fort peu, belle Iris, vos amants"
"1804";"Vous, en qui tant de beaut-e brille"
"1804";"Vrai dieu disoit (Missa). Gosswin"
"1804";"Vray createur et salveur du monde"
"1804";"Vray dieu en trois personnes"
"1804";"Vray dieu je congnois que j'ay pechie"
"1804";"Vray dieu mon puissant createur et mon amoureux redempteur"
"5666v";"Vroude so hebben die engele gods on enen zondage"
"5666v";"Vrouwe schoen aen te sien ghenuechelic te mynnen Maria verhoert myn ghebet"
"5666v";"Vt perfectius possis scire et facere quod intendis."
"5666v";"Vt primùm Viennà Austriae pedem extuli."
"5666v";"Vulachano intagliato per mano d’Alchimede"
"5666v";"Vælsighnadir wari thu gudh aldra thingha skapare"
"5666v";"Vælsignadhir wari fadhir oc son ok thæn hælge ande for alla the glædhi"
"5666v";"Vælsignadhir wari han som tik skapadhe"
"5666v";"Vælsignadhir wari thu jomfru Marie son"
"5666v";"WIr Ernst vonn gots gnaden administrator der kirchen zcu Magdburg."
"5666v";"W[.. .]werdige heilige vader Franciscus ick bidde dy wees onser gedechtich"
"1804";"Wa ich mich hyn wendt wyndt ych on trw"
"5666v";"Waer ys die dochter van zion"
"5666v";"Wann der Christag gefelt an den suntag, so werden die laudes und respons ‚Clama‘ also geordnet"
"5666v";"Wann er dat des hilgen nigen jars dach kumpt up den sondach"
"5666v";"Want alle mensce van naturen begert te wetene die warede"
"1804";"Want die gerechtighe hem seluen besculdich ende beryspet"
"1804";"Want elc mensche van synre natüerliker eween wegen getogen wort"
"1804";"Want ic der weerder ioncfrouwen Christinen"
"5666v";"Want in dogetliken vorgange ent seringen die kerstelike vullencomeneit"
"1804";"Want me nu somighe menschen vijnt"
"1804";"Want onse goede luyden van Suythollant gemeenlicken gecoft hebben alrehande punten"
"1804";"Want weel betaemt ende behoert den prince ende vuersten vanden lande genade ende gracie"
"5666v";"Want wi in deser strenger enicheit avermids der gracien gades to saemen in oen vergaddert sin …"
"1804";"Want wi in midden der stracke gheset sijn"
"5666v";"Want wy van dogheden scryven willen so ist wael recht dat wy an die doghet beghynnen"
"1804";"Wat onsen here meest an der passien bracht"
"5666v";"Wat soele wy uns anders achten te wesen"
"5666v";"We dat grote ovel heft, drecht he dusse karacteren bi sik"
"5666v";"We is dese die daer voort gaet als een opgaende dagheraet"
"5666v";"Weest gegroet alre oetmoedichste dienstmaecht der heiliger drievoudicheit Maria"
"5666v";"Weest gegruet opgaende dageraet, claer blenckende sterne, gloriose marschalck, heilige vader sancte Anthonius"
"5666v";"Weest ghegroet goedertiere behouder des weerelts Ihesu Christe vul van gracien"
"5666v";"Weest ghegruet heilighe wonder der rechter hant myns liefs heren"
"5666v";"Weest ghegruet heylighe vader sinte Ewout, ick bid u dat ghy myns arme sondarinne altoes ghedenkken wilt voer den heer"
"5666v";"Weest ghegruet vorbarighe, weest ghegruet yerste martelaer"
"5666v";"Weest ghegruet, alre suverste bloet mijns liefs hern Jhesu Cristi"
"5666v";"Weest ghegruet, ghewaer heilighe lichaem"
"1804";"Weest trou ende en betrout nyemant"
"5666v";"Weilen Ober- und Niederschlesien ein Universum zusammen constituiret ....."
"5666v";"Welch Furste, Graue, herre, Ritter adir knecht adir Stadt besorgtten. (Mit 12 Büchsenmeisterfragen.)"
"5666v";"Wenn durch Gottes gnad die Colloquenten vnsers Teils."
"1804";"Wens men myt lesuren off myt rubrijck litteren vnrech gemeckt hait"
"5666v";"Wer eine schwere Last tragen soll, der muß."
"5666v";"Wer vroudede dy myn siel ende mijn lichaem want tot dy is nu ghecomen dijn god"
"5666v";"West gegruet alle gy heilige mertelaers Christi die uch nu vervrouwet in der beschouwynge der heiliger drievoldicheit"
"5666v";"West gegruet alre edelste lantgreve Lodewich du alre edelste vorst die werdich waerst geselschop toe hebben mytter alre edelster vrouwen Elisabeth"
"5666v";"West gegruet alre werdichste ende heilychste der menschen gloriose prophete sancte Iohannes Baptista, ick gruet dy huden in desen hoichtytlicken ende festelicken dage"
"5666v";"West gegruet gloriose joncfrouwe wtvercoren wt dusent der dusenden, alre schoenste bruyt Christi sancte Agnes"
"5666v";"West gegruet o blenckende lilie der sternen, o heilige gebaeren edel Magdalena eyn edel mynersche Ihesu Christi"
"5666v";"West gegruet o gloriose mertelaers edel ridderen Christi sancte N. die huden heves gelaten die yamerheit ende ongevallicheit dys levens"
"5666v";"West gegruet o hoege geboeren conynclicke joncfrouwe Christi, edel gloriose mertelersche des alren hoichsten conyncks"
"5666v";"West gegruet o hoge gelaefde werdige apostel sante Thomas, ick gruete dy huden in desen festlicken dage dynre werdiger hoichtyt"
"5666v";"West gegrut o schoen glorioes blynckende licht der heiliger kercken, o werde hoege gelaefde apostel Christi sente Pauwelus"
"1804";"What beauties and charmes most rare"
"1804";"When Fanny blooming fair"
"1804";"When all the bounties I behold"
"1804";"When satan once upon a day"
"1804";"When with our new reformers"
"1804";"Whene I advertice yn my remembrance"
"1804";"Whilst sadly banishd' far from house and home"
"1804";"Wi Jan, grave van Henegouwe, van Hollandt ... doen condt"
"5666v";"Wi bidden here om dijn genadicheit, ontferme der zielen dijnre dienarsche N."
"1804";"Wie der heilge licham Sente Mathias des apostelen zo Trier sy gekomen"
"5666v";"Wie ist van v die dar hebben sel encie vrient"
"5666v";"Wie nach dem wahren Sinn des Apostolischen Stuhls zu Rom ......"
"5666v";"Wie sal ons den steen af doen van den graeue [Mc 16,3]. In desen ewangelium sint drie punten to verstaen tot onser lere ende to seelicheit onser sielen. Dat irste is, wat got van ons gedaen wil hebben …"
"5666v";"Wie wyl mede toe Bethleem"
"5666v";"Wie zonden dede ofte gheen // min weldaden die zin zo cleene // ..."
"5666v";"Wiewoll man auch nicht weiß wie der process."
"1804";"Wij oerderenere dat alle ende een ieghelijck nonneken"
"1804";"Willam die Madocke makede, daer hi dicke omme wakede"
"1804";"Wilt du boese bekorunge myden so habe vur ougen"
"5666v";"Wilt ons helpen bidden heere ouer mits van Marien Magdaleene"
"5666v";"Wir Ernnst von gotts genaden postulirter Ertzbischoff."
"5666v";"Wir haben die Keisarliche [!] Resolution."
"5666v";"Wunder is dutte ....."
"5666v";"Wy Karle, vander genadenn godes hartoch van Gelre vnnd van Gulyjch vnnd [] graue vann vann (!) Sutphenn etc. doen kunth"
"5666v";"Wy Karle, vander gnade Gotz hertoge van Gelre ende van Gulich ende greue van Zutphen ... doen kond"
"5666v";"Wy bidden dy ynnichlicke ontfanghet dit ghebet dynre dienstmaghet"
"5666v";"Xenophon phillozophe celui que les Grecs appellent la muse acticque"
"1804";"Yauwe que on apelle le seel nostre dame"
"1804";"Yesos escasos ojos"
"1804";"Yo no nasðci sino para"
"1804";"Zagala como las flores"
"1804";"Zagala como las flores"
"5666v";"Zosie a la Phisionomie heureuse ..."
"5666v";"Zsdrowa krolewno, Mathko mÿloszÿerdza, zÿwoth, slothkoscz [na]dzÿeÿa nascha sdrowa!"
"5666v";"[D]ir is die man die inden dahge syns strydens van gode niet ghelaten en is"
"5666v";"[Ic] dancke dy lieve here vader here Ihesus Christus des bitteren suchtens dattu dedes apten goden vridach"
"5666v";"a senestre en tous les lieus u il les puet damagier"
"1804";"anbeten, ich bete an - Ik aenbede di, verborgene waerheit, die hier scules onder des figure"
"1804";"anbeten, ich bete an - O Heere Jesu Christe, ik aenbede dy, hanghende in den cruce ende een doorne croone"
"5666v";"anbeten, ich bete an - O ghenadich godertieren heere Jhesu Criste, ic anebeide dijn we[r]de ghebenedide helighe lichamme dat heden consacrareet sal werden ouer al die weerlt, ende ic bidde hu (G)"
"1804";"ansehen, du siehst an - O minnentlicke here Jesu Christe siec aen dijn minnentlicke woerden"
"1804";"aufrichten, ich richte auf - Lieue here Nv recht ick my op in der seluer mynne"
"5666v";"a¯n."
"1804";"befehlen, ich befehle - Ic beueil mij den seluen heilighen cruce daer Jesus Christus aen siveten water end bloet"
"1804";"befehlen, ich befehle - In die tegenwoerdicheit dijnes heiligen lijchaems ... beueil ick huden ... mijn siel"
"5666v";"befehlen, ich befehle - O gloriose maget ende martelaerster sinte Katherina ic beueel mi dijnre reynicheit (G)"
"1804";"befehlen, ich befehle - O heilige vader sunt Anthonius leuende heijland ic beueil mijn siele mijn lijff"
"1804";"begehren, ich begehre - Here Jesu Christi des leuendyghen gades oen ic onweerdige ... mensche begeer"
"1804";"begehren, ihr begehrt - Eest dat ghij begeert volcomelijck gereijnnich te worden van allen uwen sonden Wildij in allen duechden toe nemen"
"1804";"benedeien, gebenedeit - Gebenediet sy God van Israel, de hem ghewerdiget hevet aldus toe vandene"
"1804";"benedeien, gebenedeit - O Maria, ghebenedyt sy di wile, dat ghi gheboren waert, o Maria"
"1804";"benedeien, sei gebenedeit - Ghebenedijt moet sijn dijn gloriose hooft"
"5666v";"bien comptend de seuice"
"1804";"bitten, bittet - Alle goods heyligen bidt voer ons alre salicheit"
"1804";"bitten, ich bitte - Heere, ic biddu dat ghi mi bistaet als vader in crachten"
"1804";"bitten, ich bitte - Here Jesus Christus ick bidde dy by der galgen des cruces Ende by uwen heiligen vyf wonden"
"1804";"bitten, ich bitte - Here Jesus Christus ick bidde dy by der galgen des cruces Ende by uwen heiligen vyf wonden"
"1804";"bitten, ich bitte - Ic biddij heilige Maria moder gods vol ende oueruloedich van genaden"
"1804";"bitten, ich bitte - Ic biddu vrauwe sinte Marie, dor de bliscap die ghi hadt"
"1804";"bitten, ich bitte - Ick bidde O suete maria ioncfrouwe doer die verhoegeynge die gy had doe v gabriel die baetschop bracht"
"1804";"bitten, ich bitte - O alreminlickste Here Jesu Christe, ick bid dy om die verdiensten ende beden alle dynre"
"1804";"bitten, ich bitte - O edel conninginne der hemelen ende reijne maget Maria ... om den bitteren rouwen ... soe bidde ic"
"5666v";"bitten, ich bitte - O heere Ihesu Criste, ic bidde dy duer die bitterhede dijns doods (G)"
"1804";"bitten, ich bitte - O heilige maget sunte Barbara die dat rijck der werlt ... hebste versmaet ... ic biddij"
"1804";"bitten, ich bitte - O hemelsche coninckynne ende reyne maget Maria, ick bid dy nu inden eynde deser bedinge"
"1804";"bitten, ich bitte - O here Jesu Christe die opten lesten dach dijns sterfflicken leuens spraickes souen worde hangende aen den cruce ... biddij"
"1804";"bitten, ich bitte - O hilige engel mijns Gods, dien ik ... ik bidde di dattu mit der genaden"
"1804";"bitten, ich bitte - O hillighe sunte Peter, ein vorste der apostelen, ein sule des hillighen Christen gheloven ... ick bidde dy"
"1804";"bitten, ich bitte - O lieue here Jesu Criste ist dat ic huden in desen dage geuallen bin ... bid ic"
"1804";"bitten, ich bitte - O lieue mynlicke here Jesu Christe ick bidde dij doer all dijn mijnne end liefde"
"1804";"bitten, ich bitte - O minentlicke here Jesu Christe ic biddi oetmoedelike om dyne onbegrijpelike groet mijnne"
"1804";"bitten, ich bitte - O overste priester ende waerachtich bisscop ... ic bidde di"
"1804";"bitten, ich bitte - O suete Jesus, die hier leift onder de ghedane van broode, also groot ... ich bitte"
"1804";"bitten, ich bitte - Suete Jesus ick bidde dy doer die mynlicke wonde uwes getrouwen herten daer ick v"
"1804";"bitten, ich bitte - Suete Jesus ick bidde dy doer die mynlicke wonde uwes getrouwen herten daer ick v"
"1804";"bitten, ich bitte - Suete Joncfrouwe heilige maria ick bidde dy doer alle die groete genade die dy god gedaen heuet"
"1804";"bitten, ich bitte - Suete Joncfrouwe heilige maria ick bidde dy doer alle die groete genade die dy god gedaen heuet"
"1804";"bitten, ich bitte - Suete Joncfrouwe heilige maria ick bidde dy doer alle die groete genade die dy god gedaen heuet"
"1804";"bitten, wir bitten - God die dij hebste gewerdicht te geuen der alre weerdichster vrouwen sunte Annen ... wij bidden dij"
"1804";"bitten, wir bitten - O almachtigh ewighe god, die heerscappie heveste over di levende ... wi bidden di"
"1804";"bitten, wir bitten - O heylige maertelaer Christi sinte Herasme, die opten sonnendach ... wi bidden"
"5666v";"certes puis qu'a la mort vient des uns des nos, nos defendriom noz vies"
"5666v";"chiualier alles votre voie et ne vous meslez de la damoiselle"
"1804";"danken, ich danke - Here Jesu Criste des leuendigen gades soen ic dancke ende laue di bi wes gracien"
"1804";"danken, ich danke - Ic danck di di ghebenedide heer Jesu Christe, dattu uitgoetste dijn heylige duerbaer bloet"
"1804";"danken, ich danke - Ic dancke dij lieue here Jesu Criste wanttu mij arme onwerdige sundige mensche mit dijnen heiligen vleische"
"1804";"danken, ich danke - Ic dancke dij milde guedertieren here Jesu Christe gesontmaicker alre sielen"
"1804";"danken, ich danke - Ik dancke dy, ghoetheit Gode des almachtich Goeds, datstu mi ghescepen hebs"
"1804";"danken, ich danke - Ik dancke dy, o hillighe Heer vader, almechtige ewige Got, die my verzadighet hebste"
"1804";"danken, ich danke - O heilige engel gods dien ic vand gods wegen beuolen biin te bewaren ic dancke dij"
"1804";"danken, ich danke - Willecome ... Ick dancke uwer ontspreeckelijcker goetheijt dat ghij van myn sondighe siele v gheweerdicht te maken"
"1804";"danken, ich danke - Willecome ... Ick dancke uwer ontspreeckelijcker goetheijt dat ghij van myn sondighe siele v gheweerdicht te maken"
"1804";"danken, ich danke - Willecome wer gast ende troost mijnre zielen heer Jesu Christe ick dancke uwer ontspreeckelijcker goethijt"
"1804";"danken, ich danke - lieue here Jesus Christus des mynentlicken nedervals Den du dades op den berge van oliueten"
"1804";"dat van uns voert aen eegeen van onsen mannen van leene, mansmannen of ondersaten"
"1804";"do der koninck aller conynck der here aller heren wolde stercken mit der keyserlicher maicht dat ryche synre kyrchen"
"1804";"do der verreder Judas gesach das der onschuldiger Ihus"
"1804";"empfangen, empfange - O suete Maria, hemelsche coninckynne, ontfanckt guedertierlicken dese drie rosencransgens"
"5666v";"en le lande dou Quarefour. Mes jou n'i sai mie"
"1804";"erbarmen, erbarme - Here erbarme dich ouer mich vnd verlene vnd gijff mir kraft"
"5666v";"erbarmen, erbarme - Here, ontferme di onser (G)"
"1804";"erbarmen, erbarme dich - Jesus van Nazarenen, coninck der Joeden, een tytel ons Heren ... ontferme dy onser"
"1804";"ermahnen, ich ermahne - Here Jesus Christus Ick arme sonder vermane dy des steruens dat dyne menscheit aen den cruce staerf"
"1804";"ermahnen, ich ermahne - Hertelicke lieue genagdigde ioncfrouwe maria Ick arme sondige mensche vermaen v alle der blytschopen ende vrouden dye ye gewonet"
"1804";"ermahnen, ich ermahne - Ick ermane dy lieue here Jesus Christus der groeter vrouden die du haddes Doe du hoerdens die alre sueste styme"
"1804";"ermahnen, ich ermahne - Ick ermane dy lieue here Jesus Christus der groeter vrouden die du haddes Doe du hoerdens die alre sueste styme"
"1804";"ermahnen, ich ermahne - Maria eyn moeder der genaden ... Ick arme sondige mensche vermane dy der onspreckelicker vrouden die du haddes Doe dy die heilige engel myt groeter werdicheit paetschopten"
"1804";"ermahnen, ich ermahne - Maria suete maget Ick ermane dy der groeter eeren die dy ons lieue here dede heeft bouen allen creatueren"
"1804";"ermahnen, ich ermahne - Maria suete maget ick erman dy der groeter eeren die dy ons lieue here dede heeft bouen allen creatueren"
"1804";"ermahnen, ich ermahne - O Here Jesu Christe, du die inden lesten nacht dyns tytlicken leuens also bedruckeliken ende perselicken ... ick vermane dy"
"1804";"ermahnen, ich ermahne - O du leve brut Christi, ik vermane dy dattu in allen dynghen dy vlytest Gode"
"5666v";"et meliadice sentie"
"5666v";"et nonnulla dubia in iudiciis"
"1804";"geben, gib - Here ghif ons dat die siele dijns knechts"
"1804";"gedenken, gedenkt - O gy presters des alre oversten Godes, ghedencket yn al yuwen wercken altoes der ghebode Godes"
"5666v";"gehen, ich gehe - O lieve here, ick gae in dijnen hilligen tempel om an toe beden (G)"
"1804";"gewerdigen, gewerdige - O almechtige ewige god die heerscappy hebste ... geweerdige dij toe outfangen"
"5666v";"gregi; tanti certe (= cap. XLII med. bei Ros-Weyd)."
"1804";"grüße, er grüßt - Got gruet dy Maria eyn gulden manstrancie Die besaet syt ende versciert myt gestynten alre doechden"
"1804";"grüße, ich grüße - Gegruet systu Conyngynne der hemelen Gegruet systu vrouwe der engelen weest gegruet heilige wortel van Jessen"
"1804";"grüße, ich grüße - Maria maget der mechden ... west gegruet Ontfermt vouer my arme sondige mensche O werde moeder vol alre ontfermherticheit"
"1804";"grüße, ich grüße - Schoen suete maria keyseryne ... v arme dienre gruet v Wter herten des ewigen vaders daer gy edel creatuer"
"5666v";"grüßen, gegerüßt bist du - Gegruet bistu guede heerde Nicolae, hillige vader ende mijn patroen (G)"
"1804";"grüßen, gegrüßt - Gegruet sijstu weerdijge heilige vrou sante Anna een moeder der moeder gods"
"5666v";"grüßen, grüße - God groet hu, Maria vul druc, vul lydens, vul yammers (G)"
"5666v";"grüßen, grüßt - God gruet iou, alre heilichste lichaem ons herren Jhesu Cristi (G)"
"5666v";"grüßen, ich grüße - Ic groete dij, alre helichste lichame ons heere Ihesu Cristi (G)"
"1804";"grüßen, ich grüße - Ic gruet dij minlickee gewaer god gewaer mensch Jesu Christe want tu bijste mijn scepper"
"1804";"grüßen, ich grüße - Ic gruete di mitter engelscher weerdicheit o auer suete wonde"
"1804";"grüßen, ich grüße - Ich gruet die woort vleyschs gemaet"
"1804";"grüßen, ich grüße - Ich gruete u vriendelic o mijn alre lieffste heyligen enghel"
"1804";"grüßen, ich grüße - O alreeerlickste coninckynne der barmherticheit, ick gruet die eerweerdige woninge"
"5666v";"grüßen, ich grüße - O edel maget ende eerweerdige moeder ons heren Jesu Christi, Maria, ick gruete iu boven allen maechden (G)"
"5666v";"grüßen, ich grüße - O konninc der ere, o vorste alre vorsten, ick gruete dy (G)"
"1804";"grüßen, ich grüße - Schoen suete maria keyseryne ... Oech lacy v arme dienre gruet v wter herten des ewigen vaders"
"1804";"grüßen, sei gegrüßet - O Maria reyne maget, weest gegruet hillige coninckynne des hemels"
"1804";"grüßen, sei gegrüßet - O weset gegruet, seer blenckende margrete, weset gegruet, blenckende"
"5666v";"grüßen, sei gegrüßt - Weest gegruet, o hillighe Maria mit allen hilligen martelaren, die om die minne ons heren (G)"
"5666v";"grüßen, sei gegrüßt - Wes gegruet heilige vleish Cristis weder makynge der werlt broet des levens (G)"
"5666v";"heiligen, geheiligt - Onse vader, die best inden hemel, ghe[he]licht werde dine [94v] name, om dat helighe dierbaer bloet, dat hu gheminde sone ghestort heeft, doe hy achte daghe hout was (G)"
"1804";"heiligen, heilige - Godes siele heilige my gotes licham behalt my"
"5666v";"heißen, geheißen bist du - Svuerlic biste gheheten Barbara, die wtten letteren des naems & Svuerlic biste Barbara, die wtten letteren des naems (G)"
"5666v";"item statuemo e ordinemo, che li gastaldi, consolgierj e rasoneri de la dicta fragia"
"5666v";"item statuemo et ordenemo, che zaschaduno de la dicta fraia el quale se trouera"
"1804";"kehren, ich kehre - Het ist tyt dat ik nu keere, an hare die onsen lieven Heere, baerde ende drouch"
"1804";"kommen, komm - Kommt hillige Geest, vervult die herten der geenre die in dy trouweliken geloven"
"1804";"kommen, komm - O fonteyne alles ende des gantsen barmherticheits, die nummermeer aflaetes te vloyen, coemt huden ende geeft"
"1804";"kommen, komm - O overzuete hillige Geest, alre beste vertroister, vader der weesen en weduen, coemt in my"
"5666v";"l'aventure tout en tel maniere com vous avés oï cha en arriere"
"5666v";"laudes."
"5666v";"lc bin een moeder der soeter minnen"
"5666v";"lc sach ende sich die moghentheit des heren"
"5666v";"leta(n)ia // (K)yrie eleyson ..."
"5666v";"loben, ich lobe - O here Jesu Christe, hillige der hilligen, ick love ende dancke di (G)"
"5666v";"l’Impératrice Catherine ne dût ce titre qu’au gout excessif que Pierre premier conçut pour elle."
"1804";"machen, mache - O lieve Here , maeckt myn geloeve sterck, myn hoepe groet"
"1804";"machen, mache - O ziele Goids, maeckt my hillich, o licham Gods, beholde my"
"5666v";"meniere ne serait il cogneus ne en terre ne on ciel, ne dez malvais ne des boins"
"5666v";"ment avés vous non? Jou ai a non Hestor"
"1804";"missaken - Op den roestere en hebbe ic dij nijet missaecket"
"5666v";"mögen, es mag - O onbevlecte ende ewelick gebenedijt, die niemant gelicken en mach (G)"
"1804";"opfern, ich opfere - In die eer ende in die ewicheit der vyf wonden ... ic offer dy"
"1804";"opfern, ich opfere - In die eer ende in die ewicheit der vyf wonden ... ic offer dy"
"1804";"opfern, ich opfere - O allerliefste Heere, hemelsche vader, ik offer dy den onnooselen dood dyn alderlieffste soens"
"5666v";"ouuriere quilz eussent deux beaulx fils"
"5666v";"par le proiere Elaine et de son signour"
"5666v";"rot: Incipiunt quaedam receptae extractae de antidotario secundum // Nicholaum de medicinarium confectionibus tractantem. // (E)GO NICHOLAUS // rogatus a quibusdam in practica // ..."
"5666v";"rot: Pillulae alefanginae. // Pillulae alefanginae et interpretatio est pillulae de aroma // tibus ..."
"5666v";"rozhorzy se w kratcze hynew geho."
"1804";"rufen, ich rufe - Heilige barmhertige moeder ende maget maria ... Ick arme sondyge mensche ... roepe tot dy yt bedroefden herten want my"
"1804";"sagen, er sagt - Bernardus seijt Leert v seluen kennen Dat is v nutter"
"1804";"sagen, gesagt - O alre getrouweste beschermerssche ... Maria dese gruet heb ic dij gesacht"
"1804";"schöpfen, geschöpft - Got, Heere, cuenync almachtich, die met dine eenighen woorde ... heves ghescepen ..."
"1804";"sehen, siehe - O almechtige ende ontfarmhertige Got, siet ick arme zundige minsche gae totten alren hillichsten Sacrament"
"1804";"sehen, siehe - Siet ene wise joncfrouwe scheiden van hier ende voer to Christum"
"5666v";"sein, du bist - O hillige here sunte Herasme, een martelaer godes, die opten hilligen soendach (G)"
"1804";"sein, du seist - O bewerer der hoger verborgenheit o hoder der arcken ... sijs gedeichtich"
"1804";"sein, gewesen - O edel maget Christi Appollonia maget willichlicken ende maget inden werken du hebste ... getrouwe geweest"
"1804";"sein, ich bin - O Here, ick en bin niet weerdich dattu ingaen salste onder myn dack"
"1804";"sein, sei - O Got, weest mi arme zundersche genadich"
"5666v";"sein, sei - O here Jhesu Cristi, lof si dijnre ontsprekeliker mildicheit (G)"
"5666v";"sein, war - Die tijtel der virtuten was Yhesus Nazerenus, die coninc der joden (G)"
"1804";"sollen, ich soll - Jesum in deme herzen sal ic dic suogen speide ende vruo"
"1804";"sollen, wir sollen - Dat leven der saliger juncfrouwen sancte Claren solle wi myt stadyger herten"
"5666v";"sont amour charneil, amour de oilz, orguel de vie et cetera, avarice, gloutenie, luxure, ire, peresse"
"1804";"sprechen, ich spreche - Ic spreicke tot dijen herte ende aenbeede dat als eene heilich tempel gods"
"1804";"stehen, ich stehe - O Jesu Christe hier stae ic voer dij als een arm sunder end seer mijsdadichge mensche die mit sijnen sunden"
"1804";"stehen, ich stehe - O lieve Here Jesu Christe, hier stae ik vor u als een arm, sondich ende seer misdadich mensche"
"1804";"stärken, stärke - Die ewige godscracht de sterke mi"
"1804";"sündigen, ich habe gesündigt - Mylde moeder ende ioncfrouwe maria ... ick heb gesondicht swaerlicken ende ick bekenne dat ick gesondicht heb"
"5666v";"terre, com il avoit fait devant. Lors descent Hestor"
"1804";"tun, tu - O alre heilichste vrouwe ende gebenedijde brujt Christi Elizabeth den choren der engelen ... doet dat"
"1804";"umfangen, umfangen - Mi hebben ombeuangen die suchtinge des dodes"
"5666v";"veoient en lui, et por la grant chevalerie et por ce qu'il veoient que"
"1804";"verbliden - O verblijde dich myt nuwer vrueden verblijt dich nuwe moder wilcher kyndelbeth"
"1804";"verbliden - O vruchtber wertzel des leuendige boems o suesse gebenedide moder Maria verblijde"
"1804";"verbliden - O vruchtber wortzel des leuendige bovms o selige sent Anna ... verblyde"
"1804";"verbliden - Uerblijde dij heilige Maria moeder ende maget want die groete glorie"
"1804";"verbliden - Uerblijde dij ioncfrouwe moeder Christi die oermits geloeuen ontfijenges den die engel Gabriel"
"1804";"verbliden - Uerblit dich Maria juncfrauwe heilige moder gotz vmb dat du bouen allen choren"
"1804";"vergeben, vergib - O du schone bilde here Jesu Christe der vederliche gueden ... vergiff myr"
"1804";"verhängen - O vrauwe Maria allemechtich in der grymicheit gotz enverhenge vns neit ewelichen verdomt zo werden"
"1804";"verhören - Here verhore myn gebet want ich bekennen myn tzijt korttze zu syne"
"1804";"verkündigen - Tzu metten zijt wart Marien gekundiget dat Jesus ... gefangen was"
"1804";"verleihen, verleihe - God, houdu warachtich lichame van Marien gheboren ...verleene mi"
"1804";"verleihen, verleihe - O almechticher ewiger got der da hais dem koenynck Ezechias ... verlihe mir"
"1804";"verleihen, verleihe - O almechticher god van hemelrich du der Joachym sent Annen huyßwirt ... verleyn vnß"
"1804";"verleihen, verleihe - O god der vns erfreuwes die da oeffen daz gedechtnis ... verleen vns"
"1804";"verleihen, verleihe - O got der du Moysi dinem knecht gepotest vff zehencken ein oerene schlangen ... verlich mir"
"1804";"verleihen, verleihe - O here verlene dinen knechten die gaue der hemelscher gnaden"
"1804";"verlösen - Here Jesu Criste du der dit aller heiligeste fleische entfangen haist ... verlose mich"
"1804";"vermahnen - Ic vermaene dij lieue here Jesu Christe alle dijme heiliger ploeten"
"1804";"versiegen - O du usfliessender born der ewiger selicheit wie bistu so gar versegen"
"1804";"versiegen - O vleissende borne der ewicheit we bistu nu versegen ind verdruiget"
"1804";"versiegen - O vleissende borne der ewicheit we bistu nu versegen ind verdruiget"
"1804";"verwinnen - Dat rijck der hemelen ende alle die vruchte des paradijs heuestu verwonnen"
"1804";"wahrnehmen - O nement war alle menschen den spiegel heilsamer buoß Maria Magdalena"
"1804";"werfen, Here Jesu Christe vader dyn hiliges crucze wir vns mit herczen werfen"
"1804";"wollen, du willst - O alre gemynste begerlichste ... here Jesu Christe ... inwilles mych"
"1804";"wollen, ich will - Maria sueße maget fijn vor allen wijuen volcomen ich wil dir machen"
"1804";"wollen, wolle - Godes mueder und allenege maget Maria dijn milde guonst wille entfangen det gebeet"
"1804";"wollen, wolle - O almechtige hemelsche Vader, in dynre onverwinlicker moegentichheit, so wilt ansien myns naturen crancheit"
"1804";"wollen, wolle - O du gebenedide ionffrouwe Maria eyn moder des ewigen gotz de doch numper me enbedroifft herzte zu vergeues bidden in leist en wille m"
"1804";"wollen, wollen - Eyniger gemeyner sun gottes des ewigen vatters vnd der lobsamen junckfrowen Maria du hast woellen ... erfüllen das gebot"
"5666v";" En l'an quatorze aprés la resurrexion Nostre Seigneur la tres glorieuse Magdalegne par sa predication a Marceilles convertit le roy et la royne de Bourgoingne et puis furent baptizés par sainct Maximilien"
"5666v";"Æra wari thik wars hærra Ihesu Christi ænlite søthetsins klarhet"
"5666v";"Æro wari thik thæt hælga kors"
"5666v";"Αὐτοφυής, ex se ortus, ἀδίδακτος, indoctus idest ab aliquo doctus, ἀμήτωρ κτλ."
"5666v";"Δίφθογγοί εἰσιν ἕξ· αι αυ ει ευ οι ου, αι sonat e apud Latinos eqs."
"5666v";"Διηνύσαμεν τῆς νηστείας τὸν πλοῦν."
"5666v";"Καὶ ὁδοιπόρος ὀρϑίαν ἐλαύνων."
"5666v";"Λάζαρος τὸν παρόντα σνγϰεϰρότηϰε σύλλογον."
"5666v";"Μετριοπομπεύουσα δειπνοποιεία."
"5666v";"Μιϰροῦ Κυπριανὸς διέϕυγεν ἡμᾶς."
"5666v";"Οἱ μέν φασιν, ὅτι πίστις"
"5666v";"Οἷόν τι πάσχουσιν."
"5666v";"Οὐδεὶς ὶχϑὺς ἐν τῶ βυϑῷ."
"5666v";"Πάλιν ἐν τῇ σϰοτίᾳ. φαίνει."
"5666v";"Πάλιν ἡ εὐαγγελιϰὴ ϕωνή."
"5666v";"Πάλιν Ἰησοῦσ ὁ ἐμὸσ ϰαὶ πάλιν μυστήριον."
"5666v";"Πολλάϰισ ὑμῖν εἶπον διαλεγόμενοσ."
"5666v";"Πορενόμενος ποτὲ τινὰς τῶν ἁγίων πατρῶν εἰς τὴν ἔρημον."
"5666v";"Προσῳδίαι id est accentus sunt isti: οξειος (!) id est acutus, βαρειος (!) id est gravis eqs."
"5666v";"Προτρέπεται ϰαὶ ϰόλποσ βύϑιοσ ἁλιέα."
"5666v";"Πρότερον διεξελϑόντεσ ὑμὶν περὶ νηατείασ."
"5666v";"Πρᾶξιν προτιμήσειας ἢ ϑεωρίαν;"
"5666v";"Σήμερον ὁ ϰὑριος ἡμῶν ἐστσαςώϑη."
"5666v";"Τί λύετε τάξιν."
"5666v";"Τί ἂν ἔχοις εἰπεῖν πρὸς τοὺς τὸ μοναχιϰὸν διαβάλλοντας σχῆμα."
"5666v";"Τοῦ λόγου τὴν χρῆσιν δέδωϰεν ἡμῖν ό ϰτίσασ ἡμᾶσ ϑεόσ."
"5666v";"Τί τερπνότερον ἢ τί ἡδύτερον."
"5666v";"Τί τοῦτο σήμερον σιγὴ πολλὴ ἐν τῇ γῇ."
"5666v";"Τί τοῦτο τὸ παοάδοξον. Ebd. Ὅτι οὐδεὶς ἐϰϕνγεῖν δυνήσεται τὰς συμϕοράς ...."
"5666v";"Τῆσ μυατιϰῆσ ἐϰείνησ ϰαὶ ϑεία ϰλίμαϰοσ."
"5666v";"Τῷ συνδέσμῳ παρέπεται σχῆμα· coniunctioni accidit figura eqs."
"5666v";"Τῷ ἐπιρρήματι παρέπεται β´· adverbio accidunt β eqs."
"5666v";"Φέρε μιϰρόν."
"5666v";"Φέρε σήμερον μάλιστα τῶν προτέρων."
"5666v";"Φίλου πιοτοῦ οὐϰ ἔατιν."
"5666v";"Φοβερὰ τῆσ ἀποστολιϰῆσ παραγγελίασ ἡ σάλπιγξ."
"5666v";"Χϑὲς ἡμᾶς μετὰ τοῦ δεσπότου Λάζαρος."
"5666v";"εἰς praepositio motum denotat ut εἲσοδος εἰσφέρω"
"5666v";"πῶσ ὑμῖν τὰ ἡμέτερα."
"5666v";"τῶν τοῦ ϰυρίου λόγων διηγήσεις."
"5666v";"אדם גדול אמ' ... - ... תברוק בו מו"
"5666v";"המוצא הראשון קרוי ענק גרגרת"
"5666v";"לשון הקודש נחלק בג' חלקים בפעולות ובשמות ]ו[במלות הדבק פעולות ב' עבר עתיד"
"5666v";"רה אלא מיתכה של ... - ... .הוא אומ' אבור"
"5666v";"ἄφατοι οἱ ἄδοξοι."
"5666v";"Ἀαγής, infrangibilis; ἄαπτος, intangibilis; ἄθατος κτλ."
"5666v";"Ἀγγέλοισ μὲν οὐρανὸσ εὐφροσύνησ."
"5666v";"Ἀντίῤῥησις ϰαὶ άνασϰενὴ διαφέρει."
"5666v";"Ἀριϑμῶν τὰ τοῦ βίου πολλάϰισ."
"5666v";"Ἀάσαι τέσσαρα σημαίνει."
"5666v";"Ἄνδρεσ ἀδελφοὶ ϰαὶ αυμπένητεσ."
"5666v";"Ἄξιος, ου, ὁ, dignus; ἀξιόπιστος, ου, ὁ, ἡ, fidedignus κτλ."
"5666v";"Ἅψαι τοῦ σφυγμοῦ μετὰ τῶν τεσσάρων δαϰτύλων."
"5666v";"Ἐξῆλϑεν ὁ απείρων τοῦ σπεῖραι τὸν σπόρον αὐτοῦ."
"5666v";"Ἐπίϑετα Λιός. Cf. Mythographi ed. Westermann. Brunsv. 1843. 8. p. XVIII et 355 seq."
"5666v";"Ἐπιλύει τὴν πλάνην ἡ ἀλήϑεια."
"5666v";"Ἒφης ὦ φίλε."
"5666v";"Ἔϕϑασεν ἡ εὐαγγελιϰὴ ϕιλοσοϕία."
"5666v";"Ἤδη ποτὲ τοῦ ἐν τῇ νεφέλή τόξου."
"5666v";"Ἱϰανῶς ἡμᾶς πρώην ἐψυχαγώγησεν ὁ Χριστός."
"5666v";"Ὁ μαϰάριος ϰαὶ δοῦλος τοῦ ϑεοῦ ὁ ὅσιος πατὴρ ἡμῶν νήϕων ἔλεγέ μοι."
"5666v";"Ὁ μὲν γηπόνοσ τὸ ἄροτρον."
"5666v";"Ὁ μὲν προφητιϰώτατος ἐν βασιλεῦσι."
"5666v";"Ὁσάϰισ ἂν πρὸσ διδασϰαλίαν εὐσεβείασ."
"5666v";"Ὅσοι τὰ τοῦ βίου μάταια ϰαὶ ἀπολλύμενα."
"5666v";"Ὡσ ἀναπλέα ἡ παραίνεσισ ἡ τοῦ μαϰαρίου παύλου μετὰ φόβου."
"5666v";"᾿Οπτανόμενος· ὁρώμενος, φαινόμενος κτλ."
