"1"$"2° Ms. hist. 115"$"https://orka.bibliothek.uni-kassel.de/viewer/api/v1/records/1612339994278/manifest/"$"https://orka.bibliothek.uni-kassel.de/viewer/image/1612339994278/"$"https://orka.bibliothek.uni-kassel.de/viewer/api/v1/records/1612339994278/files/images/00000001.tif/full/!400,400/0/default.jpg"$"Komplett"$"Original"$"Standard"$"Einzelseite"$"2021"$"2021"$"Universitätsbibliothek Landes- und Murhardsche Bibliothek der Stadt Kassel"$"https://d-nb.info/gnd/10008839-9"$"Kassel"$"https://d-nb.info/gnd/4029869-3"$"Universitätsbibliothek Landes- und Murhardsche Bibliothek der Stadt Kassel"$"https://d-nb.info/gnd/10008839-9"$"Kassel"$"https://d-nb.info/gnd/4029869-3"
"2"$"2° Ms. hist. 124"$"https://orka.bibliothek.uni-kassel.de/viewer/api/v1/records/1701097026363/manifest/"$"https://orka.bibliothek.uni-kassel.de/viewer/image/1701097026363/"$"https://orka.bibliothek.uni-kassel.de/viewer/api/v1/records/1701097026363/files/images/00000001.tif/full/!400,400/0/default.jpg"$"Komplett"$"Original"$"Standard"$"Einzelseite"$"2024"$"2024"$"Universitätsbibliothek Landes- und Murhardsche Bibliothek der Stadt Kassel"$"https://d-nb.info/gnd/10008839-9"$"Kassel"$"https://d-nb.info/gnd/4029869-3"$"Universitätsbibliothek Landes- und Murhardsche Bibliothek der Stadt Kassel"$"https://d-nb.info/gnd/10008839-9"$"Kassel"$"https://d-nb.info/gnd/4029869-3"
"3"$"2° Ms. hist. 13[1"$"https://orka.bibliothek.uni-kassel.de/viewer/api/v1/records/1354700511362/manifest/"$"https://orka.bibliothek.uni-kassel.de/viewer/image/1354700511362/"$"https://orka.bibliothek.uni-kassel.de/viewer/api/v1/records/1354700511362/files/images/00000001.tif/full/!400,400/0/default.jpg"$"Komplett"$"Original"$"Standard"$"Einzelseite"$"2012"$"2012"$"Universitätsbibliothek Landes- und Murhardsche Bibliothek der Stadt Kassel"$"https://d-nb.info/gnd/10008839-9"$"Kassel"$"https://d-nb.info/gnd/4029869-3"$"Universitätsbibliothek Landes- und Murhardsche Bibliothek der Stadt Kassel"$"https://d-nb.info/gnd/10008839-9"$"Kassel"$"https://d-nb.info/gnd/4029869-3"
"4"$"2° Ms. hist. 13[2"$"https://orka.bibliothek.uni-kassel.de/viewer/api/v1/records/1354700511362/manifest/"$"https://orka.bibliothek.uni-kassel.de/viewer/image/1354700511362/"$"https://orka.bibliothek.uni-kassel.de/viewer/api/v1/records/1354700511362/files/images/00000001.tif/full/!400,400/0/default.jpg"$"Komplett"$"Original"$"Standard"$"Einzelseite"$"2012"$"2012"$"Universitätsbibliothek Landes- und Murhardsche Bibliothek der Stadt Kassel"$"https://d-nb.info/gnd/10008839-9"$"Kassel"$"https://d-nb.info/gnd/4029869-3"$"Universitätsbibliothek Landes- und Murhardsche Bibliothek der Stadt Kassel"$"https://d-nb.info/gnd/10008839-9"$"Kassel"$"https://d-nb.info/gnd/4029869-3"
"5"$"2° Ms. hist. 13[3"$"https://orka.bibliothek.uni-kassel.de/viewer/api/v1/records/1354700511362/manifest/"$"https://orka.bibliothek.uni-kassel.de/viewer/image/1354700511362/"$"https://orka.bibliothek.uni-kassel.de/viewer/api/v1/records/1354700511362/files/images/00000001.tif/full/!400,400/0/default.jpg"$"Komplett"$"Original"$"Standard"$"Einzelseite"$"2012"$"2012"$"Universitätsbibliothek Landes- und Murhardsche Bibliothek der Stadt Kassel"$"https://d-nb.info/gnd/10008839-9"$"Kassel"$"https://d-nb.info/gnd/4029869-3"$"Universitätsbibliothek Landes- und Murhardsche Bibliothek der Stadt Kassel"$"https://d-nb.info/gnd/10008839-9"$"Kassel"$"https://d-nb.info/gnd/4029869-3"
"6"$"2° Ms. hist. 13[4"$"https://orka.bibliothek.uni-kassel.de/viewer/api/v1/records/1354700511362/manifest/"$"https://orka.bibliothek.uni-kassel.de/viewer/image/1354700511362/"$"https://orka.bibliothek.uni-kassel.de/viewer/api/v1/records/1354700511362/files/images/00000001.tif/full/!400,400/0/default.jpg"$"Komplett"$"Original"$"Standard"$"Einzelseite"$"2012"$"2012"$"Universitätsbibliothek Landes- und Murhardsche Bibliothek der Stadt Kassel"$"https://d-nb.info/gnd/10008839-9"$"Kassel"$"https://d-nb.info/gnd/4029869-3"$"Universitätsbibliothek Landes- und Murhardsche Bibliothek der Stadt Kassel"$"https://d-nb.info/gnd/10008839-9"$"Kassel"$"https://d-nb.info/gnd/4029869-3"
"7"$"2° Ms. hist. 13[5"$"https://orka.bibliothek.uni-kassel.de/viewer/api/v1/records/1354700511362/manifest/"$"https://orka.bibliothek.uni-kassel.de/viewer/image/1354700511362/"$"https://orka.bibliothek.uni-kassel.de/viewer/api/v1/records/1354700511362/files/images/00000001.tif/full/!400,400/0/default.jpg"$"Komplett"$"Original"$"Standard"$"Einzelseite"$"2012"$"2012"$"Universitätsbibliothek Landes- und Murhardsche Bibliothek der Stadt Kassel"$"https://d-nb.info/gnd/10008839-9"$"Kassel"$"https://d-nb.info/gnd/4029869-3"$"Universitätsbibliothek Landes- und Murhardsche Bibliothek der Stadt Kassel"$"https://d-nb.info/gnd/10008839-9"$"Kassel"$"https://d-nb.info/gnd/4029869-3"
"8"$"2° Ms. hist. 3"$"https://orka.bibliothek.uni-kassel.de/viewer/api/v1/records/1346227186736/manifest/"$"https://orka.bibliothek.uni-kassel.de/viewer/image/1346227186736/"$"https://orka.bibliothek.uni-kassel.de/viewer/api/v1/records/1346227186736/files/images/00000001.tif/full/!400,400/0/default.jpg"$"Komplett"$"Original"$"Standard"$"Einzelseite"$"2012"$"2012"$"Universitätsbibliothek Landes- und Murhardsche Bibliothek der Stadt Kassel"$"https://d-nb.info/gnd/10008839-9"$"Kassel"$"https://d-nb.info/gnd/4029869-3"$"Universitätsbibliothek Landes- und Murhardsche Bibliothek der Stadt Kassel"$"https://d-nb.info/gnd/10008839-9"$"Kassel"$"https://d-nb.info/gnd/4029869-3"
"9"$"2° Ms. hist. 35[1"$"https://orka.bibliothek.uni-kassel.de/viewer/api/v1/records/1723556003508/manifest/"$"https://orka.bibliothek.uni-kassel.de/viewer/image/1723556003508/"$"https://orka.bibliothek.uni-kassel.de/viewer/api/v1/records/1723556003508/files/images/000001.tif/full/!400,400/0/default.jpg"$"Komplett"$"Original"$"Standard"$"Einzelseite"$"2024"$"2024"$"Universitätsbibliothek Landes- und Murhardsche Bibliothek der Stadt Kassel"$"https://d-nb.info/gnd/10008839-9"$"Kassel"$"https://d-nb.info/gnd/4029869-3"$"Universitätsbibliothek Landes- und Murhardsche Bibliothek der Stadt Kassel"$"https://d-nb.info/gnd/10008839-9"$"Kassel"$"https://d-nb.info/gnd/4029869-3"
"10"$"2° Ms. hist. 35[2"$"https://orka.bibliothek.uni-kassel.de/viewer/api/v1/records/1723556179697/manifest/"$"https://orka.bibliothek.uni-kassel.de/viewer/image/1723556179697/"$"https://orka.bibliothek.uni-kassel.de/viewer/api/v1/records/1723556179697/files/images/000001.tif/full/!400,400/0/default.jpg"$"Komplett"$"Original"$"Standard"$"Einzelseite"$"2024"$"2024"$"Universitätsbibliothek Landes- und Murhardsche Bibliothek der Stadt Kassel"$"https://d-nb.info/gnd/10008839-9"$"Kassel"$"https://d-nb.info/gnd/4029869-3"$"Universitätsbibliothek Landes- und Murhardsche Bibliothek der Stadt Kassel"$"https://d-nb.info/gnd/10008839-9"$"Kassel"$"https://d-nb.info/gnd/4029869-3"
"11"$"2° Ms. hist. 35[3"$"https://orka.bibliothek.uni-kassel.de/viewer/api/v1/records/1723556405188/manifest/"$"https://orka.bibliothek.uni-kassel.de/viewer/image/1723556405188/"$"https://orka.bibliothek.uni-kassel.de/viewer/api/v1/records/1723556405188/files/images/000001.tif/full/!400,400/0/default.jpg"$"Komplett"$"Original"$"Standard"$"Einzelseite"$"2024"$"2024"$"Universitätsbibliothek Landes- und Murhardsche Bibliothek der Stadt Kassel"$"https://d-nb.info/gnd/10008839-9"$"Kassel"$"https://d-nb.info/gnd/4029869-3"$"Universitätsbibliothek Landes- und Murhardsche Bibliothek der Stadt Kassel"$"https://d-nb.info/gnd/10008839-9"$"Kassel"$"https://d-nb.info/gnd/4029869-3"
"12"$"2° Ms. hist. 35[4"$"https://orka.bibliothek.uni-kassel.de/viewer/api/v1/records/1723556523110/manifest/"$"https://orka.bibliothek.uni-kassel.de/viewer/image/1723556523110/"$"https://orka.bibliothek.uni-kassel.de/viewer/api/v1/records/1723556523110/files/images/000001.tif/full/!400,400/0/default.jpg"$"Komplett"$"Original"$"Standard"$"Einzelseite"$"2024"$"2024"$"Universitätsbibliothek Landes- und Murhardsche Bibliothek der Stadt Kassel"$"https://d-nb.info/gnd/10008839-9"$"Kassel"$"https://d-nb.info/gnd/4029869-3"$"Universitätsbibliothek Landes- und Murhardsche Bibliothek der Stadt Kassel"$"https://d-nb.info/gnd/10008839-9"$"Kassel"$"https://d-nb.info/gnd/4029869-3"
"13"$"2° Ms. hist. 35[5"$"https://orka.bibliothek.uni-kassel.de/viewer/api/v1/records/1723556639321/manifest/"$"https://orka.bibliothek.uni-kassel.de/viewer/image/1723556639321/"$"https://orka.bibliothek.uni-kassel.de/viewer/api/v1/records/1723556639321/files/images/000001.tif/full/!400,400/0/default.jpg"$"Komplett"$"Original"$"Standard"$"Einzelseite"$"2024"$"2024"$"Universitätsbibliothek Landes- und Murhardsche Bibliothek der Stadt Kassel"$"https://d-nb.info/gnd/10008839-9"$"Kassel"$"https://d-nb.info/gnd/4029869-3"$"Universitätsbibliothek Landes- und Murhardsche Bibliothek der Stadt Kassel"$"https://d-nb.info/gnd/10008839-9"$"Kassel"$"https://d-nb.info/gnd/4029869-3"
"14"$"2° Ms. hist. 35[6"$"https://orka.bibliothek.uni-kassel.de/viewer/api/v1/records/1723556751016/manifest/"$"https://orka.bibliothek.uni-kassel.de/viewer/image/1723556751016/"$"https://orka.bibliothek.uni-kassel.de/viewer/api/v1/records/1723556751016/files/images/000001.tif/full/!400,400/0/default.jpg"$"Komplett"$"Original"$"Standard"$"Einzelseite"$"2024"$"2024"$"Universitätsbibliothek Landes- und Murhardsche Bibliothek der Stadt Kassel"$"https://d-nb.info/gnd/10008839-9"$"Kassel"$"https://d-nb.info/gnd/4029869-3"$"Universitätsbibliothek Landes- und Murhardsche Bibliothek der Stadt Kassel"$"https://d-nb.info/gnd/10008839-9"$"Kassel"$"https://d-nb.info/gnd/4029869-3"
"15"$"2° Ms. hist. 35[7"$"https://orka.bibliothek.uni-kassel.de/viewer/api/v1/records/1723556910690/manifest/"$"https://orka.bibliothek.uni-kassel.de/viewer/image/1723556910690/"$"https://orka.bibliothek.uni-kassel.de/viewer/api/v1/records/1723556910690/files/images/000001.tif/full/!400,400/0/default.jpg"$"Komplett"$"Original"$"Standard"$"Einzelseite"$"2024"$"2024"$"Universitätsbibliothek Landes- und Murhardsche Bibliothek der Stadt Kassel"$"https://d-nb.info/gnd/10008839-9"$"Kassel"$"https://d-nb.info/gnd/4029869-3"$"Universitätsbibliothek Landes- und Murhardsche Bibliothek der Stadt Kassel"$"https://d-nb.info/gnd/10008839-9"$"Kassel"$"https://d-nb.info/gnd/4029869-3"
"16"$"2° Ms. hist. 35[8"$"https://orka.bibliothek.uni-kassel.de/viewer/api/v1/records/1723557167599/manifest/"$"https://orka.bibliothek.uni-kassel.de/viewer/image/1723557167599/"$"https://orka.bibliothek.uni-kassel.de/viewer/api/v1/records/1723557167599/files/images/000001.tif/full/!400,400/0/default.jpg"$"Komplett"$"Original"$"Standard"$"Einzelseite"$"2024"$"2024"$"Universitätsbibliothek Landes- und Murhardsche Bibliothek der Stadt Kassel"$"https://d-nb.info/gnd/10008839-9"$"Kassel"$"https://d-nb.info/gnd/4029869-3"$"Universitätsbibliothek Landes- und Murhardsche Bibliothek der Stadt Kassel"$"https://d-nb.info/gnd/10008839-9"$"Kassel"$"https://d-nb.info/gnd/4029869-3"
"17"$"2° Ms. hist. 5"$"https://orka.bibliothek.uni-kassel.de/viewer/api/v1/records/1476953685358/manifest/"$"https://orka.bibliothek.uni-kassel.de/viewer/image/1476953685358/"$"https://orka.bibliothek.uni-kassel.de/viewer/api/v1/records/1476953685358/files/images/00000001.tif/full/!400,400/0/default.jpg"$"Komplett"$"Original"$"Standard"$"Einzelseite"$"2016"$"2016"$"Universitätsbibliothek Landes- und Murhardsche Bibliothek der Stadt Kassel"$"https://d-nb.info/gnd/10008839-9"$"Kassel"$"https://d-nb.info/gnd/4029869-3"$"Universitätsbibliothek Landes- und Murhardsche Bibliothek der Stadt Kassel"$"https://d-nb.info/gnd/10008839-9"$"Kassel"$"https://d-nb.info/gnd/4029869-3"
"18"$"2° Ms. hist. 5[a"$"https://orka.bibliothek.uni-kassel.de/viewer/api/v1/records/1474358974826/manifest/"$"https://orka.bibliothek.uni-kassel.de/viewer/image/1474358974826/"$"https://orka.bibliothek.uni-kassel.de/viewer/api/v1/records/1474358974826/files/images/00000001.tif/full/!400,400/0/default.jpg"$"Komplett"$"Original"$"Standard"$"Einzelseite"$"2016"$"2016"$"Universitätsbibliothek Landes- und Murhardsche Bibliothek der Stadt Kassel"$"https://d-nb.info/gnd/10008839-9"$"Kassel"$"https://d-nb.info/gnd/4029869-3"$"Universitätsbibliothek Landes- und Murhardsche Bibliothek der Stadt Kassel"$"https://d-nb.info/gnd/10008839-9"$"Kassel"$"https://d-nb.info/gnd/4029869-3"
"19"$"2° Ms. hist. 5[b"$"https://orka.bibliothek.uni-kassel.de/viewer/api/v1/records/1365676848298/manifest/"$"https://orka.bibliothek.uni-kassel.de/viewer/image/1365676848298/"$"https://orka.bibliothek.uni-kassel.de/viewer/api/v1/records/1365676848298/files/images/00000001.tif/full/!400,400/0/default.jpg"$"Komplett"$"Original"$"Standard"$"Einzelseite"$"2015"$"2015"$"Universitätsbibliothek Landes- und Murhardsche Bibliothek der Stadt Kassel"$"https://d-nb.info/gnd/10008839-9"$"Kassel"$"https://d-nb.info/gnd/4029869-3"$"Universitätsbibliothek Landes- und Murhardsche Bibliothek der Stadt Kassel"$"https://d-nb.info/gnd/10008839-9"$"Kassel"$"https://d-nb.info/gnd/4029869-3"
"20"$"2° Ms. hist. 52"$"https://orka.bibliothek.uni-kassel.de/viewer/api/v1/records/1360237052181/manifest/"$"https://orka.bibliothek.uni-kassel.de/viewer/image/1360237052181/"$"https://orka.bibliothek.uni-kassel.de/viewer/api/v1/records/1360237052181/files/images/00000001.tif/full/!400,400/0/default.jpg"$"Komplett"$"Original"$"Standard"$"Einzelseite"$"2013"$"2013"$"Universitätsbibliothek Landes- und Murhardsche Bibliothek der Stadt Kassel"$"https://d-nb.info/gnd/10008839-9"$"Kassel"$"https://d-nb.info/gnd/4029869-3"$"Universitätsbibliothek Landes- und Murhardsche Bibliothek der Stadt Kassel"$"https://d-nb.info/gnd/10008839-9"$"Kassel"$"https://d-nb.info/gnd/4029869-3"
"21"$"2° Ms. hist. 62"$"https://orka.bibliothek.uni-kassel.de/viewer/api/v1/records/1339407013388/manifest/"$"https://orka.bibliothek.uni-kassel.de/viewer/image/1339407013388/"$"https://orka.bibliothek.uni-kassel.de/viewer/api/v1/records/1339407013388/files/images/00000001.tif/full/!400,400/0/default.jpg"$"Komplett"$"Original"$"Standard"$"Einzelseite"$"2012"$"2012"$"Universitätsbibliothek Landes- und Murhardsche Bibliothek der Stadt Kassel"$"https://d-nb.info/gnd/10008839-9"$"Kassel"$"https://d-nb.info/gnd/4029869-3"$"Universitätsbibliothek Landes- und Murhardsche Bibliothek der Stadt Kassel"$"https://d-nb.info/gnd/10008839-9"$"Kassel"$"https://d-nb.info/gnd/4029869-3"
"22"$"2° Ms. hist. 75"$"https://orka.bibliothek.uni-kassel.de/viewer/api/v1/records/1441628415730/manifest/"$"https://orka.bibliothek.uni-kassel.de/viewer/image/1441628415730/"$"https://orka.bibliothek.uni-kassel.de/viewer/api/v1/records/1441628415730/files/images/00000001.tif/full/!400,400/0/default.jpg"$"Komplett"$"Original"$"Standard"$"Einzelseite"$"2015"$"2015"$"Universitätsbibliothek Landes- und Murhardsche Bibliothek der Stadt Kassel"$"https://d-nb.info/gnd/10008839-9"$"Kassel"$"https://d-nb.info/gnd/4029869-3"$"Universitätsbibliothek Landes- und Murhardsche Bibliothek der Stadt Kassel"$"https://d-nb.info/gnd/10008839-9"$"Kassel"$"https://d-nb.info/gnd/4029869-3"
"23"$"2° Ms. hist. 76"$"https://orka.bibliothek.uni-kassel.de/viewer/api/v1/records/1441628498880/manifest/"$"https://orka.bibliothek.uni-kassel.de/viewer/image/1441628498880/"$"https://orka.bibliothek.uni-kassel.de/viewer/api/v1/records/1441628498880/files/images/00000001.tif/full/!400,400/0/default.jpg"$"Komplett"$"Original"$"Standard"$"Einzelseite"$"2015"$"2015"$"Universitätsbibliothek Landes- und Murhardsche Bibliothek der Stadt Kassel"$"https://d-nb.info/gnd/10008839-9"$"Kassel"$"https://d-nb.info/gnd/4029869-3"$"Universitätsbibliothek Landes- und Murhardsche Bibliothek der Stadt Kassel"$"https://d-nb.info/gnd/10008839-9"$"Kassel"$"https://d-nb.info/gnd/4029869-3"
"24"$"2° Ms. hist. 77"$"https://orka.bibliothek.uni-kassel.de/viewer/api/v1/records/1441628594790/manifest/"$"https://orka.bibliothek.uni-kassel.de/viewer/image/1441628594790/"$"https://orka.bibliothek.uni-kassel.de/viewer/api/v1/records/1441628594790/files/images/00000001.tif/full/!400,400/0/default.jpg"$"Komplett"$"Original"$"Standard"$"Einzelseite"$"2015"$"2015"$"Universitätsbibliothek Landes- und Murhardsche Bibliothek der Stadt Kassel"$"https://d-nb.info/gnd/10008839-9"$"Kassel"$"https://d-nb.info/gnd/4029869-3"$"Universitätsbibliothek Landes- und Murhardsche Bibliothek der Stadt Kassel"$"https://d-nb.info/gnd/10008839-9"$"Kassel"$"https://d-nb.info/gnd/4029869-3"
"25"$"2° Ms. hist. 78"$"https://orka.bibliothek.uni-kassel.de/viewer/api/v1/records/1441628777659/manifest/"$"https://orka.bibliothek.uni-kassel.de/viewer/image/1441628777659/"$"https://orka.bibliothek.uni-kassel.de/viewer/api/v1/records/1441628777659/files/images/00000001.tif/full/!400,400/0/default.jpg"$"Komplett"$"Original"$"Standard"$"Einzelseite"$"2015"$"2015"$"Universitätsbibliothek Landes- und Murhardsche Bibliothek der Stadt Kassel"$"https://d-nb.info/gnd/10008839-9"$"Kassel"$"https://d-nb.info/gnd/4029869-3"$"Universitätsbibliothek Landes- und Murhardsche Bibliothek der Stadt Kassel"$"https://d-nb.info/gnd/10008839-9"$"Kassel"$"https://d-nb.info/gnd/4029869-3"
"26"$"2° Ms. hist. 80"$"https://orka.bibliothek.uni-kassel.de/viewer/api/v1/records/1441625529761/manifest/"$"https://orka.bibliothek.uni-kassel.de/viewer/image/1441625529761/"$"https://orka.bibliothek.uni-kassel.de/viewer/api/v1/records/1441625529761/files/images/00000001.tif/full/!400,400/0/default.jpg"$"Komplett"$"Original"$"Standard"$"Einzelseite"$"2015"$"2015"$"Universitätsbibliothek Landes- und Murhardsche Bibliothek der Stadt Kassel"$"https://d-nb.info/gnd/10008839-9"$"Kassel"$"https://d-nb.info/gnd/4029869-3"$"Universitätsbibliothek Landes- und Murhardsche Bibliothek der Stadt Kassel"$"https://d-nb.info/gnd/10008839-9"$"Kassel"$"https://d-nb.info/gnd/4029869-3"
"27"$"2° Ms. hist. 81"$"https://orka.bibliothek.uni-kassel.de/viewer/api/v1/records/1441625832992/manifest/"$"https://orka.bibliothek.uni-kassel.de/viewer/image/1441625832992/"$"https://orka.bibliothek.uni-kassel.de/viewer/api/v1/records/1441625832992/files/images/00000001.tif/full/!400,400/0/default.jpg"$"Komplett"$"Original"$"Standard"$"Einzelseite"$"2015"$"2015"$"Universitätsbibliothek Landes- und Murhardsche Bibliothek der Stadt Kassel"$"https://d-nb.info/gnd/10008839-9"$"Kassel"$"https://d-nb.info/gnd/4029869-3"$"Universitätsbibliothek Landes- und Murhardsche Bibliothek der Stadt Kassel"$"https://d-nb.info/gnd/10008839-9"$"Kassel"$"https://d-nb.info/gnd/4029869-3"
"28"$"2° Ms. hist. 82"$"https://orka.bibliothek.uni-kassel.de/viewer/api/v1/records/1441625889825/manifest/"$"https://orka.bibliothek.uni-kassel.de/viewer/image/1441625889825/"$"https://orka.bibliothek.uni-kassel.de/viewer/api/v1/records/1441625889825/files/images/00000001.tif/full/!400,400/0/default.jpg"$"Komplett"$"Original"$"Standard"$"Einzelseite"$"2015"$"2015"$"Universitätsbibliothek Landes- und Murhardsche Bibliothek der Stadt Kassel"$"https://d-nb.info/gnd/10008839-9"$"Kassel"$"https://d-nb.info/gnd/4029869-3"$"Universitätsbibliothek Landes- und Murhardsche Bibliothek der Stadt Kassel"$"https://d-nb.info/gnd/10008839-9"$"Kassel"$"https://d-nb.info/gnd/4029869-3"
"29"$"2° Ms. hist. 83"$"https://orka.bibliothek.uni-kassel.de/viewer/api/v1/records/1441625948752/manifest/"$"https://orka.bibliothek.uni-kassel.de/viewer/image/1441625948752/"$"https://orka.bibliothek.uni-kassel.de/viewer/api/v1/records/1441625948752/files/images/00000001.tif/full/!400,400/0/default.jpg"$"Komplett"$"Original"$"Standard"$"Einzelseite"$"2015"$"2015"$"Universitätsbibliothek Landes- und Murhardsche Bibliothek der Stadt Kassel"$"https://d-nb.info/gnd/10008839-9"$"Kassel"$"https://d-nb.info/gnd/4029869-3"$"Universitätsbibliothek Landes- und Murhardsche Bibliothek der Stadt Kassel"$"https://d-nb.info/gnd/10008839-9"$"Kassel"$"https://d-nb.info/gnd/4029869-3"
"30"$"2° Ms. hist. 84"$"https://orka.bibliothek.uni-kassel.de/viewer/api/v1/records/1441626003346/manifest/"$"https://orka.bibliothek.uni-kassel.de/viewer/image/1441626003346/"$"https://orka.bibliothek.uni-kassel.de/viewer/api/v1/records/1441626003346/files/images/00000001.tif/full/!400,400/0/default.jpg"$"Komplett"$"Original"$"Standard"$"Einzelseite"$"2015"$"2015"$"Universitätsbibliothek Landes- und Murhardsche Bibliothek der Stadt Kassel"$"https://d-nb.info/gnd/10008839-9"$"Kassel"$"https://d-nb.info/gnd/4029869-3"$"Universitätsbibliothek Landes- und Murhardsche Bibliothek der Stadt Kassel"$"https://d-nb.info/gnd/10008839-9"$"Kassel"$"https://d-nb.info/gnd/4029869-3"
"31"$"2° Ms. hist. 85"$"https://orka.bibliothek.uni-kassel.de/viewer/api/v1/records/1441626053976/manifest/"$"https://orka.bibliothek.uni-kassel.de/viewer/image/1441626053976/"$"https://orka.bibliothek.uni-kassel.de/viewer/api/v1/records/1441626053976/files/images/00000001.tif/full/!400,400/0/default.jpg"$"Komplett"$"Original"$"Standard"$"Einzelseite"$"2015"$"2015"$"Universitätsbibliothek Landes- und Murhardsche Bibliothek der Stadt Kassel"$"https://d-nb.info/gnd/10008839-9"$"Kassel"$"https://d-nb.info/gnd/4029869-3"$"Universitätsbibliothek Landes- und Murhardsche Bibliothek der Stadt Kassel"$"https://d-nb.info/gnd/10008839-9"$"Kassel"$"https://d-nb.info/gnd/4029869-3"
"32"$"2° Ms. hist. 86"$"https://orka.bibliothek.uni-kassel.de/viewer/api/v1/records/1441626194204/manifest/"$"https://orka.bibliothek.uni-kassel.de/viewer/image/1441626194204/"$"https://orka.bibliothek.uni-kassel.de/viewer/api/v1/records/1441626194204/files/images/00000001.tif/full/!400,400/0/default.jpg"$"Komplett"$"Original"$"Standard"$"Einzelseite"$"2015"$"2015"$"Universitätsbibliothek Landes- und Murhardsche Bibliothek der Stadt Kassel"$"https://d-nb.info/gnd/10008839-9"$"Kassel"$"https://d-nb.info/gnd/4029869-3"$"Universitätsbibliothek Landes- und Murhardsche Bibliothek der Stadt Kassel"$"https://d-nb.info/gnd/10008839-9"$"Kassel"$"https://d-nb.info/gnd/4029869-3"
"33"$"2° Ms. hist. 87"$"https://orka.bibliothek.uni-kassel.de/viewer/api/v1/records/1441626330483/manifest/"$"https://orka.bibliothek.uni-kassel.de/viewer/image/1441626330483/"$"https://orka.bibliothek.uni-kassel.de/viewer/api/v1/records/1441626330483/files/images/00000001.tif/full/!400,400/0/default.jpg"$"Komplett"$"Original"$"Standard"$"Einzelseite"$"2015"$"2015"$"Universitätsbibliothek Landes- und Murhardsche Bibliothek der Stadt Kassel"$"https://d-nb.info/gnd/10008839-9"$"Kassel"$"https://d-nb.info/gnd/4029869-3"$"Universitätsbibliothek Landes- und Murhardsche Bibliothek der Stadt Kassel"$"https://d-nb.info/gnd/10008839-9"$"Kassel"$"https://d-nb.info/gnd/4029869-3"
"34"$"2° Ms. hist. 88"$"https://orka.bibliothek.uni-kassel.de/viewer/api/v1/records/1441626408852/manifest/"$"https://orka.bibliothek.uni-kassel.de/viewer/image/1441626408852/"$"https://orka.bibliothek.uni-kassel.de/viewer/api/v1/records/1441626408852/files/images/00000001.tif/full/!400,400/0/default.jpg"$"Komplett"$"Original"$"Standard"$"Einzelseite"$"2015"$"2015"$"Universitätsbibliothek Landes- und Murhardsche Bibliothek der Stadt Kassel"$"https://d-nb.info/gnd/10008839-9"$"Kassel"$"https://d-nb.info/gnd/4029869-3"$"Universitätsbibliothek Landes- und Murhardsche Bibliothek der Stadt Kassel"$"https://d-nb.info/gnd/10008839-9"$"Kassel"$"https://d-nb.info/gnd/4029869-3"
"35"$"2° Ms. hist. 89"$"https://orka.bibliothek.uni-kassel.de/viewer/api/v1/records/1441626507410/manifest/"$"https://orka.bibliothek.uni-kassel.de/viewer/image/1441626507410/"$"https://orka.bibliothek.uni-kassel.de/viewer/api/v1/records/1441626507410/files/images/00000001.tif/full/!400,400/0/default.jpg"$"Komplett"$"Original"$"Standard"$"Einzelseite"$"2015"$"2015"$"Universitätsbibliothek Landes- und Murhardsche Bibliothek der Stadt Kassel"$"https://d-nb.info/gnd/10008839-9"$"Kassel"$"https://d-nb.info/gnd/4029869-3"$"Universitätsbibliothek Landes- und Murhardsche Bibliothek der Stadt Kassel"$"https://d-nb.info/gnd/10008839-9"$"Kassel"$"https://d-nb.info/gnd/4029869-3"
"36"$"2° Ms. hist. 90"$"https://orka.bibliothek.uni-kassel.de/viewer/api/v1/records/1441626608431/manifest/"$"https://orka.bibliothek.uni-kassel.de/viewer/image/1441626608431/"$"https://orka.bibliothek.uni-kassel.de/viewer/api/v1/records/1441626608431/files/images/00000001.tif/full/!400,400/0/default.jpg"$"Komplett"$"Original"$"Standard"$"Einzelseite"$"2015"$"2015"$"Universitätsbibliothek Landes- und Murhardsche Bibliothek der Stadt Kassel"$"https://d-nb.info/gnd/10008839-9"$"Kassel"$"https://d-nb.info/gnd/4029869-3"$"Universitätsbibliothek Landes- und Murhardsche Bibliothek der Stadt Kassel"$"https://d-nb.info/gnd/10008839-9"$"Kassel"$"https://d-nb.info/gnd/4029869-3"
"37"$"2° Ms. hist. 91"$"https://orka.bibliothek.uni-kassel.de/viewer/api/v1/records/1441626685004/manifest/"$"https://orka.bibliothek.uni-kassel.de/viewer/image/1441626685004/"$"https://orka.bibliothek.uni-kassel.de/viewer/api/v1/records/1441626685004/files/images/00000001.tif/full/!400,400/0/default.jpg"$"Komplett"$"Original"$"Standard"$"Einzelseite"$"2015"$"2015"$"Universitätsbibliothek Landes- und Murhardsche Bibliothek der Stadt Kassel"$"https://d-nb.info/gnd/10008839-9"$"Kassel"$"https://d-nb.info/gnd/4029869-3"$"Universitätsbibliothek Landes- und Murhardsche Bibliothek der Stadt Kassel"$"https://d-nb.info/gnd/10008839-9"$"Kassel"$"https://d-nb.info/gnd/4029869-3"
"38"$"2° Ms. hist. 92"$"https://orka.bibliothek.uni-kassel.de/viewer/api/v1/records/1441626779340/manifest/"$"https://orka.bibliothek.uni-kassel.de/viewer/image/1441626779340/"$"https://orka.bibliothek.uni-kassel.de/viewer/api/v1/records/1441626779340/files/images/00000001.tif/full/!400,400/0/default.jpg"$"Komplett"$"Original"$"Standard"$"Einzelseite"$"2015"$"2015"$"Universitätsbibliothek Landes- und Murhardsche Bibliothek der Stadt Kassel"$"https://d-nb.info/gnd/10008839-9"$"Kassel"$"https://d-nb.info/gnd/4029869-3"$"Universitätsbibliothek Landes- und Murhardsche Bibliothek der Stadt Kassel"$"https://d-nb.info/gnd/10008839-9"$"Kassel"$"https://d-nb.info/gnd/4029869-3"
"39"$"2° Ms. hist. 93"$"https://orka.bibliothek.uni-kassel.de/viewer/api/v1/records/1441626863353/manifest/"$"https://orka.bibliothek.uni-kassel.de/viewer/image/1441626863353/"$"https://orka.bibliothek.uni-kassel.de/viewer/api/v1/records/1441626863353/files/images/00000001.tif/full/!400,400/0/default.jpg"$"Komplett"$"Original"$"Standard"$"Einzelseite"$"2015"$"2015"$"Universitätsbibliothek Landes- und Murhardsche Bibliothek der Stadt Kassel"$"https://d-nb.info/gnd/10008839-9"$"Kassel"$"https://d-nb.info/gnd/4029869-3"$"Universitätsbibliothek Landes- und Murhardsche Bibliothek der Stadt Kassel"$"https://d-nb.info/gnd/10008839-9"$"Kassel"$"https://d-nb.info/gnd/4029869-3"
"40"$"2° Ms. hist. 94"$"https://orka.bibliothek.uni-kassel.de/viewer/api/v1/records/1441626961296/manifest/"$"https://orka.bibliothek.uni-kassel.de/viewer/image/1441626961296/"$"https://orka.bibliothek.uni-kassel.de/viewer/api/v1/records/1441626961296/files/images/00000001.tif/full/!400,400/0/default.jpg"$"Komplett"$"Original"$"Standard"$"Einzelseite"$"2015"$"2015"$"Universitätsbibliothek Landes- und Murhardsche Bibliothek der Stadt Kassel"$"https://d-nb.info/gnd/10008839-9"$"Kassel"$"https://d-nb.info/gnd/4029869-3"$"Universitätsbibliothek Landes- und Murhardsche Bibliothek der Stadt Kassel"$"https://d-nb.info/gnd/10008839-9"$"Kassel"$"https://d-nb.info/gnd/4029869-3"
"41"$"2° Ms. hist. 95"$"https://orka.bibliothek.uni-kassel.de/viewer/api/v1/records/1441627040938/manifest/"$"https://orka.bibliothek.uni-kassel.de/viewer/image/1441627040938/"$"https://orka.bibliothek.uni-kassel.de/viewer/api/v1/records/1441627040938/files/images/00000001.tif/full/!400,400/0/default.jpg"$"Komplett"$"Original"$"Standard"$"Einzelseite"$"2015"$"2015"$"Universitätsbibliothek Landes- und Murhardsche Bibliothek der Stadt Kassel"$"https://d-nb.info/gnd/10008839-9"$"Kassel"$"https://d-nb.info/gnd/4029869-3"$"Universitätsbibliothek Landes- und Murhardsche Bibliothek der Stadt Kassel"$"https://d-nb.info/gnd/10008839-9"$"Kassel"$"https://d-nb.info/gnd/4029869-3"
"42"$"2° Ms. hist. 96"$"https://orka.bibliothek.uni-kassel.de/viewer/api/v1/records/1441627146461/manifest/"$"https://orka.bibliothek.uni-kassel.de/viewer/image/1441627146461/"$"https://orka.bibliothek.uni-kassel.de/viewer/api/v1/records/1441627146461/files/images/00000001.tif/full/!400,400/0/default.jpg"$"Komplett"$"Original"$"Standard"$"Einzelseite"$"2015"$"2015"$"Universitätsbibliothek Landes- und Murhardsche Bibliothek der Stadt Kassel"$"https://d-nb.info/gnd/10008839-9"$"Kassel"$"https://d-nb.info/gnd/4029869-3"$"Universitätsbibliothek Landes- und Murhardsche Bibliothek der Stadt Kassel"$"https://d-nb.info/gnd/10008839-9"$"Kassel"$"https://d-nb.info/gnd/4029869-3"
"43"$"2° Ms. hist. 97"$"https://orka.bibliothek.uni-kassel.de/viewer/api/v1/records/1441627266088/manifest/"$"https://orka.bibliothek.uni-kassel.de/viewer/image/1441627266088/"$"https://orka.bibliothek.uni-kassel.de/viewer/api/v1/records/1441627266088/files/images/00000001.tif/full/!400,400/0/default.jpg"$"Komplett"$"Original"$"Standard"$"Einzelseite"$"2015"$"2015"$"Universitätsbibliothek Landes- und Murhardsche Bibliothek der Stadt Kassel"$"https://d-nb.info/gnd/10008839-9"$"Kassel"$"https://d-nb.info/gnd/4029869-3"$"Universitätsbibliothek Landes- und Murhardsche Bibliothek der Stadt Kassel"$"https://d-nb.info/gnd/10008839-9"$"Kassel"$"https://d-nb.info/gnd/4029869-3"
"44"$"2° Ms. hist. 98"$"https://orka.bibliothek.uni-kassel.de/viewer/api/v1/records/1441627752307/manifest/"$"https://orka.bibliothek.uni-kassel.de/viewer/image/1441627752307/"$"https://orka.bibliothek.uni-kassel.de/viewer/api/v1/records/1441627752307/files/images/00000001.tif/full/!400,400/0/default.jpg"$"Komplett"$"Original"$"Standard"$"Einzelseite"$"2015"$"2015"$"Universitätsbibliothek Landes- und Murhardsche Bibliothek der Stadt Kassel"$"https://d-nb.info/gnd/10008839-9"$"Kassel"$"https://d-nb.info/gnd/4029869-3"$"Universitätsbibliothek Landes- und Murhardsche Bibliothek der Stadt Kassel"$"https://d-nb.info/gnd/10008839-9"$"Kassel"$"https://d-nb.info/gnd/4029869-3"
"45"$"2° Ms. hist. 99"$"https://orka.bibliothek.uni-kassel.de/viewer/api/v1/records/1441627851713/manifest/"$"https://orka.bibliothek.uni-kassel.de/viewer/image/1441627851713/"$"https://orka.bibliothek.uni-kassel.de/viewer/api/v1/records/1441627851713/files/images/00000001.tif/full/!400,400/0/default.jpg"$"Komplett"$"Original"$"Standard"$"Einzelseite"$"2015"$"2015"$"Universitätsbibliothek Landes- und Murhardsche Bibliothek der Stadt Kassel"$"https://d-nb.info/gnd/10008839-9"$"Kassel"$"https://d-nb.info/gnd/4029869-3"$"Universitätsbibliothek Landes- und Murhardsche Bibliothek der Stadt Kassel"$"https://d-nb.info/gnd/10008839-9"$"Kassel"$"https://d-nb.info/gnd/4029869-3"
"46"$"2° Ms. iurid. 100[23"$"https://orka.bibliothek.uni-kassel.de/viewer/api/v1/records/1343818204749/manifest/"$"https://orka.bibliothek.uni-kassel.de/viewer/image/1343818204749/"$"https://orka.bibliothek.uni-kassel.de/viewer/api/v1/records/1343818204749/files/images/00000001.tif/full/!400,400/0/default.jpg"$"Komplett"$"Original"$"Standard"$"Einzelseite"$"2012"$"2012"$"Universitätsbibliothek Landes- und Murhardsche Bibliothek der Stadt Kassel"$"https://d-nb.info/gnd/10008839-9"$"Kassel"$"https://d-nb.info/gnd/4029869-3"$"Universitätsbibliothek Landes- und Murhardsche Bibliothek der Stadt Kassel"$"https://d-nb.info/gnd/10008839-9"$"Kassel"$"https://d-nb.info/gnd/4029869-3"
"47"$"2° Ms. iurid. 15"$"https://orka.bibliothek.uni-kassel.de/viewer/api/v1/records/1554210086153/manifest/"$"https://orka.bibliothek.uni-kassel.de/viewer/image/1554210086153/"$"https://orka.bibliothek.uni-kassel.de/viewer/api/v1/records/1554210086153/files/images/00000001.tif/full/!400,400/0/default.jpg"$"Komplett"$"Original"$"Standard"$"Einzelseite"$"2019"$"2019"$"Universitätsbibliothek Landes- und Murhardsche Bibliothek der Stadt Kassel"$"https://d-nb.info/gnd/10008839-9"$"Kassel"$"https://d-nb.info/gnd/4029869-3"$"Universitätsbibliothek Landes- und Murhardsche Bibliothek der Stadt Kassel"$"https://d-nb.info/gnd/10008839-9"$"Kassel"$"https://d-nb.info/gnd/4029869-3"
"48"$"2° Ms. iurid. 16"$"https://orka.bibliothek.uni-kassel.de/viewer/api/v1/records/1346231453759/manifest/"$"https://orka.bibliothek.uni-kassel.de/viewer/image/1346231453759/"$"https://orka.bibliothek.uni-kassel.de/viewer/api/v1/records/1346231453759/files/images/00000001.tif/full/!400,400/0/default.jpg"$"Komplett"$"Original"$"Standard"$"Einzelseite"$"2012"$"2012"$"Universitätsbibliothek Landes- und Murhardsche Bibliothek der Stadt Kassel"$"https://d-nb.info/gnd/10008839-9"$"Kassel"$"https://d-nb.info/gnd/4029869-3"$"Universitätsbibliothek Landes- und Murhardsche Bibliothek der Stadt Kassel"$"https://d-nb.info/gnd/10008839-9"$"Kassel"$"https://d-nb.info/gnd/4029869-3"
"49"$"2° Ms. iurid. 25"$"https://orka.bibliothek.uni-kassel.de/viewer/api/v1/records/1346835359100/manifest/"$"https://orka.bibliothek.uni-kassel.de/viewer/image/1346835359100/"$"https://orka.bibliothek.uni-kassel.de/viewer/api/v1/records/1346835359100/files/images/00000001.tif/full/!400,400/0/default.jpg"$"Komplett"$"Original"$"Standard"$"Einzelseite"$"2012"$"2012"$"Universitätsbibliothek Landes- und Murhardsche Bibliothek der Stadt Kassel"$"https://d-nb.info/gnd/10008839-9"$"Kassel"$"https://d-nb.info/gnd/4029869-3"$"Universitätsbibliothek Landes- und Murhardsche Bibliothek der Stadt Kassel"$"https://d-nb.info/gnd/10008839-9"$"Kassel"$"https://d-nb.info/gnd/4029869-3"
"50"$"2° Ms. iurid. 29"$"https://orka.bibliothek.uni-kassel.de/viewer/api/v1/records/1359717472218/manifest/"$"https://orka.bibliothek.uni-kassel.de/viewer/image/1359717472218/"$"https://orka.bibliothek.uni-kassel.de/viewer/api/v1/records/1359717472218/files/images/00000001.tif/full/!400,400/0/default.jpg"$"Komplett"$"Original"$"Standard"$"Einzelseite"$"2013"$"2013"$"Universitätsbibliothek Landes- und Murhardsche Bibliothek der Stadt Kassel"$"https://d-nb.info/gnd/10008839-9"$"Kassel"$"https://d-nb.info/gnd/4029869-3"$"Universitätsbibliothek Landes- und Murhardsche Bibliothek der Stadt Kassel"$"https://d-nb.info/gnd/10008839-9"$"Kassel"$"https://d-nb.info/gnd/4029869-3"
"51"$"2° Ms. iurid. 3"$"https://orka.bibliothek.uni-kassel.de/viewer/api/v1/records/1524470503962/manifest/"$"https://orka.bibliothek.uni-kassel.de/viewer/image/1524470503962/"$"https://orka.bibliothek.uni-kassel.de/viewer/api/v1/records/1524470503962/files/images/00000001.tif/full/!400,400/0/default.jpg"$"Komplett"$"Original"$"Standard"$"Einzelseite"$"2018"$"2018"$"Universitätsbibliothek Landes- und Murhardsche Bibliothek der Stadt Kassel"$"https://d-nb.info/gnd/10008839-9"$"Kassel"$"https://d-nb.info/gnd/4029869-3"$"Universitätsbibliothek Landes- und Murhardsche Bibliothek der Stadt Kassel"$"https://d-nb.info/gnd/10008839-9"$"Kassel"$"https://d-nb.info/gnd/4029869-3"
"52"$"2° Ms. iurid. 4[3"$"https://orka.bibliothek.uni-kassel.de/viewer/api/v1/records/1354110217613/manifest/"$"https://orka.bibliothek.uni-kassel.de/viewer/image/1354110217613/"$"https://orka.bibliothek.uni-kassel.de/viewer/api/v1/records/1354110217613/files/images/00000001.tif/full/!400,400/0/default.jpg"$"Komplett"$"Original"$"Standard"$"Einzelseite"$"2012"$"2012"$"Universitätsbibliothek Landes- und Murhardsche Bibliothek der Stadt Kassel"$"https://d-nb.info/gnd/10008839-9"$"Kassel"$"https://d-nb.info/gnd/4029869-3"$"Universitätsbibliothek Landes- und Murhardsche Bibliothek der Stadt Kassel"$"https://d-nb.info/gnd/10008839-9"$"Kassel"$"https://d-nb.info/gnd/4029869-3"
"53"$"2° Ms. iurid. 47"$"https://orka.bibliothek.uni-kassel.de/viewer/api/v1/records/1560501741704/manifest/"$"https://orka.bibliothek.uni-kassel.de/viewer/image/1560501741704/"$"https://orka.bibliothek.uni-kassel.de/viewer/api/v1/records/1560501741704/files/images/00000001.tif/full/!400,400/0/default.jpg"$"Komplett"$"Original"$"Standard"$"Einzelseite"$"2019"$"2019"$"Universitätsbibliothek Landes- und Murhardsche Bibliothek der Stadt Kassel"$"https://d-nb.info/gnd/10008839-9"$"Kassel"$"https://d-nb.info/gnd/4029869-3"$"Universitätsbibliothek Landes- und Murhardsche Bibliothek der Stadt Kassel"$"https://d-nb.info/gnd/10008839-9"$"Kassel"$"https://d-nb.info/gnd/4029869-3"
"54"$"2° Ms. iurid. 58"$"https://orka.bibliothek.uni-kassel.de/viewer/api/v1/records/1350387927352/manifest/"$"https://orka.bibliothek.uni-kassel.de/viewer/image/1350387927352/"$"https://orka.bibliothek.uni-kassel.de/viewer/api/v1/records/1350387927352/files/images/00000001.tif/full/!400,400/0/default.jpg"$"Komplett"$"Original"$"Standard"$"Einzelseite"$"2012"$"2012"$"Universitätsbibliothek Landes- und Murhardsche Bibliothek der Stadt Kassel"$"https://d-nb.info/gnd/10008839-9"$"Kassel"$"https://d-nb.info/gnd/4029869-3"$"Universitätsbibliothek Landes- und Murhardsche Bibliothek der Stadt Kassel"$"https://d-nb.info/gnd/10008839-9"$"Kassel"$"https://d-nb.info/gnd/4029869-3"
"55"$"2° Ms. iurid. 72"$"https://orka.bibliothek.uni-kassel.de/viewer/api/v1/records/1345449680108/manifest/"$"https://orka.bibliothek.uni-kassel.de/viewer/image/1345449680108/"$"https://orka.bibliothek.uni-kassel.de/viewer/api/v1/records/1345449680108/files/images/00000001.tif/full/!400,400/0/default.jpg"$"Komplett"$"Original"$"Standard"$"Einzelseite"$"2012"$"2012"$"Universitätsbibliothek Landes- und Murhardsche Bibliothek der Stadt Kassel"$"https://d-nb.info/gnd/10008839-9"$"Kassel"$"https://d-nb.info/gnd/4029869-3"$"Universitätsbibliothek Landes- und Murhardsche Bibliothek der Stadt Kassel"$"https://d-nb.info/gnd/10008839-9"$"Kassel"$"https://d-nb.info/gnd/4029869-3"
"56"$"2° Ms. med. 11"$"https://orka.bibliothek.uni-kassel.de/viewer/api/v1/records/1564743405902/manifest/"$"https://orka.bibliothek.uni-kassel.de/viewer/image/1564743405902/"$"https://orka.bibliothek.uni-kassel.de/viewer/api/v1/records/1564743405902/files/images/0000001.tif/full/!400,400/0/default.jpg"$"Komplett"$"Original"$"Standard"$"Einzelseite"$"2019"$"2019"$"Universitätsbibliothek Landes- und Murhardsche Bibliothek der Stadt Kassel"$"https://d-nb.info/gnd/10008839-9"$"Kassel"$"https://d-nb.info/gnd/4029869-3"$"Universitätsbibliothek Landes- und Murhardsche Bibliothek der Stadt Kassel"$"https://d-nb.info/gnd/10008839-9"$"Kassel"$"https://d-nb.info/gnd/4029869-3"
"57"$"2° Ms. med. 4"$"https://orka.bibliothek.uni-kassel.de/viewer/api/v1/records/1341312388853/manifest/"$"https://orka.bibliothek.uni-kassel.de/viewer/image/1341312388853/"$"https://orka.bibliothek.uni-kassel.de/viewer/api/v1/records/1341312388853/files/images/00000001.tif/full/!400,400/0/default.jpg"$"Komplett"$"Original"$"Standard"$"Einzelseite"$"2012"$"2012"$"Universitätsbibliothek Landes- und Murhardsche Bibliothek der Stadt Kassel"$"https://d-nb.info/gnd/10008839-9"$"Kassel"$"https://d-nb.info/gnd/4029869-3"$"Universitätsbibliothek Landes- und Murhardsche Bibliothek der Stadt Kassel"$"https://d-nb.info/gnd/10008839-9"$"Kassel"$"https://d-nb.info/gnd/4029869-3"
"58"$"2° Ms. med. 6"$"https://orka.bibliothek.uni-kassel.de/viewer/api/v1/records/1581928272812/manifest/"$"https://orka.bibliothek.uni-kassel.de/viewer/image/1581928272812/"$"https://orka.bibliothek.uni-kassel.de/viewer/api/v1/records/1581928272812/files/images/00000001.tif/full/!400,400/0/default.jpg"$"Komplett"$"Original"$"Standard"$"Einzelseite"$"2020"$"2020"$"Universitätsbibliothek Landes- und Murhardsche Bibliothek der Stadt Kassel"$"https://d-nb.info/gnd/10008839-9"$"Kassel"$"https://d-nb.info/gnd/4029869-3"$"Universitätsbibliothek Landes- und Murhardsche Bibliothek der Stadt Kassel"$"https://d-nb.info/gnd/10008839-9"$"Kassel"$"https://d-nb.info/gnd/4029869-3"
"59"$"2° Ms. med. 7"$"https://orka.bibliothek.uni-kassel.de/viewer/api/v1/records/1535973138416/manifest/"$"https://orka.bibliothek.uni-kassel.de/viewer/image/1535973138416/"$"https://orka.bibliothek.uni-kassel.de/viewer/api/v1/records/1535973138416/files/images/00000001.tif/full/!400,400/0/default.jpg"$"Komplett"$"Original"$"Standard"$"Einzelseite"$"2018"$"2018"$"Universitätsbibliothek Landes- und Murhardsche Bibliothek der Stadt Kassel"$"https://d-nb.info/gnd/10008839-9"$"Kassel"$"https://d-nb.info/gnd/4029869-3"$"Universitätsbibliothek Landes- und Murhardsche Bibliothek der Stadt Kassel"$"https://d-nb.info/gnd/10008839-9"$"Kassel"$"https://d-nb.info/gnd/4029869-3"
"60"$"2° Ms. philol. 14"$"https://orka.bibliothek.uni-kassel.de/viewer/api/v1/records/1336391240075/manifest/"$"https://orka.bibliothek.uni-kassel.de/viewer/image/1336391240075/"$"https://orka.bibliothek.uni-kassel.de/viewer/api/v1/records/1336391240075/files/images/00000001.tif/full/!400,400/0/default.jpg"$"Komplett"$"Original"$"Standard"$"Einzelseite"$"2012"$"2012"$"Universitätsbibliothek Landes- und Murhardsche Bibliothek der Stadt Kassel"$"https://d-nb.info/gnd/10008839-9"$"Kassel"$"https://d-nb.info/gnd/4029869-3"$"Universitätsbibliothek Landes- und Murhardsche Bibliothek der Stadt Kassel"$"https://d-nb.info/gnd/10008839-9"$"Kassel"$"https://d-nb.info/gnd/4029869-3"
"61"$"2° Ms. poet. et roman. 1"$"https://orka.bibliothek.uni-kassel.de/viewer/api/v1/records/1300457892891/manifest/"$"https://orka.bibliothek.uni-kassel.de/viewer/image/1300457892891/"$"https://orka.bibliothek.uni-kassel.de/viewer/api/v1/records/1300457892891/files/images/00000001.tif/full/!400,400/0/default.jpg"$"Komplett"$"Original"$"Standard"$"Einzelseite"$"2011"$"2011"$"Universitätsbibliothek Landes- und Murhardsche Bibliothek der Stadt Kassel"$"https://d-nb.info/gnd/10008839-9"$"Kassel"$"https://d-nb.info/gnd/4029869-3"$"Universitätsbibliothek Landes- und Murhardsche Bibliothek der Stadt Kassel"$"https://d-nb.info/gnd/10008839-9"$"Kassel"$"https://d-nb.info/gnd/4029869-3"
"62"$"2° Ms. poet. et roman. 11"$"https://orka.bibliothek.uni-kassel.de/viewer/api/v1/records/1381746063227/manifest/"$"https://orka.bibliothek.uni-kassel.de/viewer/image/1381746063227/"$"https://orka.bibliothek.uni-kassel.de/viewer/api/v1/records/1381746063227/files/images/00000001.tif/full/!400,400/0/default.jpg"$"Komplett"$"Original"$"Standard"$"Einzelseite"$"2013"$"2013"$"Universitätsbibliothek Landes- und Murhardsche Bibliothek der Stadt Kassel"$"https://d-nb.info/gnd/10008839-9"$"Kassel"$"https://d-nb.info/gnd/4029869-3"$"Universitätsbibliothek Landes- und Murhardsche Bibliothek der Stadt Kassel"$"https://d-nb.info/gnd/10008839-9"$"Kassel"$"https://d-nb.info/gnd/4029869-3"
"63"$"2° Ms. poet. et roman. 12"$"https://orka.bibliothek.uni-kassel.de/viewer/api/v1/records/1580130426861/manifest/"$"https://orka.bibliothek.uni-kassel.de/viewer/image/1580130426861/"$"https://orka.bibliothek.uni-kassel.de/viewer/api/v1/records/1580130426861/files/images/000001.tif/full/!400,400/0/default.jpg"$"Komplett"$"Original"$"Standard"$"Einzelseite"$"2020"$"2020"$"Universitätsbibliothek Landes- und Murhardsche Bibliothek der Stadt Kassel"$"https://d-nb.info/gnd/10008839-9"$"Kassel"$"https://d-nb.info/gnd/4029869-3"$"Universitätsbibliothek Landes- und Murhardsche Bibliothek der Stadt Kassel"$"https://d-nb.info/gnd/10008839-9"$"Kassel"$"https://d-nb.info/gnd/4029869-3"
"64"$"2° Ms. poet. et roman. 16"$"https://orka.bibliothek.uni-kassel.de/viewer/api/v1/records/1304071581504/manifest/"$"https://orka.bibliothek.uni-kassel.de/viewer/image/1304071581504/"$"https://orka.bibliothek.uni-kassel.de/viewer/api/v1/records/1304071581504/files/images/00000001.tif/full/!400,400/0/default.jpg"$"Komplett"$"Original"$"Standard"$"Einzelseite"$"2011"$"2011"$"Universitätsbibliothek Landes- und Murhardsche Bibliothek der Stadt Kassel"$"https://d-nb.info/gnd/10008839-9"$"Kassel"$"https://d-nb.info/gnd/4029869-3"$"Universitätsbibliothek Landes- und Murhardsche Bibliothek der Stadt Kassel"$"https://d-nb.info/gnd/10008839-9"$"Kassel"$"https://d-nb.info/gnd/4029869-3"
"65"$"2° Ms. poet. et roman. 18"$"https://orka.bibliothek.uni-kassel.de/viewer/api/v1/records/1345120324475/manifest/"$"https://orka.bibliothek.uni-kassel.de/viewer/image/1345120324475/"$"https://orka.bibliothek.uni-kassel.de/viewer/api/v1/records/1345120324475/files/images/00000001.tif/full/!400,400/0/default.jpg"$"Komplett"$"Original"$"Standard"$"Einzelseite"$"2012"$"2012"$"Universitätsbibliothek Landes- und Murhardsche Bibliothek der Stadt Kassel"$"https://d-nb.info/gnd/10008839-9"$"Kassel"$"https://d-nb.info/gnd/4029869-3"$"Universitätsbibliothek Landes- und Murhardsche Bibliothek der Stadt Kassel"$"https://d-nb.info/gnd/10008839-9"$"Kassel"$"https://d-nb.info/gnd/4029869-3"
"66"$"2° Ms. poet. et roman. 19"$"https://orka.bibliothek.uni-kassel.de/viewer/api/v1/records/1297867538230/manifest/"$"https://orka.bibliothek.uni-kassel.de/viewer/image/1297867538230/"$"https://orka.bibliothek.uni-kassel.de/viewer/api/v1/records/1297867538230/files/images/00000001.tif/full/!400,400/0/default.jpg"$"Komplett"$"Original"$"Standard"$"Einzelseite"$"2011"$"2011"$"Universitätsbibliothek Landes- und Murhardsche Bibliothek der Stadt Kassel"$"https://d-nb.info/gnd/10008839-9"$"Kassel"$"https://d-nb.info/gnd/4029869-3"$"Universitätsbibliothek Landes- und Murhardsche Bibliothek der Stadt Kassel"$"https://d-nb.info/gnd/10008839-9"$"Kassel"$"https://d-nb.info/gnd/4029869-3"
"67"$"2° Ms. poet. et roman. 2"$"https://orka.bibliothek.uni-kassel.de/viewer/api/v1/records/1353671114535/manifest/"$"https://orka.bibliothek.uni-kassel.de/viewer/image/1353671114535/"$"https://orka.bibliothek.uni-kassel.de/viewer/api/v1/records/1353671114535/files/images/00000001.tif/full/!400,400/0/default.jpg"$"Komplett"$"Original"$"Standard"$"Einzelseite"$"2012"$"2012"$"Universitätsbibliothek Landes- und Murhardsche Bibliothek der Stadt Kassel"$"https://d-nb.info/gnd/10008839-9"$"Kassel"$"https://d-nb.info/gnd/4029869-3"$"Universitätsbibliothek Landes- und Murhardsche Bibliothek der Stadt Kassel"$"https://d-nb.info/gnd/10008839-9"$"Kassel"$"https://d-nb.info/gnd/4029869-3"
"68"$"2° Ms. poet. et roman. 21"$"https://orka.bibliothek.uni-kassel.de/viewer/api/v1/records/1392906188120/manifest/"$"https://orka.bibliothek.uni-kassel.de/viewer/image/1392906188120/"$"https://orka.bibliothek.uni-kassel.de/viewer/api/v1/records/1392906188120/files/images/00000001.tif/full/!400,400/0/default.jpg"$"Komplett"$"Original"$"Standard"$"Einzelseite"$"2014"$"2014"$"Universitätsbibliothek Landes- und Murhardsche Bibliothek der Stadt Kassel"$"https://d-nb.info/gnd/10008839-9"$"Kassel"$"https://d-nb.info/gnd/4029869-3"$"Universitätsbibliothek Landes- und Murhardsche Bibliothek der Stadt Kassel"$"https://d-nb.info/gnd/10008839-9"$"Kassel"$"https://d-nb.info/gnd/4029869-3"
"69"$"2° Ms. poet. et roman. 22"$"https://orka.bibliothek.uni-kassel.de/viewer/api/v1/records/1478598243157/manifest/"$"https://orka.bibliothek.uni-kassel.de/viewer/image/1478598243157/"$"https://orka.bibliothek.uni-kassel.de/viewer/api/v1/records/1478598243157/files/images/00000001.tif/full/!400,400/0/default.jpg"$"Komplett"$"Original"$"Standard"$"Einzelseite"$"2016"$"2016"$"Universitätsbibliothek Landes- und Murhardsche Bibliothek der Stadt Kassel"$"https://d-nb.info/gnd/10008839-9"$"Kassel"$"https://d-nb.info/gnd/4029869-3"$"Universitätsbibliothek Landes- und Murhardsche Bibliothek der Stadt Kassel"$"https://d-nb.info/gnd/10008839-9"$"Kassel"$"https://d-nb.info/gnd/4029869-3"
"70"$"2° Ms. poet. et roman. 3"$"https://orka.bibliothek.uni-kassel.de/viewer/api/v1/records/1310108562243/manifest/"$"https://orka.bibliothek.uni-kassel.de/viewer/image/1310108562243/"$"https://orka.bibliothek.uni-kassel.de/viewer/api/v1/records/1310108562243/files/images/00000001.tif/full/!400,400/0/default.jpg"$"Komplett"$"Original"$"Standard"$"Einzelseite"$"2011"$"2011"$"Universitätsbibliothek Landes- und Murhardsche Bibliothek der Stadt Kassel"$"https://d-nb.info/gnd/10008839-9"$"Kassel"$"https://d-nb.info/gnd/4029869-3"$"Universitätsbibliothek Landes- und Murhardsche Bibliothek der Stadt Kassel"$"https://d-nb.info/gnd/10008839-9"$"Kassel"$"https://d-nb.info/gnd/4029869-3"
"71"$"2° Ms. poet. et roman. 30[1"$"https://orka.bibliothek.uni-kassel.de/viewer/api/v1/records/1338789627517/manifest/"$"https://orka.bibliothek.uni-kassel.de/viewer/image/1338789627517/"$"https://orka.bibliothek.uni-kassel.de/viewer/api/v1/records/1338789627517/files/images/00000001.tif/full/!400,400/0/default.jpg"$"Komplett"$"Original"$"Standard"$"Einzelseite"$"2012"$"2012"$"Universitätsbibliothek Landes- und Murhardsche Bibliothek der Stadt Kassel"$"https://d-nb.info/gnd/10008839-9"$"Kassel"$"https://d-nb.info/gnd/4029869-3"$"Universitätsbibliothek Landes- und Murhardsche Bibliothek der Stadt Kassel"$"https://d-nb.info/gnd/10008839-9"$"Kassel"$"https://d-nb.info/gnd/4029869-3"
"72"$"2° Ms. poet. et roman. 30[10"$"https://orka.bibliothek.uni-kassel.de/viewer/api/v1/records/1338800341289/manifest/"$"https://orka.bibliothek.uni-kassel.de/viewer/image/1338800341289/"$"https://orka.bibliothek.uni-kassel.de/viewer/api/v1/records/1338800341289/files/images/00000001.tif/full/!400,400/0/default.jpg"$"Komplett"$"Original"$"Standard"$"Einzelseite"$"2012"$"2012"$"Universitätsbibliothek Landes- und Murhardsche Bibliothek der Stadt Kassel"$"https://d-nb.info/gnd/10008839-9"$"Kassel"$"https://d-nb.info/gnd/4029869-3"$"Universitätsbibliothek Landes- und Murhardsche Bibliothek der Stadt Kassel"$"https://d-nb.info/gnd/10008839-9"$"Kassel"$"https://d-nb.info/gnd/4029869-3"
"73"$"2° Ms. poet. et roman. 30[2"$"https://orka.bibliothek.uni-kassel.de/viewer/api/v1/records/1338790524586/manifest/"$"https://orka.bibliothek.uni-kassel.de/viewer/image/1338790524586/"$"https://orka.bibliothek.uni-kassel.de/viewer/api/v1/records/1338790524586/files/images/00000001.tif/full/!400,400/0/default.jpg"$"Komplett"$"Original"$"Standard"$"Einzelseite"$"2012"$"2012"$"Universitätsbibliothek Landes- und Murhardsche Bibliothek der Stadt Kassel"$"https://d-nb.info/gnd/10008839-9"$"Kassel"$"https://d-nb.info/gnd/4029869-3"$"Universitätsbibliothek Landes- und Murhardsche Bibliothek der Stadt Kassel"$"https://d-nb.info/gnd/10008839-9"$"Kassel"$"https://d-nb.info/gnd/4029869-3"
"74"$"2° Ms. poet. et roman. 30[3+4"$"https://orka.bibliothek.uni-kassel.de/viewer/api/v1/records/1338791379289/manifest/"$"https://orka.bibliothek.uni-kassel.de/viewer/image/1338791379289/"$"https://orka.bibliothek.uni-kassel.de/viewer/api/v1/records/1338791379289/files/images/00000001.tif/full/!400,400/0/default.jpg"$"Komplett"$"Original"$"Standard"$"Einzelseite"$"2012"$"2012"$"Universitätsbibliothek Landes- und Murhardsche Bibliothek der Stadt Kassel"$"https://d-nb.info/gnd/10008839-9"$"Kassel"$"https://d-nb.info/gnd/4029869-3"$"Universitätsbibliothek Landes- und Murhardsche Bibliothek der Stadt Kassel"$"https://d-nb.info/gnd/10008839-9"$"Kassel"$"https://d-nb.info/gnd/4029869-3"
"75"$"2° Ms. poet. et roman. 30[5"$"https://orka.bibliothek.uni-kassel.de/viewer/api/v1/records/1338792209464/manifest/"$"https://orka.bibliothek.uni-kassel.de/viewer/image/1338792209464/"$"https://orka.bibliothek.uni-kassel.de/viewer/api/v1/records/1338792209464/files/images/00000001.tif/full/!400,400/0/default.jpg"$"Komplett"$"Original"$"Standard"$"Einzelseite"$"2012"$"2012"$"Universitätsbibliothek Landes- und Murhardsche Bibliothek der Stadt Kassel"$"https://d-nb.info/gnd/10008839-9"$"Kassel"$"https://d-nb.info/gnd/4029869-3"$"Universitätsbibliothek Landes- und Murhardsche Bibliothek der Stadt Kassel"$"https://d-nb.info/gnd/10008839-9"$"Kassel"$"https://d-nb.info/gnd/4029869-3"
"76"$"2° Ms. poet. et roman. 30[6"$"https://orka.bibliothek.uni-kassel.de/viewer/api/v1/records/1338793160314/manifest/"$"https://orka.bibliothek.uni-kassel.de/viewer/image/1338793160314/"$"https://orka.bibliothek.uni-kassel.de/viewer/api/v1/records/1338793160314/files/images/00000001.tif/full/!400,400/0/default.jpg"$"Komplett"$"Original"$"Standard"$"Einzelseite"$"2012"$"2012"$"Universitätsbibliothek Landes- und Murhardsche Bibliothek der Stadt Kassel"$"https://d-nb.info/gnd/10008839-9"$"Kassel"$"https://d-nb.info/gnd/4029869-3"$"Universitätsbibliothek Landes- und Murhardsche Bibliothek der Stadt Kassel"$"https://d-nb.info/gnd/10008839-9"$"Kassel"$"https://d-nb.info/gnd/4029869-3"
"77"$"2° Ms. poet. et roman. 30[7"$"https://orka.bibliothek.uni-kassel.de/viewer/api/v1/records/1338794555967/manifest/"$"https://orka.bibliothek.uni-kassel.de/viewer/image/1338794555967/"$"https://orka.bibliothek.uni-kassel.de/viewer/api/v1/records/1338794555967/files/images/00000001.tif/full/!400,400/0/default.jpg"$"Komplett"$"Original"$"Standard"$"Einzelseite"$"2012"$"2012"$"Universitätsbibliothek Landes- und Murhardsche Bibliothek der Stadt Kassel"$"https://d-nb.info/gnd/10008839-9"$"Kassel"$"https://d-nb.info/gnd/4029869-3"$"Universitätsbibliothek Landes- und Murhardsche Bibliothek der Stadt Kassel"$"https://d-nb.info/gnd/10008839-9"$"Kassel"$"https://d-nb.info/gnd/4029869-3"
"78"$"2° Ms. poet. et roman. 30[8"$"https://orka.bibliothek.uni-kassel.de/viewer/api/v1/records/1338796559289/manifest/"$"https://orka.bibliothek.uni-kassel.de/viewer/image/1338796559289/"$"https://orka.bibliothek.uni-kassel.de/viewer/api/v1/records/1338796559289/files/images/00000001.tif/full/!400,400/0/default.jpg"$"Komplett"$"Original"$"Standard"$"Einzelseite"$"2012"$"2012"$"Universitätsbibliothek Landes- und Murhardsche Bibliothek der Stadt Kassel"$"https://d-nb.info/gnd/10008839-9"$"Kassel"$"https://d-nb.info/gnd/4029869-3"$"Universitätsbibliothek Landes- und Murhardsche Bibliothek der Stadt Kassel"$"https://d-nb.info/gnd/10008839-9"$"Kassel"$"https://d-nb.info/gnd/4029869-3"
"79"$"2° Ms. poet. et roman. 30[9"$"https://orka.bibliothek.uni-kassel.de/viewer/api/v1/records/1338799712446/manifest/"$"https://orka.bibliothek.uni-kassel.de/viewer/image/1338799712446/"$"https://orka.bibliothek.uni-kassel.de/viewer/api/v1/records/1338799712446/files/images/00000001.tif/full/!400,400/0/default.jpg"$"Komplett"$"Original"$"Standard"$"Einzelseite"$"2012"$"2012"$"Universitätsbibliothek Landes- und Murhardsche Bibliothek der Stadt Kassel"$"https://d-nb.info/gnd/10008839-9"$"Kassel"$"https://d-nb.info/gnd/4029869-3"$"Universitätsbibliothek Landes- und Murhardsche Bibliothek der Stadt Kassel"$"https://d-nb.info/gnd/10008839-9"$"Kassel"$"https://d-nb.info/gnd/4029869-3"
"80"$"2° Ms. poet. et roman. 35"$"https://orka.bibliothek.uni-kassel.de/viewer/api/v1/records/1396607447694/manifest/"$"https://orka.bibliothek.uni-kassel.de/viewer/image/1396607447694/"$"https://orka.bibliothek.uni-kassel.de/viewer/api/v1/records/1396607447694/files/images/00000001.tif/full/!400,400/0/default.jpg"$"Komplett"$"Original"$"Standard"$"Einzelseite"$"2014"$"2014"$"Universitätsbibliothek Landes- und Murhardsche Bibliothek der Stadt Kassel"$"https://d-nb.info/gnd/10008839-9"$"Kassel"$"https://d-nb.info/gnd/4029869-3"$"Universitätsbibliothek Landes- und Murhardsche Bibliothek der Stadt Kassel"$"https://d-nb.info/gnd/10008839-9"$"Kassel"$"https://d-nb.info/gnd/4029869-3"
"81"$"2° Ms. poet. et roman. 36"$"https://orka.bibliothek.uni-kassel.de/viewer/api/v1/records/1539252728975/manifest/"$"https://orka.bibliothek.uni-kassel.de/viewer/image/1539252728975/"$"https://orka.bibliothek.uni-kassel.de/viewer/api/v1/records/1539252728975/files/images/00000001.tif/full/!400,400/0/default.jpg"$"Komplett"$"Original"$"Standard"$"Einzelseite"$"2018"$"2018"$"Universitätsbibliothek Landes- und Murhardsche Bibliothek der Stadt Kassel"$"https://d-nb.info/gnd/10008839-9"$"Kassel"$"https://d-nb.info/gnd/4029869-3"$"Universitätsbibliothek Landes- und Murhardsche Bibliothek der Stadt Kassel"$"https://d-nb.info/gnd/10008839-9"$"Kassel"$"https://d-nb.info/gnd/4029869-3"
"82"$"2° Ms. poet. et roman. 37"$"https://orka.bibliothek.uni-kassel.de/viewer/api/v1/records/1320055661992/manifest/"$"https://orka.bibliothek.uni-kassel.de/viewer/image/1320055661992/"$"https://orka.bibliothek.uni-kassel.de/viewer/api/v1/records/1320055661992/files/images/00000001.tif/full/!400,400/0/default.jpg"$"Komplett"$"Original"$"Standard"$"Einzelseite"$"2011"$"2011"$"Universitätsbibliothek Landes- und Murhardsche Bibliothek der Stadt Kassel"$"https://d-nb.info/gnd/10008839-9"$"Kassel"$"https://d-nb.info/gnd/4029869-3"$"Universitätsbibliothek Landes- und Murhardsche Bibliothek der Stadt Kassel"$"https://d-nb.info/gnd/10008839-9"$"Kassel"$"https://d-nb.info/gnd/4029869-3"
"83"$"2° Ms. poet. et roman. 38"$"https://orka.bibliothek.uni-kassel.de/viewer/api/v1/records/1416573041988/manifest/"$"https://orka.bibliothek.uni-kassel.de/viewer/image/1416573041988/"$"https://orka.bibliothek.uni-kassel.de/viewer/api/v1/records/1416573041988/files/images/00000001.tif/full/!400,400/0/default.jpg"$"Komplett"$"Original"$"Standard"$"Einzelseite"$"2014"$"2014"$"Universitätsbibliothek Landes- und Murhardsche Bibliothek der Stadt Kassel"$"https://d-nb.info/gnd/10008839-9"$"Kassel"$"https://d-nb.info/gnd/4029869-3"$"Universitätsbibliothek Landes- und Murhardsche Bibliothek der Stadt Kassel"$"https://d-nb.info/gnd/10008839-9"$"Kassel"$"https://d-nb.info/gnd/4029869-3"
"84"$"2° Ms. poet. et roman. 39"$"https://orka.bibliothek.uni-kassel.de/viewer/api/v1/records/1600753261481/manifest/"$"https://orka.bibliothek.uni-kassel.de/viewer/image/1600753261481/"$"https://orka.bibliothek.uni-kassel.de/viewer/api/v1/records/1600753261481/files/images/00000001.tif/full/!400,400/0/default.jpg"$"Komplett"$"Original"$"Standard"$"Einzelseite"$"2020"$"2020"$"Universitätsbibliothek Landes- und Murhardsche Bibliothek der Stadt Kassel"$"https://d-nb.info/gnd/10008839-9"$"Kassel"$"https://d-nb.info/gnd/4029869-3"$"Universitätsbibliothek Landes- und Murhardsche Bibliothek der Stadt Kassel"$"https://d-nb.info/gnd/10008839-9"$"Kassel"$"https://d-nb.info/gnd/4029869-3"
"85"$"2° Ms. poet. et roman. 4"$"https://orka.bibliothek.uni-kassel.de/viewer/api/v1/records/1431949799552/manifest/"$"https://orka.bibliothek.uni-kassel.de/viewer/image/1431949799552/"$"https://orka.bibliothek.uni-kassel.de/viewer/api/v1/records/1431949799552/files/images/00000001.tif/full/!400,400/0/default.jpg"$"Komplett"$"Original"$"Standard"$"Einzelseite"$"2015"$"2015"$"Universitätsbibliothek Landes- und Murhardsche Bibliothek der Stadt Kassel"$"https://d-nb.info/gnd/10008839-9"$"Kassel"$"https://d-nb.info/gnd/4029869-3"$"Universitätsbibliothek Landes- und Murhardsche Bibliothek der Stadt Kassel"$"https://d-nb.info/gnd/10008839-9"$"Kassel"$"https://d-nb.info/gnd/4029869-3"
"86"$"2° Ms. poet. et roman. 5"$"https://orka.bibliothek.uni-kassel.de/viewer/api/v1/records/1336643993408/manifest/"$"https://orka.bibliothek.uni-kassel.de/viewer/image/1336643993408/"$"https://orka.bibliothek.uni-kassel.de/viewer/api/v1/records/1336643993408/files/images/00000001.tif/full/!400,400/0/default.jpg"$"Komplett"$"Original"$"Standard"$"Einzelseite"$"2012"$"2012"$"Universitätsbibliothek Landes- und Murhardsche Bibliothek der Stadt Kassel"$"https://d-nb.info/gnd/10008839-9"$"Kassel"$"https://d-nb.info/gnd/4029869-3"$"Universitätsbibliothek Landes- und Murhardsche Bibliothek der Stadt Kassel"$"https://d-nb.info/gnd/10008839-9"$"Kassel"$"https://d-nb.info/gnd/4029869-3"
"87"$"2° Ms. poet. et roman. 6"$"https://orka.bibliothek.uni-kassel.de/viewer/api/v1/records/1327998010837/manifest/"$"https://orka.bibliothek.uni-kassel.de/viewer/image/1327998010837/"$"https://orka.bibliothek.uni-kassel.de/viewer/api/v1/records/1327998010837/files/images/00000001.tif/full/!400,400/0/default.jpg"$"Komplett"$"Original"$"Standard"$"Einzelseite"$"2012"$"2012"$"Universitätsbibliothek Landes- und Murhardsche Bibliothek der Stadt Kassel"$"https://d-nb.info/gnd/10008839-9"$"Kassel"$"https://d-nb.info/gnd/4029869-3"$"Universitätsbibliothek Landes- und Murhardsche Bibliothek der Stadt Kassel"$"https://d-nb.info/gnd/10008839-9"$"Kassel"$"https://d-nb.info/gnd/4029869-3"
"88"$"2° Ms. poet. et roman. 7"$"https://orka.bibliothek.uni-kassel.de/viewer/api/v1/records/1298021706583/manifest/"$"https://orka.bibliothek.uni-kassel.de/viewer/image/1298021706583/"$"https://orka.bibliothek.uni-kassel.de/viewer/api/v1/records/1298021706583/files/images/00000001.tif/full/!400,400/0/default.jpg"$"Komplett"$"Original"$"Standard"$"Einzelseite"$"2011"$"2011"$"Universitätsbibliothek Landes- und Murhardsche Bibliothek der Stadt Kassel"$"https://d-nb.info/gnd/10008839-9"$"Kassel"$"https://d-nb.info/gnd/4029869-3"$"Universitätsbibliothek Landes- und Murhardsche Bibliothek der Stadt Kassel"$"https://d-nb.info/gnd/10008839-9"$"Kassel"$"https://d-nb.info/gnd/4029869-3"
"89"$"2° Ms. theatr. 1[1"$"https://orka.bibliothek.uni-kassel.de/viewer/api/v1/records/1496746271557/manifest/"$"https://orka.bibliothek.uni-kassel.de/viewer/image/1496746271557/"$"https://orka.bibliothek.uni-kassel.de/viewer/api/v1/records/1496746271557/files/images/00000001.tif/full/!400,400/0/default.jpg"$"Komplett"$"Original"$"Standard"$"Einzelseite"$"2017"$"2017"$"Universitätsbibliothek Landes- und Murhardsche Bibliothek der Stadt Kassel"$"https://d-nb.info/gnd/10008839-9"$"Kassel"$"https://d-nb.info/gnd/4029869-3"$"Universitätsbibliothek Landes- und Murhardsche Bibliothek der Stadt Kassel"$"https://d-nb.info/gnd/10008839-9"$"Kassel"$"https://d-nb.info/gnd/4029869-3"
"90"$"2° Ms. theatr. 1[2"$"https://orka.bibliothek.uni-kassel.de/viewer/api/v1/records/1496746438877/manifest/"$"https://orka.bibliothek.uni-kassel.de/viewer/image/1496746438877/"$"https://orka.bibliothek.uni-kassel.de/viewer/api/v1/records/1496746438877/files/images/00000001.tif/full/!400,400/0/default.jpg"$"Komplett"$"Original"$"Standard"$"Einzelseite"$"2017"$"2017"$"Universitätsbibliothek Landes- und Murhardsche Bibliothek der Stadt Kassel"$"https://d-nb.info/gnd/10008839-9"$"Kassel"$"https://d-nb.info/gnd/4029869-3"$"Universitätsbibliothek Landes- und Murhardsche Bibliothek der Stadt Kassel"$"https://d-nb.info/gnd/10008839-9"$"Kassel"$"https://d-nb.info/gnd/4029869-3"
"91"$"2° Ms. theatr. 2"$"https://orka.bibliothek.uni-kassel.de/viewer/api/v1/records/1587978694435/manifest/"$"https://orka.bibliothek.uni-kassel.de/viewer/image/1587978694435/"$"https://orka.bibliothek.uni-kassel.de/viewer/api/v1/records/1587978694435/files/images/00000001.tif/full/!400,400/0/default.jpg"$"Komplett"$"Original"$"Standard"$"Einzelseite"$"2020"$"2020"$"Universitätsbibliothek Landes- und Murhardsche Bibliothek der Stadt Kassel"$"https://d-nb.info/gnd/10008839-9"$"Kassel"$"https://d-nb.info/gnd/4029869-3"$"Universitätsbibliothek Landes- und Murhardsche Bibliothek der Stadt Kassel"$"https://d-nb.info/gnd/10008839-9"$"Kassel"$"https://d-nb.info/gnd/4029869-3"
"92"$"2° Ms. theatr. 3"$"https://orka.bibliothek.uni-kassel.de/viewer/api/v1/records/1676888162201/manifest/"$"https://orka.bibliothek.uni-kassel.de/viewer/image/1676888162201/"$"https://orka.bibliothek.uni-kassel.de/viewer/api/v1/records/1676888162201/files/images/000001.tif/full/!400,400/0/default.jpg"$"Komplett"$"Original"$"Standard"$"Einzelseite"$"2023"$"2023"$"Universitätsbibliothek Landes- und Murhardsche Bibliothek der Stadt Kassel"$"https://d-nb.info/gnd/10008839-9"$"Kassel"$"https://d-nb.info/gnd/4029869-3"$"Universitätsbibliothek Landes- und Murhardsche Bibliothek der Stadt Kassel"$"https://d-nb.info/gnd/10008839-9"$"Kassel"$"https://d-nb.info/gnd/4029869-3"
"93"$"2° Ms. theatr. 4"$"https://orka.bibliothek.uni-kassel.de/viewer/api/v1/records/1531384680001/manifest/"$"https://orka.bibliothek.uni-kassel.de/viewer/image/1531384680001/"$"https://orka.bibliothek.uni-kassel.de/viewer/api/v1/records/1531384680001/files/images/00000001.tif/full/!400,400/0/default.jpg"$"Komplett"$"Original"$"Standard"$"Einzelseite"$"2018"$"2018"$"Universitätsbibliothek Landes- und Murhardsche Bibliothek der Stadt Kassel"$"https://d-nb.info/gnd/10008839-9"$"Kassel"$"https://d-nb.info/gnd/4029869-3"$"Universitätsbibliothek Landes- und Murhardsche Bibliothek der Stadt Kassel"$"https://d-nb.info/gnd/10008839-9"$"Kassel"$"https://d-nb.info/gnd/4029869-3"
"94"$"2° Ms. theatr. 5"$"https://orka.bibliothek.uni-kassel.de/viewer/api/v1/records/1676888568485/manifest/"$"https://orka.bibliothek.uni-kassel.de/viewer/image/1676888568485/"$"https://orka.bibliothek.uni-kassel.de/viewer/api/v1/records/1676888568485/files/images/000001.tif/full/!400,400/0/default.jpg"$"Komplett"$"Original"$"Standard"$"Einzelseite"$"2023"$"2023"$"Universitätsbibliothek Landes- und Murhardsche Bibliothek der Stadt Kassel"$"https://d-nb.info/gnd/10008839-9"$"Kassel"$"https://d-nb.info/gnd/4029869-3"$"Universitätsbibliothek Landes- und Murhardsche Bibliothek der Stadt Kassel"$"https://d-nb.info/gnd/10008839-9"$"Kassel"$"https://d-nb.info/gnd/4029869-3"
"95"$"2° Ms. theatr. 8"$"https://orka.bibliothek.uni-kassel.de/viewer/api/v1/records/1648461704092/manifest/"$"https://orka.bibliothek.uni-kassel.de/viewer/image/1648461704092/"$"https://orka.bibliothek.uni-kassel.de/viewer/api/v1/records/1648461704092/files/images/00000001.tif/full/!400,400/0/default.jpg"$"Komplett"$"Original"$"Standard"$"Einzelseite"$"2022"$"2022"$"Universitätsbibliothek Landes- und Murhardsche Bibliothek der Stadt Kassel"$"https://d-nb.info/gnd/10008839-9"$"Kassel"$"https://d-nb.info/gnd/4029869-3"$"Universitätsbibliothek Landes- und Murhardsche Bibliothek der Stadt Kassel"$"https://d-nb.info/gnd/10008839-9"$"Kassel"$"https://d-nb.info/gnd/4029869-3"
"96"$"2° Ms. theol. 1"$"https://orka.bibliothek.uni-kassel.de/viewer/api/v1/records/1337850581405/manifest/"$"https://orka.bibliothek.uni-kassel.de/viewer/image/1337850581405/"$"https://orka.bibliothek.uni-kassel.de/viewer/api/v1/records/1337850581405/files/images/00000001.tif/full/!400,400/0/default.jpg"$"Komplett"$"Original"$"Standard"$"Einzelseite"$"2012"$"2012"$"Universitätsbibliothek Landes- und Murhardsche Bibliothek der Stadt Kassel"$"https://d-nb.info/gnd/10008839-9"$"Kassel"$"https://d-nb.info/gnd/4029869-3"$"Universitätsbibliothek Landes- und Murhardsche Bibliothek der Stadt Kassel"$"https://d-nb.info/gnd/10008839-9"$"Kassel"$"https://d-nb.info/gnd/4029869-3"
"97"$"2° Ms. theol. 10"$"https://orka.bibliothek.uni-kassel.de/viewer/api/v1/records/1564642867559/manifest/"$"https://orka.bibliothek.uni-kassel.de/viewer/image/1564642867559/"$"https://orka.bibliothek.uni-kassel.de/viewer/api/v1/records/1564642867559/files/images/00000001.tif/full/!400,400/0/default.jpg"$"Komplett"$"Original"$"Standard"$"Einzelseite"$"2019"$"2019"$"Universitätsbibliothek Landes- und Murhardsche Bibliothek der Stadt Kassel"$"https://d-nb.info/gnd/10008839-9"$"Kassel"$"https://d-nb.info/gnd/4029869-3"$"Universitätsbibliothek Landes- und Murhardsche Bibliothek der Stadt Kassel"$"https://d-nb.info/gnd/10008839-9"$"Kassel"$"https://d-nb.info/gnd/4029869-3"
"98"$"2° Ms. theol. 102"$"https://orka.bibliothek.uni-kassel.de/viewer/api/v1/records/1697017674447/manifest/"$"https://orka.bibliothek.uni-kassel.de/viewer/image/1697017674447/"$"https://orka.bibliothek.uni-kassel.de/viewer/api/v1/records/1697017674447/files/images/000001.tif/full/!400,400/0/default.jpg"$"Komplett"$"Original"$"Standard"$"Einzelseite"$"2023"$"2023"$"Universitätsbibliothek Landes- und Murhardsche Bibliothek der Stadt Kassel"$"https://d-nb.info/gnd/10008839-9"$"Kassel"$"https://d-nb.info/gnd/4029869-3"$"Universitätsbibliothek Landes- und Murhardsche Bibliothek der Stadt Kassel"$"https://d-nb.info/gnd/10008839-9"$"Kassel"$"https://d-nb.info/gnd/4029869-3"
"99"$"2° Ms. theol. 105"$"https://orka.bibliothek.uni-kassel.de/viewer/api/v1/records/1445511216014/manifest/"$"https://orka.bibliothek.uni-kassel.de/viewer/image/1445511216014/"$"https://orka.bibliothek.uni-kassel.de/viewer/api/v1/records/1445511216014/files/images/00000001.tif/full/!400,400/0/default.jpg"$"Komplett"$"Original"$"Standard"$"Einzelseite"$"2015"$"2015"$"Universitätsbibliothek Landes- und Murhardsche Bibliothek der Stadt Kassel"$"https://d-nb.info/gnd/10008839-9"$"Kassel"$"https://d-nb.info/gnd/4029869-3"$"Universitätsbibliothek Landes- und Murhardsche Bibliothek der Stadt Kassel"$"https://d-nb.info/gnd/10008839-9"$"Kassel"$"https://d-nb.info/gnd/4029869-3"
"100"$"2° Ms. theol. 106"$"https://orka.bibliothek.uni-kassel.de/viewer/api/v1/records/1362668703027/manifest/"$"https://orka.bibliothek.uni-kassel.de/viewer/image/1362668703027/"$"https://orka.bibliothek.uni-kassel.de/viewer/api/v1/records/1362668703027/files/images/00000001.tif/full/!400,400/0/default.jpg"$"Komplett"$"Original"$"Standard"$"Einzelseite"$"2013"$"2013"$"Universitätsbibliothek Landes- und Murhardsche Bibliothek der Stadt Kassel"$"https://d-nb.info/gnd/10008839-9"$"Kassel"$"https://d-nb.info/gnd/4029869-3"$"Universitätsbibliothek Landes- und Murhardsche Bibliothek der Stadt Kassel"$"https://d-nb.info/gnd/10008839-9"$"Kassel"$"https://d-nb.info/gnd/4029869-3"
"101"$"2° Ms. theol. 107"$"https://orka.bibliothek.uni-kassel.de/viewer/api/v1/records/1704186283123/manifest/"$"https://orka.bibliothek.uni-kassel.de/viewer/image/1704186283123/"$"https://orka.bibliothek.uni-kassel.de/viewer/api/v1/records/1704186283123/files/images/000001.tif/full/!400,400/0/default.jpg"$"Komplett"$"Original"$"Standard"$"Einzelseite"$"2024"$"2024"$"Universitätsbibliothek Landes- und Murhardsche Bibliothek der Stadt Kassel"$"https://d-nb.info/gnd/10008839-9"$"Kassel"$"https://d-nb.info/gnd/4029869-3"$"Universitätsbibliothek Landes- und Murhardsche Bibliothek der Stadt Kassel"$"https://d-nb.info/gnd/10008839-9"$"Kassel"$"https://d-nb.info/gnd/4029869-3"
"102"$"2° Ms. theol. 108"$"https://orka.bibliothek.uni-kassel.de/viewer/api/v1/records/1704707016717/manifest/"$"https://orka.bibliothek.uni-kassel.de/viewer/image/1704707016717/"$"https://orka.bibliothek.uni-kassel.de/viewer/api/v1/records/1704707016717/files/images/000001.tif/full/!400,400/0/default.jpg"$"Komplett"$"Original"$"Standard"$"Einzelseite"$"2024"$"2024"$"Universitätsbibliothek Landes- und Murhardsche Bibliothek der Stadt Kassel"$"https://d-nb.info/gnd/10008839-9"$"Kassel"$"https://d-nb.info/gnd/4029869-3"$"Universitätsbibliothek Landes- und Murhardsche Bibliothek der Stadt Kassel"$"https://d-nb.info/gnd/10008839-9"$"Kassel"$"https://d-nb.info/gnd/4029869-3"
"103"$"2° Ms. theol. 109"$"https://orka.bibliothek.uni-kassel.de/viewer/api/v1/records/1444297622491/manifest/"$"https://orka.bibliothek.uni-kassel.de/viewer/image/1444297622491/"$"https://orka.bibliothek.uni-kassel.de/viewer/api/v1/records/1444297622491/files/images/00000001.tif/full/!400,400/0/default.jpg"$"Komplett"$"Original"$"Standard"$"Einzelseite"$"2015"$"2015"$"Universitätsbibliothek Landes- und Murhardsche Bibliothek der Stadt Kassel"$"https://d-nb.info/gnd/10008839-9"$"Kassel"$"https://d-nb.info/gnd/4029869-3"$"Universitätsbibliothek Landes- und Murhardsche Bibliothek der Stadt Kassel"$"https://d-nb.info/gnd/10008839-9"$"Kassel"$"https://d-nb.info/gnd/4029869-3"
"104"$"2° Ms. theol. 11"$"https://orka.bibliothek.uni-kassel.de/viewer/api/v1/records/1565681365678/manifest/"$"https://orka.bibliothek.uni-kassel.de/viewer/image/1565681365678/"$"https://orka.bibliothek.uni-kassel.de/viewer/api/v1/records/1565681365678/files/images/0001.tif/full/!400,400/0/default.jpg"$"Komplett"$"Original"$"Standard"$"Einzelseite"$"2019"$"2019"$"Universitätsbibliothek Landes- und Murhardsche Bibliothek der Stadt Kassel"$"https://d-nb.info/gnd/10008839-9"$"Kassel"$"https://d-nb.info/gnd/4029869-3"$"Universitätsbibliothek Landes- und Murhardsche Bibliothek der Stadt Kassel"$"https://d-nb.info/gnd/10008839-9"$"Kassel"$"https://d-nb.info/gnd/4029869-3"
"105"$"2° Ms. theol. 110"$"https://orka.bibliothek.uni-kassel.de/viewer/api/v1/records/1597735466207/manifest/"$"https://orka.bibliothek.uni-kassel.de/viewer/image/1597735466207/"$"https://orka.bibliothek.uni-kassel.de/viewer/api/v1/records/1597735466207/files/images/000001.tif/full/!400,400/0/default.jpg"$"Komplett"$"Original"$"Standard"$"Einzelseite"$"2020"$"2020"$"Universitätsbibliothek Landes- und Murhardsche Bibliothek der Stadt Kassel"$"https://d-nb.info/gnd/10008839-9"$"Kassel"$"https://d-nb.info/gnd/4029869-3"$"Universitätsbibliothek Landes- und Murhardsche Bibliothek der Stadt Kassel"$"https://d-nb.info/gnd/10008839-9"$"Kassel"$"https://d-nb.info/gnd/4029869-3"
"106"$"2° Ms. theol. 111"$"https://orka.bibliothek.uni-kassel.de/viewer/api/v1/records/1710847207455/manifest/"$"https://orka.bibliothek.uni-kassel.de/viewer/image/1710847207455/"$"https://orka.bibliothek.uni-kassel.de/viewer/api/v1/records/1710847207455/files/images/000001.tif/full/!400,400/0/default.jpg"$"Komplett"$"Original"$"Standard"$"Einzelseite"$"2024"$"2024"$"Universitätsbibliothek Landes- und Murhardsche Bibliothek der Stadt Kassel"$"https://d-nb.info/gnd/10008839-9"$"Kassel"$"https://d-nb.info/gnd/4029869-3"$"Universitätsbibliothek Landes- und Murhardsche Bibliothek der Stadt Kassel"$"https://d-nb.info/gnd/10008839-9"$"Kassel"$"https://d-nb.info/gnd/4029869-3"
"107"$"2° Ms. theol. 112"$"https://orka.bibliothek.uni-kassel.de/viewer/api/v1/records/1689586560385/manifest/"$"https://orka.bibliothek.uni-kassel.de/viewer/image/1689586560385/"$"https://orka.bibliothek.uni-kassel.de/viewer/api/v1/records/1689586560385/files/images/00000001.tif/full/!400,400/0/default.jpg"$"Komplett"$"Original"$"Standard"$"Einzelseite"$"2023"$"2023"$"Universitätsbibliothek Landes- und Murhardsche Bibliothek der Stadt Kassel"$"https://d-nb.info/gnd/10008839-9"$"Kassel"$"https://d-nb.info/gnd/4029869-3"$"Universitätsbibliothek Landes- und Murhardsche Bibliothek der Stadt Kassel"$"https://d-nb.info/gnd/10008839-9"$"Kassel"$"https://d-nb.info/gnd/4029869-3"
"108"$"2° Ms. theol. 113"$"https://orka.bibliothek.uni-kassel.de/viewer/api/v1/records/1704809676554/manifest/"$"https://orka.bibliothek.uni-kassel.de/viewer/image/1704809676554/"$"https://orka.bibliothek.uni-kassel.de/viewer/api/v1/records/1704809676554/files/images/000001.tif/full/!400,400/0/default.jpg"$"Komplett"$"Original"$"Standard"$"Einzelseite"$"2024"$"2024"$"Universitätsbibliothek Landes- und Murhardsche Bibliothek der Stadt Kassel"$"https://d-nb.info/gnd/10008839-9"$"Kassel"$"https://d-nb.info/gnd/4029869-3"$"Universitätsbibliothek Landes- und Murhardsche Bibliothek der Stadt Kassel"$"https://d-nb.info/gnd/10008839-9"$"Kassel"$"https://d-nb.info/gnd/4029869-3"
"109"$"2° Ms. theol. 114"$"https://orka.bibliothek.uni-kassel.de/viewer/api/v1/records/1352286635201/manifest/"$"https://orka.bibliothek.uni-kassel.de/viewer/image/1352286635201/"$"https://orka.bibliothek.uni-kassel.de/viewer/api/v1/records/1352286635201/files/images/00000001.tif/full/!400,400/0/default.jpg"$"Komplett"$"Original"$"Standard"$"Einzelseite"$"2012"$"2012"$"Universitätsbibliothek Landes- und Murhardsche Bibliothek der Stadt Kassel"$"https://d-nb.info/gnd/10008839-9"$"Kassel"$"https://d-nb.info/gnd/4029869-3"$"Universitätsbibliothek Landes- und Murhardsche Bibliothek der Stadt Kassel"$"https://d-nb.info/gnd/10008839-9"$"Kassel"$"https://d-nb.info/gnd/4029869-3"
"110"$"2° Ms. theol. 116"$"https://orka.bibliothek.uni-kassel.de/viewer/api/v1/records/1680160750842/manifest/"$"https://orka.bibliothek.uni-kassel.de/viewer/image/1680160750842/"$"https://orka.bibliothek.uni-kassel.de/viewer/api/v1/records/1680160750842/files/images/000001.tif/full/!400,400/0/default.jpg"$"Komplett"$"Original"$"Standard"$"Einzelseite"$"2023"$"2023"$"Universitätsbibliothek Landes- und Murhardsche Bibliothek der Stadt Kassel"$"https://d-nb.info/gnd/10008839-9"$"Kassel"$"https://d-nb.info/gnd/4029869-3"$"Universitätsbibliothek Landes- und Murhardsche Bibliothek der Stadt Kassel"$"https://d-nb.info/gnd/10008839-9"$"Kassel"$"https://d-nb.info/gnd/4029869-3"
"111"$"2° Ms. theol. 117"$"https://orka.bibliothek.uni-kassel.de/viewer/api/v1/records/1680691036066/manifest/"$"https://orka.bibliothek.uni-kassel.de/viewer/image/1680691036066/"$"https://orka.bibliothek.uni-kassel.de/viewer/api/v1/records/1680691036066/files/images/000001.tif/full/!400,400/0/default.jpg"$"Komplett"$"Original"$"Standard"$"Einzelseite"$"2023"$"2023"$"Universitätsbibliothek Landes- und Murhardsche Bibliothek der Stadt Kassel"$"https://d-nb.info/gnd/10008839-9"$"Kassel"$"https://d-nb.info/gnd/4029869-3"$"Universitätsbibliothek Landes- und Murhardsche Bibliothek der Stadt Kassel"$"https://d-nb.info/gnd/10008839-9"$"Kassel"$"https://d-nb.info/gnd/4029869-3"
"112"$"2° Ms. theol. 118"$"https://orka.bibliothek.uni-kassel.de/viewer/api/v1/records/1681380150286/manifest/"$"https://orka.bibliothek.uni-kassel.de/viewer/image/1681380150286/"$"https://orka.bibliothek.uni-kassel.de/viewer/api/v1/records/1681380150286/files/images/000001.tif/full/!400,400/0/default.jpg"$"Komplett"$"Original"$"Standard"$"Einzelseite"$"2023"$"2023"$"Universitätsbibliothek Landes- und Murhardsche Bibliothek der Stadt Kassel"$"https://d-nb.info/gnd/10008839-9"$"Kassel"$"https://d-nb.info/gnd/4029869-3"$"Universitätsbibliothek Landes- und Murhardsche Bibliothek der Stadt Kassel"$"https://d-nb.info/gnd/10008839-9"$"Kassel"$"https://d-nb.info/gnd/4029869-3"
"113"$"2° Ms. theol. 119"$"https://orka.bibliothek.uni-kassel.de/viewer/api/v1/records/1677056583701/manifest/"$"https://orka.bibliothek.uni-kassel.de/viewer/image/1677056583701/"$"https://orka.bibliothek.uni-kassel.de/viewer/api/v1/records/1677056583701/files/images/000001.tif/full/!400,400/0/default.jpg"$"Komplett"$"Original"$"Standard"$"Einzelseite"$"2023"$"2023"$"Universitätsbibliothek Landes- und Murhardsche Bibliothek der Stadt Kassel"$"https://d-nb.info/gnd/10008839-9"$"Kassel"$"https://d-nb.info/gnd/4029869-3"$"Universitätsbibliothek Landes- und Murhardsche Bibliothek der Stadt Kassel"$"https://d-nb.info/gnd/10008839-9"$"Kassel"$"https://d-nb.info/gnd/4029869-3"
"114"$"2° Ms. theol. 12"$"https://orka.bibliothek.uni-kassel.de/viewer/api/v1/records/1571647628992/manifest/"$"https://orka.bibliothek.uni-kassel.de/viewer/image/1571647628992/"$"https://orka.bibliothek.uni-kassel.de/viewer/api/v1/records/1571647628992/files/images/00000001.tif/full/!400,400/0/default.jpg"$"Komplett"$"Original"$"Standard"$"Einzelseite"$"2019"$"2019"$"Universitätsbibliothek Landes- und Murhardsche Bibliothek der Stadt Kassel"$"https://d-nb.info/gnd/10008839-9"$"Kassel"$"https://d-nb.info/gnd/4029869-3"$"Universitätsbibliothek Landes- und Murhardsche Bibliothek der Stadt Kassel"$"https://d-nb.info/gnd/10008839-9"$"Kassel"$"https://d-nb.info/gnd/4029869-3"
"115"$"2° Ms. theol. 121"$"https://orka.bibliothek.uni-kassel.de/viewer/api/v1/records/1676619826902/manifest/"$"https://orka.bibliothek.uni-kassel.de/viewer/image/1676619826902/"$"https://orka.bibliothek.uni-kassel.de/viewer/api/v1/records/1676619826902/files/images/000001.tif/full/!400,400/0/default.jpg"$"Komplett"$"Original"$"Standard"$"Einzelseite"$"2023"$"2023"$"Universitätsbibliothek Landes- und Murhardsche Bibliothek der Stadt Kassel"$"https://d-nb.info/gnd/10008839-9"$"Kassel"$"https://d-nb.info/gnd/4029869-3"$"Universitätsbibliothek Landes- und Murhardsche Bibliothek der Stadt Kassel"$"https://d-nb.info/gnd/10008839-9"$"Kassel"$"https://d-nb.info/gnd/4029869-3"
"116"$"2° Ms. theol. 122"$"https://orka.bibliothek.uni-kassel.de/viewer/api/v1/records/1681817119130/manifest/"$"https://orka.bibliothek.uni-kassel.de/viewer/image/1681817119130/"$"https://orka.bibliothek.uni-kassel.de/viewer/api/v1/records/1681817119130/files/images/000001.tif/full/!400,400/0/default.jpg"$"Komplett"$"Original"$"Standard"$"Einzelseite"$"2023"$"2023"$"Universitätsbibliothek Landes- und Murhardsche Bibliothek der Stadt Kassel"$"https://d-nb.info/gnd/10008839-9"$"Kassel"$"https://d-nb.info/gnd/4029869-3"$"Universitätsbibliothek Landes- und Murhardsche Bibliothek der Stadt Kassel"$"https://d-nb.info/gnd/10008839-9"$"Kassel"$"https://d-nb.info/gnd/4029869-3"
"117"$"2° Ms. theol. 123"$"https://orka.bibliothek.uni-kassel.de/viewer/api/v1/records/1683720180536/manifest/"$"https://orka.bibliothek.uni-kassel.de/viewer/image/1683720180536/"$"https://orka.bibliothek.uni-kassel.de/viewer/api/v1/records/1683720180536/files/images/00000001.tif/full/!400,400/0/default.jpg"$"Komplett"$"Original"$"Standard"$"Einzelseite"$"2023"$"2023"$"Universitätsbibliothek Landes- und Murhardsche Bibliothek der Stadt Kassel"$"https://d-nb.info/gnd/10008839-9"$"Kassel"$"https://d-nb.info/gnd/4029869-3"$"Universitätsbibliothek Landes- und Murhardsche Bibliothek der Stadt Kassel"$"https://d-nb.info/gnd/10008839-9"$"Kassel"$"https://d-nb.info/gnd/4029869-3"
"118"$"2° Ms. theol. 124"$"https://orka.bibliothek.uni-kassel.de/viewer/api/v1/records/1686557742397/manifest/"$"https://orka.bibliothek.uni-kassel.de/viewer/image/1686557742397/"$"https://orka.bibliothek.uni-kassel.de/viewer/api/v1/records/1686557742397/files/images/000001.tif/full/!400,400/0/default.jpg"$"Komplett"$"Original"$"Standard"$"Einzelseite"$"2023"$"2023"$"Universitätsbibliothek Landes- und Murhardsche Bibliothek der Stadt Kassel"$"https://d-nb.info/gnd/10008839-9"$"Kassel"$"https://d-nb.info/gnd/4029869-3"$"Universitätsbibliothek Landes- und Murhardsche Bibliothek der Stadt Kassel"$"https://d-nb.info/gnd/10008839-9"$"Kassel"$"https://d-nb.info/gnd/4029869-3"
"119"$"2° Ms. theol. 125"$"https://orka.bibliothek.uni-kassel.de/viewer/api/v1/records/1684934110410/manifest/"$"https://orka.bibliothek.uni-kassel.de/viewer/image/1684934110410/"$"https://orka.bibliothek.uni-kassel.de/viewer/api/v1/records/1684934110410/files/images/00000001.tif/full/!400,400/0/default.jpg"$"Komplett"$"Original"$"Standard"$"Einzelseite"$"2023"$"2023"$"Universitätsbibliothek Landes- und Murhardsche Bibliothek der Stadt Kassel"$"https://d-nb.info/gnd/10008839-9"$"Kassel"$"https://d-nb.info/gnd/4029869-3"$"Universitätsbibliothek Landes- und Murhardsche Bibliothek der Stadt Kassel"$"https://d-nb.info/gnd/10008839-9"$"Kassel"$"https://d-nb.info/gnd/4029869-3"
"120"$"2° Ms. theol. 126"$"https://orka.bibliothek.uni-kassel.de/viewer/api/v1/records/1714465438909/manifest/"$"https://orka.bibliothek.uni-kassel.de/viewer/image/1714465438909/"$"https://orka.bibliothek.uni-kassel.de/viewer/api/v1/records/1714465438909/files/images/000001.tif/full/!400,400/0/default.jpg"$"Komplett"$"Original"$"Standard"$"Einzelseite"$"2024"$"2024"$"Universitätsbibliothek Landes- und Murhardsche Bibliothek der Stadt Kassel"$"https://d-nb.info/gnd/10008839-9"$"Kassel"$"https://d-nb.info/gnd/4029869-3"$"Universitätsbibliothek Landes- und Murhardsche Bibliothek der Stadt Kassel"$"https://d-nb.info/gnd/10008839-9"$"Kassel"$"https://d-nb.info/gnd/4029869-3"
"121"$"2° Ms. theol. 127"$"https://orka.bibliothek.uni-kassel.de/viewer/api/v1/records/1695025345795/manifest/"$"https://orka.bibliothek.uni-kassel.de/viewer/image/1695025345795/"$"https://orka.bibliothek.uni-kassel.de/viewer/api/v1/records/1695025345795/files/images/000001.tif/full/!400,400/0/default.jpg"$"Komplett"$"Original"$"Standard"$"Einzelseite"$"2023"$"2023"$"Universitätsbibliothek Landes- und Murhardsche Bibliothek der Stadt Kassel"$"https://d-nb.info/gnd/10008839-9"$"Kassel"$"https://d-nb.info/gnd/4029869-3"$"Universitätsbibliothek Landes- und Murhardsche Bibliothek der Stadt Kassel"$"https://d-nb.info/gnd/10008839-9"$"Kassel"$"https://d-nb.info/gnd/4029869-3"
"122"$"2° Ms. theol. 13"$"https://orka.bibliothek.uni-kassel.de/viewer/api/v1/records/1571647734812/manifest/"$"https://orka.bibliothek.uni-kassel.de/viewer/image/1571647734812/"$"https://orka.bibliothek.uni-kassel.de/viewer/api/v1/records/1571647734812/files/images/00001.tif/full/!400,400/0/default.jpg"$"Komplett"$"Original"$"Standard"$"Einzelseite"$"2019"$"2019"$"Universitätsbibliothek Landes- und Murhardsche Bibliothek der Stadt Kassel"$"https://d-nb.info/gnd/10008839-9"$"Kassel"$"https://d-nb.info/gnd/4029869-3"$"Universitätsbibliothek Landes- und Murhardsche Bibliothek der Stadt Kassel"$"https://d-nb.info/gnd/10008839-9"$"Kassel"$"https://d-nb.info/gnd/4029869-3"
"123"$"2° Ms. theol. 132"$"https://orka.bibliothek.uni-kassel.de/viewer/api/v1/records/1720606374528/manifest/"$"https://orka.bibliothek.uni-kassel.de/viewer/image/1720606374528/"$"https://orka.bibliothek.uni-kassel.de/viewer/api/v1/records/1720606374528/files/images/000001.tif/full/!400,400/0/default.jpg"$"Komplett"$"Original"$"Standard"$"Einzelseite"$"2024"$"2024"$"Universitätsbibliothek Landes- und Murhardsche Bibliothek der Stadt Kassel"$"https://d-nb.info/gnd/10008839-9"$"Kassel"$"https://d-nb.info/gnd/4029869-3"$"Universitätsbibliothek Landes- und Murhardsche Bibliothek der Stadt Kassel"$"https://d-nb.info/gnd/10008839-9"$"Kassel"$"https://d-nb.info/gnd/4029869-3"
"124"$"2° Ms. theol. 14"$"https://orka.bibliothek.uni-kassel.de/viewer/api/v1/records/1642683283847/manifest/"$"https://orka.bibliothek.uni-kassel.de/viewer/image/1642683283847/"$"https://orka.bibliothek.uni-kassel.de/viewer/api/v1/records/1642683283847/files/images/000001.tif/full/!400,400/0/default.jpg"$"Komplett"$"Original"$"Standard"$"Einzelseite"$"2022"$"2022"$"Universitätsbibliothek Landes- und Murhardsche Bibliothek der Stadt Kassel"$"https://d-nb.info/gnd/10008839-9"$"Kassel"$"https://d-nb.info/gnd/4029869-3"$"Universitätsbibliothek Landes- und Murhardsche Bibliothek der Stadt Kassel"$"https://d-nb.info/gnd/10008839-9"$"Kassel"$"https://d-nb.info/gnd/4029869-3"
"125"$"2° Ms. theol. 143"$"https://orka.bibliothek.uni-kassel.de/viewer/api/v1/records/1373020256663/manifest/"$"https://orka.bibliothek.uni-kassel.de/viewer/image/1373020256663/"$"https://orka.bibliothek.uni-kassel.de/viewer/api/v1/records/1373020256663/files/images/00000001.tif/full/!400,400/0/default.jpg"$"Komplett"$"Original"$"Standard"$"Einzelseite"$"2013"$"2013"$"Universitätsbibliothek Landes- und Murhardsche Bibliothek der Stadt Kassel"$"https://d-nb.info/gnd/10008839-9"$"Kassel"$"https://d-nb.info/gnd/4029869-3"$"Universitätsbibliothek Landes- und Murhardsche Bibliothek der Stadt Kassel"$"https://d-nb.info/gnd/10008839-9"$"Kassel"$"https://d-nb.info/gnd/4029869-3"
"126"$"2° Ms. theol. 144"$"https://orka.bibliothek.uni-kassel.de/viewer/api/v1/records/1373020376835/manifest/"$"https://orka.bibliothek.uni-kassel.de/viewer/image/1373020376835/"$"https://orka.bibliothek.uni-kassel.de/viewer/api/v1/records/1373020376835/files/images/00000001.tif/full/!400,400/0/default.jpg"$"Komplett"$"Original"$"Standard"$"Einzelseite"$"2013"$"2013"$"Universitätsbibliothek Landes- und Murhardsche Bibliothek der Stadt Kassel"$"https://d-nb.info/gnd/10008839-9"$"Kassel"$"https://d-nb.info/gnd/4029869-3"$"Universitätsbibliothek Landes- und Murhardsche Bibliothek der Stadt Kassel"$"https://d-nb.info/gnd/10008839-9"$"Kassel"$"https://d-nb.info/gnd/4029869-3"
"127"$"2° Ms. theol. 15"$"https://orka.bibliothek.uni-kassel.de/viewer/api/v1/records/1638873821663/manifest/"$"https://orka.bibliothek.uni-kassel.de/viewer/image/1638873821663/"$"https://orka.bibliothek.uni-kassel.de/viewer/api/v1/records/1638873821663/files/images/00000001.tif/full/!400,400/0/default.jpg"$"Komplett"$"Original"$"Standard"$"Einzelseite"$"2022"$"2022"$"Universitätsbibliothek Landes- und Murhardsche Bibliothek der Stadt Kassel"$"https://d-nb.info/gnd/10008839-9"$"Kassel"$"https://d-nb.info/gnd/4029869-3"$"Universitätsbibliothek Landes- und Murhardsche Bibliothek der Stadt Kassel"$"https://d-nb.info/gnd/10008839-9"$"Kassel"$"https://d-nb.info/gnd/4029869-3"
"128"$"2° Ms. theol. 151"$"https://orka.bibliothek.uni-kassel.de/viewer/api/v1/records/1429597685195/manifest/"$"https://orka.bibliothek.uni-kassel.de/viewer/image/1429597685195/"$"https://orka.bibliothek.uni-kassel.de/viewer/api/v1/records/1429597685195/files/images/00000001.tif/full/!400,400/0/default.jpg"$"Komplett"$"Original"$"Standard"$"Einzelseite"$"2015"$"2015"$"Universitätsbibliothek Landes- und Murhardsche Bibliothek der Stadt Kassel"$"https://d-nb.info/gnd/10008839-9"$"Kassel"$"https://d-nb.info/gnd/4029869-3"$"Universitätsbibliothek Landes- und Murhardsche Bibliothek der Stadt Kassel"$"https://d-nb.info/gnd/10008839-9"$"Kassel"$"https://d-nb.info/gnd/4029869-3"
"129"$"2° Ms. theol. 159"$"https://orka.bibliothek.uni-kassel.de/viewer/api/v1/records/1702392133252/manifest/"$"https://orka.bibliothek.uni-kassel.de/viewer/image/1702392133252/"$"https://orka.bibliothek.uni-kassel.de/viewer/api/v1/records/1702392133252/files/images/000001.tif/full/!400,400/0/default.jpg"$"Komplett"$"Original"$"Standard"$"Einzelseite"$"2023"$"2023"$"Universitätsbibliothek Landes- und Murhardsche Bibliothek der Stadt Kassel"$"https://d-nb.info/gnd/10008839-9"$"Kassel"$"https://d-nb.info/gnd/4029869-3"$"Universitätsbibliothek Landes- und Murhardsche Bibliothek der Stadt Kassel"$"https://d-nb.info/gnd/10008839-9"$"Kassel"$"https://d-nb.info/gnd/4029869-3"
"130"$"2° Ms. theol. 16"$"https://orka.bibliothek.uni-kassel.de/viewer/api/v1/records/1649070138594/manifest/"$"https://orka.bibliothek.uni-kassel.de/viewer/image/1649070138594/"$"https://orka.bibliothek.uni-kassel.de/viewer/api/v1/records/1649070138594/files/images/000001.tif/full/!400,400/0/default.jpg"$"Komplett"$"Original"$"Standard"$"Einzelseite"$"2022"$"2022"$"Universitätsbibliothek Landes- und Murhardsche Bibliothek der Stadt Kassel"$"https://d-nb.info/gnd/10008839-9"$"Kassel"$"https://d-nb.info/gnd/4029869-3"$"Universitätsbibliothek Landes- und Murhardsche Bibliothek der Stadt Kassel"$"https://d-nb.info/gnd/10008839-9"$"Kassel"$"https://d-nb.info/gnd/4029869-3"
"131"$"2° Ms. theol. 165[1"$"https://orka.bibliothek.uni-kassel.de/viewer/api/v1/records/1697459816650/manifest/"$"https://orka.bibliothek.uni-kassel.de/viewer/image/1697459816650/"$"https://orka.bibliothek.uni-kassel.de/viewer/api/v1/records/1697459816650/files/images/00000001.tif/full/!400,400/0/default.jpg"$"Komplett"$"Original"$"Standard"$"Einzelseite"$"2023"$"2023"$"Universitätsbibliothek Landes- und Murhardsche Bibliothek der Stadt Kassel"$"https://d-nb.info/gnd/10008839-9"$"Kassel"$"https://d-nb.info/gnd/4029869-3"$"Universitätsbibliothek Landes- und Murhardsche Bibliothek der Stadt Kassel"$"https://d-nb.info/gnd/10008839-9"$"Kassel"$"https://d-nb.info/gnd/4029869-3"
"132"$"2° Ms. theol. 165[2"$"https://orka.bibliothek.uni-kassel.de/viewer/api/v1/records/1697459948777/manifest/"$"https://orka.bibliothek.uni-kassel.de/viewer/image/1697459948777/"$"https://orka.bibliothek.uni-kassel.de/viewer/api/v1/records/1697459948777/files/images/000001.tif/full/!400,400/0/default.jpg"$"Komplett"$"Original"$"Standard"$"Einzelseite"$"2023"$"2023"$"Universitätsbibliothek Landes- und Murhardsche Bibliothek der Stadt Kassel"$"https://d-nb.info/gnd/10008839-9"$"Kassel"$"https://d-nb.info/gnd/4029869-3"$"Universitätsbibliothek Landes- und Murhardsche Bibliothek der Stadt Kassel"$"https://d-nb.info/gnd/10008839-9"$"Kassel"$"https://d-nb.info/gnd/4029869-3"
"133"$"2° Ms. theol. 166[1"$"https://orka.bibliothek.uni-kassel.de/viewer/api/v1/records/1697460036267/manifest/"$"https://orka.bibliothek.uni-kassel.de/viewer/image/1697460036267/"$"https://orka.bibliothek.uni-kassel.de/viewer/api/v1/records/1697460036267/files/images/000001.tif/full/!400,400/0/default.jpg"$"Komplett"$"Original"$"Standard"$"Einzelseite"$"2024"$"2024"$"Universitätsbibliothek Landes- und Murhardsche Bibliothek der Stadt Kassel"$"https://d-nb.info/gnd/10008839-9"$"Kassel"$"https://d-nb.info/gnd/4029869-3"$"Universitätsbibliothek Landes- und Murhardsche Bibliothek der Stadt Kassel"$"https://d-nb.info/gnd/10008839-9"$"Kassel"$"https://d-nb.info/gnd/4029869-3"
"134"$"2° Ms. theol. 166[2"$"https://orka.bibliothek.uni-kassel.de/viewer/api/v1/records/1697460167206/manifest/"$"https://orka.bibliothek.uni-kassel.de/viewer/image/1697460167206/"$"https://orka.bibliothek.uni-kassel.de/viewer/api/v1/records/1697460167206/files/images/00000001.tif/full/!400,400/0/default.jpg"$"Komplett"$"Original"$"Standard"$"Einzelseite"$"2024"$"2024"$"Universitätsbibliothek Landes- und Murhardsche Bibliothek der Stadt Kassel"$"https://d-nb.info/gnd/10008839-9"$"Kassel"$"https://d-nb.info/gnd/4029869-3"$"Universitätsbibliothek Landes- und Murhardsche Bibliothek der Stadt Kassel"$"https://d-nb.info/gnd/10008839-9"$"Kassel"$"https://d-nb.info/gnd/4029869-3"
"135"$"2° Ms. theol. 166[3"$"https://orka.bibliothek.uni-kassel.de/viewer/api/v1/records/1697460917599/manifest/"$"https://orka.bibliothek.uni-kassel.de/viewer/image/1697460917599/"$"https://orka.bibliothek.uni-kassel.de/viewer/api/v1/records/1697460917599/files/images/000001.tif/full/!400,400/0/default.jpg"$"Komplett"$"Original"$"Standard"$"Einzelseite"$"2024"$"2024"$"Universitätsbibliothek Landes- und Murhardsche Bibliothek der Stadt Kassel"$"https://d-nb.info/gnd/10008839-9"$"Kassel"$"https://d-nb.info/gnd/4029869-3"$"Universitätsbibliothek Landes- und Murhardsche Bibliothek der Stadt Kassel"$"https://d-nb.info/gnd/10008839-9"$"Kassel"$"https://d-nb.info/gnd/4029869-3"
"136"$"2° Ms. theol. 169"$"https://orka.bibliothek.uni-kassel.de/viewer/api/v1/records/1697461085998/manifest/"$"https://orka.bibliothek.uni-kassel.de/viewer/image/1697461085998/"$"https://orka.bibliothek.uni-kassel.de/viewer/api/v1/records/1697461085998/files/images/00000001.tif/full/!400,400/0/default.jpg"$"Komplett"$"Original"$"Standard"$"Einzelseite"$"2023"$"2023"$"Universitätsbibliothek Landes- und Murhardsche Bibliothek der Stadt Kassel"$"https://d-nb.info/gnd/10008839-9"$"Kassel"$"https://d-nb.info/gnd/4029869-3"$"Universitätsbibliothek Landes- und Murhardsche Bibliothek der Stadt Kassel"$"https://d-nb.info/gnd/10008839-9"$"Kassel"$"https://d-nb.info/gnd/4029869-3"
"137"$"2° Ms. theol. 17"$"https://orka.bibliothek.uni-kassel.de/viewer/api/v1/records/1687257582906/manifest/"$"https://orka.bibliothek.uni-kassel.de/viewer/image/1687257582906/"$"https://orka.bibliothek.uni-kassel.de/viewer/api/v1/records/1687257582906/files/images/000001.tif/full/!400,400/0/default.jpg"$"Komplett"$"Original"$"Standard"$"Einzelseite"$"2023"$"2023"$"Universitätsbibliothek Landes- und Murhardsche Bibliothek der Stadt Kassel"$"https://d-nb.info/gnd/10008839-9"$"Kassel"$"https://d-nb.info/gnd/4029869-3"$"Universitätsbibliothek Landes- und Murhardsche Bibliothek der Stadt Kassel"$"https://d-nb.info/gnd/10008839-9"$"Kassel"$"https://d-nb.info/gnd/4029869-3"
"138"$"2° Ms. theol. 171"$"https://orka.bibliothek.uni-kassel.de/viewer/api/v1/records/1697461280338/manifest/"$"https://orka.bibliothek.uni-kassel.de/viewer/image/1697461280338/"$"https://orka.bibliothek.uni-kassel.de/viewer/api/v1/records/1697461280338/files/images/00000001.tif/full/!400,400/0/default.jpg"$"Komplett"$"Original"$"Standard"$"Einzelseite"$"2023"$"2023"$"Universitätsbibliothek Landes- und Murhardsche Bibliothek der Stadt Kassel"$"https://d-nb.info/gnd/10008839-9"$"Kassel"$"https://d-nb.info/gnd/4029869-3"$"Universitätsbibliothek Landes- und Murhardsche Bibliothek der Stadt Kassel"$"https://d-nb.info/gnd/10008839-9"$"Kassel"$"https://d-nb.info/gnd/4029869-3"
"139"$"2° Ms. theol. 173"$"https://orka.bibliothek.uni-kassel.de/viewer/api/v1/records/1697461380993/manifest/"$"https://orka.bibliothek.uni-kassel.de/viewer/image/1697461380993/"$"https://orka.bibliothek.uni-kassel.de/viewer/api/v1/records/1697461380993/files/images/00000001.tif/full/!400,400/0/default.jpg"$"Komplett"$"Original"$"Standard"$"Einzelseite"$"2023"$"2023"$"Universitätsbibliothek Landes- und Murhardsche Bibliothek der Stadt Kassel"$"https://d-nb.info/gnd/10008839-9"$"Kassel"$"https://d-nb.info/gnd/4029869-3"$"Universitätsbibliothek Landes- und Murhardsche Bibliothek der Stadt Kassel"$"https://d-nb.info/gnd/10008839-9"$"Kassel"$"https://d-nb.info/gnd/4029869-3"
"140"$"2° Ms. theol. 174[1"$"https://orka.bibliothek.uni-kassel.de/viewer/api/v1/records/1697461509900/manifest/"$"https://orka.bibliothek.uni-kassel.de/viewer/image/1697461509900/"$"https://orka.bibliothek.uni-kassel.de/viewer/api/v1/records/1697461509900/files/images/00000001.tif/full/!400,400/0/default.jpg"$"Komplett"$"Original"$"Standard"$"Einzelseite"$"2023"$"2023"$"Universitätsbibliothek Landes- und Murhardsche Bibliothek der Stadt Kassel"$"https://d-nb.info/gnd/10008839-9"$"Kassel"$"https://d-nb.info/gnd/4029869-3"$"Universitätsbibliothek Landes- und Murhardsche Bibliothek der Stadt Kassel"$"https://d-nb.info/gnd/10008839-9"$"Kassel"$"https://d-nb.info/gnd/4029869-3"
"141"$"2° Ms. theol. 174[2"$"https://orka.bibliothek.uni-kassel.de/viewer/api/v1/records/1697461613215/manifest/"$"https://orka.bibliothek.uni-kassel.de/viewer/image/1697461613215/"$"https://orka.bibliothek.uni-kassel.de/viewer/api/v1/records/1697461613215/files/images/00000001.tif/full/!400,400/0/default.jpg"$"Komplett"$"Original"$"Standard"$"Einzelseite"$"2023"$"2023"$"Universitätsbibliothek Landes- und Murhardsche Bibliothek der Stadt Kassel"$"https://d-nb.info/gnd/10008839-9"$"Kassel"$"https://d-nb.info/gnd/4029869-3"$"Universitätsbibliothek Landes- und Murhardsche Bibliothek der Stadt Kassel"$"https://d-nb.info/gnd/10008839-9"$"Kassel"$"https://d-nb.info/gnd/4029869-3"
"142"$"2° Ms. theol. 176"$"https://orka.bibliothek.uni-kassel.de/viewer/api/v1/records/1697461707931/manifest/"$"https://orka.bibliothek.uni-kassel.de/viewer/image/1697461707931/"$"https://orka.bibliothek.uni-kassel.de/viewer/api/v1/records/1697461707931/files/images/000001.tif/full/!400,400/0/default.jpg"$"Komplett"$"Original"$"Standard"$"Einzelseite"$"2023"$"2023"$"Universitätsbibliothek Landes- und Murhardsche Bibliothek der Stadt Kassel"$"https://d-nb.info/gnd/10008839-9"$"Kassel"$"https://d-nb.info/gnd/4029869-3"$"Universitätsbibliothek Landes- und Murhardsche Bibliothek der Stadt Kassel"$"https://d-nb.info/gnd/10008839-9"$"Kassel"$"https://d-nb.info/gnd/4029869-3"
"143"$"2° Ms. theol. 177"$"https://orka.bibliothek.uni-kassel.de/viewer/api/v1/records/1697461859037/manifest/"$"https://orka.bibliothek.uni-kassel.de/viewer/image/1697461859037/"$"https://orka.bibliothek.uni-kassel.de/viewer/api/v1/records/1697461859037/files/images/00000001.tif/full/!400,400/0/default.jpg"$"Komplett"$"Original"$"Standard"$"Einzelseite"$"2023"$"2023"$"Universitätsbibliothek Landes- und Murhardsche Bibliothek der Stadt Kassel"$"https://d-nb.info/gnd/10008839-9"$"Kassel"$"https://d-nb.info/gnd/4029869-3"$"Universitätsbibliothek Landes- und Murhardsche Bibliothek der Stadt Kassel"$"https://d-nb.info/gnd/10008839-9"$"Kassel"$"https://d-nb.info/gnd/4029869-3"
"144"$"2° Ms. theol. 18"$"https://orka.bibliothek.uni-kassel.de/viewer/api/v1/records/1474527389426/manifest/"$"https://orka.bibliothek.uni-kassel.de/viewer/image/1474527389426/"$"https://orka.bibliothek.uni-kassel.de/viewer/api/v1/records/1474527389426/files/images/00000001.tif/full/!400,400/0/default.jpg"$"Komplett"$"Original"$"Standard"$"Einzelseite"$"2016"$"2016"$"Universitätsbibliothek Landes- und Murhardsche Bibliothek der Stadt Kassel"$"https://d-nb.info/gnd/10008839-9"$"Kassel"$"https://d-nb.info/gnd/4029869-3"$"Universitätsbibliothek Landes- und Murhardsche Bibliothek der Stadt Kassel"$"https://d-nb.info/gnd/10008839-9"$"Kassel"$"https://d-nb.info/gnd/4029869-3"
"145"$"2° Ms. theol. 180"$"https://orka.bibliothek.uni-kassel.de/viewer/api/v1/records/1697461982589/manifest/"$"https://orka.bibliothek.uni-kassel.de/viewer/image/1697461982589/"$"https://orka.bibliothek.uni-kassel.de/viewer/api/v1/records/1697461982589/files/images/00000001.tif/full/!400,400/0/default.jpg"$"Komplett"$"Original"$"Standard"$"Einzelseite"$"2023"$"2023"$"Universitätsbibliothek Landes- und Murhardsche Bibliothek der Stadt Kassel"$"https://d-nb.info/gnd/10008839-9"$"Kassel"$"https://d-nb.info/gnd/4029869-3"$"Universitätsbibliothek Landes- und Murhardsche Bibliothek der Stadt Kassel"$"https://d-nb.info/gnd/10008839-9"$"Kassel"$"https://d-nb.info/gnd/4029869-3"
"146"$"2° Ms. theol. 181"$"https://orka.bibliothek.uni-kassel.de/viewer/api/v1/records/1697462139515/manifest/"$"https://orka.bibliothek.uni-kassel.de/viewer/image/1697462139515/"$"https://orka.bibliothek.uni-kassel.de/viewer/api/v1/records/1697462139515/files/images/00000001.tif/full/!400,400/0/default.jpg"$"Komplett"$"Original"$"Standard"$"Einzelseite"$"2023"$"2023"$"Universitätsbibliothek Landes- und Murhardsche Bibliothek der Stadt Kassel"$"https://d-nb.info/gnd/10008839-9"$"Kassel"$"https://d-nb.info/gnd/4029869-3"$"Universitätsbibliothek Landes- und Murhardsche Bibliothek der Stadt Kassel"$"https://d-nb.info/gnd/10008839-9"$"Kassel"$"https://d-nb.info/gnd/4029869-3"
"147"$"2° Ms. theol. 182"$"https://orka.bibliothek.uni-kassel.de/viewer/api/v1/records/1697462244975/manifest/"$"https://orka.bibliothek.uni-kassel.de/viewer/image/1697462244975/"$"https://orka.bibliothek.uni-kassel.de/viewer/api/v1/records/1697462244975/files/images/00000001.tif/full/!400,400/0/default.jpg"$"Komplett"$"Original"$"Standard"$"Einzelseite"$"2023"$"2023"$"Universitätsbibliothek Landes- und Murhardsche Bibliothek der Stadt Kassel"$"https://d-nb.info/gnd/10008839-9"$"Kassel"$"https://d-nb.info/gnd/4029869-3"$"Universitätsbibliothek Landes- und Murhardsche Bibliothek der Stadt Kassel"$"https://d-nb.info/gnd/10008839-9"$"Kassel"$"https://d-nb.info/gnd/4029869-3"
"148"$"2° Ms. theol. 183"$"https://orka.bibliothek.uni-kassel.de/viewer/api/v1/records/1343807844376/manifest/"$"https://orka.bibliothek.uni-kassel.de/viewer/image/1343807844376/"$"https://orka.bibliothek.uni-kassel.de/viewer/api/v1/records/1343807844376/files/images/00000001.tif/full/!400,400/0/default.jpg"$"Komplett"$"Original"$"Standard"$"Einzelseite"$"2012"$"2012"$"Universitätsbibliothek Landes- und Murhardsche Bibliothek der Stadt Kassel"$"https://d-nb.info/gnd/10008839-9"$"Kassel"$"https://d-nb.info/gnd/4029869-3"$"Universitätsbibliothek Landes- und Murhardsche Bibliothek der Stadt Kassel"$"https://d-nb.info/gnd/10008839-9"$"Kassel"$"https://d-nb.info/gnd/4029869-3"
"149"$"2° Ms. theol. 184"$"https://orka.bibliothek.uni-kassel.de/viewer/api/v1/records/1314610133463/manifest/"$"https://orka.bibliothek.uni-kassel.de/viewer/image/1314610133463/"$"https://orka.bibliothek.uni-kassel.de/viewer/api/v1/records/1314610133463/files/images/00000001.tif/full/!400,400/0/default.jpg"$"Komplett"$"Original"$"Standard"$"Einzelseite"$"2011"$"2011"$"Universitätsbibliothek Landes- und Murhardsche Bibliothek der Stadt Kassel"$"https://d-nb.info/gnd/10008839-9"$"Kassel"$"https://d-nb.info/gnd/4029869-3"$"Universitätsbibliothek Landes- und Murhardsche Bibliothek der Stadt Kassel"$"https://d-nb.info/gnd/10008839-9"$"Kassel"$"https://d-nb.info/gnd/4029869-3"
"150"$"2° Ms. theol. 185"$"https://orka.bibliothek.uni-kassel.de/viewer/api/v1/records/1314262177632/manifest/"$"https://orka.bibliothek.uni-kassel.de/viewer/image/1314262177632/"$"https://orka.bibliothek.uni-kassel.de/viewer/api/v1/records/1314262177632/files/images/00000001.tif/full/!400,400/0/default.jpg"$"Komplett"$"Original"$"Standard"$"Einzelseite"$"2011"$"2011"$"Universitätsbibliothek Landes- und Murhardsche Bibliothek der Stadt Kassel"$"https://d-nb.info/gnd/10008839-9"$"Kassel"$"https://d-nb.info/gnd/4029869-3"$"Universitätsbibliothek Landes- und Murhardsche Bibliothek der Stadt Kassel"$"https://d-nb.info/gnd/10008839-9"$"Kassel"$"https://d-nb.info/gnd/4029869-3"
"151"$"2° Ms. theol. 186"$"https://orka.bibliothek.uni-kassel.de/viewer/api/v1/records/1314262268870/manifest/"$"https://orka.bibliothek.uni-kassel.de/viewer/image/1314262268870/"$"https://orka.bibliothek.uni-kassel.de/viewer/api/v1/records/1314262268870/files/images/00000001.tif/full/!400,400/0/default.jpg"$"Komplett"$"Original"$"Standard"$"Einzelseite"$"2011"$"2011"$"Universitätsbibliothek Landes- und Murhardsche Bibliothek der Stadt Kassel"$"https://d-nb.info/gnd/10008839-9"$"Kassel"$"https://d-nb.info/gnd/4029869-3"$"Universitätsbibliothek Landes- und Murhardsche Bibliothek der Stadt Kassel"$"https://d-nb.info/gnd/10008839-9"$"Kassel"$"https://d-nb.info/gnd/4029869-3"
"152"$"2° Ms. theol. 187"$"https://orka.bibliothek.uni-kassel.de/viewer/api/v1/records/1314262401531/manifest/"$"https://orka.bibliothek.uni-kassel.de/viewer/image/1314262401531/"$"https://orka.bibliothek.uni-kassel.de/viewer/api/v1/records/1314262401531/files/images/00000001.tif/full/!400,400/0/default.jpg"$"Komplett"$"Original"$"Standard"$"Einzelseite"$"2011"$"2011"$"Universitätsbibliothek Landes- und Murhardsche Bibliothek der Stadt Kassel"$"https://d-nb.info/gnd/10008839-9"$"Kassel"$"https://d-nb.info/gnd/4029869-3"$"Universitätsbibliothek Landes- und Murhardsche Bibliothek der Stadt Kassel"$"https://d-nb.info/gnd/10008839-9"$"Kassel"$"https://d-nb.info/gnd/4029869-3"
"153"$"2° Ms. theol. 188"$"https://orka.bibliothek.uni-kassel.de/viewer/api/v1/records/1697462376382/manifest/"$"https://orka.bibliothek.uni-kassel.de/viewer/image/1697462376382/"$"https://orka.bibliothek.uni-kassel.de/viewer/api/v1/records/1697462376382/files/images/00000001.tif/full/!400,400/0/default.jpg"$"Komplett"$"Original"$"Standard"$"Einzelseite"$"2014"$"2014"$"Universitätsbibliothek Landes- und Murhardsche Bibliothek der Stadt Kassel"$"https://d-nb.info/gnd/10008839-9"$"Kassel"$"https://d-nb.info/gnd/4029869-3"$"Universitätsbibliothek Landes- und Murhardsche Bibliothek der Stadt Kassel"$"https://d-nb.info/gnd/10008839-9"$"Kassel"$"https://d-nb.info/gnd/4029869-3"
"154"$"2° Ms. theol. 189"$"https://orka.bibliothek.uni-kassel.de/viewer/api/v1/records/1697462518028/manifest/"$"https://orka.bibliothek.uni-kassel.de/viewer/image/1697462518028/"$"https://orka.bibliothek.uni-kassel.de/viewer/api/v1/records/1697462518028/files/images/00000001.tif/full/!400,400/0/default.jpg"$"Komplett"$"Original"$"Standard"$"Einzelseite"$"2023"$"2023"$"Universitätsbibliothek Landes- und Murhardsche Bibliothek der Stadt Kassel"$"https://d-nb.info/gnd/10008839-9"$"Kassel"$"https://d-nb.info/gnd/4029869-3"$"Universitätsbibliothek Landes- und Murhardsche Bibliothek der Stadt Kassel"$"https://d-nb.info/gnd/10008839-9"$"Kassel"$"https://d-nb.info/gnd/4029869-3"
"155"$"2° Ms. theol. 19"$"https://orka.bibliothek.uni-kassel.de/viewer/api/v1/records/1476957494780/manifest/"$"https://orka.bibliothek.uni-kassel.de/viewer/image/1476957494780/"$"https://orka.bibliothek.uni-kassel.de/viewer/api/v1/records/1476957494780/files/images/00000001.tif/full/!400,400/0/default.jpg"$"Komplett"$"Original"$"Standard"$"Einzelseite"$"2016"$"2016"$"Universitätsbibliothek Landes- und Murhardsche Bibliothek der Stadt Kassel"$"https://d-nb.info/gnd/10008839-9"$"Kassel"$"https://d-nb.info/gnd/4029869-3"$"Universitätsbibliothek Landes- und Murhardsche Bibliothek der Stadt Kassel"$"https://d-nb.info/gnd/10008839-9"$"Kassel"$"https://d-nb.info/gnd/4029869-3"
"156"$"2° Ms. theol. 190"$"https://orka.bibliothek.uni-kassel.de/viewer/api/v1/records/1697462609876/manifest/"$"https://orka.bibliothek.uni-kassel.de/viewer/image/1697462609876/"$"https://orka.bibliothek.uni-kassel.de/viewer/api/v1/records/1697462609876/files/images/00000001.tif/full/!400,400/0/default.jpg"$"Komplett"$"Original"$"Standard"$"Einzelseite"$"2023"$"2023"$"Universitätsbibliothek Landes- und Murhardsche Bibliothek der Stadt Kassel"$"https://d-nb.info/gnd/10008839-9"$"Kassel"$"https://d-nb.info/gnd/4029869-3"$"Universitätsbibliothek Landes- und Murhardsche Bibliothek der Stadt Kassel"$"https://d-nb.info/gnd/10008839-9"$"Kassel"$"https://d-nb.info/gnd/4029869-3"
"157"$"2° Ms. theol. 191"$"https://orka.bibliothek.uni-kassel.de/viewer/api/v1/records/1697462695055/manifest/"$"https://orka.bibliothek.uni-kassel.de/viewer/image/1697462695055/"$"https://orka.bibliothek.uni-kassel.de/viewer/api/v1/records/1697462695055/files/images/00000001.tif/full/!400,400/0/default.jpg"$"Komplett"$"Original"$"Standard"$"Einzelseite"$"2023"$"2023"$"Universitätsbibliothek Landes- und Murhardsche Bibliothek der Stadt Kassel"$"https://d-nb.info/gnd/10008839-9"$"Kassel"$"https://d-nb.info/gnd/4029869-3"$"Universitätsbibliothek Landes- und Murhardsche Bibliothek der Stadt Kassel"$"https://d-nb.info/gnd/10008839-9"$"Kassel"$"https://d-nb.info/gnd/4029869-3"
"158"$"2° Ms. theol. 192"$"https://orka.bibliothek.uni-kassel.de/viewer/api/v1/records/1697462776908/manifest/"$"https://orka.bibliothek.uni-kassel.de/viewer/image/1697462776908/"$"https://orka.bibliothek.uni-kassel.de/viewer/api/v1/records/1697462776908/files/images/00000001.tif/full/!400,400/0/default.jpg"$"Komplett"$"Original"$"Standard"$"Einzelseite"$"2023"$"2023"$"Universitätsbibliothek Landes- und Murhardsche Bibliothek der Stadt Kassel"$"https://d-nb.info/gnd/10008839-9"$"Kassel"$"https://d-nb.info/gnd/4029869-3"$"Universitätsbibliothek Landes- und Murhardsche Bibliothek der Stadt Kassel"$"https://d-nb.info/gnd/10008839-9"$"Kassel"$"https://d-nb.info/gnd/4029869-3"
"159"$"2° Ms. theol. 193"$"https://orka.bibliothek.uni-kassel.de/viewer/api/v1/records/1697462864375/manifest/"$"https://orka.bibliothek.uni-kassel.de/viewer/image/1697462864375/"$"https://orka.bibliothek.uni-kassel.de/viewer/api/v1/records/1697462864375/files/images/00000001.tif/full/!400,400/0/default.jpg"$"Komplett"$"Original"$"Standard"$"Einzelseite"$"2023"$"2023"$"Universitätsbibliothek Landes- und Murhardsche Bibliothek der Stadt Kassel"$"https://d-nb.info/gnd/10008839-9"$"Kassel"$"https://d-nb.info/gnd/4029869-3"$"Universitätsbibliothek Landes- und Murhardsche Bibliothek der Stadt Kassel"$"https://d-nb.info/gnd/10008839-9"$"Kassel"$"https://d-nb.info/gnd/4029869-3"
"160"$"2° Ms. theol. 194"$"https://orka.bibliothek.uni-kassel.de/viewer/api/v1/records/1697462959167/manifest/"$"https://orka.bibliothek.uni-kassel.de/viewer/image/1697462959167/"$"https://orka.bibliothek.uni-kassel.de/viewer/api/v1/records/1697462959167/files/images/00000001.tif/full/!400,400/0/default.jpg"$"Komplett"$"Original"$"Standard"$"Einzelseite"$"2023"$"2023"$"Universitätsbibliothek Landes- und Murhardsche Bibliothek der Stadt Kassel"$"https://d-nb.info/gnd/10008839-9"$"Kassel"$"https://d-nb.info/gnd/4029869-3"$"Universitätsbibliothek Landes- und Murhardsche Bibliothek der Stadt Kassel"$"https://d-nb.info/gnd/10008839-9"$"Kassel"$"https://d-nb.info/gnd/4029869-3"
"161"$"2° Ms. theol. 195"$"https://orka.bibliothek.uni-kassel.de/viewer/api/v1/records/1697463025576/manifest/"$"https://orka.bibliothek.uni-kassel.de/viewer/image/1697463025576/"$"https://orka.bibliothek.uni-kassel.de/viewer/api/v1/records/1697463025576/files/images/00000001.tif/full/!400,400/0/default.jpg"$"Komplett"$"Original"$"Standard"$"Einzelseite"$"2023"$"2023"$"Universitätsbibliothek Landes- und Murhardsche Bibliothek der Stadt Kassel"$"https://d-nb.info/gnd/10008839-9"$"Kassel"$"https://d-nb.info/gnd/4029869-3"$"Universitätsbibliothek Landes- und Murhardsche Bibliothek der Stadt Kassel"$"https://d-nb.info/gnd/10008839-9"$"Kassel"$"https://d-nb.info/gnd/4029869-3"
"162"$"2° Ms. theol. 196"$"https://orka.bibliothek.uni-kassel.de/viewer/api/v1/records/1697463109420/manifest/"$"https://orka.bibliothek.uni-kassel.de/viewer/image/1697463109420/"$"https://orka.bibliothek.uni-kassel.de/viewer/api/v1/records/1697463109420/files/images/00000001.tif/full/!400,400/0/default.jpg"$"Komplett"$"Original"$"Standard"$"Einzelseite"$"2023"$"2023"$"Universitätsbibliothek Landes- und Murhardsche Bibliothek der Stadt Kassel"$"https://d-nb.info/gnd/10008839-9"$"Kassel"$"https://d-nb.info/gnd/4029869-3"$"Universitätsbibliothek Landes- und Murhardsche Bibliothek der Stadt Kassel"$"https://d-nb.info/gnd/10008839-9"$"Kassel"$"https://d-nb.info/gnd/4029869-3"
"163"$"2° Ms. theol. 197"$"https://orka.bibliothek.uni-kassel.de/viewer/api/v1/records/1697463177899/manifest/"$"https://orka.bibliothek.uni-kassel.de/viewer/image/1697463177899/"$"https://orka.bibliothek.uni-kassel.de/viewer/api/v1/records/1697463177899/files/images/00000001.tif/full/!400,400/0/default.jpg"$"Komplett"$"Original"$"Standard"$"Einzelseite"$"2023"$"2023"$"Universitätsbibliothek Landes- und Murhardsche Bibliothek der Stadt Kassel"$"https://d-nb.info/gnd/10008839-9"$"Kassel"$"https://d-nb.info/gnd/4029869-3"$"Universitätsbibliothek Landes- und Murhardsche Bibliothek der Stadt Kassel"$"https://d-nb.info/gnd/10008839-9"$"Kassel"$"https://d-nb.info/gnd/4029869-3"
"164"$"2° Ms. theol. 198"$"https://orka.bibliothek.uni-kassel.de/viewer/api/v1/records/1697463341351/manifest/"$"https://orka.bibliothek.uni-kassel.de/viewer/image/1697463341351/"$"https://orka.bibliothek.uni-kassel.de/viewer/api/v1/records/1697463341351/files/images/00000001.tif/full/!400,400/0/default.jpg"$"Komplett"$"Original"$"Standard"$"Einzelseite"$"2023"$"2023"$"Universitätsbibliothek Landes- und Murhardsche Bibliothek der Stadt Kassel"$"https://d-nb.info/gnd/10008839-9"$"Kassel"$"https://d-nb.info/gnd/4029869-3"$"Universitätsbibliothek Landes- und Murhardsche Bibliothek der Stadt Kassel"$"https://d-nb.info/gnd/10008839-9"$"Kassel"$"https://d-nb.info/gnd/4029869-3"
"165"$"2° Ms. theol. 199"$"https://orka.bibliothek.uni-kassel.de/viewer/api/v1/records/1697463433651/manifest/"$"https://orka.bibliothek.uni-kassel.de/viewer/image/1697463433651/"$"https://orka.bibliothek.uni-kassel.de/viewer/api/v1/records/1697463433651/files/images/000001.tif/full/!400,400/0/default.jpg"$"Komplett"$"Original"$"Standard"$"Einzelseite"$"2024"$"2024"$"Universitätsbibliothek Landes- und Murhardsche Bibliothek der Stadt Kassel"$"https://d-nb.info/gnd/10008839-9"$"Kassel"$"https://d-nb.info/gnd/4029869-3"$"Universitätsbibliothek Landes- und Murhardsche Bibliothek der Stadt Kassel"$"https://d-nb.info/gnd/10008839-9"$"Kassel"$"https://d-nb.info/gnd/4029869-3"
"166"$"2° Ms. theol. 2"$"https://orka.bibliothek.uni-kassel.de/viewer/api/v1/records/1689240538407/manifest/"$"https://orka.bibliothek.uni-kassel.de/viewer/image/1689240538407/"$"https://orka.bibliothek.uni-kassel.de/viewer/api/v1/records/1689240538407/files/images/000001.tif/full/!400,400/0/default.jpg"$"Komplett"$"Original"$"Standard"$"Einzelseite"$"2023"$"2023"$"Universitätsbibliothek Landes- und Murhardsche Bibliothek der Stadt Kassel"$"https://d-nb.info/gnd/10008839-9"$"Kassel"$"https://d-nb.info/gnd/4029869-3"$"Universitätsbibliothek Landes- und Murhardsche Bibliothek der Stadt Kassel"$"https://d-nb.info/gnd/10008839-9"$"Kassel"$"https://d-nb.info/gnd/4029869-3"
"167"$"2° Ms. theol. 20"$"https://orka.bibliothek.uni-kassel.de/viewer/api/v1/records/1490014476672/manifest/"$"https://orka.bibliothek.uni-kassel.de/viewer/image/1490014476672/"$"https://orka.bibliothek.uni-kassel.de/viewer/api/v1/records/1490014476672/files/images/00000001.tif/full/!400,400/0/default.jpg"$"Komplett"$"Original"$"Standard"$"Einzelseite"$"2017"$"2017"$"Universitätsbibliothek Landes- und Murhardsche Bibliothek der Stadt Kassel"$"https://d-nb.info/gnd/10008839-9"$"Kassel"$"https://d-nb.info/gnd/4029869-3"$"Universitätsbibliothek Landes- und Murhardsche Bibliothek der Stadt Kassel"$"https://d-nb.info/gnd/10008839-9"$"Kassel"$"https://d-nb.info/gnd/4029869-3"
"168"$"2° Ms. theol. 200"$"https://orka.bibliothek.uni-kassel.de/viewer/api/v1/records/1697627012161/manifest/"$"https://orka.bibliothek.uni-kassel.de/viewer/image/1697627012161/"$"https://orka.bibliothek.uni-kassel.de/viewer/api/v1/records/1697627012161/files/images/00000001.tif/full/!400,400/0/default.jpg"$"Komplett"$"Original"$"Standard"$"Einzelseite"$"2024"$"2024"$"Universitätsbibliothek Landes- und Murhardsche Bibliothek der Stadt Kassel"$"https://d-nb.info/gnd/10008839-9"$"Kassel"$"https://d-nb.info/gnd/4029869-3"$"Universitätsbibliothek Landes- und Murhardsche Bibliothek der Stadt Kassel"$"https://d-nb.info/gnd/10008839-9"$"Kassel"$"https://d-nb.info/gnd/4029869-3"
"169"$"2° Ms. theol. 201"$"https://orka.bibliothek.uni-kassel.de/viewer/api/v1/records/1697627137144/manifest/"$"https://orka.bibliothek.uni-kassel.de/viewer/image/1697627137144/"$"https://orka.bibliothek.uni-kassel.de/viewer/api/v1/records/1697627137144/files/images/00000001.tif/full/!400,400/0/default.jpg"$"Komplett"$"Original"$"Standard"$"Einzelseite"$"2023"$"2023"$"Universitätsbibliothek Landes- und Murhardsche Bibliothek der Stadt Kassel"$"https://d-nb.info/gnd/10008839-9"$"Kassel"$"https://d-nb.info/gnd/4029869-3"$"Universitätsbibliothek Landes- und Murhardsche Bibliothek der Stadt Kassel"$"https://d-nb.info/gnd/10008839-9"$"Kassel"$"https://d-nb.info/gnd/4029869-3"
"170"$"2° Ms. theol. 202"$"https://orka.bibliothek.uni-kassel.de/viewer/api/v1/records/1697627220905/manifest/"$"https://orka.bibliothek.uni-kassel.de/viewer/image/1697627220905/"$"https://orka.bibliothek.uni-kassel.de/viewer/api/v1/records/1697627220905/files/images/00000001.tif/full/!400,400/0/default.jpg"$"Komplett"$"Original"$"Standard"$"Einzelseite"$"2023"$"2023"$"Universitätsbibliothek Landes- und Murhardsche Bibliothek der Stadt Kassel"$"https://d-nb.info/gnd/10008839-9"$"Kassel"$"https://d-nb.info/gnd/4029869-3"$"Universitätsbibliothek Landes- und Murhardsche Bibliothek der Stadt Kassel"$"https://d-nb.info/gnd/10008839-9"$"Kassel"$"https://d-nb.info/gnd/4029869-3"
"171"$"2° Ms. theol. 203"$"https://orka.bibliothek.uni-kassel.de/viewer/api/v1/records/1697627291408/manifest/"$"https://orka.bibliothek.uni-kassel.de/viewer/image/1697627291408/"$"https://orka.bibliothek.uni-kassel.de/viewer/api/v1/records/1697627291408/files/images/00000001.tif/full/!400,400/0/default.jpg"$"Komplett"$"Original"$"Standard"$"Einzelseite"$"2023"$"2023"$"Universitätsbibliothek Landes- und Murhardsche Bibliothek der Stadt Kassel"$"https://d-nb.info/gnd/10008839-9"$"Kassel"$"https://d-nb.info/gnd/4029869-3"$"Universitätsbibliothek Landes- und Murhardsche Bibliothek der Stadt Kassel"$"https://d-nb.info/gnd/10008839-9"$"Kassel"$"https://d-nb.info/gnd/4029869-3"
"172"$"2° Ms. theol. 204"$"https://orka.bibliothek.uni-kassel.de/viewer/api/v1/records/1697627370713/manifest/"$"https://orka.bibliothek.uni-kassel.de/viewer/image/1697627370713/"$"https://orka.bibliothek.uni-kassel.de/viewer/api/v1/records/1697627370713/files/images/000001.tif/full/!400,400/0/default.jpg"$"Komplett"$"Original"$"Standard"$"Einzelseite"$"2023"$"2023"$"Universitätsbibliothek Landes- und Murhardsche Bibliothek der Stadt Kassel"$"https://d-nb.info/gnd/10008839-9"$"Kassel"$"https://d-nb.info/gnd/4029869-3"$"Universitätsbibliothek Landes- und Murhardsche Bibliothek der Stadt Kassel"$"https://d-nb.info/gnd/10008839-9"$"Kassel"$"https://d-nb.info/gnd/4029869-3"
"173"$"2° Ms. theol. 205"$"https://orka.bibliothek.uni-kassel.de/viewer/api/v1/records/1697627457816/manifest/"$"https://orka.bibliothek.uni-kassel.de/viewer/image/1697627457816/"$"https://orka.bibliothek.uni-kassel.de/viewer/api/v1/records/1697627457816/files/images/00000001.tif/full/!400,400/0/default.jpg"$"Komplett"$"Original"$"Standard"$"Einzelseite"$"2023"$"2023"$"Universitätsbibliothek Landes- und Murhardsche Bibliothek der Stadt Kassel"$"https://d-nb.info/gnd/10008839-9"$"Kassel"$"https://d-nb.info/gnd/4029869-3"$"Universitätsbibliothek Landes- und Murhardsche Bibliothek der Stadt Kassel"$"https://d-nb.info/gnd/10008839-9"$"Kassel"$"https://d-nb.info/gnd/4029869-3"
"174"$"2° Ms. theol. 206"$"https://orka.bibliothek.uni-kassel.de/viewer/api/v1/records/1697627507794/manifest/"$"https://orka.bibliothek.uni-kassel.de/viewer/image/1697627507794/"$"https://orka.bibliothek.uni-kassel.de/viewer/api/v1/records/1697627507794/files/images/00000001.tif/full/!400,400/0/default.jpg"$"Komplett"$"Original"$"Standard"$"Einzelseite"$"2023"$"2023"$"Universitätsbibliothek Landes- und Murhardsche Bibliothek der Stadt Kassel"$"https://d-nb.info/gnd/10008839-9"$"Kassel"$"https://d-nb.info/gnd/4029869-3"$"Universitätsbibliothek Landes- und Murhardsche Bibliothek der Stadt Kassel"$"https://d-nb.info/gnd/10008839-9"$"Kassel"$"https://d-nb.info/gnd/4029869-3"
"175"$"2° Ms. theol. 207"$"https://orka.bibliothek.uni-kassel.de/viewer/api/v1/records/1697627570753/manifest/"$"https://orka.bibliothek.uni-kassel.de/viewer/image/1697627570753/"$"https://orka.bibliothek.uni-kassel.de/viewer/api/v1/records/1697627570753/files/images/00000001.tif/full/!400,400/0/default.jpg"$"Komplett"$"Original"$"Standard"$"Einzelseite"$"2023"$"2023"$"Universitätsbibliothek Landes- und Murhardsche Bibliothek der Stadt Kassel"$"https://d-nb.info/gnd/10008839-9"$"Kassel"$"https://d-nb.info/gnd/4029869-3"$"Universitätsbibliothek Landes- und Murhardsche Bibliothek der Stadt Kassel"$"https://d-nb.info/gnd/10008839-9"$"Kassel"$"https://d-nb.info/gnd/4029869-3"
"176"$"2° Ms. theol. 208"$"https://orka.bibliothek.uni-kassel.de/viewer/api/v1/records/1697627663020/manifest/"$"https://orka.bibliothek.uni-kassel.de/viewer/image/1697627663020/"$"https://orka.bibliothek.uni-kassel.de/viewer/api/v1/records/1697627663020/files/images/00000001.tif/full/!400,400/0/default.jpg"$"Komplett"$"Original"$"Standard"$"Einzelseite"$"2023"$"2023"$"Universitätsbibliothek Landes- und Murhardsche Bibliothek der Stadt Kassel"$"https://d-nb.info/gnd/10008839-9"$"Kassel"$"https://d-nb.info/gnd/4029869-3"$"Universitätsbibliothek Landes- und Murhardsche Bibliothek der Stadt Kassel"$"https://d-nb.info/gnd/10008839-9"$"Kassel"$"https://d-nb.info/gnd/4029869-3"
"177"$"2° Ms. theol. 209"$"https://orka.bibliothek.uni-kassel.de/viewer/api/v1/records/1697627707152/manifest/"$"https://orka.bibliothek.uni-kassel.de/viewer/image/1697627707152/"$"https://orka.bibliothek.uni-kassel.de/viewer/api/v1/records/1697627707152/files/images/00000001.tif/full/!400,400/0/default.jpg"$"Komplett"$"Original"$"Standard"$"Einzelseite"$"2023"$"2023"$"Universitätsbibliothek Landes- und Murhardsche Bibliothek der Stadt Kassel"$"https://d-nb.info/gnd/10008839-9"$"Kassel"$"https://d-nb.info/gnd/4029869-3"$"Universitätsbibliothek Landes- und Murhardsche Bibliothek der Stadt Kassel"$"https://d-nb.info/gnd/10008839-9"$"Kassel"$"https://d-nb.info/gnd/4029869-3"
"178"$"2° Ms. theol. 21"$"https://orka.bibliothek.uni-kassel.de/viewer/api/v1/records/1326354409669/manifest/"$"https://orka.bibliothek.uni-kassel.de/viewer/image/1326354409669/"$"https://orka.bibliothek.uni-kassel.de/viewer/api/v1/records/1326354409669/files/images/00000001.tif/full/!400,400/0/default.jpg"$"Komplett"$"Original"$"Standard"$"Einzelseite"$"2012"$"2012"$"Universitätsbibliothek Landes- und Murhardsche Bibliothek der Stadt Kassel"$"https://d-nb.info/gnd/10008839-9"$"Kassel"$"https://d-nb.info/gnd/4029869-3"$"Universitätsbibliothek Landes- und Murhardsche Bibliothek der Stadt Kassel"$"https://d-nb.info/gnd/10008839-9"$"Kassel"$"https://d-nb.info/gnd/4029869-3"
"179"$"2° Ms. theol. 210"$"https://orka.bibliothek.uni-kassel.de/viewer/api/v1/records/1697630277271/manifest/"$"https://orka.bibliothek.uni-kassel.de/viewer/image/1697630277271/"$"https://orka.bibliothek.uni-kassel.de/viewer/api/v1/records/1697630277271/files/images/00000001.tif/full/!400,400/0/default.jpg"$"Komplett"$"Original"$"Standard"$"Einzelseite"$"2023"$"2023"$"Universitätsbibliothek Landes- und Murhardsche Bibliothek der Stadt Kassel"$"https://d-nb.info/gnd/10008839-9"$"Kassel"$"https://d-nb.info/gnd/4029869-3"$"Universitätsbibliothek Landes- und Murhardsche Bibliothek der Stadt Kassel"$"https://d-nb.info/gnd/10008839-9"$"Kassel"$"https://d-nb.info/gnd/4029869-3"
"180"$"2° Ms. theol. 211"$"https://orka.bibliothek.uni-kassel.de/viewer/api/v1/records/1697627761928/manifest/"$"https://orka.bibliothek.uni-kassel.de/viewer/image/1697627761928/"$"https://orka.bibliothek.uni-kassel.de/viewer/api/v1/records/1697627761928/files/images/00000001.tif/full/!400,400/0/default.jpg"$"Komplett"$"Original"$"Standard"$"Einzelseite"$"2023"$"2023"$"Universitätsbibliothek Landes- und Murhardsche Bibliothek der Stadt Kassel"$"https://d-nb.info/gnd/10008839-9"$"Kassel"$"https://d-nb.info/gnd/4029869-3"$"Universitätsbibliothek Landes- und Murhardsche Bibliothek der Stadt Kassel"$"https://d-nb.info/gnd/10008839-9"$"Kassel"$"https://d-nb.info/gnd/4029869-3"
"181"$"2° Ms. theol. 212"$"https://orka.bibliothek.uni-kassel.de/viewer/api/v1/records/1697630345186/manifest/"$"https://orka.bibliothek.uni-kassel.de/viewer/image/1697630345186/"$"https://orka.bibliothek.uni-kassel.de/viewer/api/v1/records/1697630345186/files/images/000001.tif/full/!400,400/0/default.jpg"$"Komplett"$"Original"$"Standard"$"Einzelseite"$"2023"$"2023"$"Universitätsbibliothek Landes- und Murhardsche Bibliothek der Stadt Kassel"$"https://d-nb.info/gnd/10008839-9"$"Kassel"$"https://d-nb.info/gnd/4029869-3"$"Universitätsbibliothek Landes- und Murhardsche Bibliothek der Stadt Kassel"$"https://d-nb.info/gnd/10008839-9"$"Kassel"$"https://d-nb.info/gnd/4029869-3"
"182"$"2° Ms. theol. 213"$"https://orka.bibliothek.uni-kassel.de/viewer/api/v1/records/1697630393651/manifest/"$"https://orka.bibliothek.uni-kassel.de/viewer/image/1697630393651/"$"https://orka.bibliothek.uni-kassel.de/viewer/api/v1/records/1697630393651/files/images/000001.tif/full/!400,400/0/default.jpg"$"Komplett"$"Original"$"Standard"$"Einzelseite"$"2023"$"2023"$"Universitätsbibliothek Landes- und Murhardsche Bibliothek der Stadt Kassel"$"https://d-nb.info/gnd/10008839-9"$"Kassel"$"https://d-nb.info/gnd/4029869-3"$"Universitätsbibliothek Landes- und Murhardsche Bibliothek der Stadt Kassel"$"https://d-nb.info/gnd/10008839-9"$"Kassel"$"https://d-nb.info/gnd/4029869-3"
"183"$"2° Ms. theol. 214"$"https://orka.bibliothek.uni-kassel.de/viewer/api/v1/records/1698229011080/manifest/"$"https://orka.bibliothek.uni-kassel.de/viewer/image/1698229011080/"$"https://orka.bibliothek.uni-kassel.de/viewer/api/v1/records/1698229011080/files/images/00000001.tif/full/!400,400/0/default.jpg"$"Komplett"$"Original"$"Standard"$"Einzelseite"$"2024"$"2024"$"Universitätsbibliothek Landes- und Murhardsche Bibliothek der Stadt Kassel"$"https://d-nb.info/gnd/10008839-9"$"Kassel"$"https://d-nb.info/gnd/4029869-3"$"Universitätsbibliothek Landes- und Murhardsche Bibliothek der Stadt Kassel"$"https://d-nb.info/gnd/10008839-9"$"Kassel"$"https://d-nb.info/gnd/4029869-3"
"184"$"2° Ms. theol. 215"$"https://orka.bibliothek.uni-kassel.de/viewer/api/v1/records/1697627826248/manifest/"$"https://orka.bibliothek.uni-kassel.de/viewer/image/1697627826248/"$"https://orka.bibliothek.uni-kassel.de/viewer/api/v1/records/1697627826248/files/images/00000001.tif/full/!400,400/0/default.jpg"$"Komplett"$"Original"$"Standard"$"Einzelseite"$"2023"$"2023"$"Universitätsbibliothek Landes- und Murhardsche Bibliothek der Stadt Kassel"$"https://d-nb.info/gnd/10008839-9"$"Kassel"$"https://d-nb.info/gnd/4029869-3"$"Universitätsbibliothek Landes- und Murhardsche Bibliothek der Stadt Kassel"$"https://d-nb.info/gnd/10008839-9"$"Kassel"$"https://d-nb.info/gnd/4029869-3"
"185"$"2° Ms. theol. 216"$"https://orka.bibliothek.uni-kassel.de/viewer/api/v1/records/1697627887394/manifest/"$"https://orka.bibliothek.uni-kassel.de/viewer/image/1697627887394/"$"https://orka.bibliothek.uni-kassel.de/viewer/api/v1/records/1697627887394/files/images/00000001.tif/full/!400,400/0/default.jpg"$"Komplett"$"Original"$"Standard"$"Einzelseite"$"2023"$"2023"$"Universitätsbibliothek Landes- und Murhardsche Bibliothek der Stadt Kassel"$"https://d-nb.info/gnd/10008839-9"$"Kassel"$"https://d-nb.info/gnd/4029869-3"$"Universitätsbibliothek Landes- und Murhardsche Bibliothek der Stadt Kassel"$"https://d-nb.info/gnd/10008839-9"$"Kassel"$"https://d-nb.info/gnd/4029869-3"
"186"$"2° Ms. theol. 217"$"https://orka.bibliothek.uni-kassel.de/viewer/api/v1/records/1697627940438/manifest/"$"https://orka.bibliothek.uni-kassel.de/viewer/image/1697627940438/"$"https://orka.bibliothek.uni-kassel.de/viewer/api/v1/records/1697627940438/files/images/00000001.tif/full/!400,400/0/default.jpg"$"Komplett"$"Original"$"Standard"$"Einzelseite"$"2023"$"2023"$"Universitätsbibliothek Landes- und Murhardsche Bibliothek der Stadt Kassel"$"https://d-nb.info/gnd/10008839-9"$"Kassel"$"https://d-nb.info/gnd/4029869-3"$"Universitätsbibliothek Landes- und Murhardsche Bibliothek der Stadt Kassel"$"https://d-nb.info/gnd/10008839-9"$"Kassel"$"https://d-nb.info/gnd/4029869-3"
"187"$"2° Ms. theol. 218"$"https://orka.bibliothek.uni-kassel.de/viewer/api/v1/records/1697628005147/manifest/"$"https://orka.bibliothek.uni-kassel.de/viewer/image/1697628005147/"$"https://orka.bibliothek.uni-kassel.de/viewer/api/v1/records/1697628005147/files/images/00000001.tif/full/!400,400/0/default.jpg"$"Komplett"$"Original"$"Standard"$"Einzelseite"$"2023"$"2023"$"Universitätsbibliothek Landes- und Murhardsche Bibliothek der Stadt Kassel"$"https://d-nb.info/gnd/10008839-9"$"Kassel"$"https://d-nb.info/gnd/4029869-3"$"Universitätsbibliothek Landes- und Murhardsche Bibliothek der Stadt Kassel"$"https://d-nb.info/gnd/10008839-9"$"Kassel"$"https://d-nb.info/gnd/4029869-3"
"188"$"2° Ms. theol. 219"$"https://orka.bibliothek.uni-kassel.de/viewer/api/v1/records/1697628047471/manifest/"$"https://orka.bibliothek.uni-kassel.de/viewer/image/1697628047471/"$"https://orka.bibliothek.uni-kassel.de/viewer/api/v1/records/1697628047471/files/images/00000001.tif/full/!400,400/0/default.jpg"$"Komplett"$"Original"$"Standard"$"Einzelseite"$"2023"$"2023"$"Universitätsbibliothek Landes- und Murhardsche Bibliothek der Stadt Kassel"$"https://d-nb.info/gnd/10008839-9"$"Kassel"$"https://d-nb.info/gnd/4029869-3"$"Universitätsbibliothek Landes- und Murhardsche Bibliothek der Stadt Kassel"$"https://d-nb.info/gnd/10008839-9"$"Kassel"$"https://d-nb.info/gnd/4029869-3"
"189"$"2° Ms. theol. 22"$"https://orka.bibliothek.uni-kassel.de/viewer/api/v1/records/1328187128694/manifest/"$"https://orka.bibliothek.uni-kassel.de/viewer/image/1328187128694/"$"https://orka.bibliothek.uni-kassel.de/viewer/api/v1/records/1328187128694/files/images/00000001.tif/full/!400,400/0/default.jpg"$"Komplett"$"Original"$"Standard"$"Einzelseite"$"2012"$"2012"$"Universitätsbibliothek Landes- und Murhardsche Bibliothek der Stadt Kassel"$"https://d-nb.info/gnd/10008839-9"$"Kassel"$"https://d-nb.info/gnd/4029869-3"$"Universitätsbibliothek Landes- und Murhardsche Bibliothek der Stadt Kassel"$"https://d-nb.info/gnd/10008839-9"$"Kassel"$"https://d-nb.info/gnd/4029869-3"
"190"$"2° Ms. theol. 220"$"https://orka.bibliothek.uni-kassel.de/viewer/api/v1/records/1697628092868/manifest/"$"https://orka.bibliothek.uni-kassel.de/viewer/image/1697628092868/"$"https://orka.bibliothek.uni-kassel.de/viewer/api/v1/records/1697628092868/files/images/00000001.tif/full/!400,400/0/default.jpg"$"Komplett"$"Original"$"Standard"$"Einzelseite"$"2023"$"2023"$"Universitätsbibliothek Landes- und Murhardsche Bibliothek der Stadt Kassel"$"https://d-nb.info/gnd/10008839-9"$"Kassel"$"https://d-nb.info/gnd/4029869-3"$"Universitätsbibliothek Landes- und Murhardsche Bibliothek der Stadt Kassel"$"https://d-nb.info/gnd/10008839-9"$"Kassel"$"https://d-nb.info/gnd/4029869-3"
"191"$"2° Ms. theol. 221"$"https://orka.bibliothek.uni-kassel.de/viewer/api/v1/records/1697628133367/manifest/"$"https://orka.bibliothek.uni-kassel.de/viewer/image/1697628133367/"$"https://orka.bibliothek.uni-kassel.de/viewer/api/v1/records/1697628133367/files/images/00000001.tif/full/!400,400/0/default.jpg"$"Komplett"$"Original"$"Standard"$"Einzelseite"$"2023"$"2023"$"Universitätsbibliothek Landes- und Murhardsche Bibliothek der Stadt Kassel"$"https://d-nb.info/gnd/10008839-9"$"Kassel"$"https://d-nb.info/gnd/4029869-3"$"Universitätsbibliothek Landes- und Murhardsche Bibliothek der Stadt Kassel"$"https://d-nb.info/gnd/10008839-9"$"Kassel"$"https://d-nb.info/gnd/4029869-3"
"192"$"2° Ms. theol. 222"$"https://orka.bibliothek.uni-kassel.de/viewer/api/v1/records/1698149816833/manifest/"$"https://orka.bibliothek.uni-kassel.de/viewer/image/1698149816833/"$"https://orka.bibliothek.uni-kassel.de/viewer/api/v1/records/1698149816833/files/images/00000001.tif/full/!400,400/0/default.jpg"$"Komplett"$"Original"$"Standard"$"Einzelseite"$"2023"$"2023"$"Universitätsbibliothek Landes- und Murhardsche Bibliothek der Stadt Kassel"$"https://d-nb.info/gnd/10008839-9"$"Kassel"$"https://d-nb.info/gnd/4029869-3"$"Universitätsbibliothek Landes- und Murhardsche Bibliothek der Stadt Kassel"$"https://d-nb.info/gnd/10008839-9"$"Kassel"$"https://d-nb.info/gnd/4029869-3"
"193"$"2° Ms. theol. 223"$"https://orka.bibliothek.uni-kassel.de/viewer/api/v1/records/1698150003104/manifest/"$"https://orka.bibliothek.uni-kassel.de/viewer/image/1698150003104/"$"https://orka.bibliothek.uni-kassel.de/viewer/api/v1/records/1698150003104/files/images/00000001.tif/full/!400,400/0/default.jpg"$"Komplett"$"Original"$"Standard"$"Einzelseite"$"2023"$"2023"$"Universitätsbibliothek Landes- und Murhardsche Bibliothek der Stadt Kassel"$"https://d-nb.info/gnd/10008839-9"$"Kassel"$"https://d-nb.info/gnd/4029869-3"$"Universitätsbibliothek Landes- und Murhardsche Bibliothek der Stadt Kassel"$"https://d-nb.info/gnd/10008839-9"$"Kassel"$"https://d-nb.info/gnd/4029869-3"
"194"$"2° Ms. theol. 224"$"https://orka.bibliothek.uni-kassel.de/viewer/api/v1/records/1698150124590/manifest/"$"https://orka.bibliothek.uni-kassel.de/viewer/image/1698150124590/"$"https://orka.bibliothek.uni-kassel.de/viewer/api/v1/records/1698150124590/files/images/00000001.tif/full/!400,400/0/default.jpg"$"Komplett"$"Original"$"Standard"$"Einzelseite"$"2023"$"2023"$"Universitätsbibliothek Landes- und Murhardsche Bibliothek der Stadt Kassel"$"https://d-nb.info/gnd/10008839-9"$"Kassel"$"https://d-nb.info/gnd/4029869-3"$"Universitätsbibliothek Landes- und Murhardsche Bibliothek der Stadt Kassel"$"https://d-nb.info/gnd/10008839-9"$"Kassel"$"https://d-nb.info/gnd/4029869-3"
"195"$"2° Ms. theol. 225"$"https://orka.bibliothek.uni-kassel.de/viewer/api/v1/records/1698150260368/manifest/"$"https://orka.bibliothek.uni-kassel.de/viewer/image/1698150260368/"$"https://orka.bibliothek.uni-kassel.de/viewer/api/v1/records/1698150260368/files/images/00000001.tif/full/!400,400/0/default.jpg"$"Komplett"$"Original"$"Standard"$"Einzelseite"$"2023"$"2023"$"Universitätsbibliothek Landes- und Murhardsche Bibliothek der Stadt Kassel"$"https://d-nb.info/gnd/10008839-9"$"Kassel"$"https://d-nb.info/gnd/4029869-3"$"Universitätsbibliothek Landes- und Murhardsche Bibliothek der Stadt Kassel"$"https://d-nb.info/gnd/10008839-9"$"Kassel"$"https://d-nb.info/gnd/4029869-3"
"196"$"2° Ms. theol. 226"$"https://orka.bibliothek.uni-kassel.de/viewer/api/v1/records/1698150314074/manifest/"$"https://orka.bibliothek.uni-kassel.de/viewer/image/1698150314074/"$"https://orka.bibliothek.uni-kassel.de/viewer/api/v1/records/1698150314074/files/images/00000001.tif/full/!400,400/0/default.jpg"$"Komplett"$"Original"$"Standard"$"Einzelseite"$"2023"$"2023"$"Universitätsbibliothek Landes- und Murhardsche Bibliothek der Stadt Kassel"$"https://d-nb.info/gnd/10008839-9"$"Kassel"$"https://d-nb.info/gnd/4029869-3"$"Universitätsbibliothek Landes- und Murhardsche Bibliothek der Stadt Kassel"$"https://d-nb.info/gnd/10008839-9"$"Kassel"$"https://d-nb.info/gnd/4029869-3"
"197"$"2° Ms. theol. 227"$"https://orka.bibliothek.uni-kassel.de/viewer/api/v1/records/1698150399600/manifest/"$"https://orka.bibliothek.uni-kassel.de/viewer/image/1698150399600/"$"https://orka.bibliothek.uni-kassel.de/viewer/api/v1/records/1698150399600/files/images/00000001.tif/full/!400,400/0/default.jpg"$"Komplett"$"Original"$"Standard"$"Einzelseite"$"2023"$"2023"$"Universitätsbibliothek Landes- und Murhardsche Bibliothek der Stadt Kassel"$"https://d-nb.info/gnd/10008839-9"$"Kassel"$"https://d-nb.info/gnd/4029869-3"$"Universitätsbibliothek Landes- und Murhardsche Bibliothek der Stadt Kassel"$"https://d-nb.info/gnd/10008839-9"$"Kassel"$"https://d-nb.info/gnd/4029869-3"
"198"$"2° Ms. theol. 228"$"https://orka.bibliothek.uni-kassel.de/viewer/api/v1/records/1698150471175/manifest/"$"https://orka.bibliothek.uni-kassel.de/viewer/image/1698150471175/"$"https://orka.bibliothek.uni-kassel.de/viewer/api/v1/records/1698150471175/files/images/00000001.tif/full/!400,400/0/default.jpg"$"Komplett"$"Original"$"Standard"$"Einzelseite"$"2023"$"2023"$"Universitätsbibliothek Landes- und Murhardsche Bibliothek der Stadt Kassel"$"https://d-nb.info/gnd/10008839-9"$"Kassel"$"https://d-nb.info/gnd/4029869-3"$"Universitätsbibliothek Landes- und Murhardsche Bibliothek der Stadt Kassel"$"https://d-nb.info/gnd/10008839-9"$"Kassel"$"https://d-nb.info/gnd/4029869-3"
"199"$"2° Ms. theol. 229"$"https://orka.bibliothek.uni-kassel.de/viewer/api/v1/records/1698150553234/manifest/"$"https://orka.bibliothek.uni-kassel.de/viewer/image/1698150553234/"$"https://orka.bibliothek.uni-kassel.de/viewer/api/v1/records/1698150553234/files/images/00000001.tif/full/!400,400/0/default.jpg"$"Komplett"$"Original"$"Standard"$"Einzelseite"$"2023"$"2023"$"Universitätsbibliothek Landes- und Murhardsche Bibliothek der Stadt Kassel"$"https://d-nb.info/gnd/10008839-9"$"Kassel"$"https://d-nb.info/gnd/4029869-3"$"Universitätsbibliothek Landes- und Murhardsche Bibliothek der Stadt Kassel"$"https://d-nb.info/gnd/10008839-9"$"Kassel"$"https://d-nb.info/gnd/4029869-3"
"200"$"2° Ms. theol. 23"$"https://orka.bibliothek.uni-kassel.de/viewer/api/v1/records/1327410107085/manifest/"$"https://orka.bibliothek.uni-kassel.de/viewer/image/1327410107085/"$"https://orka.bibliothek.uni-kassel.de/viewer/api/v1/records/1327410107085/files/images/00000001.tif/full/!400,400/0/default.jpg"$"Komplett"$"Original"$"Standard"$"Einzelseite"$"2012"$"2012"$"Universitätsbibliothek Landes- und Murhardsche Bibliothek der Stadt Kassel"$"https://d-nb.info/gnd/10008839-9"$"Kassel"$"https://d-nb.info/gnd/4029869-3"$"Universitätsbibliothek Landes- und Murhardsche Bibliothek der Stadt Kassel"$"https://d-nb.info/gnd/10008839-9"$"Kassel"$"https://d-nb.info/gnd/4029869-3"
"201"$"2° Ms. theol. 230"$"https://orka.bibliothek.uni-kassel.de/viewer/api/v1/records/1698150648644/manifest/"$"https://orka.bibliothek.uni-kassel.de/viewer/image/1698150648644/"$"https://orka.bibliothek.uni-kassel.de/viewer/api/v1/records/1698150648644/files/images/00000001.tif/full/!400,400/0/default.jpg"$"Komplett"$"Original"$"Standard"$"Einzelseite"$"2023"$"2023"$"Universitätsbibliothek Landes- und Murhardsche Bibliothek der Stadt Kassel"$"https://d-nb.info/gnd/10008839-9"$"Kassel"$"https://d-nb.info/gnd/4029869-3"$"Universitätsbibliothek Landes- und Murhardsche Bibliothek der Stadt Kassel"$"https://d-nb.info/gnd/10008839-9"$"Kassel"$"https://d-nb.info/gnd/4029869-3"
"202"$"2° Ms. theol. 231"$"https://orka.bibliothek.uni-kassel.de/viewer/api/v1/records/1698150745139/manifest/"$"https://orka.bibliothek.uni-kassel.de/viewer/image/1698150745139/"$"https://orka.bibliothek.uni-kassel.de/viewer/api/v1/records/1698150745139/files/images/00000001.tif/full/!400,400/0/default.jpg"$"Komplett"$"Original"$"Standard"$"Einzelseite"$"2023"$"2023"$"Universitätsbibliothek Landes- und Murhardsche Bibliothek der Stadt Kassel"$"https://d-nb.info/gnd/10008839-9"$"Kassel"$"https://d-nb.info/gnd/4029869-3"$"Universitätsbibliothek Landes- und Murhardsche Bibliothek der Stadt Kassel"$"https://d-nb.info/gnd/10008839-9"$"Kassel"$"https://d-nb.info/gnd/4029869-3"
"203"$"2° Ms. theol. 232"$"https://orka.bibliothek.uni-kassel.de/viewer/api/v1/records/1698150821493/manifest/"$"https://orka.bibliothek.uni-kassel.de/viewer/image/1698150821493/"$"https://orka.bibliothek.uni-kassel.de/viewer/api/v1/records/1698150821493/files/images/00000001.tif/full/!400,400/0/default.jpg"$"Komplett"$"Original"$"Standard"$"Einzelseite"$"2023"$"2023"$"Universitätsbibliothek Landes- und Murhardsche Bibliothek der Stadt Kassel"$"https://d-nb.info/gnd/10008839-9"$"Kassel"$"https://d-nb.info/gnd/4029869-3"$"Universitätsbibliothek Landes- und Murhardsche Bibliothek der Stadt Kassel"$"https://d-nb.info/gnd/10008839-9"$"Kassel"$"https://d-nb.info/gnd/4029869-3"
"204"$"2° Ms. theol. 233"$"https://orka.bibliothek.uni-kassel.de/viewer/api/v1/records/1698150892160/manifest/"$"https://orka.bibliothek.uni-kassel.de/viewer/image/1698150892160/"$"https://orka.bibliothek.uni-kassel.de/viewer/api/v1/records/1698150892160/files/images/00000001.tif/full/!400,400/0/default.jpg"$"Komplett"$"Original"$"Standard"$"Einzelseite"$"2023"$"2023"$"Universitätsbibliothek Landes- und Murhardsche Bibliothek der Stadt Kassel"$"https://d-nb.info/gnd/10008839-9"$"Kassel"$"https://d-nb.info/gnd/4029869-3"$"Universitätsbibliothek Landes- und Murhardsche Bibliothek der Stadt Kassel"$"https://d-nb.info/gnd/10008839-9"$"Kassel"$"https://d-nb.info/gnd/4029869-3"
"205"$"2° Ms. theol. 234"$"https://orka.bibliothek.uni-kassel.de/viewer/api/v1/records/1698150960080/manifest/"$"https://orka.bibliothek.uni-kassel.de/viewer/image/1698150960080/"$"https://orka.bibliothek.uni-kassel.de/viewer/api/v1/records/1698150960080/files/images/00000001.tif/full/!400,400/0/default.jpg"$"Komplett"$"Original"$"Standard"$"Einzelseite"$"2024"$"2024"$"Universitätsbibliothek Landes- und Murhardsche Bibliothek der Stadt Kassel"$"https://d-nb.info/gnd/10008839-9"$"Kassel"$"https://d-nb.info/gnd/4029869-3"$"Universitätsbibliothek Landes- und Murhardsche Bibliothek der Stadt Kassel"$"https://d-nb.info/gnd/10008839-9"$"Kassel"$"https://d-nb.info/gnd/4029869-3"
"206"$"2° Ms. theol. 235"$"https://orka.bibliothek.uni-kassel.de/viewer/api/v1/records/1698151148441/manifest/"$"https://orka.bibliothek.uni-kassel.de/viewer/image/1698151148441/"$"https://orka.bibliothek.uni-kassel.de/viewer/api/v1/records/1698151148441/files/images/000001.tif/full/!400,400/0/default.jpg"$"Komplett"$"Original"$"Standard"$"Einzelseite"$"2024"$"2024"$"Universitätsbibliothek Landes- und Murhardsche Bibliothek der Stadt Kassel"$"https://d-nb.info/gnd/10008839-9"$"Kassel"$"https://d-nb.info/gnd/4029869-3"$"Universitätsbibliothek Landes- und Murhardsche Bibliothek der Stadt Kassel"$"https://d-nb.info/gnd/10008839-9"$"Kassel"$"https://d-nb.info/gnd/4029869-3"
"207"$"2° Ms. theol. 236"$"https://orka.bibliothek.uni-kassel.de/viewer/api/v1/records/1698151224223/manifest/"$"https://orka.bibliothek.uni-kassel.de/viewer/image/1698151224223/"$"https://orka.bibliothek.uni-kassel.de/viewer/api/v1/records/1698151224223/files/images/00000001.tif/full/!400,400/0/default.jpg"$"Komplett"$"Original"$"Standard"$"Einzelseite"$"2024"$"2024"$"Universitätsbibliothek Landes- und Murhardsche Bibliothek der Stadt Kassel"$"https://d-nb.info/gnd/10008839-9"$"Kassel"$"https://d-nb.info/gnd/4029869-3"$"Universitätsbibliothek Landes- und Murhardsche Bibliothek der Stadt Kassel"$"https://d-nb.info/gnd/10008839-9"$"Kassel"$"https://d-nb.info/gnd/4029869-3"
"208"$"2° Ms. theol. 237"$"https://orka.bibliothek.uni-kassel.de/viewer/api/v1/records/1698152810605/manifest/"$"https://orka.bibliothek.uni-kassel.de/viewer/image/1698152810605/"$"https://orka.bibliothek.uni-kassel.de/viewer/api/v1/records/1698152810605/files/images/00000001.tif/full/!400,400/0/default.jpg"$"Komplett"$"Original"$"Standard"$"Einzelseite"$"2023"$"2023"$"Universitätsbibliothek Landes- und Murhardsche Bibliothek der Stadt Kassel"$"https://d-nb.info/gnd/10008839-9"$"Kassel"$"https://d-nb.info/gnd/4029869-3"$"Universitätsbibliothek Landes- und Murhardsche Bibliothek der Stadt Kassel"$"https://d-nb.info/gnd/10008839-9"$"Kassel"$"https://d-nb.info/gnd/4029869-3"
"209"$"2° Ms. theol. 238"$"https://orka.bibliothek.uni-kassel.de/viewer/api/v1/records/1698152898976/manifest/"$"https://orka.bibliothek.uni-kassel.de/viewer/image/1698152898976/"$"https://orka.bibliothek.uni-kassel.de/viewer/api/v1/records/1698152898976/files/images/00000001.tif/full/!400,400/0/default.jpg"$"Komplett"$"Original"$"Standard"$"Einzelseite"$"2023"$"2023"$"Universitätsbibliothek Landes- und Murhardsche Bibliothek der Stadt Kassel"$"https://d-nb.info/gnd/10008839-9"$"Kassel"$"https://d-nb.info/gnd/4029869-3"$"Universitätsbibliothek Landes- und Murhardsche Bibliothek der Stadt Kassel"$"https://d-nb.info/gnd/10008839-9"$"Kassel"$"https://d-nb.info/gnd/4029869-3"
"210"$"2° Ms. theol. 239"$"https://orka.bibliothek.uni-kassel.de/viewer/api/v1/records/1698152976381/manifest/"$"https://orka.bibliothek.uni-kassel.de/viewer/image/1698152976381/"$"https://orka.bibliothek.uni-kassel.de/viewer/api/v1/records/1698152976381/files/images/00000001.tif/full/!400,400/0/default.jpg"$"Komplett"$"Original"$"Standard"$"Einzelseite"$"2023"$"2023"$"Universitätsbibliothek Landes- und Murhardsche Bibliothek der Stadt Kassel"$"https://d-nb.info/gnd/10008839-9"$"Kassel"$"https://d-nb.info/gnd/4029869-3"$"Universitätsbibliothek Landes- und Murhardsche Bibliothek der Stadt Kassel"$"https://d-nb.info/gnd/10008839-9"$"Kassel"$"https://d-nb.info/gnd/4029869-3"
"211"$"2° Ms. theol. 24"$"https://orka.bibliothek.uni-kassel.de/viewer/api/v1/records/1327998817683/manifest/"$"https://orka.bibliothek.uni-kassel.de/viewer/image/1327998817683/"$"https://orka.bibliothek.uni-kassel.de/viewer/api/v1/records/1327998817683/files/images/00000001.tif/full/!400,400/0/default.jpg"$"Komplett"$"Original"$"Standard"$"Einzelseite"$"2012"$"2012"$"Universitätsbibliothek Landes- und Murhardsche Bibliothek der Stadt Kassel"$"https://d-nb.info/gnd/10008839-9"$"Kassel"$"https://d-nb.info/gnd/4029869-3"$"Universitätsbibliothek Landes- und Murhardsche Bibliothek der Stadt Kassel"$"https://d-nb.info/gnd/10008839-9"$"Kassel"$"https://d-nb.info/gnd/4029869-3"
"212"$"2° Ms. theol. 240"$"https://orka.bibliothek.uni-kassel.de/viewer/api/v1/records/1698153019992/manifest/"$"https://orka.bibliothek.uni-kassel.de/viewer/image/1698153019992/"$"https://orka.bibliothek.uni-kassel.de/viewer/api/v1/records/1698153019992/files/images/00000001.tif/full/!400,400/0/default.jpg"$"Komplett"$"Original"$"Standard"$"Einzelseite"$"2023"$"2023"$"Universitätsbibliothek Landes- und Murhardsche Bibliothek der Stadt Kassel"$"https://d-nb.info/gnd/10008839-9"$"Kassel"$"https://d-nb.info/gnd/4029869-3"$"Universitätsbibliothek Landes- und Murhardsche Bibliothek der Stadt Kassel"$"https://d-nb.info/gnd/10008839-9"$"Kassel"$"https://d-nb.info/gnd/4029869-3"
"213"$"2° Ms. theol. 241"$"https://orka.bibliothek.uni-kassel.de/viewer/api/v1/records/1698153160888/manifest/"$"https://orka.bibliothek.uni-kassel.de/viewer/image/1698153160888/"$"https://orka.bibliothek.uni-kassel.de/viewer/api/v1/records/1698153160888/files/images/00000001.tif/full/!400,400/0/default.jpg"$"Komplett"$"Original"$"Standard"$"Einzelseite"$"2023"$"2023"$"Universitätsbibliothek Landes- und Murhardsche Bibliothek der Stadt Kassel"$"https://d-nb.info/gnd/10008839-9"$"Kassel"$"https://d-nb.info/gnd/4029869-3"$"Universitätsbibliothek Landes- und Murhardsche Bibliothek der Stadt Kassel"$"https://d-nb.info/gnd/10008839-9"$"Kassel"$"https://d-nb.info/gnd/4029869-3"
"214"$"2° Ms. theol. 242"$"https://orka.bibliothek.uni-kassel.de/viewer/api/v1/records/1698153206525/manifest/"$"https://orka.bibliothek.uni-kassel.de/viewer/image/1698153206525/"$"https://orka.bibliothek.uni-kassel.de/viewer/api/v1/records/1698153206525/files/images/00000001.tif/full/!400,400/0/default.jpg"$"Komplett"$"Original"$"Standard"$"Einzelseite"$"2023"$"2023"$"Universitätsbibliothek Landes- und Murhardsche Bibliothek der Stadt Kassel"$"https://d-nb.info/gnd/10008839-9"$"Kassel"$"https://d-nb.info/gnd/4029869-3"$"Universitätsbibliothek Landes- und Murhardsche Bibliothek der Stadt Kassel"$"https://d-nb.info/gnd/10008839-9"$"Kassel"$"https://d-nb.info/gnd/4029869-3"
"215"$"2° Ms. theol. 243"$"https://orka.bibliothek.uni-kassel.de/viewer/api/v1/records/1698153241774/manifest/"$"https://orka.bibliothek.uni-kassel.de/viewer/image/1698153241774/"$"https://orka.bibliothek.uni-kassel.de/viewer/api/v1/records/1698153241774/files/images/00000001.tif/full/!400,400/0/default.jpg"$"Komplett"$"Original"$"Standard"$"Einzelseite"$"2023"$"2023"$"Universitätsbibliothek Landes- und Murhardsche Bibliothek der Stadt Kassel"$"https://d-nb.info/gnd/10008839-9"$"Kassel"$"https://d-nb.info/gnd/4029869-3"$"Universitätsbibliothek Landes- und Murhardsche Bibliothek der Stadt Kassel"$"https://d-nb.info/gnd/10008839-9"$"Kassel"$"https://d-nb.info/gnd/4029869-3"
"216"$"2° Ms. theol. 244[1"$"https://orka.bibliothek.uni-kassel.de/viewer/api/v1/records/1698153307548/manifest/"$"https://orka.bibliothek.uni-kassel.de/viewer/image/1698153307548/"$"https://orka.bibliothek.uni-kassel.de/viewer/api/v1/records/1698153307548/files/images/00000001.tif/full/!400,400/0/default.jpg"$"Komplett"$"Original"$"Standard"$"Einzelseite"$"2023"$"2023"$"Universitätsbibliothek Landes- und Murhardsche Bibliothek der Stadt Kassel"$"https://d-nb.info/gnd/10008839-9"$"Kassel"$"https://d-nb.info/gnd/4029869-3"$"Universitätsbibliothek Landes- und Murhardsche Bibliothek der Stadt Kassel"$"https://d-nb.info/gnd/10008839-9"$"Kassel"$"https://d-nb.info/gnd/4029869-3"
"217"$"2° Ms. theol. 244[2"$"https://orka.bibliothek.uni-kassel.de/viewer/api/v1/records/1698153374600/manifest/"$"https://orka.bibliothek.uni-kassel.de/viewer/image/1698153374600/"$"https://orka.bibliothek.uni-kassel.de/viewer/api/v1/records/1698153374600/files/images/00000001.tif/full/!400,400/0/default.jpg"$"Komplett"$"Original"$"Standard"$"Einzelseite"$"2023"$"2023"$"Universitätsbibliothek Landes- und Murhardsche Bibliothek der Stadt Kassel"$"https://d-nb.info/gnd/10008839-9"$"Kassel"$"https://d-nb.info/gnd/4029869-3"$"Universitätsbibliothek Landes- und Murhardsche Bibliothek der Stadt Kassel"$"https://d-nb.info/gnd/10008839-9"$"Kassel"$"https://d-nb.info/gnd/4029869-3"
"218"$"2° Ms. theol. 245"$"https://orka.bibliothek.uni-kassel.de/viewer/api/v1/records/1698153438498/manifest/"$"https://orka.bibliothek.uni-kassel.de/viewer/image/1698153438498/"$"https://orka.bibliothek.uni-kassel.de/viewer/api/v1/records/1698153438498/files/images/00000001.tif/full/!400,400/0/default.jpg"$"Komplett"$"Original"$"Standard"$"Einzelseite"$"2023"$"2023"$"Universitätsbibliothek Landes- und Murhardsche Bibliothek der Stadt Kassel"$"https://d-nb.info/gnd/10008839-9"$"Kassel"$"https://d-nb.info/gnd/4029869-3"$"Universitätsbibliothek Landes- und Murhardsche Bibliothek der Stadt Kassel"$"https://d-nb.info/gnd/10008839-9"$"Kassel"$"https://d-nb.info/gnd/4029869-3"
"219"$"2° Ms. theol. 246"$"https://orka.bibliothek.uni-kassel.de/viewer/api/v1/records/1698153503064/manifest/"$"https://orka.bibliothek.uni-kassel.de/viewer/image/1698153503064/"$"https://orka.bibliothek.uni-kassel.de/viewer/api/v1/records/1698153503064/files/images/00000001.tif/full/!400,400/0/default.jpg"$"Komplett"$"Original"$"Standard"$"Einzelseite"$"2023"$"2023"$"Universitätsbibliothek Landes- und Murhardsche Bibliothek der Stadt Kassel"$"https://d-nb.info/gnd/10008839-9"$"Kassel"$"https://d-nb.info/gnd/4029869-3"$"Universitätsbibliothek Landes- und Murhardsche Bibliothek der Stadt Kassel"$"https://d-nb.info/gnd/10008839-9"$"Kassel"$"https://d-nb.info/gnd/4029869-3"
"220"$"2° Ms. theol. 247"$"https://orka.bibliothek.uni-kassel.de/viewer/api/v1/records/1698153551308/manifest/"$"https://orka.bibliothek.uni-kassel.de/viewer/image/1698153551308/"$"https://orka.bibliothek.uni-kassel.de/viewer/api/v1/records/1698153551308/files/images/00000001.tif/full/!400,400/0/default.jpg"$"Komplett"$"Original"$"Standard"$"Einzelseite"$"2023"$"2023"$"Universitätsbibliothek Landes- und Murhardsche Bibliothek der Stadt Kassel"$"https://d-nb.info/gnd/10008839-9"$"Kassel"$"https://d-nb.info/gnd/4029869-3"$"Universitätsbibliothek Landes- und Murhardsche Bibliothek der Stadt Kassel"$"https://d-nb.info/gnd/10008839-9"$"Kassel"$"https://d-nb.info/gnd/4029869-3"
"221"$"2° Ms. theol. 248"$"https://orka.bibliothek.uni-kassel.de/viewer/api/v1/records/1698153592085/manifest/"$"https://orka.bibliothek.uni-kassel.de/viewer/image/1698153592085/"$"https://orka.bibliothek.uni-kassel.de/viewer/api/v1/records/1698153592085/files/images/00000001.tif/full/!400,400/0/default.jpg"$"Komplett"$"Original"$"Standard"$"Einzelseite"$"2023"$"2023"$"Universitätsbibliothek Landes- und Murhardsche Bibliothek der Stadt Kassel"$"https://d-nb.info/gnd/10008839-9"$"Kassel"$"https://d-nb.info/gnd/4029869-3"$"Universitätsbibliothek Landes- und Murhardsche Bibliothek der Stadt Kassel"$"https://d-nb.info/gnd/10008839-9"$"Kassel"$"https://d-nb.info/gnd/4029869-3"
"222"$"2° Ms. theol. 249"$"https://orka.bibliothek.uni-kassel.de/viewer/api/v1/records/1698153690643/manifest/"$"https://orka.bibliothek.uni-kassel.de/viewer/image/1698153690643/"$"https://orka.bibliothek.uni-kassel.de/viewer/api/v1/records/1698153690643/files/images/00000001.tif/full/!400,400/0/default.jpg"$"Komplett"$"Original"$"Standard"$"Einzelseite"$"2023"$"2023"$"Universitätsbibliothek Landes- und Murhardsche Bibliothek der Stadt Kassel"$"https://d-nb.info/gnd/10008839-9"$"Kassel"$"https://d-nb.info/gnd/4029869-3"$"Universitätsbibliothek Landes- und Murhardsche Bibliothek der Stadt Kassel"$"https://d-nb.info/gnd/10008839-9"$"Kassel"$"https://d-nb.info/gnd/4029869-3"
"223"$"2° Ms. theol. 25"$"https://orka.bibliothek.uni-kassel.de/viewer/api/v1/records/1326983725051/manifest/"$"https://orka.bibliothek.uni-kassel.de/viewer/image/1326983725051/"$"https://orka.bibliothek.uni-kassel.de/viewer/api/v1/records/1326983725051/files/images/00000001.tif/full/!400,400/0/default.jpg"$"Komplett"$"Original"$"Standard"$"Einzelseite"$"2012"$"2012"$"Universitätsbibliothek Landes- und Murhardsche Bibliothek der Stadt Kassel"$"https://d-nb.info/gnd/10008839-9"$"Kassel"$"https://d-nb.info/gnd/4029869-3"$"Universitätsbibliothek Landes- und Murhardsche Bibliothek der Stadt Kassel"$"https://d-nb.info/gnd/10008839-9"$"Kassel"$"https://d-nb.info/gnd/4029869-3"
"224"$"2° Ms. theol. 250"$"https://orka.bibliothek.uni-kassel.de/viewer/api/v1/records/1698153736071/manifest/"$"https://orka.bibliothek.uni-kassel.de/viewer/image/1698153736071/"$"https://orka.bibliothek.uni-kassel.de/viewer/api/v1/records/1698153736071/files/images/00000001.tif/full/!400,400/0/default.jpg"$"Komplett"$"Original"$"Standard"$"Einzelseite"$"2024"$"2024"$"Universitätsbibliothek Landes- und Murhardsche Bibliothek der Stadt Kassel"$"https://d-nb.info/gnd/10008839-9"$"Kassel"$"https://d-nb.info/gnd/4029869-3"$"Universitätsbibliothek Landes- und Murhardsche Bibliothek der Stadt Kassel"$"https://d-nb.info/gnd/10008839-9"$"Kassel"$"https://d-nb.info/gnd/4029869-3"
"225"$"2° Ms. theol. 251"$"https://orka.bibliothek.uni-kassel.de/viewer/api/v1/records/1698153788944/manifest/"$"https://orka.bibliothek.uni-kassel.de/viewer/image/1698153788944/"$"https://orka.bibliothek.uni-kassel.de/viewer/api/v1/records/1698153788944/files/images/00000001.tif/full/!400,400/0/default.jpg"$"Komplett"$"Original"$"Standard"$"Einzelseite"$"2023"$"2023"$"Universitätsbibliothek Landes- und Murhardsche Bibliothek der Stadt Kassel"$"https://d-nb.info/gnd/10008839-9"$"Kassel"$"https://d-nb.info/gnd/4029869-3"$"Universitätsbibliothek Landes- und Murhardsche Bibliothek der Stadt Kassel"$"https://d-nb.info/gnd/10008839-9"$"Kassel"$"https://d-nb.info/gnd/4029869-3"
"226"$"2° Ms. theol. 252"$"https://orka.bibliothek.uni-kassel.de/viewer/api/v1/records/1698153866895/manifest/"$"https://orka.bibliothek.uni-kassel.de/viewer/image/1698153866895/"$"https://orka.bibliothek.uni-kassel.de/viewer/api/v1/records/1698153866895/files/images/00000001.tif/full/!400,400/0/default.jpg"$"Komplett"$"Original"$"Standard"$"Einzelseite"$"2023"$"2023"$"Universitätsbibliothek Landes- und Murhardsche Bibliothek der Stadt Kassel"$"https://d-nb.info/gnd/10008839-9"$"Kassel"$"https://d-nb.info/gnd/4029869-3"$"Universitätsbibliothek Landes- und Murhardsche Bibliothek der Stadt Kassel"$"https://d-nb.info/gnd/10008839-9"$"Kassel"$"https://d-nb.info/gnd/4029869-3"
"227"$"2° Ms. theol. 253"$"https://orka.bibliothek.uni-kassel.de/viewer/api/v1/records/1698153920980/manifest/"$"https://orka.bibliothek.uni-kassel.de/viewer/image/1698153920980/"$"https://orka.bibliothek.uni-kassel.de/viewer/api/v1/records/1698153920980/files/images/00000001.tif/full/!400,400/0/default.jpg"$"Komplett"$"Original"$"Standard"$"Einzelseite"$"2023"$"2023"$"Universitätsbibliothek Landes- und Murhardsche Bibliothek der Stadt Kassel"$"https://d-nb.info/gnd/10008839-9"$"Kassel"$"https://d-nb.info/gnd/4029869-3"$"Universitätsbibliothek Landes- und Murhardsche Bibliothek der Stadt Kassel"$"https://d-nb.info/gnd/10008839-9"$"Kassel"$"https://d-nb.info/gnd/4029869-3"
"228"$"2° Ms. theol. 254"$"https://orka.bibliothek.uni-kassel.de/viewer/api/v1/records/1698153992790/manifest/"$"https://orka.bibliothek.uni-kassel.de/viewer/image/1698153992790/"$"https://orka.bibliothek.uni-kassel.de/viewer/api/v1/records/1698153992790/files/images/00000001.tif/full/!400,400/0/default.jpg"$"Komplett"$"Original"$"Standard"$"Einzelseite"$"2023"$"2023"$"Universitätsbibliothek Landes- und Murhardsche Bibliothek der Stadt Kassel"$"https://d-nb.info/gnd/10008839-9"$"Kassel"$"https://d-nb.info/gnd/4029869-3"$"Universitätsbibliothek Landes- und Murhardsche Bibliothek der Stadt Kassel"$"https://d-nb.info/gnd/10008839-9"$"Kassel"$"https://d-nb.info/gnd/4029869-3"
"229"$"2° Ms. theol. 255"$"https://orka.bibliothek.uni-kassel.de/viewer/api/v1/records/1698154046765/manifest/"$"https://orka.bibliothek.uni-kassel.de/viewer/image/1698154046765/"$"https://orka.bibliothek.uni-kassel.de/viewer/api/v1/records/1698154046765/files/images/00000001.tif/full/!400,400/0/default.jpg"$"Komplett"$"Original"$"Standard"$"Einzelseite"$"2023"$"2023"$"Universitätsbibliothek Landes- und Murhardsche Bibliothek der Stadt Kassel"$"https://d-nb.info/gnd/10008839-9"$"Kassel"$"https://d-nb.info/gnd/4029869-3"$"Universitätsbibliothek Landes- und Murhardsche Bibliothek der Stadt Kassel"$"https://d-nb.info/gnd/10008839-9"$"Kassel"$"https://d-nb.info/gnd/4029869-3"
"230"$"2° Ms. theol. 256"$"https://orka.bibliothek.uni-kassel.de/viewer/api/v1/records/1698154128360/manifest/"$"https://orka.bibliothek.uni-kassel.de/viewer/image/1698154128360/"$"https://orka.bibliothek.uni-kassel.de/viewer/api/v1/records/1698154128360/files/images/000001.tif/full/!400,400/0/default.jpg"$"Komplett"$"Original"$"Standard"$"Einzelseite"$"2023"$"2023"$"Universitätsbibliothek Landes- und Murhardsche Bibliothek der Stadt Kassel"$"https://d-nb.info/gnd/10008839-9"$"Kassel"$"https://d-nb.info/gnd/4029869-3"$"Universitätsbibliothek Landes- und Murhardsche Bibliothek der Stadt Kassel"$"https://d-nb.info/gnd/10008839-9"$"Kassel"$"https://d-nb.info/gnd/4029869-3"
"231"$"2° Ms. theol. 257"$"https://orka.bibliothek.uni-kassel.de/viewer/api/v1/records/1698738917546/manifest/"$"https://orka.bibliothek.uni-kassel.de/viewer/image/1698738917546/"$"https://orka.bibliothek.uni-kassel.de/viewer/api/v1/records/1698738917546/files/images/00000001.tif/full/!400,400/0/default.jpg"$"Komplett"$"Original"$"Standard"$"Einzelseite"$"2023"$"2023"$"Universitätsbibliothek Landes- und Murhardsche Bibliothek der Stadt Kassel"$"https://d-nb.info/gnd/10008839-9"$"Kassel"$"https://d-nb.info/gnd/4029869-3"$"Universitätsbibliothek Landes- und Murhardsche Bibliothek der Stadt Kassel"$"https://d-nb.info/gnd/10008839-9"$"Kassel"$"https://d-nb.info/gnd/4029869-3"
"232"$"2° Ms. theol. 258"$"https://orka.bibliothek.uni-kassel.de/viewer/api/v1/records/1698739106925/manifest/"$"https://orka.bibliothek.uni-kassel.de/viewer/image/1698739106925/"$"https://orka.bibliothek.uni-kassel.de/viewer/api/v1/records/1698739106925/files/images/00000001.tif/full/!400,400/0/default.jpg"$"Komplett"$"Original"$"Standard"$"Einzelseite"$"2023"$"2023"$"Universitätsbibliothek Landes- und Murhardsche Bibliothek der Stadt Kassel"$"https://d-nb.info/gnd/10008839-9"$"Kassel"$"https://d-nb.info/gnd/4029869-3"$"Universitätsbibliothek Landes- und Murhardsche Bibliothek der Stadt Kassel"$"https://d-nb.info/gnd/10008839-9"$"Kassel"$"https://d-nb.info/gnd/4029869-3"
"233"$"2° Ms. theol. 259"$"https://orka.bibliothek.uni-kassel.de/viewer/api/v1/records/1698739232003/manifest/"$"https://orka.bibliothek.uni-kassel.de/viewer/image/1698739232003/"$"https://orka.bibliothek.uni-kassel.de/viewer/api/v1/records/1698739232003/files/images/00000001.tif/full/!400,400/0/default.jpg"$"Komplett"$"Original"$"Standard"$"Einzelseite"$"2023"$"2023"$"Universitätsbibliothek Landes- und Murhardsche Bibliothek der Stadt Kassel"$"https://d-nb.info/gnd/10008839-9"$"Kassel"$"https://d-nb.info/gnd/4029869-3"$"Universitätsbibliothek Landes- und Murhardsche Bibliothek der Stadt Kassel"$"https://d-nb.info/gnd/10008839-9"$"Kassel"$"https://d-nb.info/gnd/4029869-3"
"234"$"2° Ms. theol. 26"$"https://orka.bibliothek.uni-kassel.de/viewer/api/v1/records/1650971030067/manifest/"$"https://orka.bibliothek.uni-kassel.de/viewer/image/1650971030067/"$"https://orka.bibliothek.uni-kassel.de/viewer/api/v1/records/1650971030067/files/images/00000001.tif/full/!400,400/0/default.jpg"$"Komplett"$"Original"$"Standard"$"Einzelseite"$"2022"$"2022"$"Universitätsbibliothek Landes- und Murhardsche Bibliothek der Stadt Kassel"$"https://d-nb.info/gnd/10008839-9"$"Kassel"$"https://d-nb.info/gnd/4029869-3"$"Universitätsbibliothek Landes- und Murhardsche Bibliothek der Stadt Kassel"$"https://d-nb.info/gnd/10008839-9"$"Kassel"$"https://d-nb.info/gnd/4029869-3"
"235"$"2° Ms. theol. 260"$"https://orka.bibliothek.uni-kassel.de/viewer/api/v1/records/1698739400154/manifest/"$"https://orka.bibliothek.uni-kassel.de/viewer/image/1698739400154/"$"https://orka.bibliothek.uni-kassel.de/viewer/api/v1/records/1698739400154/files/images/00000001.tif/full/!400,400/0/default.jpg"$"Komplett"$"Original"$"Standard"$"Einzelseite"$"2024"$"2024"$"Universitätsbibliothek Landes- und Murhardsche Bibliothek der Stadt Kassel"$"https://d-nb.info/gnd/10008839-9"$"Kassel"$"https://d-nb.info/gnd/4029869-3"$"Universitätsbibliothek Landes- und Murhardsche Bibliothek der Stadt Kassel"$"https://d-nb.info/gnd/10008839-9"$"Kassel"$"https://d-nb.info/gnd/4029869-3"
"236"$"2° Ms. theol. 261"$"https://orka.bibliothek.uni-kassel.de/viewer/api/v1/records/1698740141480/manifest/"$"https://orka.bibliothek.uni-kassel.de/viewer/image/1698740141480/"$"https://orka.bibliothek.uni-kassel.de/viewer/api/v1/records/1698740141480/files/images/00000001.tif/full/!400,400/0/default.jpg"$"Komplett"$"Original"$"Standard"$"Einzelseite"$"2024"$"2024"$"Universitätsbibliothek Landes- und Murhardsche Bibliothek der Stadt Kassel"$"https://d-nb.info/gnd/10008839-9"$"Kassel"$"https://d-nb.info/gnd/4029869-3"$"Universitätsbibliothek Landes- und Murhardsche Bibliothek der Stadt Kassel"$"https://d-nb.info/gnd/10008839-9"$"Kassel"$"https://d-nb.info/gnd/4029869-3"
"237"$"2° Ms. theol. 262"$"https://orka.bibliothek.uni-kassel.de/viewer/api/v1/records/1698740217730/manifest/"$"https://orka.bibliothek.uni-kassel.de/viewer/image/1698740217730/"$"https://orka.bibliothek.uni-kassel.de/viewer/api/v1/records/1698740217730/files/images/00000001.tif/full/!400,400/0/default.jpg"$"Komplett"$"Original"$"Standard"$"Einzelseite"$"2024"$"2024"$"Universitätsbibliothek Landes- und Murhardsche Bibliothek der Stadt Kassel"$"https://d-nb.info/gnd/10008839-9"$"Kassel"$"https://d-nb.info/gnd/4029869-3"$"Universitätsbibliothek Landes- und Murhardsche Bibliothek der Stadt Kassel"$"https://d-nb.info/gnd/10008839-9"$"Kassel"$"https://d-nb.info/gnd/4029869-3"
"238"$"2° Ms. theol. 263"$"https://orka.bibliothek.uni-kassel.de/viewer/api/v1/records/1698740275989/manifest/"$"https://orka.bibliothek.uni-kassel.de/viewer/image/1698740275989/"$"https://orka.bibliothek.uni-kassel.de/viewer/api/v1/records/1698740275989/files/images/00000001.tif/full/!400,400/0/default.jpg"$"Komplett"$"Original"$"Standard"$"Einzelseite"$"2024"$"2024"$"Universitätsbibliothek Landes- und Murhardsche Bibliothek der Stadt Kassel"$"https://d-nb.info/gnd/10008839-9"$"Kassel"$"https://d-nb.info/gnd/4029869-3"$"Universitätsbibliothek Landes- und Murhardsche Bibliothek der Stadt Kassel"$"https://d-nb.info/gnd/10008839-9"$"Kassel"$"https://d-nb.info/gnd/4029869-3"
"239"$"2° Ms. theol. 264"$"https://orka.bibliothek.uni-kassel.de/viewer/api/v1/records/1628841678671/manifest/"$"https://orka.bibliothek.uni-kassel.de/viewer/image/1628841678671/"$"https://orka.bibliothek.uni-kassel.de/viewer/api/v1/records/1628841678671/files/images/0001.tif/full/!400,400/0/default.jpg"$"Komplett"$"Original"$"Standard"$"Einzelseite"$"2021"$"2021"$"Universitätsbibliothek Landes- und Murhardsche Bibliothek der Stadt Kassel"$"https://d-nb.info/gnd/10008839-9"$"Kassel"$"https://d-nb.info/gnd/4029869-3"$"Universitätsbibliothek Landes- und Murhardsche Bibliothek der Stadt Kassel"$"https://d-nb.info/gnd/10008839-9"$"Kassel"$"https://d-nb.info/gnd/4029869-3"
"240"$"2° Ms. theol. 265"$"https://orka.bibliothek.uni-kassel.de/viewer/api/v1/records/1343807743064/manifest/"$"https://orka.bibliothek.uni-kassel.de/viewer/image/1343807743064/"$"https://orka.bibliothek.uni-kassel.de/viewer/api/v1/records/1343807743064/files/images/00000001.tif/full/!400,400/0/default.jpg"$"Komplett"$"Original"$"Standard"$"Einzelseite"$"2012"$"2012"$"Universitätsbibliothek Landes- und Murhardsche Bibliothek der Stadt Kassel"$"https://d-nb.info/gnd/10008839-9"$"Kassel"$"https://d-nb.info/gnd/4029869-3"$"Universitätsbibliothek Landes- und Murhardsche Bibliothek der Stadt Kassel"$"https://d-nb.info/gnd/10008839-9"$"Kassel"$"https://d-nb.info/gnd/4029869-3"
"241"$"2° Ms. theol. 266"$"https://orka.bibliothek.uni-kassel.de/viewer/api/v1/records/1343807662971/manifest/"$"https://orka.bibliothek.uni-kassel.de/viewer/image/1343807662971/"$"https://orka.bibliothek.uni-kassel.de/viewer/api/v1/records/1343807662971/files/images/00000001.tif/full/!400,400/0/default.jpg"$"Komplett"$"Original"$"Standard"$"Einzelseite"$"2012"$"2012"$"Universitätsbibliothek Landes- und Murhardsche Bibliothek der Stadt Kassel"$"https://d-nb.info/gnd/10008839-9"$"Kassel"$"https://d-nb.info/gnd/4029869-3"$"Universitätsbibliothek Landes- und Murhardsche Bibliothek der Stadt Kassel"$"https://d-nb.info/gnd/10008839-9"$"Kassel"$"https://d-nb.info/gnd/4029869-3"
"242"$"2° Ms. theol. 267"$"https://orka.bibliothek.uni-kassel.de/viewer/api/v1/records/1343807482264/manifest/"$"https://orka.bibliothek.uni-kassel.de/viewer/image/1343807482264/"$"https://orka.bibliothek.uni-kassel.de/viewer/api/v1/records/1343807482264/files/images/00000001.tif/full/!400,400/0/default.jpg"$"Komplett"$"Original"$"Standard"$"Einzelseite"$"2012"$"2012"$"Universitätsbibliothek Landes- und Murhardsche Bibliothek der Stadt Kassel"$"https://d-nb.info/gnd/10008839-9"$"Kassel"$"https://d-nb.info/gnd/4029869-3"$"Universitätsbibliothek Landes- und Murhardsche Bibliothek der Stadt Kassel"$"https://d-nb.info/gnd/10008839-9"$"Kassel"$"https://d-nb.info/gnd/4029869-3"
"243"$"2° Ms. theol. 268"$"https://orka.bibliothek.uni-kassel.de/viewer/api/v1/records/1344430910747/manifest/"$"https://orka.bibliothek.uni-kassel.de/viewer/image/1344430910747/"$"https://orka.bibliothek.uni-kassel.de/viewer/api/v1/records/1344430910747/files/images/00000001.tif/full/!400,400/0/default.jpg"$"Komplett"$"Original"$"Standard"$"Einzelseite"$"2014"$"2014"$"Universitätsbibliothek Landes- und Murhardsche Bibliothek der Stadt Kassel"$"https://d-nb.info/gnd/10008839-9"$"Kassel"$"https://d-nb.info/gnd/4029869-3"$"Universitätsbibliothek Landes- und Murhardsche Bibliothek der Stadt Kassel"$"https://d-nb.info/gnd/10008839-9"$"Kassel"$"https://d-nb.info/gnd/4029869-3"
"244"$"2° Ms. theol. 269"$"https://orka.bibliothek.uni-kassel.de/viewer/api/v1/records/1698740356455/manifest/"$"https://orka.bibliothek.uni-kassel.de/viewer/image/1698740356455/"$"https://orka.bibliothek.uni-kassel.de/viewer/api/v1/records/1698740356455/files/images/00000001.tif/full/!400,400/0/default.jpg"$"Komplett"$"Original"$"Standard"$"Einzelseite"$"2024"$"2024"$"Universitätsbibliothek Landes- und Murhardsche Bibliothek der Stadt Kassel"$"https://d-nb.info/gnd/10008839-9"$"Kassel"$"https://d-nb.info/gnd/4029869-3"$"Universitätsbibliothek Landes- und Murhardsche Bibliothek der Stadt Kassel"$"https://d-nb.info/gnd/10008839-9"$"Kassel"$"https://d-nb.info/gnd/4029869-3"
"245"$"2° Ms. theol. 27"$"https://orka.bibliothek.uni-kassel.de/viewer/api/v1/records/1654768518626/manifest/"$"https://orka.bibliothek.uni-kassel.de/viewer/image/1654768518626/"$"https://orka.bibliothek.uni-kassel.de/viewer/api/v1/records/1654768518626/files/images/000001.tif/full/!400,400/0/default.jpg"$"Komplett"$"Original"$"Standard"$"Einzelseite"$"2022"$"2022"$"Universitätsbibliothek Landes- und Murhardsche Bibliothek der Stadt Kassel"$"https://d-nb.info/gnd/10008839-9"$"Kassel"$"https://d-nb.info/gnd/4029869-3"$"Universitätsbibliothek Landes- und Murhardsche Bibliothek der Stadt Kassel"$"https://d-nb.info/gnd/10008839-9"$"Kassel"$"https://d-nb.info/gnd/4029869-3"
"246"$"2° Ms. theol. 270"$"https://orka.bibliothek.uni-kassel.de/viewer/api/v1/records/1698740432570/manifest/"$"https://orka.bibliothek.uni-kassel.de/viewer/image/1698740432570/"$"https://orka.bibliothek.uni-kassel.de/viewer/api/v1/records/1698740432570/files/images/00000001.tif/full/!400,400/0/default.jpg"$"Komplett"$"Original"$"Standard"$"Einzelseite"$"2024"$"2024"$"Universitätsbibliothek Landes- und Murhardsche Bibliothek der Stadt Kassel"$"https://d-nb.info/gnd/10008839-9"$"Kassel"$"https://d-nb.info/gnd/4029869-3"$"Universitätsbibliothek Landes- und Murhardsche Bibliothek der Stadt Kassel"$"https://d-nb.info/gnd/10008839-9"$"Kassel"$"https://d-nb.info/gnd/4029869-3"
"247"$"2° Ms. theol. 271"$"https://orka.bibliothek.uni-kassel.de/viewer/api/v1/records/1343807401053/manifest/"$"https://orka.bibliothek.uni-kassel.de/viewer/image/1343807401053/"$"https://orka.bibliothek.uni-kassel.de/viewer/api/v1/records/1343807401053/files/images/00000001.tif/full/!400,400/0/default.jpg"$"Komplett"$"Original"$"Standard"$"Einzelseite"$"2012"$"2012"$"Universitätsbibliothek Landes- und Murhardsche Bibliothek der Stadt Kassel"$"https://d-nb.info/gnd/10008839-9"$"Kassel"$"https://d-nb.info/gnd/4029869-3"$"Universitätsbibliothek Landes- und Murhardsche Bibliothek der Stadt Kassel"$"https://d-nb.info/gnd/10008839-9"$"Kassel"$"https://d-nb.info/gnd/4029869-3"
"248"$"2° Ms. theol. 272"$"https://orka.bibliothek.uni-kassel.de/viewer/api/v1/records/1698740617047/manifest/"$"https://orka.bibliothek.uni-kassel.de/viewer/image/1698740617047/"$"https://orka.bibliothek.uni-kassel.de/viewer/api/v1/records/1698740617047/files/images/00000001.tif/full/!400,400/0/default.jpg"$"Komplett"$"Original"$"Standard"$"Einzelseite"$"2023"$"2023"$"Universitätsbibliothek Landes- und Murhardsche Bibliothek der Stadt Kassel"$"https://d-nb.info/gnd/10008839-9"$"Kassel"$"https://d-nb.info/gnd/4029869-3"$"Universitätsbibliothek Landes- und Murhardsche Bibliothek der Stadt Kassel"$"https://d-nb.info/gnd/10008839-9"$"Kassel"$"https://d-nb.info/gnd/4029869-3"
"249"$"2° Ms. theol. 273"$"https://orka.bibliothek.uni-kassel.de/viewer/api/v1/records/1698741619811/manifest/"$"https://orka.bibliothek.uni-kassel.de/viewer/image/1698741619811/"$"https://orka.bibliothek.uni-kassel.de/viewer/api/v1/records/1698741619811/files/images/00000001.tif/full/!400,400/0/default.jpg"$"Komplett"$"Original"$"Standard"$"Einzelseite"$"2024"$"2024"$"Universitätsbibliothek Landes- und Murhardsche Bibliothek der Stadt Kassel"$"https://d-nb.info/gnd/10008839-9"$"Kassel"$"https://d-nb.info/gnd/4029869-3"$"Universitätsbibliothek Landes- und Murhardsche Bibliothek der Stadt Kassel"$"https://d-nb.info/gnd/10008839-9"$"Kassel"$"https://d-nb.info/gnd/4029869-3"
"250"$"2° Ms. theol. 274"$"https://orka.bibliothek.uni-kassel.de/viewer/api/v1/records/1693400589503/manifest/"$"https://orka.bibliothek.uni-kassel.de/viewer/image/1693400589503/"$"https://orka.bibliothek.uni-kassel.de/viewer/api/v1/records/1693400589503/files/images/000001.tif/full/!400,400/0/default.jpg"$"Komplett"$"Original"$"Standard"$"Einzelseite"$"2023"$"2023"$"Universitätsbibliothek Landes- und Murhardsche Bibliothek der Stadt Kassel"$"https://d-nb.info/gnd/10008839-9"$"Kassel"$"https://d-nb.info/gnd/4029869-3"$"Universitätsbibliothek Landes- und Murhardsche Bibliothek der Stadt Kassel"$"https://d-nb.info/gnd/10008839-9"$"Kassel"$"https://d-nb.info/gnd/4029869-3"
"251"$"2° Ms. theol. 275"$"https://orka.bibliothek.uni-kassel.de/viewer/api/v1/records/1698741970390/manifest/"$"https://orka.bibliothek.uni-kassel.de/viewer/image/1698741970390/"$"https://orka.bibliothek.uni-kassel.de/viewer/api/v1/records/1698741970390/files/images/00000001.tif/full/!400,400/0/default.jpg"$"Komplett"$"Original"$"Standard"$"Doppelseite"$"2024"$"2024"$"Universitätsbibliothek Landes- und Murhardsche Bibliothek der Stadt Kassel"$"https://d-nb.info/gnd/10008839-9"$"Kassel"$"https://d-nb.info/gnd/4029869-3"$"Universitätsbibliothek Landes- und Murhardsche Bibliothek der Stadt Kassel"$"https://d-nb.info/gnd/10008839-9"$"Kassel"$"https://d-nb.info/gnd/4029869-3"
"252"$"2° Ms. theol. 276"$"https://orka.bibliothek.uni-kassel.de/viewer/api/v1/records/1698742205212/manifest/"$"https://orka.bibliothek.uni-kassel.de/viewer/image/1698742205212/"$"https://orka.bibliothek.uni-kassel.de/viewer/api/v1/records/1698742205212/files/images/00000001.tif/full/!400,400/0/default.jpg"$"Komplett"$"Original"$"Standard"$"Einzelseite"$"2024"$"2024"$"Universitätsbibliothek Landes- und Murhardsche Bibliothek der Stadt Kassel"$"https://d-nb.info/gnd/10008839-9"$"Kassel"$"https://d-nb.info/gnd/4029869-3"$"Universitätsbibliothek Landes- und Murhardsche Bibliothek der Stadt Kassel"$"https://d-nb.info/gnd/10008839-9"$"Kassel"$"https://d-nb.info/gnd/4029869-3"
"253"$"2° Ms. theol. 277"$"https://orka.bibliothek.uni-kassel.de/viewer/api/v1/records/1698742338856/manifest/"$"https://orka.bibliothek.uni-kassel.de/viewer/image/1698742338856/"$"https://orka.bibliothek.uni-kassel.de/viewer/api/v1/records/1698742338856/files/images/00000001.tif/full/!400,400/0/default.jpg"$"Komplett"$"Original"$"Standard"$"Einzelseite"$"2024"$"2024"$"Universitätsbibliothek Landes- und Murhardsche Bibliothek der Stadt Kassel"$"https://d-nb.info/gnd/10008839-9"$"Kassel"$"https://d-nb.info/gnd/4029869-3"$"Universitätsbibliothek Landes- und Murhardsche Bibliothek der Stadt Kassel"$"https://d-nb.info/gnd/10008839-9"$"Kassel"$"https://d-nb.info/gnd/4029869-3"
"254"$"2° Ms. theol. 278"$"https://orka.bibliothek.uni-kassel.de/viewer/api/v1/records/1698742398483/manifest/"$"https://orka.bibliothek.uni-kassel.de/viewer/image/1698742398483/"$"https://orka.bibliothek.uni-kassel.de/viewer/api/v1/records/1698742398483/files/images/00000001.tif/full/!400,400/0/default.jpg"$"Komplett"$"Original"$"Standard"$"Einzelseite"$"2024"$"2024"$"Universitätsbibliothek Landes- und Murhardsche Bibliothek der Stadt Kassel"$"https://d-nb.info/gnd/10008839-9"$"Kassel"$"https://d-nb.info/gnd/4029869-3"$"Universitätsbibliothek Landes- und Murhardsche Bibliothek der Stadt Kassel"$"https://d-nb.info/gnd/10008839-9"$"Kassel"$"https://d-nb.info/gnd/4029869-3"
"255"$"2° Ms. theol. 279"$"https://orka.bibliothek.uni-kassel.de/viewer/api/v1/records/1698742545850/manifest/"$"https://orka.bibliothek.uni-kassel.de/viewer/image/1698742545850/"$"https://orka.bibliothek.uni-kassel.de/viewer/api/v1/records/1698742545850/files/images/00000001.tif/full/!400,400/0/default.jpg"$"Komplett"$"Original"$"Standard"$"Einzelseite"$"2024"$"2024"$"Universitätsbibliothek Landes- und Murhardsche Bibliothek der Stadt Kassel"$"https://d-nb.info/gnd/10008839-9"$"Kassel"$"https://d-nb.info/gnd/4029869-3"$"Universitätsbibliothek Landes- und Murhardsche Bibliothek der Stadt Kassel"$"https://d-nb.info/gnd/10008839-9"$"Kassel"$"https://d-nb.info/gnd/4029869-3"
"256"$"2° Ms. theol. 28"$"https://orka.bibliothek.uni-kassel.de/viewer/api/v1/records/1650527845146/manifest/"$"https://orka.bibliothek.uni-kassel.de/viewer/image/1650527845146/"$"https://orka.bibliothek.uni-kassel.de/viewer/api/v1/records/1650527845146/files/images/000001.tif/full/!400,400/0/default.jpg"$"Komplett"$"Original"$"Standard"$"Einzelseite"$"2022"$"2022"$"Universitätsbibliothek Landes- und Murhardsche Bibliothek der Stadt Kassel"$"https://d-nb.info/gnd/10008839-9"$"Kassel"$"https://d-nb.info/gnd/4029869-3"$"Universitätsbibliothek Landes- und Murhardsche Bibliothek der Stadt Kassel"$"https://d-nb.info/gnd/10008839-9"$"Kassel"$"https://d-nb.info/gnd/4029869-3"
"257"$"2° Ms. theol. 280"$"https://orka.bibliothek.uni-kassel.de/viewer/api/v1/records/1698742657434/manifest/"$"https://orka.bibliothek.uni-kassel.de/viewer/image/1698742657434/"$"https://orka.bibliothek.uni-kassel.de/viewer/api/v1/records/1698742657434/files/images/00000001.tif/full/!400,400/0/default.jpg"$"Komplett"$"Original"$"Standard"$"Einzelseite"$"2024"$"2024"$"Universitätsbibliothek Landes- und Murhardsche Bibliothek der Stadt Kassel"$"https://d-nb.info/gnd/10008839-9"$"Kassel"$"https://d-nb.info/gnd/4029869-3"$"Universitätsbibliothek Landes- und Murhardsche Bibliothek der Stadt Kassel"$"https://d-nb.info/gnd/10008839-9"$"Kassel"$"https://d-nb.info/gnd/4029869-3"
"258"$"2° Ms. theol. 281"$"https://orka.bibliothek.uni-kassel.de/viewer/api/v1/records/1698742842924/manifest/"$"https://orka.bibliothek.uni-kassel.de/viewer/image/1698742842924/"$"https://orka.bibliothek.uni-kassel.de/viewer/api/v1/records/1698742842924/files/images/00000001.tif/full/!400,400/0/default.jpg"$"Komplett"$"Original"$"Standard"$"Einzelseite"$"2024"$"2024"$"Universitätsbibliothek Landes- und Murhardsche Bibliothek der Stadt Kassel"$"https://d-nb.info/gnd/10008839-9"$"Kassel"$"https://d-nb.info/gnd/4029869-3"$"Universitätsbibliothek Landes- und Murhardsche Bibliothek der Stadt Kassel"$"https://d-nb.info/gnd/10008839-9"$"Kassel"$"https://d-nb.info/gnd/4029869-3"
"259"$"2° Ms. theol. 282"$"https://orka.bibliothek.uni-kassel.de/viewer/api/v1/records/1698742940539/manifest/"$"https://orka.bibliothek.uni-kassel.de/viewer/image/1698742940539/"$"https://orka.bibliothek.uni-kassel.de/viewer/api/v1/records/1698742940539/files/images/00000001.tif/full/!400,400/0/default.jpg"$"Komplett"$"Original"$"Standard"$"Einzelseite"$"2024"$"2024"$"Universitätsbibliothek Landes- und Murhardsche Bibliothek der Stadt Kassel"$"https://d-nb.info/gnd/10008839-9"$"Kassel"$"https://d-nb.info/gnd/4029869-3"$"Universitätsbibliothek Landes- und Murhardsche Bibliothek der Stadt Kassel"$"https://d-nb.info/gnd/10008839-9"$"Kassel"$"https://d-nb.info/gnd/4029869-3"
"260"$"2° Ms. theol. 283"$"https://orka.bibliothek.uni-kassel.de/viewer/api/v1/records/1343807316614/manifest/"$"https://orka.bibliothek.uni-kassel.de/viewer/image/1343807316614/"$"https://orka.bibliothek.uni-kassel.de/viewer/api/v1/records/1343807316614/files/images/00000001.tif/full/!400,400/0/default.jpg"$"Komplett"$"Original"$"Standard"$"Einzelseite"$"2012"$"2012"$"Universitätsbibliothek Landes- und Murhardsche Bibliothek der Stadt Kassel"$"https://d-nb.info/gnd/10008839-9"$"Kassel"$"https://d-nb.info/gnd/4029869-3"$"Universitätsbibliothek Landes- und Murhardsche Bibliothek der Stadt Kassel"$"https://d-nb.info/gnd/10008839-9"$"Kassel"$"https://d-nb.info/gnd/4029869-3"
"261"$"2° Ms. theol. 284"$"https://orka.bibliothek.uni-kassel.de/viewer/api/v1/records/1698742990296/manifest/"$"https://orka.bibliothek.uni-kassel.de/viewer/image/1698742990296/"$"https://orka.bibliothek.uni-kassel.de/viewer/api/v1/records/1698742990296/files/images/00000001.tif/full/!400,400/0/default.jpg"$"Komplett"$"Original"$"Standard"$"Einzelseite"$"2024"$"2024"$"Universitätsbibliothek Landes- und Murhardsche Bibliothek der Stadt Kassel"$"https://d-nb.info/gnd/10008839-9"$"Kassel"$"https://d-nb.info/gnd/4029869-3"$"Universitätsbibliothek Landes- und Murhardsche Bibliothek der Stadt Kassel"$"https://d-nb.info/gnd/10008839-9"$"Kassel"$"https://d-nb.info/gnd/4029869-3"
"262"$"2° Ms. theol. 285"$"https://orka.bibliothek.uni-kassel.de/viewer/api/v1/records/1357830302392/manifest/"$"https://orka.bibliothek.uni-kassel.de/viewer/image/1357830302392/"$"https://orka.bibliothek.uni-kassel.de/viewer/api/v1/records/1357830302392/files/images/00000001.tif/full/!400,400/0/default.jpg"$"Komplett"$"Original"$"Standard"$"Einzelseite"$"2013"$"2013"$"Universitätsbibliothek Landes- und Murhardsche Bibliothek der Stadt Kassel"$"https://d-nb.info/gnd/10008839-9"$"Kassel"$"https://d-nb.info/gnd/4029869-3"$"Universitätsbibliothek Landes- und Murhardsche Bibliothek der Stadt Kassel"$"https://d-nb.info/gnd/10008839-9"$"Kassel"$"https://d-nb.info/gnd/4029869-3"
"263"$"2° Ms. theol. 286"$"https://orka.bibliothek.uni-kassel.de/viewer/api/v1/records/1698763248864/manifest/"$"https://orka.bibliothek.uni-kassel.de/viewer/image/1698763248864/"$"https://orka.bibliothek.uni-kassel.de/viewer/api/v1/records/1698763248864/files/images/00000001.tif/full/!400,400/0/default.jpg"$"Komplett"$"Original"$"Standard"$"Einzelseite"$"2024"$"2024"$"Universitätsbibliothek Landes- und Murhardsche Bibliothek der Stadt Kassel"$"https://d-nb.info/gnd/10008839-9"$"Kassel"$"https://d-nb.info/gnd/4029869-3"$"Universitätsbibliothek Landes- und Murhardsche Bibliothek der Stadt Kassel"$"https://d-nb.info/gnd/10008839-9"$"Kassel"$"https://d-nb.info/gnd/4029869-3"
"264"$"2° Ms. theol. 287"$"https://orka.bibliothek.uni-kassel.de/viewer/api/v1/records/1698763318774/manifest/"$"https://orka.bibliothek.uni-kassel.de/viewer/image/1698763318774/"$"https://orka.bibliothek.uni-kassel.de/viewer/api/v1/records/1698763318774/files/images/00000001.tif/full/!400,400/0/default.jpg"$"Komplett"$"Original"$"Standard"$"Einzelseite"$"2024"$"2024"$"Universitätsbibliothek Landes- und Murhardsche Bibliothek der Stadt Kassel"$"https://d-nb.info/gnd/10008839-9"$"Kassel"$"https://d-nb.info/gnd/4029869-3"$"Universitätsbibliothek Landes- und Murhardsche Bibliothek der Stadt Kassel"$"https://d-nb.info/gnd/10008839-9"$"Kassel"$"https://d-nb.info/gnd/4029869-3"
"265"$"2° Ms. theol. 288"$"https://orka.bibliothek.uni-kassel.de/viewer/api/v1/records/1698763388795/manifest/"$"https://orka.bibliothek.uni-kassel.de/viewer/image/1698763388795/"$"https://orka.bibliothek.uni-kassel.de/viewer/api/v1/records/1698763388795/files/images/00000001.tif/full/!400,400/0/default.jpg"$"Komplett"$"Original"$"Standard"$"Einzelseite"$"2024"$"2024"$"Universitätsbibliothek Landes- und Murhardsche Bibliothek der Stadt Kassel"$"https://d-nb.info/gnd/10008839-9"$"Kassel"$"https://d-nb.info/gnd/4029869-3"$"Universitätsbibliothek Landes- und Murhardsche Bibliothek der Stadt Kassel"$"https://d-nb.info/gnd/10008839-9"$"Kassel"$"https://d-nb.info/gnd/4029869-3"
"266"$"2° Ms. theol. 289"$"https://orka.bibliothek.uni-kassel.de/viewer/api/v1/records/1698763491482/manifest/"$"https://orka.bibliothek.uni-kassel.de/viewer/image/1698763491482/"$"https://orka.bibliothek.uni-kassel.de/viewer/api/v1/records/1698763491482/files/images/00000001.tif/full/!400,400/0/default.jpg"$"Komplett"$"Original"$"Standard"$"Einzelseite"$"2024"$"2024"$"Universitätsbibliothek Landes- und Murhardsche Bibliothek der Stadt Kassel"$"https://d-nb.info/gnd/10008839-9"$"Kassel"$"https://d-nb.info/gnd/4029869-3"$"Universitätsbibliothek Landes- und Murhardsche Bibliothek der Stadt Kassel"$"https://d-nb.info/gnd/10008839-9"$"Kassel"$"https://d-nb.info/gnd/4029869-3"
"267"$"2° Ms. theol. 29"$"https://orka.bibliothek.uni-kassel.de/viewer/api/v1/records/1330082694547/manifest/"$"https://orka.bibliothek.uni-kassel.de/viewer/image/1330082694547/"$"https://orka.bibliothek.uni-kassel.de/viewer/api/v1/records/1330082694547/files/images/00000001.tif/full/!400,400/0/default.jpg"$"Komplett"$"Original"$"Standard"$"Einzelseite"$"2012"$"2012"$"Universitätsbibliothek Landes- und Murhardsche Bibliothek der Stadt Kassel"$"https://d-nb.info/gnd/10008839-9"$"Kassel"$"https://d-nb.info/gnd/4029869-3"$"Universitätsbibliothek Landes- und Murhardsche Bibliothek der Stadt Kassel"$"https://d-nb.info/gnd/10008839-9"$"Kassel"$"https://d-nb.info/gnd/4029869-3"
"268"$"2° Ms. theol. 290"$"https://orka.bibliothek.uni-kassel.de/viewer/api/v1/records/1698763537038/manifest/"$"https://orka.bibliothek.uni-kassel.de/viewer/image/1698763537038/"$"https://orka.bibliothek.uni-kassel.de/viewer/api/v1/records/1698763537038/files/images/00000001.tif/full/!400,400/0/default.jpg"$"Komplett"$"Original"$"Standard"$"Einzelseite"$"2024"$"2024"$"Universitätsbibliothek Landes- und Murhardsche Bibliothek der Stadt Kassel"$"https://d-nb.info/gnd/10008839-9"$"Kassel"$"https://d-nb.info/gnd/4029869-3"$"Universitätsbibliothek Landes- und Murhardsche Bibliothek der Stadt Kassel"$"https://d-nb.info/gnd/10008839-9"$"Kassel"$"https://d-nb.info/gnd/4029869-3"
"269"$"2° Ms. theol. 291"$"https://orka.bibliothek.uni-kassel.de/viewer/api/v1/records/1698763587029/manifest/"$"https://orka.bibliothek.uni-kassel.de/viewer/image/1698763587029/"$"https://orka.bibliothek.uni-kassel.de/viewer/api/v1/records/1698763587029/files/images/00000001.tif/full/!400,400/0/default.jpg"$"Komplett"$"Original"$"Standard"$"Einzelseite"$"2024"$"2024"$"Universitätsbibliothek Landes- und Murhardsche Bibliothek der Stadt Kassel"$"https://d-nb.info/gnd/10008839-9"$"Kassel"$"https://d-nb.info/gnd/4029869-3"$"Universitätsbibliothek Landes- und Murhardsche Bibliothek der Stadt Kassel"$"https://d-nb.info/gnd/10008839-9"$"Kassel"$"https://d-nb.info/gnd/4029869-3"
"270"$"2° Ms. theol. 292"$"https://orka.bibliothek.uni-kassel.de/viewer/api/v1/records/1698763652137/manifest/"$"https://orka.bibliothek.uni-kassel.de/viewer/image/1698763652137/"$"https://orka.bibliothek.uni-kassel.de/viewer/api/v1/records/1698763652137/files/images/00000001.tif/full/!400,400/0/default.jpg"$"Komplett"$"Original"$"Standard"$"Einzelseite"$"2024"$"2024"$"Universitätsbibliothek Landes- und Murhardsche Bibliothek der Stadt Kassel"$"https://d-nb.info/gnd/10008839-9"$"Kassel"$"https://d-nb.info/gnd/4029869-3"$"Universitätsbibliothek Landes- und Murhardsche Bibliothek der Stadt Kassel"$"https://d-nb.info/gnd/10008839-9"$"Kassel"$"https://d-nb.info/gnd/4029869-3"
"271"$"2° Ms. theol. 293"$"https://orka.bibliothek.uni-kassel.de/viewer/api/v1/records/1698763690261/manifest/"$"https://orka.bibliothek.uni-kassel.de/viewer/image/1698763690261/"$"https://orka.bibliothek.uni-kassel.de/viewer/api/v1/records/1698763690261/files/images/00000001.tif/full/!400,400/0/default.jpg"$"Komplett"$"Original"$"Standard"$"Einzelseite"$"2024"$"2024"$"Universitätsbibliothek Landes- und Murhardsche Bibliothek der Stadt Kassel"$"https://d-nb.info/gnd/10008839-9"$"Kassel"$"https://d-nb.info/gnd/4029869-3"$"Universitätsbibliothek Landes- und Murhardsche Bibliothek der Stadt Kassel"$"https://d-nb.info/gnd/10008839-9"$"Kassel"$"https://d-nb.info/gnd/4029869-3"
"272"$"2° Ms. theol. 294"$"https://orka.bibliothek.uni-kassel.de/viewer/api/v1/records/1343806808530/manifest/"$"https://orka.bibliothek.uni-kassel.de/viewer/image/1343806808530/"$"https://orka.bibliothek.uni-kassel.de/viewer/api/v1/records/1343806808530/files/images/00000001.tif/full/!400,400/0/default.jpg"$"Komplett"$"Original"$"Standard"$"Einzelseite"$"2012"$"2012"$"Universitätsbibliothek Landes- und Murhardsche Bibliothek der Stadt Kassel"$"https://d-nb.info/gnd/10008839-9"$"Kassel"$"https://d-nb.info/gnd/4029869-3"$"Universitätsbibliothek Landes- und Murhardsche Bibliothek der Stadt Kassel"$"https://d-nb.info/gnd/10008839-9"$"Kassel"$"https://d-nb.info/gnd/4029869-3"
"273"$"2° Ms. theol. 295"$"https://orka.bibliothek.uni-kassel.de/viewer/api/v1/records/1698763754581/manifest/"$"https://orka.bibliothek.uni-kassel.de/viewer/image/1698763754581/"$"https://orka.bibliothek.uni-kassel.de/viewer/api/v1/records/1698763754581/files/images/000001.tif/full/!400,400/0/default.jpg"$"Komplett"$"Original"$"Standard"$"Einzelseite"$"2024"$"2024"$"Universitätsbibliothek Landes- und Murhardsche Bibliothek der Stadt Kassel"$"https://d-nb.info/gnd/10008839-9"$"Kassel"$"https://d-nb.info/gnd/4029869-3"$"Universitätsbibliothek Landes- und Murhardsche Bibliothek der Stadt Kassel"$"https://d-nb.info/gnd/10008839-9"$"Kassel"$"https://d-nb.info/gnd/4029869-3"
"274"$"2° Ms. theol. 296"$"https://orka.bibliothek.uni-kassel.de/viewer/api/v1/records/1698763843355/manifest/"$"https://orka.bibliothek.uni-kassel.de/viewer/image/1698763843355/"$"https://orka.bibliothek.uni-kassel.de/viewer/api/v1/records/1698763843355/files/images/00000001.tif/full/!400,400/0/default.jpg"$"Komplett"$"Original"$"Standard"$"Einzelseite"$"2024"$"2024"$"Universitätsbibliothek Landes- und Murhardsche Bibliothek der Stadt Kassel"$"https://d-nb.info/gnd/10008839-9"$"Kassel"$"https://d-nb.info/gnd/4029869-3"$"Universitätsbibliothek Landes- und Murhardsche Bibliothek der Stadt Kassel"$"https://d-nb.info/gnd/10008839-9"$"Kassel"$"https://d-nb.info/gnd/4029869-3"
"275"$"2° Ms. theol. 297"$"https://orka.bibliothek.uni-kassel.de/viewer/api/v1/records/1698763897759/manifest/"$"https://orka.bibliothek.uni-kassel.de/viewer/image/1698763897759/"$"https://orka.bibliothek.uni-kassel.de/viewer/api/v1/records/1698763897759/files/images/00000001.tif/full/!400,400/0/default.jpg"$"Komplett"$"Original"$"Standard"$"Einzelseite"$"2024"$"2024"$"Universitätsbibliothek Landes- und Murhardsche Bibliothek der Stadt Kassel"$"https://d-nb.info/gnd/10008839-9"$"Kassel"$"https://d-nb.info/gnd/4029869-3"$"Universitätsbibliothek Landes- und Murhardsche Bibliothek der Stadt Kassel"$"https://d-nb.info/gnd/10008839-9"$"Kassel"$"https://d-nb.info/gnd/4029869-3"
"276"$"2° Ms. theol. 298"$"https://orka.bibliothek.uni-kassel.de/viewer/api/v1/records/1314262472847/manifest/"$"https://orka.bibliothek.uni-kassel.de/viewer/image/1314262472847/"$"https://orka.bibliothek.uni-kassel.de/viewer/api/v1/records/1314262472847/files/images/00000001.tif/full/!400,400/0/default.jpg"$"Komplett"$"Original"$"Standard"$"Einzelseite"$"2011"$"2011"$"Universitätsbibliothek Landes- und Murhardsche Bibliothek der Stadt Kassel"$"https://d-nb.info/gnd/10008839-9"$"Kassel"$"https://d-nb.info/gnd/4029869-3"$"Universitätsbibliothek Landes- und Murhardsche Bibliothek der Stadt Kassel"$"https://d-nb.info/gnd/10008839-9"$"Kassel"$"https://d-nb.info/gnd/4029869-3"
"277"$"2° Ms. theol. 299"$"https://orka.bibliothek.uni-kassel.de/viewer/api/v1/records/1336389496715/manifest/"$"https://orka.bibliothek.uni-kassel.de/viewer/image/1336389496715/"$"https://orka.bibliothek.uni-kassel.de/viewer/api/v1/records/1336389496715/files/images/00000001.tif/full/!400,400/0/default.jpg"$"Komplett"$"Original"$"Standard"$"Einzelseite"$"2012"$"2012"$"Universitätsbibliothek Landes- und Murhardsche Bibliothek der Stadt Kassel"$"https://d-nb.info/gnd/10008839-9"$"Kassel"$"https://d-nb.info/gnd/4029869-3"$"Universitätsbibliothek Landes- und Murhardsche Bibliothek der Stadt Kassel"$"https://d-nb.info/gnd/10008839-9"$"Kassel"$"https://d-nb.info/gnd/4029869-3"
"278"$"2° Ms. theol. 30"$"https://orka.bibliothek.uni-kassel.de/viewer/api/v1/records/1328084846145/manifest/"$"https://orka.bibliothek.uni-kassel.de/viewer/image/1328084846145/"$"https://orka.bibliothek.uni-kassel.de/viewer/api/v1/records/1328084846145/files/images/00000001.tif/full/!400,400/0/default.jpg"$"Komplett"$"Original"$"Standard"$"Einzelseite"$"2012"$"2012"$"Universitätsbibliothek Landes- und Murhardsche Bibliothek der Stadt Kassel"$"https://d-nb.info/gnd/10008839-9"$"Kassel"$"https://d-nb.info/gnd/4029869-3"$"Universitätsbibliothek Landes- und Murhardsche Bibliothek der Stadt Kassel"$"https://d-nb.info/gnd/10008839-9"$"Kassel"$"https://d-nb.info/gnd/4029869-3"
"279"$"2° Ms. theol. 300"$"https://orka.bibliothek.uni-kassel.de/viewer/api/v1/records/1698763995407/manifest/"$"https://orka.bibliothek.uni-kassel.de/viewer/image/1698763995407/"$"https://orka.bibliothek.uni-kassel.de/viewer/api/v1/records/1698763995407/files/images/00000001.tif/full/!400,400/0/default.jpg"$"Komplett"$"Original"$"Standard"$"Einzelseite"$"2024"$"2024"$"Universitätsbibliothek Landes- und Murhardsche Bibliothek der Stadt Kassel"$"https://d-nb.info/gnd/10008839-9"$"Kassel"$"https://d-nb.info/gnd/4029869-3"$"Universitätsbibliothek Landes- und Murhardsche Bibliothek der Stadt Kassel"$"https://d-nb.info/gnd/10008839-9"$"Kassel"$"https://d-nb.info/gnd/4029869-3"
"280"$"2° Ms. theol. 301"$"https://orka.bibliothek.uni-kassel.de/viewer/api/v1/records/1698764163901/manifest/"$"https://orka.bibliothek.uni-kassel.de/viewer/image/1698764163901/"$"https://orka.bibliothek.uni-kassel.de/viewer/api/v1/records/1698764163901/files/images/00000001.tif/full/!400,400/0/default.jpg"$"Komplett"$"Original"$"Standard"$"Einzelseite"$"2024"$"2024"$"Universitätsbibliothek Landes- und Murhardsche Bibliothek der Stadt Kassel"$"https://d-nb.info/gnd/10008839-9"$"Kassel"$"https://d-nb.info/gnd/4029869-3"$"Universitätsbibliothek Landes- und Murhardsche Bibliothek der Stadt Kassel"$"https://d-nb.info/gnd/10008839-9"$"Kassel"$"https://d-nb.info/gnd/4029869-3"
"281"$"2° Ms. theol. 302"$"https://orka.bibliothek.uni-kassel.de/viewer/api/v1/records/1343806681424/manifest/"$"https://orka.bibliothek.uni-kassel.de/viewer/image/1343806681424/"$"https://orka.bibliothek.uni-kassel.de/viewer/api/v1/records/1343806681424/files/images/00000001.tif/full/!400,400/0/default.jpg"$"Komplett"$"Original"$"Standard"$"Einzelseite"$"2012"$"2012"$"Universitätsbibliothek Landes- und Murhardsche Bibliothek der Stadt Kassel"$"https://d-nb.info/gnd/10008839-9"$"Kassel"$"https://d-nb.info/gnd/4029869-3"$"Universitätsbibliothek Landes- und Murhardsche Bibliothek der Stadt Kassel"$"https://d-nb.info/gnd/10008839-9"$"Kassel"$"https://d-nb.info/gnd/4029869-3"
"282"$"2° Ms. theol. 303"$"https://orka.bibliothek.uni-kassel.de/viewer/api/v1/records/1314262537823/manifest/"$"https://orka.bibliothek.uni-kassel.de/viewer/image/1314262537823/"$"https://orka.bibliothek.uni-kassel.de/viewer/api/v1/records/1314262537823/files/images/00000001.tif/full/!400,400/0/default.jpg"$"Komplett"$"Original"$"Standard"$"Einzelseite"$"2011"$"2011"$"Universitätsbibliothek Landes- und Murhardsche Bibliothek der Stadt Kassel"$"https://d-nb.info/gnd/10008839-9"$"Kassel"$"https://d-nb.info/gnd/4029869-3"$"Universitätsbibliothek Landes- und Murhardsche Bibliothek der Stadt Kassel"$"https://d-nb.info/gnd/10008839-9"$"Kassel"$"https://d-nb.info/gnd/4029869-3"
"283"$"2° Ms. theol. 305"$"https://orka.bibliothek.uni-kassel.de/viewer/api/v1/records/1699872238596/manifest/"$"https://orka.bibliothek.uni-kassel.de/viewer/image/1699872238596/"$"https://orka.bibliothek.uni-kassel.de/viewer/api/v1/records/1699872238596/files/images/00000001.tif/full/!400,400/0/default.jpg"$"Komplett"$"Original"$"Standard"$"Einzelseite"$"2024"$"2024"$"Universitätsbibliothek Landes- und Murhardsche Bibliothek der Stadt Kassel"$"https://d-nb.info/gnd/10008839-9"$"Kassel"$"https://d-nb.info/gnd/4029869-3"$"Universitätsbibliothek Landes- und Murhardsche Bibliothek der Stadt Kassel"$"https://d-nb.info/gnd/10008839-9"$"Kassel"$"https://d-nb.info/gnd/4029869-3"
"284"$"2° Ms. theol. 306"$"https://orka.bibliothek.uni-kassel.de/viewer/api/v1/records/1343806519479/manifest/"$"https://orka.bibliothek.uni-kassel.de/viewer/image/1343806519479/"$"https://orka.bibliothek.uni-kassel.de/viewer/api/v1/records/1343806519479/files/images/00000001.tif/full/!400,400/0/default.jpg"$"Komplett"$"Original"$"Standard"$"Einzelseite"$"2012"$"2012"$"Universitätsbibliothek Landes- und Murhardsche Bibliothek der Stadt Kassel"$"https://d-nb.info/gnd/10008839-9"$"Kassel"$"https://d-nb.info/gnd/4029869-3"$"Universitätsbibliothek Landes- und Murhardsche Bibliothek der Stadt Kassel"$"https://d-nb.info/gnd/10008839-9"$"Kassel"$"https://d-nb.info/gnd/4029869-3"
"285"$"2° Ms. theol. 307"$"https://orka.bibliothek.uni-kassel.de/viewer/api/v1/records/1698764278459/manifest/"$"https://orka.bibliothek.uni-kassel.de/viewer/image/1698764278459/"$"https://orka.bibliothek.uni-kassel.de/viewer/api/v1/records/1698764278459/files/images/00000001.tif/full/!400,400/0/default.jpg"$"Komplett"$"Original"$"Standard"$"Einzelseite"$"2024"$"2024"$"Universitätsbibliothek Landes- und Murhardsche Bibliothek der Stadt Kassel"$"https://d-nb.info/gnd/10008839-9"$"Kassel"$"https://d-nb.info/gnd/4029869-3"$"Universitätsbibliothek Landes- und Murhardsche Bibliothek der Stadt Kassel"$"https://d-nb.info/gnd/10008839-9"$"Kassel"$"https://d-nb.info/gnd/4029869-3"
"286"$"2° Ms. theol. 308"$"https://orka.bibliothek.uni-kassel.de/viewer/api/v1/records/1698764355578/manifest/"$"https://orka.bibliothek.uni-kassel.de/viewer/image/1698764355578/"$"https://orka.bibliothek.uni-kassel.de/viewer/api/v1/records/1698764355578/files/images/00000001.tif/full/!400,400/0/default.jpg"$"Komplett"$"Original"$"Standard"$"Einzelseite"$"2024"$"2024"$"Universitätsbibliothek Landes- und Murhardsche Bibliothek der Stadt Kassel"$"https://d-nb.info/gnd/10008839-9"$"Kassel"$"https://d-nb.info/gnd/4029869-3"$"Universitätsbibliothek Landes- und Murhardsche Bibliothek der Stadt Kassel"$"https://d-nb.info/gnd/10008839-9"$"Kassel"$"https://d-nb.info/gnd/4029869-3"
"287"$"2° Ms. theol. 309"$"https://orka.bibliothek.uni-kassel.de/viewer/api/v1/records/1699872508990/manifest/"$"https://orka.bibliothek.uni-kassel.de/viewer/image/1699872508990/"$"https://orka.bibliothek.uni-kassel.de/viewer/api/v1/records/1699872508990/files/images/00000001.tif/full/!400,400/0/default.jpg"$"Komplett"$"Original"$"Standard"$"Einzelseite"$"2024"$"2024"$"Universitätsbibliothek Landes- und Murhardsche Bibliothek der Stadt Kassel"$"https://d-nb.info/gnd/10008839-9"$"Kassel"$"https://d-nb.info/gnd/4029869-3"$"Universitätsbibliothek Landes- und Murhardsche Bibliothek der Stadt Kassel"$"https://d-nb.info/gnd/10008839-9"$"Kassel"$"https://d-nb.info/gnd/4029869-3"
"288"$"2° Ms. theol. 31"$"https://orka.bibliothek.uni-kassel.de/viewer/api/v1/records/1327304807613/manifest/"$"https://orka.bibliothek.uni-kassel.de/viewer/image/1327304807613/"$"https://orka.bibliothek.uni-kassel.de/viewer/api/v1/records/1327304807613/files/images/00000001.tif/full/!400,400/0/default.jpg"$"Komplett"$"Original"$"Standard"$"Einzelseite"$"2012"$"2012"$"Universitätsbibliothek Landes- und Murhardsche Bibliothek der Stadt Kassel"$"https://d-nb.info/gnd/10008839-9"$"Kassel"$"https://d-nb.info/gnd/4029869-3"$"Universitätsbibliothek Landes- und Murhardsche Bibliothek der Stadt Kassel"$"https://d-nb.info/gnd/10008839-9"$"Kassel"$"https://d-nb.info/gnd/4029869-3"
"289"$"2° Ms. theol. 310"$"https://orka.bibliothek.uni-kassel.de/viewer/api/v1/records/1699872598711/manifest/"$"https://orka.bibliothek.uni-kassel.de/viewer/image/1699872598711/"$"https://orka.bibliothek.uni-kassel.de/viewer/api/v1/records/1699872598711/files/images/00000001.tif/full/!400,400/0/default.jpg"$"Komplett"$"Original"$"Standard"$"Einzelseite"$"2024"$"2024"$"Universitätsbibliothek Landes- und Murhardsche Bibliothek der Stadt Kassel"$"https://d-nb.info/gnd/10008839-9"$"Kassel"$"https://d-nb.info/gnd/4029869-3"$"Universitätsbibliothek Landes- und Murhardsche Bibliothek der Stadt Kassel"$"https://d-nb.info/gnd/10008839-9"$"Kassel"$"https://d-nb.info/gnd/4029869-3"
"290"$"2° Ms. theol. 311"$"https://orka.bibliothek.uni-kassel.de/viewer/api/v1/records/1698821388638/manifest/"$"https://orka.bibliothek.uni-kassel.de/viewer/image/1698821388638/"$"https://orka.bibliothek.uni-kassel.de/viewer/api/v1/records/1698821388638/files/images/00000001.tif/full/!400,400/0/default.jpg"$"Komplett"$"Original"$"Standard"$"Einzelseite"$"2024"$"2024"$"Universitätsbibliothek Landes- und Murhardsche Bibliothek der Stadt Kassel"$"https://d-nb.info/gnd/10008839-9"$"Kassel"$"https://d-nb.info/gnd/4029869-3"$"Universitätsbibliothek Landes- und Murhardsche Bibliothek der Stadt Kassel"$"https://d-nb.info/gnd/10008839-9"$"Kassel"$"https://d-nb.info/gnd/4029869-3"
"291"$"2° Ms. theol. 312"$"https://orka.bibliothek.uni-kassel.de/viewer/api/v1/records/1698821452642/manifest/"$"https://orka.bibliothek.uni-kassel.de/viewer/image/1698821452642/"$"https://orka.bibliothek.uni-kassel.de/viewer/api/v1/records/1698821452642/files/images/00000001.tif/full/!400,400/0/default.jpg"$"Komplett"$"Original"$"Standard"$"Einzelseite"$"2024"$"2024"$"Universitätsbibliothek Landes- und Murhardsche Bibliothek der Stadt Kassel"$"https://d-nb.info/gnd/10008839-9"$"Kassel"$"https://d-nb.info/gnd/4029869-3"$"Universitätsbibliothek Landes- und Murhardsche Bibliothek der Stadt Kassel"$"https://d-nb.info/gnd/10008839-9"$"Kassel"$"https://d-nb.info/gnd/4029869-3"
"292"$"2° Ms. theol. 313"$"https://orka.bibliothek.uni-kassel.de/viewer/api/v1/records/1698821499952/manifest/"$"https://orka.bibliothek.uni-kassel.de/viewer/image/1698821499952/"$"https://orka.bibliothek.uni-kassel.de/viewer/api/v1/records/1698821499952/files/images/00000001.tif/full/!400,400/0/default.jpg"$"Komplett"$"Original"$"Standard"$"Einzelseite"$"2024"$"2024"$"Universitätsbibliothek Landes- und Murhardsche Bibliothek der Stadt Kassel"$"https://d-nb.info/gnd/10008839-9"$"Kassel"$"https://d-nb.info/gnd/4029869-3"$"Universitätsbibliothek Landes- und Murhardsche Bibliothek der Stadt Kassel"$"https://d-nb.info/gnd/10008839-9"$"Kassel"$"https://d-nb.info/gnd/4029869-3"
"293"$"2° Ms. theol. 314"$"https://orka.bibliothek.uni-kassel.de/viewer/api/v1/records/1698821572105/manifest/"$"https://orka.bibliothek.uni-kassel.de/viewer/image/1698821572105/"$"https://orka.bibliothek.uni-kassel.de/viewer/api/v1/records/1698821572105/files/images/000001.tif/full/!400,400/0/default.jpg"$"Komplett"$"Original"$"Standard"$"Einzelseite"$"2024"$"2024"$"Universitätsbibliothek Landes- und Murhardsche Bibliothek der Stadt Kassel"$"https://d-nb.info/gnd/10008839-9"$"Kassel"$"https://d-nb.info/gnd/4029869-3"$"Universitätsbibliothek Landes- und Murhardsche Bibliothek der Stadt Kassel"$"https://d-nb.info/gnd/10008839-9"$"Kassel"$"https://d-nb.info/gnd/4029869-3"
"294"$"2° Ms. theol. 315"$"https://orka.bibliothek.uni-kassel.de/viewer/api/v1/records/1698821662919/manifest/"$"https://orka.bibliothek.uni-kassel.de/viewer/image/1698821662919/"$"https://orka.bibliothek.uni-kassel.de/viewer/api/v1/records/1698821662919/files/images/000001.tif/full/!400,400/0/default.jpg"$"Komplett"$"Original"$"Standard"$"Einzelseite"$"2024"$"2024"$"Universitätsbibliothek Landes- und Murhardsche Bibliothek der Stadt Kassel"$"https://d-nb.info/gnd/10008839-9"$"Kassel"$"https://d-nb.info/gnd/4029869-3"$"Universitätsbibliothek Landes- und Murhardsche Bibliothek der Stadt Kassel"$"https://d-nb.info/gnd/10008839-9"$"Kassel"$"https://d-nb.info/gnd/4029869-3"
"295"$"2° Ms. theol. 316"$"https://orka.bibliothek.uni-kassel.de/viewer/api/v1/records/1698821763001/manifest/"$"https://orka.bibliothek.uni-kassel.de/viewer/image/1698821763001/"$"https://orka.bibliothek.uni-kassel.de/viewer/api/v1/records/1698821763001/files/images/00000001.tif/full/!400,400/0/default.jpg"$"Komplett"$"Original"$"Standard"$"Einzelseite"$"2024"$"2024"$"Universitätsbibliothek Landes- und Murhardsche Bibliothek der Stadt Kassel"$"https://d-nb.info/gnd/10008839-9"$"Kassel"$"https://d-nb.info/gnd/4029869-3"$"Universitätsbibliothek Landes- und Murhardsche Bibliothek der Stadt Kassel"$"https://d-nb.info/gnd/10008839-9"$"Kassel"$"https://d-nb.info/gnd/4029869-3"
"296"$"2° Ms. theol. 317"$"https://orka.bibliothek.uni-kassel.de/viewer/api/v1/records/1698821810349/manifest/"$"https://orka.bibliothek.uni-kassel.de/viewer/image/1698821810349/"$"https://orka.bibliothek.uni-kassel.de/viewer/api/v1/records/1698821810349/files/images/000001.tif/full/!400,400/0/default.jpg"$"Komplett"$"Original"$"Standard"$"Einzelseite"$"2024"$"2024"$"Universitätsbibliothek Landes- und Murhardsche Bibliothek der Stadt Kassel"$"https://d-nb.info/gnd/10008839-9"$"Kassel"$"https://d-nb.info/gnd/4029869-3"$"Universitätsbibliothek Landes- und Murhardsche Bibliothek der Stadt Kassel"$"https://d-nb.info/gnd/10008839-9"$"Kassel"$"https://d-nb.info/gnd/4029869-3"
"297"$"2° Ms. theol. 318"$"https://orka.bibliothek.uni-kassel.de/viewer/api/v1/records/1698821910239/manifest/"$"https://orka.bibliothek.uni-kassel.de/viewer/image/1698821910239/"$"https://orka.bibliothek.uni-kassel.de/viewer/api/v1/records/1698821910239/files/images/000001.tif/full/!400,400/0/default.jpg"$"Komplett"$"Original"$"Standard"$"Einzelseite"$"2024"$"2024"$"Universitätsbibliothek Landes- und Murhardsche Bibliothek der Stadt Kassel"$"https://d-nb.info/gnd/10008839-9"$"Kassel"$"https://d-nb.info/gnd/4029869-3"$"Universitätsbibliothek Landes- und Murhardsche Bibliothek der Stadt Kassel"$"https://d-nb.info/gnd/10008839-9"$"Kassel"$"https://d-nb.info/gnd/4029869-3"
"298"$"2° Ms. theol. 319"$"https://orka.bibliothek.uni-kassel.de/viewer/api/v1/records/1698821957222/manifest/"$"https://orka.bibliothek.uni-kassel.de/viewer/image/1698821957222/"$"https://orka.bibliothek.uni-kassel.de/viewer/api/v1/records/1698821957222/files/images/00000001.tif/full/!400,400/0/default.jpg"$"Komplett"$"Original"$"Standard"$"Einzelseite"$"2024"$"2024"$"Universitätsbibliothek Landes- und Murhardsche Bibliothek der Stadt Kassel"$"https://d-nb.info/gnd/10008839-9"$"Kassel"$"https://d-nb.info/gnd/4029869-3"$"Universitätsbibliothek Landes- und Murhardsche Bibliothek der Stadt Kassel"$"https://d-nb.info/gnd/10008839-9"$"Kassel"$"https://d-nb.info/gnd/4029869-3"
"299"$"2° Ms. theol. 32"$"https://orka.bibliothek.uni-kassel.de/viewer/api/v1/records/1328007059258/manifest/"$"https://orka.bibliothek.uni-kassel.de/viewer/image/1328007059258/"$"https://orka.bibliothek.uni-kassel.de/viewer/api/v1/records/1328007059258/files/images/00000001.tif/full/!400,400/0/default.jpg"$"Komplett"$"Original"$"Standard"$"Einzelseite"$"2012"$"2012"$"Universitätsbibliothek Landes- und Murhardsche Bibliothek der Stadt Kassel"$"https://d-nb.info/gnd/10008839-9"$"Kassel"$"https://d-nb.info/gnd/4029869-3"$"Universitätsbibliothek Landes- und Murhardsche Bibliothek der Stadt Kassel"$"https://d-nb.info/gnd/10008839-9"$"Kassel"$"https://d-nb.info/gnd/4029869-3"
"300"$"2° Ms. theol. 320"$"https://orka.bibliothek.uni-kassel.de/viewer/api/v1/records/1699872673669/manifest/"$"https://orka.bibliothek.uni-kassel.de/viewer/image/1699872673669/"$"https://orka.bibliothek.uni-kassel.de/viewer/api/v1/records/1699872673669/files/images/00000001.tif/full/!400,400/0/default.jpg"$"Komplett"$"Original"$"Standard"$"Einzelseite"$"2024"$"2024"$"Universitätsbibliothek Landes- und Murhardsche Bibliothek der Stadt Kassel"$"https://d-nb.info/gnd/10008839-9"$"Kassel"$"https://d-nb.info/gnd/4029869-3"$"Universitätsbibliothek Landes- und Murhardsche Bibliothek der Stadt Kassel"$"https://d-nb.info/gnd/10008839-9"$"Kassel"$"https://d-nb.info/gnd/4029869-3"
"301"$"2° Ms. theol. 321"$"https://orka.bibliothek.uni-kassel.de/viewer/api/v1/records/1698822005840/manifest/"$"https://orka.bibliothek.uni-kassel.de/viewer/image/1698822005840/"$"https://orka.bibliothek.uni-kassel.de/viewer/api/v1/records/1698822005840/files/images/00000001.tif/full/!400,400/0/default.jpg"$"Komplett"$"Original"$"Standard"$"Einzelseite"$"2024"$"2024"$"Universitätsbibliothek Landes- und Murhardsche Bibliothek der Stadt Kassel"$"https://d-nb.info/gnd/10008839-9"$"Kassel"$"https://d-nb.info/gnd/4029869-3"$"Universitätsbibliothek Landes- und Murhardsche Bibliothek der Stadt Kassel"$"https://d-nb.info/gnd/10008839-9"$"Kassel"$"https://d-nb.info/gnd/4029869-3"
"302"$"2° Ms. theol. 322"$"https://orka.bibliothek.uni-kassel.de/viewer/api/v1/records/1698822106932/manifest/"$"https://orka.bibliothek.uni-kassel.de/viewer/image/1698822106932/"$"https://orka.bibliothek.uni-kassel.de/viewer/api/v1/records/1698822106932/files/images/00000001.tif/full/!400,400/0/default.jpg"$"Komplett"$"Original"$"Standard"$"Einzelseite"$"2024"$"2024"$"Universitätsbibliothek Landes- und Murhardsche Bibliothek der Stadt Kassel"$"https://d-nb.info/gnd/10008839-9"$"Kassel"$"https://d-nb.info/gnd/4029869-3"$"Universitätsbibliothek Landes- und Murhardsche Bibliothek der Stadt Kassel"$"https://d-nb.info/gnd/10008839-9"$"Kassel"$"https://d-nb.info/gnd/4029869-3"
"303"$"2° Ms. theol. 323"$"https://orka.bibliothek.uni-kassel.de/viewer/api/v1/records/1698822204977/manifest/"$"https://orka.bibliothek.uni-kassel.de/viewer/image/1698822204977/"$"https://orka.bibliothek.uni-kassel.de/viewer/api/v1/records/1698822204977/files/images/000001.tif/full/!400,400/0/default.jpg"$"Komplett"$"Original"$"Standard"$"Einzelseite"$"2024"$"2024"$"Universitätsbibliothek Landes- und Murhardsche Bibliothek der Stadt Kassel"$"https://d-nb.info/gnd/10008839-9"$"Kassel"$"https://d-nb.info/gnd/4029869-3"$"Universitätsbibliothek Landes- und Murhardsche Bibliothek der Stadt Kassel"$"https://d-nb.info/gnd/10008839-9"$"Kassel"$"https://d-nb.info/gnd/4029869-3"
"304"$"2° Ms. theol. 324"$"https://orka.bibliothek.uni-kassel.de/viewer/api/v1/records/1698822253246/manifest/"$"https://orka.bibliothek.uni-kassel.de/viewer/image/1698822253246/"$"https://orka.bibliothek.uni-kassel.de/viewer/api/v1/records/1698822253246/files/images/00000001.tif/full/!400,400/0/default.jpg"$"Komplett"$"Original"$"Standard"$"Einzelseite"$"2024"$"2024"$"Universitätsbibliothek Landes- und Murhardsche Bibliothek der Stadt Kassel"$"https://d-nb.info/gnd/10008839-9"$"Kassel"$"https://d-nb.info/gnd/4029869-3"$"Universitätsbibliothek Landes- und Murhardsche Bibliothek der Stadt Kassel"$"https://d-nb.info/gnd/10008839-9"$"Kassel"$"https://d-nb.info/gnd/4029869-3"
"305"$"2° Ms. theol. 326"$"https://orka.bibliothek.uni-kassel.de/viewer/api/v1/records/1698822306175/manifest/"$"https://orka.bibliothek.uni-kassel.de/viewer/image/1698822306175/"$"https://orka.bibliothek.uni-kassel.de/viewer/api/v1/records/1698822306175/files/images/00000001.tif/full/!400,400/0/default.jpg"$"Komplett"$"Original"$"Standard"$"Einzelseite"$"2024"$"2024"$"Universitätsbibliothek Landes- und Murhardsche Bibliothek der Stadt Kassel"$"https://d-nb.info/gnd/10008839-9"$"Kassel"$"https://d-nb.info/gnd/4029869-3"$"Universitätsbibliothek Landes- und Murhardsche Bibliothek der Stadt Kassel"$"https://d-nb.info/gnd/10008839-9"$"Kassel"$"https://d-nb.info/gnd/4029869-3"
"306"$"2° Ms. theol. 327"$"https://orka.bibliothek.uni-kassel.de/viewer/api/v1/records/1699872727058/manifest/"$"https://orka.bibliothek.uni-kassel.de/viewer/image/1699872727058/"$"https://orka.bibliothek.uni-kassel.de/viewer/api/v1/records/1699872727058/files/images/00000001.tif/full/!400,400/0/default.jpg"$"Komplett"$"Original"$"Standard"$"Einzelseite"$"2024"$"2024"$"Universitätsbibliothek Landes- und Murhardsche Bibliothek der Stadt Kassel"$"https://d-nb.info/gnd/10008839-9"$"Kassel"$"https://d-nb.info/gnd/4029869-3"$"Universitätsbibliothek Landes- und Murhardsche Bibliothek der Stadt Kassel"$"https://d-nb.info/gnd/10008839-9"$"Kassel"$"https://d-nb.info/gnd/4029869-3"
"307"$"2° Ms. theol. 33"$"https://orka.bibliothek.uni-kassel.de/viewer/api/v1/records/1687779799752/manifest/"$"https://orka.bibliothek.uni-kassel.de/viewer/image/1687779799752/"$"https://orka.bibliothek.uni-kassel.de/viewer/api/v1/records/1687779799752/files/images/00000001.tif/full/!400,400/0/default.jpg"$"Komplett"$"Original"$"Standard"$"Einzelseite"$"2023"$"2023"$"Universitätsbibliothek Landes- und Murhardsche Bibliothek der Stadt Kassel"$"https://d-nb.info/gnd/10008839-9"$"Kassel"$"https://d-nb.info/gnd/4029869-3"$"Universitätsbibliothek Landes- und Murhardsche Bibliothek der Stadt Kassel"$"https://d-nb.info/gnd/10008839-9"$"Kassel"$"https://d-nb.info/gnd/4029869-3"
"308"$"2° Ms. theol. 34"$"https://orka.bibliothek.uni-kassel.de/viewer/api/v1/records/1680093844180/manifest/"$"https://orka.bibliothek.uni-kassel.de/viewer/image/1680093844180/"$"https://orka.bibliothek.uni-kassel.de/viewer/api/v1/records/1680093844180/files/images/000001.tif/full/!400,400/0/default.jpg"$"Komplett"$"Original"$"Standard"$"Einzelseite"$"2023"$"2023"$"Universitätsbibliothek Landes- und Murhardsche Bibliothek der Stadt Kassel"$"https://d-nb.info/gnd/10008839-9"$"Kassel"$"https://d-nb.info/gnd/4029869-3"$"Universitätsbibliothek Landes- und Murhardsche Bibliothek der Stadt Kassel"$"https://d-nb.info/gnd/10008839-9"$"Kassel"$"https://d-nb.info/gnd/4029869-3"
"309"$"2° Ms. theol. 35"$"https://orka.bibliothek.uni-kassel.de/viewer/api/v1/records/1677660770797/manifest/"$"https://orka.bibliothek.uni-kassel.de/viewer/image/1677660770797/"$"https://orka.bibliothek.uni-kassel.de/viewer/api/v1/records/1677660770797/files/images/000001.tif/full/!400,400/0/default.jpg"$"Komplett"$"Original"$"Standard"$"Einzelseite"$"2023"$"2023"$"Universitätsbibliothek Landes- und Murhardsche Bibliothek der Stadt Kassel"$"https://d-nb.info/gnd/10008839-9"$"Kassel"$"https://d-nb.info/gnd/4029869-3"$"Universitätsbibliothek Landes- und Murhardsche Bibliothek der Stadt Kassel"$"https://d-nb.info/gnd/10008839-9"$"Kassel"$"https://d-nb.info/gnd/4029869-3"
"310"$"2° Ms. theol. 36"$"https://orka.bibliothek.uni-kassel.de/viewer/api/v1/records/1678875539247/manifest/"$"https://orka.bibliothek.uni-kassel.de/viewer/image/1678875539247/"$"https://orka.bibliothek.uni-kassel.de/viewer/api/v1/records/1678875539247/files/images/000001.tif/full/!400,400/0/default.jpg"$"Komplett"$"Original"$"Standard"$"Einzelseite"$"2023"$"2023"$"Universitätsbibliothek Landes- und Murhardsche Bibliothek der Stadt Kassel"$"https://d-nb.info/gnd/10008839-9"$"Kassel"$"https://d-nb.info/gnd/4029869-3"$"Universitätsbibliothek Landes- und Murhardsche Bibliothek der Stadt Kassel"$"https://d-nb.info/gnd/10008839-9"$"Kassel"$"https://d-nb.info/gnd/4029869-3"
"311"$"2° Ms. theol. 37"$"https://orka.bibliothek.uni-kassel.de/viewer/api/v1/records/1371717705981/manifest/"$"https://orka.bibliothek.uni-kassel.de/viewer/image/1371717705981/"$"https://orka.bibliothek.uni-kassel.de/viewer/api/v1/records/1371717705981/files/images/00000001.tif/full/!400,400/0/default.jpg"$"Komplett"$"Original"$"Standard"$"Einzelseite"$"2013"$"2013"$"Universitätsbibliothek Landes- und Murhardsche Bibliothek der Stadt Kassel"$"https://d-nb.info/gnd/10008839-9"$"Kassel"$"https://d-nb.info/gnd/4029869-3"$"Universitätsbibliothek Landes- und Murhardsche Bibliothek der Stadt Kassel"$"https://d-nb.info/gnd/10008839-9"$"Kassel"$"https://d-nb.info/gnd/4029869-3"
"312"$"2° Ms. theol. 38"$"https://orka.bibliothek.uni-kassel.de/viewer/api/v1/records/1677166430540/manifest/"$"https://orka.bibliothek.uni-kassel.de/viewer/image/1677166430540/"$"https://orka.bibliothek.uni-kassel.de/viewer/api/v1/records/1677166430540/files/images/000001.tif/full/!400,400/0/default.jpg"$"Komplett"$"Original"$"Standard"$"Einzelseite"$"2023"$"2023"$"Universitätsbibliothek Landes- und Murhardsche Bibliothek der Stadt Kassel"$"https://d-nb.info/gnd/10008839-9"$"Kassel"$"https://d-nb.info/gnd/4029869-3"$"Universitätsbibliothek Landes- und Murhardsche Bibliothek der Stadt Kassel"$"https://d-nb.info/gnd/10008839-9"$"Kassel"$"https://d-nb.info/gnd/4029869-3"
"313"$"2° Ms. theol. 39"$"https://orka.bibliothek.uni-kassel.de/viewer/api/v1/records/1688640471152/manifest/"$"https://orka.bibliothek.uni-kassel.de/viewer/image/1688640471152/"$"https://orka.bibliothek.uni-kassel.de/viewer/api/v1/records/1688640471152/files/images/0000001.tif/full/!400,400/0/default.jpg"$"Komplett"$"Original"$"Standard"$"Einzelseite"$"2023"$"2023"$"Universitätsbibliothek Landes- und Murhardsche Bibliothek der Stadt Kassel"$"https://d-nb.info/gnd/10008839-9"$"Kassel"$"https://d-nb.info/gnd/4029869-3"$"Universitätsbibliothek Landes- und Murhardsche Bibliothek der Stadt Kassel"$"https://d-nb.info/gnd/10008839-9"$"Kassel"$"https://d-nb.info/gnd/4029869-3"
"314"$"2° Ms. theol. 4"$"https://orka.bibliothek.uni-kassel.de/viewer/api/v1/records/1327497757900/manifest/"$"https://orka.bibliothek.uni-kassel.de/viewer/image/1327497757900/"$"https://orka.bibliothek.uni-kassel.de/viewer/api/v1/records/1327497757900/files/images/00000001.tif/full/!400,400/0/default.jpg"$"Komplett"$"Original"$"Standard"$"Einzelseite"$"2012"$"2012"$"Universitätsbibliothek Landes- und Murhardsche Bibliothek der Stadt Kassel"$"https://d-nb.info/gnd/10008839-9"$"Kassel"$"https://d-nb.info/gnd/4029869-3"$"Universitätsbibliothek Landes- und Murhardsche Bibliothek der Stadt Kassel"$"https://d-nb.info/gnd/10008839-9"$"Kassel"$"https://d-nb.info/gnd/4029869-3"
"315"$"2° Ms. theol. 40"$"https://orka.bibliothek.uni-kassel.de/viewer/api/v1/records/1684309653032/manifest/"$"https://orka.bibliothek.uni-kassel.de/viewer/image/1684309653032/"$"https://orka.bibliothek.uni-kassel.de/viewer/api/v1/records/1684309653032/files/images/000001.tif/full/!400,400/0/default.jpg"$"Komplett"$"Original"$"Standard"$"Einzelseite"$"2023"$"2023"$"Universitätsbibliothek Landes- und Murhardsche Bibliothek der Stadt Kassel"$"https://d-nb.info/gnd/10008839-9"$"Kassel"$"https://d-nb.info/gnd/4029869-3"$"Universitätsbibliothek Landes- und Murhardsche Bibliothek der Stadt Kassel"$"https://d-nb.info/gnd/10008839-9"$"Kassel"$"https://d-nb.info/gnd/4029869-3"
"316"$"2° Ms. theol. 41"$"https://orka.bibliothek.uni-kassel.de/viewer/api/v1/records/1706093419307/manifest/"$"https://orka.bibliothek.uni-kassel.de/viewer/image/1706093419307/"$"https://orka.bibliothek.uni-kassel.de/viewer/api/v1/records/1706093419307/files/images/000001.tif/full/!400,400/0/default.jpg"$"Komplett"$"Original"$"Standard"$"Einzelseite"$"2024"$"2024"$"Universitätsbibliothek Landes- und Murhardsche Bibliothek der Stadt Kassel"$"https://d-nb.info/gnd/10008839-9"$"Kassel"$"https://d-nb.info/gnd/4029869-3"$"Universitätsbibliothek Landes- und Murhardsche Bibliothek der Stadt Kassel"$"https://d-nb.info/gnd/10008839-9"$"Kassel"$"https://d-nb.info/gnd/4029869-3"
"317"$"2° Ms. theol. 42"$"https://orka.bibliothek.uni-kassel.de/viewer/api/v1/records/1698223708683/manifest/"$"https://orka.bibliothek.uni-kassel.de/viewer/image/1698223708683/"$"https://orka.bibliothek.uni-kassel.de/viewer/api/v1/records/1698223708683/files/images/000001.tif/full/!400,400/0/default.jpg"$"Komplett"$"Original"$"Standard"$"Einzelseite"$"2024"$"2024"$"Universitätsbibliothek Landes- und Murhardsche Bibliothek der Stadt Kassel"$"https://d-nb.info/gnd/10008839-9"$"Kassel"$"https://d-nb.info/gnd/4029869-3"$"Universitätsbibliothek Landes- und Murhardsche Bibliothek der Stadt Kassel"$"https://d-nb.info/gnd/10008839-9"$"Kassel"$"https://d-nb.info/gnd/4029869-3"
"318"$"2° Ms. theol. 43"$"https://orka.bibliothek.uni-kassel.de/viewer/api/v1/records/1704885262754/manifest/"$"https://orka.bibliothek.uni-kassel.de/viewer/image/1704885262754/"$"https://orka.bibliothek.uni-kassel.de/viewer/api/v1/records/1704885262754/files/images/000001.tif/full/!400,400/0/default.jpg"$"Komplett"$"Original"$"Standard"$"Einzelseite"$"2024"$"2024"$"Universitätsbibliothek Landes- und Murhardsche Bibliothek der Stadt Kassel"$"https://d-nb.info/gnd/10008839-9"$"Kassel"$"https://d-nb.info/gnd/4029869-3"$"Universitätsbibliothek Landes- und Murhardsche Bibliothek der Stadt Kassel"$"https://d-nb.info/gnd/10008839-9"$"Kassel"$"https://d-nb.info/gnd/4029869-3"
"319"$"2° Ms. theol. 44"$"https://orka.bibliothek.uni-kassel.de/viewer/api/v1/records/1326441140071/manifest/"$"https://orka.bibliothek.uni-kassel.de/viewer/image/1326441140071/"$"https://orka.bibliothek.uni-kassel.de/viewer/api/v1/records/1326441140071/files/images/00000001.tif/full/!400,400/0/default.jpg"$"Komplett"$"Original"$"Standard"$"Einzelseite"$"2012"$"2012"$"Universitätsbibliothek Landes- und Murhardsche Bibliothek der Stadt Kassel"$"https://d-nb.info/gnd/10008839-9"$"Kassel"$"https://d-nb.info/gnd/4029869-3"$"Universitätsbibliothek Landes- und Murhardsche Bibliothek der Stadt Kassel"$"https://d-nb.info/gnd/10008839-9"$"Kassel"$"https://d-nb.info/gnd/4029869-3"
"320"$"2° Ms. theol. 45"$"https://orka.bibliothek.uni-kassel.de/viewer/api/v1/records/1694079559943/manifest/"$"https://orka.bibliothek.uni-kassel.de/viewer/image/1694079559943/"$"https://orka.bibliothek.uni-kassel.de/viewer/api/v1/records/1694079559943/files/images/000001.tif/full/!400,400/0/default.jpg"$"Komplett"$"Original"$"Standard"$"Einzelseite"$"2023"$"2023"$"Universitätsbibliothek Landes- und Murhardsche Bibliothek der Stadt Kassel"$"https://d-nb.info/gnd/10008839-9"$"Kassel"$"https://d-nb.info/gnd/4029869-3"$"Universitätsbibliothek Landes- und Murhardsche Bibliothek der Stadt Kassel"$"https://d-nb.info/gnd/10008839-9"$"Kassel"$"https://d-nb.info/gnd/4029869-3"
"321"$"2° Ms. theol. 46"$"https://orka.bibliothek.uni-kassel.de/viewer/api/v1/records/1704885537511/manifest/"$"https://orka.bibliothek.uni-kassel.de/viewer/image/1704885537511/"$"https://orka.bibliothek.uni-kassel.de/viewer/api/v1/records/1704885537511/files/images/000001.tif/full/!400,400/0/default.jpg"$"Komplett"$"Original"$"Standard"$"Einzelseite"$"2024"$"2024"$"Universitätsbibliothek Landes- und Murhardsche Bibliothek der Stadt Kassel"$"https://d-nb.info/gnd/10008839-9"$"Kassel"$"https://d-nb.info/gnd/4029869-3"$"Universitätsbibliothek Landes- und Murhardsche Bibliothek der Stadt Kassel"$"https://d-nb.info/gnd/10008839-9"$"Kassel"$"https://d-nb.info/gnd/4029869-3"
"322"$"2° Ms. theol. 47"$"https://orka.bibliothek.uni-kassel.de/viewer/api/v1/records/1704888433445/manifest/"$"https://orka.bibliothek.uni-kassel.de/viewer/image/1704888433445/"$"https://orka.bibliothek.uni-kassel.de/viewer/api/v1/records/1704888433445/files/images/000001.tif/full/!400,400/0/default.jpg"$"Komplett"$"Original"$"Standard"$"Einzelseite"$"2024"$"2024"$"Universitätsbibliothek Landes- und Murhardsche Bibliothek der Stadt Kassel"$"https://d-nb.info/gnd/10008839-9"$"Kassel"$"https://d-nb.info/gnd/4029869-3"$"Universitätsbibliothek Landes- und Murhardsche Bibliothek der Stadt Kassel"$"https://d-nb.info/gnd/10008839-9"$"Kassel"$"https://d-nb.info/gnd/4029869-3"
"323"$"2° Ms. theol. 48"$"https://orka.bibliothek.uni-kassel.de/viewer/api/v1/records/1486476326628/manifest/"$"https://orka.bibliothek.uni-kassel.de/viewer/image/1486476326628/"$"https://orka.bibliothek.uni-kassel.de/viewer/api/v1/records/1486476326628/files/images/00000001.tif/full/!400,400/0/default.jpg"$"Komplett"$"Original"$"Standard"$"Einzelseite"$"2017"$"2017"$"Universitätsbibliothek Landes- und Murhardsche Bibliothek der Stadt Kassel"$"https://d-nb.info/gnd/10008839-9"$"Kassel"$"https://d-nb.info/gnd/4029869-3"$"Universitätsbibliothek Landes- und Murhardsche Bibliothek der Stadt Kassel"$"https://d-nb.info/gnd/10008839-9"$"Kassel"$"https://d-nb.info/gnd/4029869-3"
"324"$"2° Ms. theol. 49"$"https://orka.bibliothek.uni-kassel.de/viewer/api/v1/records/1327392776322/manifest/"$"https://orka.bibliothek.uni-kassel.de/viewer/image/1327392776322/"$"https://orka.bibliothek.uni-kassel.de/viewer/api/v1/records/1327392776322/files/images/00000001.tif/full/!400,400/0/default.jpg"$"Komplett"$"Original"$"Standard"$"Einzelseite"$"2012"$"2012"$"Universitätsbibliothek Landes- und Murhardsche Bibliothek der Stadt Kassel"$"https://d-nb.info/gnd/10008839-9"$"Kassel"$"https://d-nb.info/gnd/4029869-3"$"Universitätsbibliothek Landes- und Murhardsche Bibliothek der Stadt Kassel"$"https://d-nb.info/gnd/10008839-9"$"Kassel"$"https://d-nb.info/gnd/4029869-3"
"325"$"2° Ms. theol. 5"$"https://orka.bibliothek.uni-kassel.de/viewer/api/v1/records/1303903454175/manifest/"$"https://orka.bibliothek.uni-kassel.de/viewer/image/1303903454175/"$"https://orka.bibliothek.uni-kassel.de/viewer/api/v1/records/1303903454175/files/images/00000001.tif/full/!400,400/0/default.jpg"$"Komplett"$"Original"$"Standard"$"Einzelseite"$"2011"$"2011"$"Universitätsbibliothek Landes- und Murhardsche Bibliothek der Stadt Kassel"$"https://d-nb.info/gnd/10008839-9"$"Kassel"$"https://d-nb.info/gnd/4029869-3"$"Universitätsbibliothek Landes- und Murhardsche Bibliothek der Stadt Kassel"$"https://d-nb.info/gnd/10008839-9"$"Kassel"$"https://d-nb.info/gnd/4029869-3"
"326"$"2° Ms. theol. 50"$"https://orka.bibliothek.uni-kassel.de/viewer/api/v1/records/1690352309513/manifest/"$"https://orka.bibliothek.uni-kassel.de/viewer/image/1690352309513/"$"https://orka.bibliothek.uni-kassel.de/viewer/api/v1/records/1690352309513/files/images/000001.tif/full/!400,400/0/default.jpg"$"Komplett"$"Original"$"Standard"$"Einzelseite"$"2023"$"2023"$"Universitätsbibliothek Landes- und Murhardsche Bibliothek der Stadt Kassel"$"https://d-nb.info/gnd/10008839-9"$"Kassel"$"https://d-nb.info/gnd/4029869-3"$"Universitätsbibliothek Landes- und Murhardsche Bibliothek der Stadt Kassel"$"https://d-nb.info/gnd/10008839-9"$"Kassel"$"https://d-nb.info/gnd/4029869-3"
"327"$"2° Ms. theol. 51"$"https://orka.bibliothek.uni-kassel.de/viewer/api/v1/records/1709626750248/manifest/"$"https://orka.bibliothek.uni-kassel.de/viewer/image/1709626750248/"$"https://orka.bibliothek.uni-kassel.de/viewer/api/v1/records/1709626750248/files/images/000001.tif/full/!400,400/0/default.jpg"$"Komplett"$"Original"$"Standard"$"Einzelseite"$"2024"$"2024"$"Universitätsbibliothek Landes- und Murhardsche Bibliothek der Stadt Kassel"$"https://d-nb.info/gnd/10008839-9"$"Kassel"$"https://d-nb.info/gnd/4029869-3"$"Universitätsbibliothek Landes- und Murhardsche Bibliothek der Stadt Kassel"$"https://d-nb.info/gnd/10008839-9"$"Kassel"$"https://d-nb.info/gnd/4029869-3"
"328"$"2° Ms. theol. 52"$"https://orka.bibliothek.uni-kassel.de/viewer/api/v1/records/1678282251820/manifest/"$"https://orka.bibliothek.uni-kassel.de/viewer/image/1678282251820/"$"https://orka.bibliothek.uni-kassel.de/viewer/api/v1/records/1678282251820/files/images/000001.tif/full/!400,400/0/default.jpg"$"Komplett"$"Original"$"Standard"$"Einzelseite"$"2023"$"2023"$"Universitätsbibliothek Landes- und Murhardsche Bibliothek der Stadt Kassel"$"https://d-nb.info/gnd/10008839-9"$"Kassel"$"https://d-nb.info/gnd/4029869-3"$"Universitätsbibliothek Landes- und Murhardsche Bibliothek der Stadt Kassel"$"https://d-nb.info/gnd/10008839-9"$"Kassel"$"https://d-nb.info/gnd/4029869-3"
"329"$"2° Ms. theol. 53"$"https://orka.bibliothek.uni-kassel.de/viewer/api/v1/records/1515683339876/manifest/"$"https://orka.bibliothek.uni-kassel.de/viewer/image/1515683339876/"$"https://orka.bibliothek.uni-kassel.de/viewer/api/v1/records/1515683339876/files/images/00000001.tif/full/!400,400/0/default.jpg"$"Komplett"$"Original"$"Standard"$"Einzelseite"$"2018"$"2018"$"Universitätsbibliothek Landes- und Murhardsche Bibliothek der Stadt Kassel"$"https://d-nb.info/gnd/10008839-9"$"Kassel"$"https://d-nb.info/gnd/4029869-3"$"Universitätsbibliothek Landes- und Murhardsche Bibliothek der Stadt Kassel"$"https://d-nb.info/gnd/10008839-9"$"Kassel"$"https://d-nb.info/gnd/4029869-3"
"330"$"2° Ms. theol. 54"$"https://orka.bibliothek.uni-kassel.de/viewer/api/v1/records/1296741113093/manifest/"$"https://orka.bibliothek.uni-kassel.de/viewer/image/1296741113093/"$"https://orka.bibliothek.uni-kassel.de/viewer/api/v1/records/1296741113093/files/images/00000001.tif/full/!400,400/0/default.jpg"$"Komplett"$"Original"$"Standard"$"Einzelseite"$"2011"$"2011"$"Universitätsbibliothek Landes- und Murhardsche Bibliothek der Stadt Kassel"$"https://d-nb.info/gnd/10008839-9"$"Kassel"$"https://d-nb.info/gnd/4029869-3"$"Universitätsbibliothek Landes- und Murhardsche Bibliothek der Stadt Kassel"$"https://d-nb.info/gnd/10008839-9"$"Kassel"$"https://d-nb.info/gnd/4029869-3"
"331"$"2° Ms. theol. 55"$"https://orka.bibliothek.uni-kassel.de/viewer/api/v1/records/1337177105893/manifest/"$"https://orka.bibliothek.uni-kassel.de/viewer/image/1337177105893/"$"https://orka.bibliothek.uni-kassel.de/viewer/api/v1/records/1337177105893/files/images/00000001.tif/full/!400,400/0/default.jpg"$"Komplett"$"Original"$"Standard"$"Einzelseite"$"2012"$"2012"$"Universitätsbibliothek Landes- und Murhardsche Bibliothek der Stadt Kassel"$"https://d-nb.info/gnd/10008839-9"$"Kassel"$"https://d-nb.info/gnd/4029869-3"$"Universitätsbibliothek Landes- und Murhardsche Bibliothek der Stadt Kassel"$"https://d-nb.info/gnd/10008839-9"$"Kassel"$"https://d-nb.info/gnd/4029869-3"
"332"$"2° Ms. theol. 56"$"https://orka.bibliothek.uni-kassel.de/viewer/api/v1/records/1532616872606/manifest/"$"https://orka.bibliothek.uni-kassel.de/viewer/image/1532616872606/"$"https://orka.bibliothek.uni-kassel.de/viewer/api/v1/records/1532616872606/files/images/00000001.tif/full/!400,400/0/default.jpg"$"Komplett"$"Original"$"Standard"$"Einzelseite"$"2018"$"2018"$"Universitätsbibliothek Landes- und Murhardsche Bibliothek der Stadt Kassel"$"https://d-nb.info/gnd/10008839-9"$"Kassel"$"https://d-nb.info/gnd/4029869-3"$"Universitätsbibliothek Landes- und Murhardsche Bibliothek der Stadt Kassel"$"https://d-nb.info/gnd/10008839-9"$"Kassel"$"https://d-nb.info/gnd/4029869-3"
"333"$"2° Ms. theol. 57"$"https://orka.bibliothek.uni-kassel.de/viewer/api/v1/records/1693400828726/manifest/"$"https://orka.bibliothek.uni-kassel.de/viewer/image/1693400828726/"$"https://orka.bibliothek.uni-kassel.de/viewer/api/v1/records/1693400828726/files/images/000001.tif/full/!400,400/0/default.jpg"$"Komplett"$"Original"$"Standard"$"Einzelseite"$"2023"$"2023"$"Universitätsbibliothek Landes- und Murhardsche Bibliothek der Stadt Kassel"$"https://d-nb.info/gnd/10008839-9"$"Kassel"$"https://d-nb.info/gnd/4029869-3"$"Universitätsbibliothek Landes- und Murhardsche Bibliothek der Stadt Kassel"$"https://d-nb.info/gnd/10008839-9"$"Kassel"$"https://d-nb.info/gnd/4029869-3"
"334"$"2° Ms. theol. 58"$"https://orka.bibliothek.uni-kassel.de/viewer/api/v1/records/1300794207917/manifest/"$"https://orka.bibliothek.uni-kassel.de/viewer/image/1300794207917/"$"https://orka.bibliothek.uni-kassel.de/viewer/api/v1/records/1300794207917/files/images/00000001.tif/full/!400,400/0/default.jpg"$"Komplett"$"Original"$"Standard"$"Einzelseite"$"2011"$"2011"$"Universitätsbibliothek Landes- und Murhardsche Bibliothek der Stadt Kassel"$"https://d-nb.info/gnd/10008839-9"$"Kassel"$"https://d-nb.info/gnd/4029869-3"$"Universitätsbibliothek Landes- und Murhardsche Bibliothek der Stadt Kassel"$"https://d-nb.info/gnd/10008839-9"$"Kassel"$"https://d-nb.info/gnd/4029869-3"
"335"$"2° Ms. theol. 6"$"https://orka.bibliothek.uni-kassel.de/viewer/api/v1/records/1397134510852/manifest/"$"https://orka.bibliothek.uni-kassel.de/viewer/image/1397134510852/"$"https://orka.bibliothek.uni-kassel.de/viewer/api/v1/records/1397134510852/files/images/00000001.tif/full/!400,400/0/default.jpg"$"Komplett"$"Original"$"Standard"$"Einzelseite"$"2014"$"2014"$"Universitätsbibliothek Landes- und Murhardsche Bibliothek der Stadt Kassel"$"https://d-nb.info/gnd/10008839-9"$"Kassel"$"https://d-nb.info/gnd/4029869-3"$"Universitätsbibliothek Landes- und Murhardsche Bibliothek der Stadt Kassel"$"https://d-nb.info/gnd/10008839-9"$"Kassel"$"https://d-nb.info/gnd/4029869-3"
"336"$"2° Ms. theol. 60"$"https://orka.bibliothek.uni-kassel.de/viewer/api/v1/records/1333025557412/manifest/"$"https://orka.bibliothek.uni-kassel.de/viewer/image/1333025557412/"$"https://orka.bibliothek.uni-kassel.de/viewer/api/v1/records/1333025557412/files/images/00000001.tif/full/!400,400/0/default.jpg"$"Komplett"$"Original"$"Standard"$"Einzelseite"$"2012"$"2012"$"Universitätsbibliothek Landes- und Murhardsche Bibliothek der Stadt Kassel"$"https://d-nb.info/gnd/10008839-9"$"Kassel"$"https://d-nb.info/gnd/4029869-3"$"Universitätsbibliothek Landes- und Murhardsche Bibliothek der Stadt Kassel"$"https://d-nb.info/gnd/10008839-9"$"Kassel"$"https://d-nb.info/gnd/4029869-3"
"337"$"2° Ms. theol. 61"$"https://orka.bibliothek.uni-kassel.de/viewer/api/v1/records/1342624262654/manifest/"$"https://orka.bibliothek.uni-kassel.de/viewer/image/1342624262654/"$"https://orka.bibliothek.uni-kassel.de/viewer/api/v1/records/1342624262654/files/images/00000001.tif/full/!400,400/0/default.jpg"$"Komplett"$"Original"$"Standard"$"Einzelseite"$"2012"$"2012"$"Universitätsbibliothek Landes- und Murhardsche Bibliothek der Stadt Kassel"$"https://d-nb.info/gnd/10008839-9"$"Kassel"$"https://d-nb.info/gnd/4029869-3"$"Universitätsbibliothek Landes- und Murhardsche Bibliothek der Stadt Kassel"$"https://d-nb.info/gnd/10008839-9"$"Kassel"$"https://d-nb.info/gnd/4029869-3"
"338"$"2° Ms. theol. 62"$"https://orka.bibliothek.uni-kassel.de/viewer/api/v1/records/1710933888459/manifest/"$"https://orka.bibliothek.uni-kassel.de/viewer/image/1710933888459/"$"https://orka.bibliothek.uni-kassel.de/viewer/api/v1/records/1710933888459/files/images/00000001.tif/full/!400,400/0/default.jpg"$"Komplett"$"Original"$"Standard"$"Einzelseite"$"2024"$"2024"$"Universitätsbibliothek Landes- und Murhardsche Bibliothek der Stadt Kassel"$"https://d-nb.info/gnd/10008839-9"$"Kassel"$"https://d-nb.info/gnd/4029869-3"$"Universitätsbibliothek Landes- und Murhardsche Bibliothek der Stadt Kassel"$"https://d-nb.info/gnd/10008839-9"$"Kassel"$"https://d-nb.info/gnd/4029869-3"
"339"$"2° Ms. theol. 64"$"https://orka.bibliothek.uni-kassel.de/viewer/api/v1/records/1689843767232/manifest/"$"https://orka.bibliothek.uni-kassel.de/viewer/image/1689843767232/"$"https://orka.bibliothek.uni-kassel.de/viewer/api/v1/records/1689843767232/files/images/000001.tif/full/!400,400/0/default.jpg"$"Komplett"$"Original"$"Standard"$"Einzelseite"$"2023"$"2023"$"Universitätsbibliothek Landes- und Murhardsche Bibliothek der Stadt Kassel"$"https://d-nb.info/gnd/10008839-9"$"Kassel"$"https://d-nb.info/gnd/4029869-3"$"Universitätsbibliothek Landes- und Murhardsche Bibliothek der Stadt Kassel"$"https://d-nb.info/gnd/10008839-9"$"Kassel"$"https://d-nb.info/gnd/4029869-3"
"340"$"2° Ms. theol. 65"$"https://orka.bibliothek.uni-kassel.de/viewer/api/v1/records/1300794951988/manifest/"$"https://orka.bibliothek.uni-kassel.de/viewer/image/1300794951988/"$"https://orka.bibliothek.uni-kassel.de/viewer/api/v1/records/1300794951988/files/images/00000001.tif/full/!400,400/0/default.jpg"$"Komplett"$"Reproduktion"$"Bitonal"$"Einzelseite"$"2011"$"2011"$"Universitätsbibliothek Landes- und Murhardsche Bibliothek der Stadt Kassel"$"https://d-nb.info/gnd/10008839-9"$"Kassel"$"https://d-nb.info/gnd/4029869-3"$"Universitätsbibliothek Landes- und Murhardsche Bibliothek der Stadt Kassel"$"https://d-nb.info/gnd/10008839-9"$"Kassel"$"https://d-nb.info/gnd/4029869-3"
"341"$"2° Ms. theol. 66"$"https://orka.bibliothek.uni-kassel.de/viewer/api/v1/records/1715672267838/manifest/"$"https://orka.bibliothek.uni-kassel.de/viewer/image/1715672267838/"$"https://orka.bibliothek.uni-kassel.de/viewer/api/v1/records/1715672267838/files/images/000001.tif/full/!400,400/0/default.jpg"$"Komplett"$"Original"$"Standard"$"Einzelseite"$"2024"$"2024"$"Universitätsbibliothek Landes- und Murhardsche Bibliothek der Stadt Kassel"$"https://d-nb.info/gnd/10008839-9"$"Kassel"$"https://d-nb.info/gnd/4029869-3"$"Universitätsbibliothek Landes- und Murhardsche Bibliothek der Stadt Kassel"$"https://d-nb.info/gnd/10008839-9"$"Kassel"$"https://d-nb.info/gnd/4029869-3"
"342"$"2° Ms. theol. 67"$"https://orka.bibliothek.uni-kassel.de/viewer/api/v1/records/1522149416689/manifest/"$"https://orka.bibliothek.uni-kassel.de/viewer/image/1522149416689/"$"https://orka.bibliothek.uni-kassel.de/viewer/api/v1/records/1522149416689/files/images/00000001.tif/full/!400,400/0/default.jpg"$"Komplett"$"Original"$"Standard"$"Einzelseite"$"2018"$"2018"$"Universitätsbibliothek Landes- und Murhardsche Bibliothek der Stadt Kassel"$"https://d-nb.info/gnd/10008839-9"$"Kassel"$"https://d-nb.info/gnd/4029869-3"$"Universitätsbibliothek Landes- und Murhardsche Bibliothek der Stadt Kassel"$"https://d-nb.info/gnd/10008839-9"$"Kassel"$"https://d-nb.info/gnd/4029869-3"
"343"$"2° Ms. theol. 7"$"https://orka.bibliothek.uni-kassel.de/viewer/api/v1/records/1562576901342/manifest/"$"https://orka.bibliothek.uni-kassel.de/viewer/image/1562576901342/"$"https://orka.bibliothek.uni-kassel.de/viewer/api/v1/records/1562576901342/files/images/000001.tif/full/!400,400/0/default.jpg"$"Komplett"$"Original"$"Standard"$"Einzelseite"$"2019"$"2019"$"Universitätsbibliothek Landes- und Murhardsche Bibliothek der Stadt Kassel"$"https://d-nb.info/gnd/10008839-9"$"Kassel"$"https://d-nb.info/gnd/4029869-3"$"Universitätsbibliothek Landes- und Murhardsche Bibliothek der Stadt Kassel"$"https://d-nb.info/gnd/10008839-9"$"Kassel"$"https://d-nb.info/gnd/4029869-3"
"344"$"2° Ms. theol. 8"$"https://orka.bibliothek.uni-kassel.de/viewer/api/v1/records/1564038591612/manifest/"$"https://orka.bibliothek.uni-kassel.de/viewer/image/1564038591612/"$"https://orka.bibliothek.uni-kassel.de/viewer/api/v1/records/1564038591612/files/images/00000001.tif/full/!400,400/0/default.jpg"$"Komplett"$"Original"$"Standard"$"Einzelseite"$"2019"$"2019"$"Universitätsbibliothek Landes- und Murhardsche Bibliothek der Stadt Kassel"$"https://d-nb.info/gnd/10008839-9"$"Kassel"$"https://d-nb.info/gnd/4029869-3"$"Universitätsbibliothek Landes- und Murhardsche Bibliothek der Stadt Kassel"$"https://d-nb.info/gnd/10008839-9"$"Kassel"$"https://d-nb.info/gnd/4029869-3"
"345"$"2° Ms. theol. 85"$"https://orka.bibliothek.uni-kassel.de/viewer/api/v1/records/1597735226114/manifest/"$"https://orka.bibliothek.uni-kassel.de/viewer/image/1597735226114/"$"https://orka.bibliothek.uni-kassel.de/viewer/api/v1/records/1597735226114/files/images/00000001.tif/full/!400,400/0/default.jpg"$"Komplett"$"Original"$"Standard"$"Einzelseite"$"2020"$"2020"$"Universitätsbibliothek Landes- und Murhardsche Bibliothek der Stadt Kassel"$"https://d-nb.info/gnd/10008839-9"$"Kassel"$"https://d-nb.info/gnd/4029869-3"$"Universitätsbibliothek Landes- und Murhardsche Bibliothek der Stadt Kassel"$"https://d-nb.info/gnd/10008839-9"$"Kassel"$"https://d-nb.info/gnd/4029869-3"
"346"$"2° Ms. theol. 9"$"https://orka.bibliothek.uni-kassel.de/viewer/api/v1/records/1564062654629/manifest/"$"https://orka.bibliothek.uni-kassel.de/viewer/image/1564062654629/"$"https://orka.bibliothek.uni-kassel.de/viewer/api/v1/records/1564062654629/files/images/00000001.tif/full/!400,400/0/default.jpg"$"Komplett"$"Original"$"Standard"$"Einzelseite"$"2019"$"2019"$"Universitätsbibliothek Landes- und Murhardsche Bibliothek der Stadt Kassel"$"https://d-nb.info/gnd/10008839-9"$"Kassel"$"https://d-nb.info/gnd/4029869-3"$"Universitätsbibliothek Landes- und Murhardsche Bibliothek der Stadt Kassel"$"https://d-nb.info/gnd/10008839-9"$"Kassel"$"https://d-nb.info/gnd/4029869-3"
"347"$"2° Ms. theol. 92"$"https://orka.bibliothek.uni-kassel.de/viewer/api/v1/records/1649070462863/manifest/"$"https://orka.bibliothek.uni-kassel.de/viewer/image/1649070462863/"$"https://orka.bibliothek.uni-kassel.de/viewer/api/v1/records/1649070462863/files/images/00000001.tif/full/!400,400/0/default.jpg"$"Komplett"$"Original"$"Standard"$"Einzelseite"$"2022"$"2022"$"Universitätsbibliothek Landes- und Murhardsche Bibliothek der Stadt Kassel"$"https://d-nb.info/gnd/10008839-9"$"Kassel"$"https://d-nb.info/gnd/4029869-3"$"Universitätsbibliothek Landes- und Murhardsche Bibliothek der Stadt Kassel"$"https://d-nb.info/gnd/10008839-9"$"Kassel"$"https://d-nb.info/gnd/4029869-3"
"348"$"2° Ms. theol. 98"$"https://orka.bibliothek.uni-kassel.de/viewer/api/v1/records/1694678736040/manifest/"$"https://orka.bibliothek.uni-kassel.de/viewer/image/1694678736040/"$"https://orka.bibliothek.uni-kassel.de/viewer/api/v1/records/1694678736040/files/images/000001.tif/full/!400,400/0/default.jpg"$"Komplett"$"Original"$"Standard"$"Einzelseite"$"2018"$"2018"$"Universitätsbibliothek Landes- und Murhardsche Bibliothek der Stadt Kassel"$"https://d-nb.info/gnd/10008839-9"$"Kassel"$"https://d-nb.info/gnd/4029869-3"$"Universitätsbibliothek Landes- und Murhardsche Bibliothek der Stadt Kassel"$"https://d-nb.info/gnd/10008839-9"$"Kassel"$"https://d-nb.info/gnd/4029869-3"
"349"$"2° Ms. theol. 99"$"https://orka.bibliothek.uni-kassel.de/viewer/api/v1/records/1696510397295/manifest/"$"https://orka.bibliothek.uni-kassel.de/viewer/image/1696510397295/"$"https://orka.bibliothek.uni-kassel.de/viewer/api/v1/records/1696510397295/files/images/000001.tif/full/!400,400/0/default.jpg"$"Komplett"$"Original"$"Standard"$"Einzelseite"$"2023"$"2023"$"Universitätsbibliothek Landes- und Murhardsche Bibliothek der Stadt Kassel"$"https://d-nb.info/gnd/10008839-9"$"Kassel"$"https://d-nb.info/gnd/4029869-3"$"Universitätsbibliothek Landes- und Murhardsche Bibliothek der Stadt Kassel"$"https://d-nb.info/gnd/10008839-9"$"Kassel"$"https://d-nb.info/gnd/4029869-3"
"350"$"4° Ms. chem. 1"$"https://orka.bibliothek.uni-kassel.de/viewer/api/v1/records/1529065199837/manifest/"$"https://orka.bibliothek.uni-kassel.de/viewer/image/1529065199837/"$"https://orka.bibliothek.uni-kassel.de/viewer/api/v1/records/1529065199837/files/images/00000001.tif/full/!400,400/0/default.jpg"$"Komplett"$"Original"$"Standard"$"Einzelseite"$"2019"$"2019"$"Universitätsbibliothek Landes- und Murhardsche Bibliothek der Stadt Kassel"$"https://d-nb.info/gnd/10008839-9"$"Kassel"$"https://d-nb.info/gnd/4029869-3"$"Universitätsbibliothek Landes- und Murhardsche Bibliothek der Stadt Kassel"$"https://d-nb.info/gnd/10008839-9"$"Kassel"$"https://d-nb.info/gnd/4029869-3"
"351"$"4° Ms. chem. 10"$"https://orka.bibliothek.uni-kassel.de/viewer/api/v1/records/1530004140628/manifest/"$"https://orka.bibliothek.uni-kassel.de/viewer/image/1530004140628/"$"https://orka.bibliothek.uni-kassel.de/viewer/api/v1/records/1530004140628/files/images/00000001.tif/full/!400,400/0/default.jpg"$"Komplett"$"Original"$"Standard"$"Einzelseite"$"2018"$"2018"$"Universitätsbibliothek Landes- und Murhardsche Bibliothek der Stadt Kassel"$"https://d-nb.info/gnd/10008839-9"$"Kassel"$"https://d-nb.info/gnd/4029869-3"$"Universitätsbibliothek Landes- und Murhardsche Bibliothek der Stadt Kassel"$"https://d-nb.info/gnd/10008839-9"$"Kassel"$"https://d-nb.info/gnd/4029869-3"
"352"$"4° Ms. chem. 100"$"https://orka.bibliothek.uni-kassel.de/viewer/api/v1/records/1557132092276/manifest/"$"https://orka.bibliothek.uni-kassel.de/viewer/image/1557132092276/"$"https://orka.bibliothek.uni-kassel.de/viewer/api/v1/records/1557132092276/files/images/00000001.tif/full/!400,400/0/default.jpg"$"Komplett"$"Original"$"Standard"$"Einzelseite"$"2019"$"2019"$"Universitätsbibliothek Landes- und Murhardsche Bibliothek der Stadt Kassel"$"https://d-nb.info/gnd/10008839-9"$"Kassel"$"https://d-nb.info/gnd/4029869-3"$"Universitätsbibliothek Landes- und Murhardsche Bibliothek der Stadt Kassel"$"https://d-nb.info/gnd/10008839-9"$"Kassel"$"https://d-nb.info/gnd/4029869-3"
"353"$"4° Ms. chem. 101"$"https://orka.bibliothek.uni-kassel.de/viewer/api/v1/records/1553780035308/manifest/"$"https://orka.bibliothek.uni-kassel.de/viewer/image/1553780035308/"$"https://orka.bibliothek.uni-kassel.de/viewer/api/v1/records/1553780035308/files/images/00000001.tif/full/!400,400/0/default.jpg"$"Komplett"$"Original"$"Standard"$"Einzelseite"$"2019"$"2019"$"Universitätsbibliothek Landes- und Murhardsche Bibliothek der Stadt Kassel"$"https://d-nb.info/gnd/10008839-9"$"Kassel"$"https://d-nb.info/gnd/4029869-3"$"Universitätsbibliothek Landes- und Murhardsche Bibliothek der Stadt Kassel"$"https://d-nb.info/gnd/10008839-9"$"Kassel"$"https://d-nb.info/gnd/4029869-3"
"354"$"4° Ms. chem. 102"$"https://orka.bibliothek.uni-kassel.de/viewer/api/v1/records/1554118322651/manifest/"$"https://orka.bibliothek.uni-kassel.de/viewer/image/1554118322651/"$"https://orka.bibliothek.uni-kassel.de/viewer/api/v1/records/1554118322651/files/images/00000001.tif/full/!400,400/0/default.jpg"$"Komplett"$"Original"$"Standard"$"Einzelseite"$"2019"$"2019"$"Universitätsbibliothek Landes- und Murhardsche Bibliothek der Stadt Kassel"$"https://d-nb.info/gnd/10008839-9"$"Kassel"$"https://d-nb.info/gnd/4029869-3"$"Universitätsbibliothek Landes- und Murhardsche Bibliothek der Stadt Kassel"$"https://d-nb.info/gnd/10008839-9"$"Kassel"$"https://d-nb.info/gnd/4029869-3"
"355"$"4° Ms. chem. 103"$"https://orka.bibliothek.uni-kassel.de/viewer/api/v1/records/1555405544004/manifest/"$"https://orka.bibliothek.uni-kassel.de/viewer/image/1555405544004/"$"https://orka.bibliothek.uni-kassel.de/viewer/api/v1/records/1555405544004/files/images/00000001.tif/full/!400,400/0/default.jpg"$"Komplett"$"Original"$"Standard"$"Einzelseite"$"2019"$"2019"$"Universitätsbibliothek Landes- und Murhardsche Bibliothek der Stadt Kassel"$"https://d-nb.info/gnd/10008839-9"$"Kassel"$"https://d-nb.info/gnd/4029869-3"$"Universitätsbibliothek Landes- und Murhardsche Bibliothek der Stadt Kassel"$"https://d-nb.info/gnd/10008839-9"$"Kassel"$"https://d-nb.info/gnd/4029869-3"
"356"$"4° Ms. chem. 104"$"https://orka.bibliothek.uni-kassel.de/viewer/api/v1/records/1555405058032/manifest/"$"https://orka.bibliothek.uni-kassel.de/viewer/image/1555405058032/"$"https://orka.bibliothek.uni-kassel.de/viewer/api/v1/records/1555405058032/files/images/00000001.tif/full/!400,400/0/default.jpg"$"Komplett"$"Original"$"Standard"$"Einzelseite"$"2019"$"2019"$"Universitätsbibliothek Landes- und Murhardsche Bibliothek der Stadt Kassel"$"https://d-nb.info/gnd/10008839-9"$"Kassel"$"https://d-nb.info/gnd/4029869-3"$"Universitätsbibliothek Landes- und Murhardsche Bibliothek der Stadt Kassel"$"https://d-nb.info/gnd/10008839-9"$"Kassel"$"https://d-nb.info/gnd/4029869-3"
"357"$"4° Ms. chem. 105"$"https://orka.bibliothek.uni-kassel.de/viewer/api/v1/records/1555405776557/manifest/"$"https://orka.bibliothek.uni-kassel.de/viewer/image/1555405776557/"$"https://orka.bibliothek.uni-kassel.de/viewer/api/v1/records/1555405776557/files/images/00000001.tif/full/!400,400/0/default.jpg"$"Komplett"$"Original"$"Standard"$"Einzelseite"$"2019"$"2019"$"Universitätsbibliothek Landes- und Murhardsche Bibliothek der Stadt Kassel"$"https://d-nb.info/gnd/10008839-9"$"Kassel"$"https://d-nb.info/gnd/4029869-3"$"Universitätsbibliothek Landes- und Murhardsche Bibliothek der Stadt Kassel"$"https://d-nb.info/gnd/10008839-9"$"Kassel"$"https://d-nb.info/gnd/4029869-3"
"358"$"4° Ms. chem. 106"$"https://orka.bibliothek.uni-kassel.de/viewer/api/v1/records/1557306237558/manifest/"$"https://orka.bibliothek.uni-kassel.de/viewer/image/1557306237558/"$"https://orka.bibliothek.uni-kassel.de/viewer/api/v1/records/1557306237558/files/images/00000001.tif/full/!400,400/0/default.jpg"$"Komplett"$"Original"$"Standard"$"Einzelseite"$"2019"$"2019"$"Universitätsbibliothek Landes- und Murhardsche Bibliothek der Stadt Kassel"$"https://d-nb.info/gnd/10008839-9"$"Kassel"$"https://d-nb.info/gnd/4029869-3"$"Universitätsbibliothek Landes- und Murhardsche Bibliothek der Stadt Kassel"$"https://d-nb.info/gnd/10008839-9"$"Kassel"$"https://d-nb.info/gnd/4029869-3"
"359"$"4° Ms. chem. 107"$"https://orka.bibliothek.uni-kassel.de/viewer/api/v1/records/1555402046419/manifest/"$"https://orka.bibliothek.uni-kassel.de/viewer/image/1555402046419/"$"https://orka.bibliothek.uni-kassel.de/viewer/api/v1/records/1555402046419/files/images/00000001.tif/full/!400,400/0/default.jpg"$"Komplett"$"Original"$"Standard"$"Einzelseite"$"2019"$"2019"$"Universitätsbibliothek Landes- und Murhardsche Bibliothek der Stadt Kassel"$"https://d-nb.info/gnd/10008839-9"$"Kassel"$"https://d-nb.info/gnd/4029869-3"$"Universitätsbibliothek Landes- und Murhardsche Bibliothek der Stadt Kassel"$"https://d-nb.info/gnd/10008839-9"$"Kassel"$"https://d-nb.info/gnd/4029869-3"
"360"$"4° Ms. chem. 108"$"https://orka.bibliothek.uni-kassel.de/viewer/api/v1/records/1557306341042/manifest/"$"https://orka.bibliothek.uni-kassel.de/viewer/image/1557306341042/"$"https://orka.bibliothek.uni-kassel.de/viewer/api/v1/records/1557306341042/files/images/00000001.tif/full/!400,400/0/default.jpg"$"Komplett"$"Original"$"Standard"$"Einzelseite"$"2019"$"2019"$"Universitätsbibliothek Landes- und Murhardsche Bibliothek der Stadt Kassel"$"https://d-nb.info/gnd/10008839-9"$"Kassel"$"https://d-nb.info/gnd/4029869-3"$"Universitätsbibliothek Landes- und Murhardsche Bibliothek der Stadt Kassel"$"https://d-nb.info/gnd/10008839-9"$"Kassel"$"https://d-nb.info/gnd/4029869-3"
"361"$"4° Ms. chem. 11"$"https://orka.bibliothek.uni-kassel.de/viewer/api/v1/records/1530017158992/manifest/"$"https://orka.bibliothek.uni-kassel.de/viewer/image/1530017158992/"$"https://orka.bibliothek.uni-kassel.de/viewer/api/v1/records/1530017158992/files/images/00000001.tif/full/!400,400/0/default.jpg"$"Komplett"$"Original"$"Standard"$"Einzelseite"$"2018"$"2018"$"Universitätsbibliothek Landes- und Murhardsche Bibliothek der Stadt Kassel"$"https://d-nb.info/gnd/10008839-9"$"Kassel"$"https://d-nb.info/gnd/4029869-3"$"Universitätsbibliothek Landes- und Murhardsche Bibliothek der Stadt Kassel"$"https://d-nb.info/gnd/10008839-9"$"Kassel"$"https://d-nb.info/gnd/4029869-3"
"362"$"4° Ms. chem. 12"$"https://orka.bibliothek.uni-kassel.de/viewer/api/v1/records/1383292977476/manifest/"$"https://orka.bibliothek.uni-kassel.de/viewer/image/1383292977476/"$"https://orka.bibliothek.uni-kassel.de/viewer/api/v1/records/1383292977476/files/images/00000001.tif/full/!400,400/0/default.jpg"$"Komplett"$"Original"$"Standard"$"Einzelseite"$"2013"$"2013"$"Universitätsbibliothek Landes- und Murhardsche Bibliothek der Stadt Kassel"$"https://d-nb.info/gnd/10008839-9"$"Kassel"$"https://d-nb.info/gnd/4029869-3"$"Universitätsbibliothek Landes- und Murhardsche Bibliothek der Stadt Kassel"$"https://d-nb.info/gnd/10008839-9"$"Kassel"$"https://d-nb.info/gnd/4029869-3"
"363"$"4° Ms. chem. 13"$"https://orka.bibliothek.uni-kassel.de/viewer/api/v1/records/1635850825064/manifest/"$"https://orka.bibliothek.uni-kassel.de/viewer/image/1635850825064/"$"https://orka.bibliothek.uni-kassel.de/viewer/api/v1/records/1635850825064/files/images/000001.tif/full/!400,400/0/default.jpg"$"Komplett"$"Original"$"Standard"$"Einzelseite"$"2022"$"2022"$"Universitätsbibliothek Landes- und Murhardsche Bibliothek der Stadt Kassel"$"https://d-nb.info/gnd/10008839-9"$"Kassel"$"https://d-nb.info/gnd/4029869-3"$"Universitätsbibliothek Landes- und Murhardsche Bibliothek der Stadt Kassel"$"https://d-nb.info/gnd/10008839-9"$"Kassel"$"https://d-nb.info/gnd/4029869-3"
"364"$"4° Ms. chem. 14"$"https://orka.bibliothek.uni-kassel.de/viewer/api/v1/records/1530523504171/manifest/"$"https://orka.bibliothek.uni-kassel.de/viewer/image/1530523504171/"$"https://orka.bibliothek.uni-kassel.de/viewer/api/v1/records/1530523504171/files/images/00000001.tif/full/!400,400/0/default.jpg"$"Komplett"$"Original"$"Standard"$"Einzelseite"$"2018"$"2018"$"Universitätsbibliothek Landes- und Murhardsche Bibliothek der Stadt Kassel"$"https://d-nb.info/gnd/10008839-9"$"Kassel"$"https://d-nb.info/gnd/4029869-3"$"Universitätsbibliothek Landes- und Murhardsche Bibliothek der Stadt Kassel"$"https://d-nb.info/gnd/10008839-9"$"Kassel"$"https://d-nb.info/gnd/4029869-3"
"365"$"4° Ms. chem. 15"$"https://orka.bibliothek.uni-kassel.de/viewer/api/v1/records/1530523708643/manifest/"$"https://orka.bibliothek.uni-kassel.de/viewer/image/1530523708643/"$"https://orka.bibliothek.uni-kassel.de/viewer/api/v1/records/1530523708643/files/images/00000001.tif/full/!400,400/0/default.jpg"$"Komplett"$"Original"$"Standard"$"Einzelseite"$"2018"$"2018"$"Universitätsbibliothek Landes- und Murhardsche Bibliothek der Stadt Kassel"$"https://d-nb.info/gnd/10008839-9"$"Kassel"$"https://d-nb.info/gnd/4029869-3"$"Universitätsbibliothek Landes- und Murhardsche Bibliothek der Stadt Kassel"$"https://d-nb.info/gnd/10008839-9"$"Kassel"$"https://d-nb.info/gnd/4029869-3"
"366"$"4° Ms. chem. 16"$"https://orka.bibliothek.uni-kassel.de/viewer/api/v1/records/1530540544258/manifest/"$"https://orka.bibliothek.uni-kassel.de/viewer/image/1530540544258/"$"https://orka.bibliothek.uni-kassel.de/viewer/api/v1/records/1530540544258/files/images/00000001.tif/full/!400,400/0/default.jpg"$"Komplett"$"Original"$"Standard"$"Einzelseite"$"2018"$"2018"$"Universitätsbibliothek Landes- und Murhardsche Bibliothek der Stadt Kassel"$"https://d-nb.info/gnd/10008839-9"$"Kassel"$"https://d-nb.info/gnd/4029869-3"$"Universitätsbibliothek Landes- und Murhardsche Bibliothek der Stadt Kassel"$"https://d-nb.info/gnd/10008839-9"$"Kassel"$"https://d-nb.info/gnd/4029869-3"
"367"$"4° Ms. chem. 17"$"https://orka.bibliothek.uni-kassel.de/viewer/api/v1/records/1530540731529/manifest/"$"https://orka.bibliothek.uni-kassel.de/viewer/image/1530540731529/"$"https://orka.bibliothek.uni-kassel.de/viewer/api/v1/records/1530540731529/files/images/00000001.tif/full/!400,400/0/default.jpg"$"Komplett"$"Original"$"Standard"$"Einzelseite"$"2018"$"2018"$"Universitätsbibliothek Landes- und Murhardsche Bibliothek der Stadt Kassel"$"https://d-nb.info/gnd/10008839-9"$"Kassel"$"https://d-nb.info/gnd/4029869-3"$"Universitätsbibliothek Landes- und Murhardsche Bibliothek der Stadt Kassel"$"https://d-nb.info/gnd/10008839-9"$"Kassel"$"https://d-nb.info/gnd/4029869-3"
"368"$"4° Ms. chem. 18"$"https://orka.bibliothek.uni-kassel.de/viewer/api/v1/records/1631090057741/manifest/"$"https://orka.bibliothek.uni-kassel.de/viewer/image/1631090057741/"$"https://orka.bibliothek.uni-kassel.de/viewer/api/v1/records/1631090057741/files/images/000001.tif/full/!400,400/0/default.jpg"$"Komplett"$"Original"$"Standard"$"Einzelseite"$"2022"$"2022"$"Universitätsbibliothek Landes- und Murhardsche Bibliothek der Stadt Kassel"$"https://d-nb.info/gnd/10008839-9"$"Kassel"$"https://d-nb.info/gnd/4029869-3"$"Universitätsbibliothek Landes- und Murhardsche Bibliothek der Stadt Kassel"$"https://d-nb.info/gnd/10008839-9"$"Kassel"$"https://d-nb.info/gnd/4029869-3"
"369"$"4° Ms. chem. 19"$"https://orka.bibliothek.uni-kassel.de/viewer/api/v1/records/1530712860285/manifest/"$"https://orka.bibliothek.uni-kassel.de/viewer/image/1530712860285/"$"https://orka.bibliothek.uni-kassel.de/viewer/api/v1/records/1530712860285/files/images/00000001.tif/full/!400,400/0/default.jpg"$"Komplett"$"Original"$"Standard"$"Einzelseite"$"2018"$"2018"$"Universitätsbibliothek Landes- und Murhardsche Bibliothek der Stadt Kassel"$"https://d-nb.info/gnd/10008839-9"$"Kassel"$"https://d-nb.info/gnd/4029869-3"$"Universitätsbibliothek Landes- und Murhardsche Bibliothek der Stadt Kassel"$"https://d-nb.info/gnd/10008839-9"$"Kassel"$"https://d-nb.info/gnd/4029869-3"
"370"$"4° Ms. chem. 2"$"https://orka.bibliothek.uni-kassel.de/viewer/api/v1/records/1528372248070/manifest/"$"https://orka.bibliothek.uni-kassel.de/viewer/image/1528372248070/"$"https://orka.bibliothek.uni-kassel.de/viewer/api/v1/records/1528372248070/files/images/00000001.tif/full/!400,400/0/default.jpg"$"Komplett"$"Original"$"Standard"$"Einzelseite"$"2018"$"2018"$"Universitätsbibliothek Landes- und Murhardsche Bibliothek der Stadt Kassel"$"https://d-nb.info/gnd/10008839-9"$"Kassel"$"https://d-nb.info/gnd/4029869-3"$"Universitätsbibliothek Landes- und Murhardsche Bibliothek der Stadt Kassel"$"https://d-nb.info/gnd/10008839-9"$"Kassel"$"https://d-nb.info/gnd/4029869-3"
"371"$"4° Ms. chem. 20"$"https://orka.bibliothek.uni-kassel.de/viewer/api/v1/records/1530791554266/manifest/"$"https://orka.bibliothek.uni-kassel.de/viewer/image/1530791554266/"$"https://orka.bibliothek.uni-kassel.de/viewer/api/v1/records/1530791554266/files/images/00000001.tif/full/!400,400/0/default.jpg"$"Komplett"$"Original"$"Standard"$"Einzelseite"$"2018"$"2018"$"Universitätsbibliothek Landes- und Murhardsche Bibliothek der Stadt Kassel"$"https://d-nb.info/gnd/10008839-9"$"Kassel"$"https://d-nb.info/gnd/4029869-3"$"Universitätsbibliothek Landes- und Murhardsche Bibliothek der Stadt Kassel"$"https://d-nb.info/gnd/10008839-9"$"Kassel"$"https://d-nb.info/gnd/4029869-3"
"372"$"4° Ms. chem. 21"$"https://orka.bibliothek.uni-kassel.de/viewer/api/v1/records/1530863761883/manifest/"$"https://orka.bibliothek.uni-kassel.de/viewer/image/1530863761883/"$"https://orka.bibliothek.uni-kassel.de/viewer/api/v1/records/1530863761883/files/images/00000001.tif/full/!400,400/0/default.jpg"$"Komplett"$"Original"$"Standard"$"Einzelseite"$"2018"$"2018"$"Universitätsbibliothek Landes- und Murhardsche Bibliothek der Stadt Kassel"$"https://d-nb.info/gnd/10008839-9"$"Kassel"$"https://d-nb.info/gnd/4029869-3"$"Universitätsbibliothek Landes- und Murhardsche Bibliothek der Stadt Kassel"$"https://d-nb.info/gnd/10008839-9"$"Kassel"$"https://d-nb.info/gnd/4029869-3"
"373"$"4° Ms. chem. 22"$"https://orka.bibliothek.uni-kassel.de/viewer/api/v1/records/1530872778782/manifest/"$"https://orka.bibliothek.uni-kassel.de/viewer/image/1530872778782/"$"https://orka.bibliothek.uni-kassel.de/viewer/api/v1/records/1530872778782/files/images/00000001.tif/full/!400,400/0/default.jpg"$"Komplett"$"Original"$"Standard"$"Einzelseite"$"2018"$"2018"$"Universitätsbibliothek Landes- und Murhardsche Bibliothek der Stadt Kassel"$"https://d-nb.info/gnd/10008839-9"$"Kassel"$"https://d-nb.info/gnd/4029869-3"$"Universitätsbibliothek Landes- und Murhardsche Bibliothek der Stadt Kassel"$"https://d-nb.info/gnd/10008839-9"$"Kassel"$"https://d-nb.info/gnd/4029869-3"
"374"$"4° Ms. chem. 23"$"https://orka.bibliothek.uni-kassel.de/viewer/api/v1/records/1531125722495/manifest/"$"https://orka.bibliothek.uni-kassel.de/viewer/image/1531125722495/"$"https://orka.bibliothek.uni-kassel.de/viewer/api/v1/records/1531125722495/files/images/00000001.tif/full/!400,400/0/default.jpg"$"Komplett"$"Original"$"Standard"$"Einzelseite"$"2018"$"2018"$"Universitätsbibliothek Landes- und Murhardsche Bibliothek der Stadt Kassel"$"https://d-nb.info/gnd/10008839-9"$"Kassel"$"https://d-nb.info/gnd/4029869-3"$"Universitätsbibliothek Landes- und Murhardsche Bibliothek der Stadt Kassel"$"https://d-nb.info/gnd/10008839-9"$"Kassel"$"https://d-nb.info/gnd/4029869-3"
"375"$"4° Ms. chem. 24"$"https://orka.bibliothek.uni-kassel.de/viewer/api/v1/records/1531125818000/manifest/"$"https://orka.bibliothek.uni-kassel.de/viewer/image/1531125818000/"$"https://orka.bibliothek.uni-kassel.de/viewer/api/v1/records/1531125818000/files/images/00000001.tif/full/!400,400/0/default.jpg"$"Komplett"$"Original"$"Standard"$"Einzelseite"$"2018"$"2018"$"Universitätsbibliothek Landes- und Murhardsche Bibliothek der Stadt Kassel"$"https://d-nb.info/gnd/10008839-9"$"Kassel"$"https://d-nb.info/gnd/4029869-3"$"Universitätsbibliothek Landes- und Murhardsche Bibliothek der Stadt Kassel"$"https://d-nb.info/gnd/10008839-9"$"Kassel"$"https://d-nb.info/gnd/4029869-3"
"376"$"4° Ms. chem. 26"$"https://orka.bibliothek.uni-kassel.de/viewer/api/v1/records/1533550195478/manifest/"$"https://orka.bibliothek.uni-kassel.de/viewer/image/1533550195478/"$"https://orka.bibliothek.uni-kassel.de/viewer/api/v1/records/1533550195478/files/images/00000001.tif/full/!400,400/0/default.jpg"$"Komplett"$"Original"$"Standard"$"Einzelseite"$"2018"$"2018"$"Universitätsbibliothek Landes- und Murhardsche Bibliothek der Stadt Kassel"$"https://d-nb.info/gnd/10008839-9"$"Kassel"$"https://d-nb.info/gnd/4029869-3"$"Universitätsbibliothek Landes- und Murhardsche Bibliothek der Stadt Kassel"$"https://d-nb.info/gnd/10008839-9"$"Kassel"$"https://d-nb.info/gnd/4029869-3"
"377"$"4° Ms. chem. 27"$"https://orka.bibliothek.uni-kassel.de/viewer/api/v1/records/1533213940746/manifest/"$"https://orka.bibliothek.uni-kassel.de/viewer/image/1533213940746/"$"https://orka.bibliothek.uni-kassel.de/viewer/api/v1/records/1533213940746/files/images/00000001.tif/full/!400,400/0/default.jpg"$"Komplett"$"Original"$"Standard"$"Einzelseite"$"2018"$"2018"$"Universitätsbibliothek Landes- und Murhardsche Bibliothek der Stadt Kassel"$"https://d-nb.info/gnd/10008839-9"$"Kassel"$"https://d-nb.info/gnd/4029869-3"$"Universitätsbibliothek Landes- und Murhardsche Bibliothek der Stadt Kassel"$"https://d-nb.info/gnd/10008839-9"$"Kassel"$"https://d-nb.info/gnd/4029869-3"
"378"$"4° Ms. chem. 28"$"https://orka.bibliothek.uni-kassel.de/viewer/api/v1/records/1532603736688/manifest/"$"https://orka.bibliothek.uni-kassel.de/viewer/image/1532603736688/"$"https://orka.bibliothek.uni-kassel.de/viewer/api/v1/records/1532603736688/files/images/00000001.tif/full/!400,400/0/default.jpg"$"Komplett"$"Original"$"Standard"$"Einzelseite"$"2018"$"2018"$"Universitätsbibliothek Landes- und Murhardsche Bibliothek der Stadt Kassel"$"https://d-nb.info/gnd/10008839-9"$"Kassel"$"https://d-nb.info/gnd/4029869-3"$"Universitätsbibliothek Landes- und Murhardsche Bibliothek der Stadt Kassel"$"https://d-nb.info/gnd/10008839-9"$"Kassel"$"https://d-nb.info/gnd/4029869-3"
"379"$"4° Ms. chem. 29"$"https://orka.bibliothek.uni-kassel.de/viewer/api/v1/records/1360324124979/manifest/"$"https://orka.bibliothek.uni-kassel.de/viewer/image/1360324124979/"$"https://orka.bibliothek.uni-kassel.de/viewer/api/v1/records/1360324124979/files/images/00000001.tif/full/!400,400/0/default.jpg"$"Komplett"$"Original"$"Standard"$"Einzelseite"$"2013"$"2013"$"Universitätsbibliothek Landes- und Murhardsche Bibliothek der Stadt Kassel"$"https://d-nb.info/gnd/10008839-9"$"Kassel"$"https://d-nb.info/gnd/4029869-3"$"Universitätsbibliothek Landes- und Murhardsche Bibliothek der Stadt Kassel"$"https://d-nb.info/gnd/10008839-9"$"Kassel"$"https://d-nb.info/gnd/4029869-3"
"380"$"4° Ms. chem. 30"$"https://orka.bibliothek.uni-kassel.de/viewer/api/v1/records/1531999067423/manifest/"$"https://orka.bibliothek.uni-kassel.de/viewer/image/1531999067423/"$"https://orka.bibliothek.uni-kassel.de/viewer/api/v1/records/1531999067423/files/images/00000001.tif/full/!400,400/0/default.jpg"$"Komplett"$"Original"$"Standard"$"Einzelseite"$"2018"$"2018"$"Universitätsbibliothek Landes- und Murhardsche Bibliothek der Stadt Kassel"$"https://d-nb.info/gnd/10008839-9"$"Kassel"$"https://d-nb.info/gnd/4029869-3"$"Universitätsbibliothek Landes- und Murhardsche Bibliothek der Stadt Kassel"$"https://d-nb.info/gnd/10008839-9"$"Kassel"$"https://d-nb.info/gnd/4029869-3"
"381"$"4° Ms. chem. 31"$"https://orka.bibliothek.uni-kassel.de/viewer/api/v1/records/1340964087401/manifest/"$"https://orka.bibliothek.uni-kassel.de/viewer/image/1340964087401/"$"https://orka.bibliothek.uni-kassel.de/viewer/api/v1/records/1340964087401/files/images/00000001.tif/full/!400,400/0/default.jpg"$"Komplett"$"Original"$"Standard"$"Einzelseite"$"2012"$"2012"$"Universitätsbibliothek Landes- und Murhardsche Bibliothek der Stadt Kassel"$"https://d-nb.info/gnd/10008839-9"$"Kassel"$"https://d-nb.info/gnd/4029869-3"$"Universitätsbibliothek Landes- und Murhardsche Bibliothek der Stadt Kassel"$"https://d-nb.info/gnd/10008839-9"$"Kassel"$"https://d-nb.info/gnd/4029869-3"
"382"$"4° Ms. chem. 32"$"https://orka.bibliothek.uni-kassel.de/viewer/api/v1/records/1533292518200/manifest/"$"https://orka.bibliothek.uni-kassel.de/viewer/image/1533292518200/"$"https://orka.bibliothek.uni-kassel.de/viewer/api/v1/records/1533292518200/files/images/00000001.tif/full/!400,400/0/default.jpg"$"Komplett"$"Original"$"Standard"$"Einzelseite"$"2018"$"2018"$"Universitätsbibliothek Landes- und Murhardsche Bibliothek der Stadt Kassel"$"https://d-nb.info/gnd/10008839-9"$"Kassel"$"https://d-nb.info/gnd/4029869-3"$"Universitätsbibliothek Landes- und Murhardsche Bibliothek der Stadt Kassel"$"https://d-nb.info/gnd/10008839-9"$"Kassel"$"https://d-nb.info/gnd/4029869-3"
"383"$"4° Ms. chem. 33[1"$"https://orka.bibliothek.uni-kassel.de/viewer/api/v1/records/1343975290453/manifest/"$"https://orka.bibliothek.uni-kassel.de/viewer/image/1343975290453/"$"https://orka.bibliothek.uni-kassel.de/viewer/api/v1/records/1343975290453/files/images/00000001.tif/full/!400,400/0/default.jpg"$"Komplett"$"Original"$"Standard"$"Einzelseite"$"2012"$"2012"$"Universitätsbibliothek Landes- und Murhardsche Bibliothek der Stadt Kassel"$"https://d-nb.info/gnd/10008839-9"$"Kassel"$"https://d-nb.info/gnd/4029869-3"$"Universitätsbibliothek Landes- und Murhardsche Bibliothek der Stadt Kassel"$"https://d-nb.info/gnd/10008839-9"$"Kassel"$"https://d-nb.info/gnd/4029869-3"
"384"$"4° Ms. chem. 33[10"$"https://orka.bibliothek.uni-kassel.de/viewer/api/v1/records/1343975290453/manifest/"$"https://orka.bibliothek.uni-kassel.de/viewer/image/1343975290453/"$"https://orka.bibliothek.uni-kassel.de/viewer/api/v1/records/1343975290453/files/images/00000001.tif/full/!400,400/0/default.jpg"$"Komplett"$"Original"$"Standard"$"Einzelseite"$"2012"$"2012"$"Universitätsbibliothek Landes- und Murhardsche Bibliothek der Stadt Kassel"$"https://d-nb.info/gnd/10008839-9"$"Kassel"$"https://d-nb.info/gnd/4029869-3"$"Universitätsbibliothek Landes- und Murhardsche Bibliothek der Stadt Kassel"$"https://d-nb.info/gnd/10008839-9"$"Kassel"$"https://d-nb.info/gnd/4029869-3"
"385"$"4° Ms. chem. 33[2"$"https://orka.bibliothek.uni-kassel.de/viewer/api/v1/records/1343975290453/manifest/"$"https://orka.bibliothek.uni-kassel.de/viewer/image/1343975290453/"$"https://orka.bibliothek.uni-kassel.de/viewer/api/v1/records/1343975290453/files/images/00000001.tif/full/!400,400/0/default.jpg"$"Komplett"$"Original"$"Standard"$"Einzelseite"$"2012"$"2012"$"Universitätsbibliothek Landes- und Murhardsche Bibliothek der Stadt Kassel"$"https://d-nb.info/gnd/10008839-9"$"Kassel"$"https://d-nb.info/gnd/4029869-3"$"Universitätsbibliothek Landes- und Murhardsche Bibliothek der Stadt Kassel"$"https://d-nb.info/gnd/10008839-9"$"Kassel"$"https://d-nb.info/gnd/4029869-3"
"386"$"4° Ms. chem. 33[3"$"https://orka.bibliothek.uni-kassel.de/viewer/api/v1/records/1343975290453/manifest/"$"https://orka.bibliothek.uni-kassel.de/viewer/image/1343975290453/"$"https://orka.bibliothek.uni-kassel.de/viewer/api/v1/records/1343975290453/files/images/00000001.tif/full/!400,400/0/default.jpg"$"Komplett"$"Original"$"Standard"$"Einzelseite"$"2012"$"2012"$"Universitätsbibliothek Landes- und Murhardsche Bibliothek der Stadt Kassel"$"https://d-nb.info/gnd/10008839-9"$"Kassel"$"https://d-nb.info/gnd/4029869-3"$"Universitätsbibliothek Landes- und Murhardsche Bibliothek der Stadt Kassel"$"https://d-nb.info/gnd/10008839-9"$"Kassel"$"https://d-nb.info/gnd/4029869-3"
"387"$"4° Ms. chem. 33[4"$"https://orka.bibliothek.uni-kassel.de/viewer/api/v1/records/1343975290453/manifest/"$"https://orka.bibliothek.uni-kassel.de/viewer/image/1343975290453/"$"https://orka.bibliothek.uni-kassel.de/viewer/api/v1/records/1343975290453/files/images/00000001.tif/full/!400,400/0/default.jpg"$"Komplett"$"Original"$"Standard"$"Einzelseite"$"2012"$"2012"$"Universitätsbibliothek Landes- und Murhardsche Bibliothek der Stadt Kassel"$"https://d-nb.info/gnd/10008839-9"$"Kassel"$"https://d-nb.info/gnd/4029869-3"$"Universitätsbibliothek Landes- und Murhardsche Bibliothek der Stadt Kassel"$"https://d-nb.info/gnd/10008839-9"$"Kassel"$"https://d-nb.info/gnd/4029869-3"
"388"$"4° Ms. chem. 33[5"$"https://orka.bibliothek.uni-kassel.de/viewer/api/v1/records/1343975290453/manifest/"$"https://orka.bibliothek.uni-kassel.de/viewer/image/1343975290453/"$"https://orka.bibliothek.uni-kassel.de/viewer/api/v1/records/1343975290453/files/images/00000001.tif/full/!400,400/0/default.jpg"$"Komplett"$"Original"$"Standard"$"Einzelseite"$"2012"$"2012"$"Universitätsbibliothek Landes- und Murhardsche Bibliothek der Stadt Kassel"$"https://d-nb.info/gnd/10008839-9"$"Kassel"$"https://d-nb.info/gnd/4029869-3"$"Universitätsbibliothek Landes- und Murhardsche Bibliothek der Stadt Kassel"$"https://d-nb.info/gnd/10008839-9"$"Kassel"$"https://d-nb.info/gnd/4029869-3"
"389"$"4° Ms. chem. 33[6"$"https://orka.bibliothek.uni-kassel.de/viewer/api/v1/records/1343975290453/manifest/"$"https://orka.bibliothek.uni-kassel.de/viewer/image/1343975290453/"$"https://orka.bibliothek.uni-kassel.de/viewer/api/v1/records/1343975290453/files/images/00000001.tif/full/!400,400/0/default.jpg"$"Komplett"$"Original"$"Standard"$"Einzelseite"$"2012"$"2012"$"Universitätsbibliothek Landes- und Murhardsche Bibliothek der Stadt Kassel"$"https://d-nb.info/gnd/10008839-9"$"Kassel"$"https://d-nb.info/gnd/4029869-3"$"Universitätsbibliothek Landes- und Murhardsche Bibliothek der Stadt Kassel"$"https://d-nb.info/gnd/10008839-9"$"Kassel"$"https://d-nb.info/gnd/4029869-3"
"390"$"4° Ms. chem. 33[7"$"https://orka.bibliothek.uni-kassel.de/viewer/api/v1/records/1343975290453/manifest/"$"https://orka.bibliothek.uni-kassel.de/viewer/image/1343975290453/"$"https://orka.bibliothek.uni-kassel.de/viewer/api/v1/records/1343975290453/files/images/00000001.tif/full/!400,400/0/default.jpg"$"Komplett"$"Original"$"Standard"$"Einzelseite"$"2012"$"2012"$"Universitätsbibliothek Landes- und Murhardsche Bibliothek der Stadt Kassel"$"https://d-nb.info/gnd/10008839-9"$"Kassel"$"https://d-nb.info/gnd/4029869-3"$"Universitätsbibliothek Landes- und Murhardsche Bibliothek der Stadt Kassel"$"https://d-nb.info/gnd/10008839-9"$"Kassel"$"https://d-nb.info/gnd/4029869-3"
"391"$"4° Ms. chem. 33[8"$"https://orka.bibliothek.uni-kassel.de/viewer/api/v1/records/1343975290453/manifest/"$"https://orka.bibliothek.uni-kassel.de/viewer/image/1343975290453/"$"https://orka.bibliothek.uni-kassel.de/viewer/api/v1/records/1343975290453/files/images/00000001.tif/full/!400,400/0/default.jpg"$"Komplett"$"Original"$"Standard"$"Einzelseite"$"2012"$"2012"$"Universitätsbibliothek Landes- und Murhardsche Bibliothek der Stadt Kassel"$"https://d-nb.info/gnd/10008839-9"$"Kassel"$"https://d-nb.info/gnd/4029869-3"$"Universitätsbibliothek Landes- und Murhardsche Bibliothek der Stadt Kassel"$"https://d-nb.info/gnd/10008839-9"$"Kassel"$"https://d-nb.info/gnd/4029869-3"
"392"$"4° Ms. chem. 33[9"$"https://orka.bibliothek.uni-kassel.de/viewer/api/v1/records/1343975290453/manifest/"$"https://orka.bibliothek.uni-kassel.de/viewer/image/1343975290453/"$"https://orka.bibliothek.uni-kassel.de/viewer/api/v1/records/1343975290453/files/images/00000001.tif/full/!400,400/0/default.jpg"$"Komplett"$"Original"$"Standard"$"Einzelseite"$"2012"$"2012"$"Universitätsbibliothek Landes- und Murhardsche Bibliothek der Stadt Kassel"$"https://d-nb.info/gnd/10008839-9"$"Kassel"$"https://d-nb.info/gnd/4029869-3"$"Universitätsbibliothek Landes- und Murhardsche Bibliothek der Stadt Kassel"$"https://d-nb.info/gnd/10008839-9"$"Kassel"$"https://d-nb.info/gnd/4029869-3"
"393"$"4° Ms. chem. 34[1"$"https://orka.bibliothek.uni-kassel.de/viewer/api/v1/records/1348222382624/manifest/"$"https://orka.bibliothek.uni-kassel.de/viewer/image/1348222382624/"$"https://orka.bibliothek.uni-kassel.de/viewer/api/v1/records/1348222382624/files/images/00000001.tif/full/!400,400/0/default.jpg"$"Komplett"$"Original"$"Standard"$"Einzelseite"$"2012"$"2012"$"Universitätsbibliothek Landes- und Murhardsche Bibliothek der Stadt Kassel"$"https://d-nb.info/gnd/10008839-9"$"Kassel"$"https://d-nb.info/gnd/4029869-3"$"Universitätsbibliothek Landes- und Murhardsche Bibliothek der Stadt Kassel"$"https://d-nb.info/gnd/10008839-9"$"Kassel"$"https://d-nb.info/gnd/4029869-3"
"394"$"4° Ms. chem. 34[2"$"https://orka.bibliothek.uni-kassel.de/viewer/api/v1/records/1348222490110/manifest/"$"https://orka.bibliothek.uni-kassel.de/viewer/image/1348222490110/"$"https://orka.bibliothek.uni-kassel.de/viewer/api/v1/records/1348222490110/files/images/00000001.tif/full/!400,400/0/default.jpg"$"Komplett"$"Original"$"Standard"$"Einzelseite"$"2012"$"2012"$"Universitätsbibliothek Landes- und Murhardsche Bibliothek der Stadt Kassel"$"https://d-nb.info/gnd/10008839-9"$"Kassel"$"https://d-nb.info/gnd/4029869-3"$"Universitätsbibliothek Landes- und Murhardsche Bibliothek der Stadt Kassel"$"https://d-nb.info/gnd/10008839-9"$"Kassel"$"https://d-nb.info/gnd/4029869-3"
"395"$"4° Ms. chem. 34[3"$"https://orka.bibliothek.uni-kassel.de/viewer/api/v1/records/1348222586064/manifest/"$"https://orka.bibliothek.uni-kassel.de/viewer/image/1348222586064/"$"https://orka.bibliothek.uni-kassel.de/viewer/api/v1/records/1348222586064/files/images/00000001.tif/full/!400,400/0/default.jpg"$"Komplett"$"Original"$"Standard"$"Einzelseite"$"2012"$"2012"$"Universitätsbibliothek Landes- und Murhardsche Bibliothek der Stadt Kassel"$"https://d-nb.info/gnd/10008839-9"$"Kassel"$"https://d-nb.info/gnd/4029869-3"$"Universitätsbibliothek Landes- und Murhardsche Bibliothek der Stadt Kassel"$"https://d-nb.info/gnd/10008839-9"$"Kassel"$"https://d-nb.info/gnd/4029869-3"
"396"$"4° Ms. chem. 34[4"$"https://orka.bibliothek.uni-kassel.de/viewer/api/v1/records/1348222722404/manifest/"$"https://orka.bibliothek.uni-kassel.de/viewer/image/1348222722404/"$"https://orka.bibliothek.uni-kassel.de/viewer/api/v1/records/1348222722404/files/images/00000001.tif/full/!400,400/0/default.jpg"$"Komplett"$"Original"$"Standard"$"Einzelseite"$"2012"$"2012"$"Universitätsbibliothek Landes- und Murhardsche Bibliothek der Stadt Kassel"$"https://d-nb.info/gnd/10008839-9"$"Kassel"$"https://d-nb.info/gnd/4029869-3"$"Universitätsbibliothek Landes- und Murhardsche Bibliothek der Stadt Kassel"$"https://d-nb.info/gnd/10008839-9"$"Kassel"$"https://d-nb.info/gnd/4029869-3"
"397"$"4° Ms. chem. 34[5"$"https://orka.bibliothek.uni-kassel.de/viewer/api/v1/records/1348222831977/manifest/"$"https://orka.bibliothek.uni-kassel.de/viewer/image/1348222831977/"$"https://orka.bibliothek.uni-kassel.de/viewer/api/v1/records/1348222831977/files/images/00000001.tif/full/!400,400/0/default.jpg"$"Komplett"$"Original"$"Standard"$"Einzelseite"$"2012"$"2012"$"Universitätsbibliothek Landes- und Murhardsche Bibliothek der Stadt Kassel"$"https://d-nb.info/gnd/10008839-9"$"Kassel"$"https://d-nb.info/gnd/4029869-3"$"Universitätsbibliothek Landes- und Murhardsche Bibliothek der Stadt Kassel"$"https://d-nb.info/gnd/10008839-9"$"Kassel"$"https://d-nb.info/gnd/4029869-3"
"398"$"4° Ms. chem. 34[6"$"https://orka.bibliothek.uni-kassel.de/viewer/api/v1/records/1348222936210/manifest/"$"https://orka.bibliothek.uni-kassel.de/viewer/image/1348222936210/"$"https://orka.bibliothek.uni-kassel.de/viewer/api/v1/records/1348222936210/files/images/00000001.tif/full/!400,400/0/default.jpg"$"Komplett"$"Original"$"Standard"$"Einzelseite"$"2012"$"2012"$"Universitätsbibliothek Landes- und Murhardsche Bibliothek der Stadt Kassel"$"https://d-nb.info/gnd/10008839-9"$"Kassel"$"https://d-nb.info/gnd/4029869-3"$"Universitätsbibliothek Landes- und Murhardsche Bibliothek der Stadt Kassel"$"https://d-nb.info/gnd/10008839-9"$"Kassel"$"https://d-nb.info/gnd/4029869-3"
"399"$"4° Ms. chem. 34[7"$"https://orka.bibliothek.uni-kassel.de/viewer/api/v1/records/1348223059808/manifest/"$"https://orka.bibliothek.uni-kassel.de/viewer/image/1348223059808/"$"https://orka.bibliothek.uni-kassel.de/viewer/api/v1/records/1348223059808/files/images/00000001.tif/full/!400,400/0/default.jpg"$"Komplett"$"Original"$"Standard"$"Einzelseite"$"2012"$"2012"$"Universitätsbibliothek Landes- und Murhardsche Bibliothek der Stadt Kassel"$"https://d-nb.info/gnd/10008839-9"$"Kassel"$"https://d-nb.info/gnd/4029869-3"$"Universitätsbibliothek Landes- und Murhardsche Bibliothek der Stadt Kassel"$"https://d-nb.info/gnd/10008839-9"$"Kassel"$"https://d-nb.info/gnd/4029869-3"
"400"$"4° Ms. chem. 34[8"$"https://orka.bibliothek.uni-kassel.de/viewer/api/v1/records/1348223168356/manifest/"$"https://orka.bibliothek.uni-kassel.de/viewer/image/1348223168356/"$"https://orka.bibliothek.uni-kassel.de/viewer/api/v1/records/1348223168356/files/images/00000001.tif/full/!400,400/0/default.jpg"$"Komplett"$"Original"$"Standard"$"Einzelseite"$"2012"$"2012"$"Universitätsbibliothek Landes- und Murhardsche Bibliothek der Stadt Kassel"$"https://d-nb.info/gnd/10008839-9"$"Kassel"$"https://d-nb.info/gnd/4029869-3"$"Universitätsbibliothek Landes- und Murhardsche Bibliothek der Stadt Kassel"$"https://d-nb.info/gnd/10008839-9"$"Kassel"$"https://d-nb.info/gnd/4029869-3"
"401"$"4° Ms. chem. 35[1"$"https://orka.bibliothek.uni-kassel.de/viewer/api/v1/records/1348038571751/manifest/"$"https://orka.bibliothek.uni-kassel.de/viewer/!image/1348038571751/1/-/"$"https://orka.bibliothek.uni-kassel.de/viewer/api/v1/records/1348038571751/files/images/00000001.tif/full/!400,400/0/default.jpg"$"Komplett"$"Original"$"Standard"$"Einzelseite"$"2012"$"2012"$"Universitätsbibliothek Landes- und Murhardsche Bibliothek der Stadt Kassel"$"https://d-nb.info/gnd/10008839-9"$"Kassel"$"https://d-nb.info/gnd/4029869-3"$"Universitätsbibliothek Landes- und Murhardsche Bibliothek der Stadt Kassel"$"https://d-nb.info/gnd/10008839-9"$"Kassel"$"https://d-nb.info/gnd/4029869-3"
"402"$"4° Ms. chem. 35[2"$"https://orka.bibliothek.uni-kassel.de/viewer/api/v1/records/1348038795116/manifest/"$"https://orka.bibliothek.uni-kassel.de/viewer/image/1348038795116/"$"https://orka.bibliothek.uni-kassel.de/viewer/api/v1/records/1348038795116/files/images/00000001.tif/full/!400,400/0/default.jpg"$"Komplett"$"Original"$"Standard"$"Einzelseite"$"2012"$"2012"$"Universitätsbibliothek Landes- und Murhardsche Bibliothek der Stadt Kassel"$"https://d-nb.info/gnd/10008839-9"$"Kassel"$"https://d-nb.info/gnd/4029869-3"$"Universitätsbibliothek Landes- und Murhardsche Bibliothek der Stadt Kassel"$"https://d-nb.info/gnd/10008839-9"$"Kassel"$"https://d-nb.info/gnd/4029869-3"
"403"$"4° Ms. chem. 35[3"$"https://orka.bibliothek.uni-kassel.de/viewer/api/v1/records/1348038894943/manifest/"$"https://orka.bibliothek.uni-kassel.de/viewer/image/1348038894943/"$"https://orka.bibliothek.uni-kassel.de/viewer/api/v1/records/1348038894943/files/images/00000001.tif/full/!400,400/0/default.jpg"$"Komplett"$"Original"$"Standard"$"Einzelseite"$"2012"$"2012"$"Universitätsbibliothek Landes- und Murhardsche Bibliothek der Stadt Kassel"$"https://d-nb.info/gnd/10008839-9"$"Kassel"$"https://d-nb.info/gnd/4029869-3"$"Universitätsbibliothek Landes- und Murhardsche Bibliothek der Stadt Kassel"$"https://d-nb.info/gnd/10008839-9"$"Kassel"$"https://d-nb.info/gnd/4029869-3"
"404"$"4° Ms. chem. 35[4"$"https://orka.bibliothek.uni-kassel.de/viewer/api/v1/records/1348039055657/manifest/"$"https://orka.bibliothek.uni-kassel.de/viewer/image/1348039055657/"$"https://orka.bibliothek.uni-kassel.de/viewer/api/v1/records/1348039055657/files/images/00000001.tif/full/!400,400/0/default.jpg"$"Komplett"$"Original"$"Standard"$"Einzelseite"$"2012"$"2012"$"Universitätsbibliothek Landes- und Murhardsche Bibliothek der Stadt Kassel"$"https://d-nb.info/gnd/10008839-9"$"Kassel"$"https://d-nb.info/gnd/4029869-3"$"Universitätsbibliothek Landes- und Murhardsche Bibliothek der Stadt Kassel"$"https://d-nb.info/gnd/10008839-9"$"Kassel"$"https://d-nb.info/gnd/4029869-3"
"405"$"4° Ms. chem. 35[5"$"https://orka.bibliothek.uni-kassel.de/viewer/api/v1/records/1350298400477/manifest/"$"https://orka.bibliothek.uni-kassel.de/viewer/image/1350298400477/"$"https://orka.bibliothek.uni-kassel.de/viewer/api/v1/records/1350298400477/files/images/00000001.tif/full/!400,400/0/default.jpg"$"Komplett"$"Original"$"Standard"$"Einzelseite"$"2012"$"2012"$"Universitätsbibliothek Landes- und Murhardsche Bibliothek der Stadt Kassel"$"https://d-nb.info/gnd/10008839-9"$"Kassel"$"https://d-nb.info/gnd/4029869-3"$"Universitätsbibliothek Landes- und Murhardsche Bibliothek der Stadt Kassel"$"https://d-nb.info/gnd/10008839-9"$"Kassel"$"https://d-nb.info/gnd/4029869-3"
"406"$"4° Ms. chem. 35[6"$"https://orka.bibliothek.uni-kassel.de/viewer/api/v1/records/1350298556277/manifest/"$"https://orka.bibliothek.uni-kassel.de/viewer/image/1350298556277/"$"https://orka.bibliothek.uni-kassel.de/viewer/api/v1/records/1350298556277/files/images/00000001.tif/full/!400,400/0/default.jpg"$"Komplett"$"Original"$"Standard"$"Einzelseite"$"2012"$"2012"$"Universitätsbibliothek Landes- und Murhardsche Bibliothek der Stadt Kassel"$"https://d-nb.info/gnd/10008839-9"$"Kassel"$"https://d-nb.info/gnd/4029869-3"$"Universitätsbibliothek Landes- und Murhardsche Bibliothek der Stadt Kassel"$"https://d-nb.info/gnd/10008839-9"$"Kassel"$"https://d-nb.info/gnd/4029869-3"
"407"$"4° Ms. chem. 35[7"$"https://orka.bibliothek.uni-kassel.de/viewer/api/v1/records/1350298643699/manifest/"$"https://orka.bibliothek.uni-kassel.de/viewer/image/1350298643699/"$"https://orka.bibliothek.uni-kassel.de/viewer/api/v1/records/1350298643699/files/images/00000001.tif/full/!400,400/0/default.jpg"$"Komplett"$"Original"$"Standard"$"Einzelseite"$"2012"$"2012"$"Universitätsbibliothek Landes- und Murhardsche Bibliothek der Stadt Kassel"$"https://d-nb.info/gnd/10008839-9"$"Kassel"$"https://d-nb.info/gnd/4029869-3"$"Universitätsbibliothek Landes- und Murhardsche Bibliothek der Stadt Kassel"$"https://d-nb.info/gnd/10008839-9"$"Kassel"$"https://d-nb.info/gnd/4029869-3"
"408"$"4° Ms. chem. 35[8"$"https://orka.bibliothek.uni-kassel.de/viewer/api/v1/records/1350298737785/manifest/"$"https://orka.bibliothek.uni-kassel.de/viewer/!image/1350298737785/1/-/"$"https://orka.bibliothek.uni-kassel.de/viewer/api/v1/records/1350298737785/files/images/00000001.tif/full/!400,400/0/default.jpg"$"Komplett"$"Original"$"Standard"$"Einzelseite"$"2012"$"2012"$"Universitätsbibliothek Landes- und Murhardsche Bibliothek der Stadt Kassel"$"https://d-nb.info/gnd/10008839-9"$"Kassel"$"https://d-nb.info/gnd/4029869-3"$"Universitätsbibliothek Landes- und Murhardsche Bibliothek der Stadt Kassel"$"https://d-nb.info/gnd/10008839-9"$"Kassel"$"https://d-nb.info/gnd/4029869-3"
"409"$"4° Ms. chem. 36"$"https://orka.bibliothek.uni-kassel.de/viewer/api/v1/records/1537874489818/manifest/"$"https://orka.bibliothek.uni-kassel.de/viewer/image/1537874489818/"$"https://orka.bibliothek.uni-kassel.de/viewer/api/v1/records/1537874489818/files/images/00000001.tif/full/!400,400/0/default.jpg"$"Komplett"$"Original"$"Standard"$"Einzelseite"$"2018"$"2018"$"Universitätsbibliothek Landes- und Murhardsche Bibliothek der Stadt Kassel"$"https://d-nb.info/gnd/10008839-9"$"Kassel"$"https://d-nb.info/gnd/4029869-3"$"Universitätsbibliothek Landes- und Murhardsche Bibliothek der Stadt Kassel"$"https://d-nb.info/gnd/10008839-9"$"Kassel"$"https://d-nb.info/gnd/4029869-3"
"410"$"4° Ms. chem. 37"$"https://orka.bibliothek.uni-kassel.de/viewer/api/v1/records/1537874701807/manifest/"$"https://orka.bibliothek.uni-kassel.de/viewer/image/1537874701807/"$"https://orka.bibliothek.uni-kassel.de/viewer/api/v1/records/1537874701807/files/images/00000001.tif/full/!400,400/0/default.jpg"$"Komplett"$"Original"$"Standard"$"Einzelseite"$"2018"$"2018"$"Universitätsbibliothek Landes- und Murhardsche Bibliothek der Stadt Kassel"$"https://d-nb.info/gnd/10008839-9"$"Kassel"$"https://d-nb.info/gnd/4029869-3"$"Universitätsbibliothek Landes- und Murhardsche Bibliothek der Stadt Kassel"$"https://d-nb.info/gnd/10008839-9"$"Kassel"$"https://d-nb.info/gnd/4029869-3"
"411"$"4° Ms. chem. 38"$"https://orka.bibliothek.uni-kassel.de/viewer/api/v1/records/1538652692782/manifest/"$"https://orka.bibliothek.uni-kassel.de/viewer/image/1538652692782/"$"https://orka.bibliothek.uni-kassel.de/viewer/api/v1/records/1538652692782/files/images/00000001.tif/full/!400,400/0/default.jpg"$"Komplett"$"Original"$"Standard"$"Einzelseite"$"2018"$"2018"$"Universitätsbibliothek Landes- und Murhardsche Bibliothek der Stadt Kassel"$"https://d-nb.info/gnd/10008839-9"$"Kassel"$"https://d-nb.info/gnd/4029869-3"$"Universitätsbibliothek Landes- und Murhardsche Bibliothek der Stadt Kassel"$"https://d-nb.info/gnd/10008839-9"$"Kassel"$"https://d-nb.info/gnd/4029869-3"
"412"$"4° Ms. chem. 39"$"https://orka.bibliothek.uni-kassel.de/viewer/api/v1/records/1538653007088/manifest/"$"https://orka.bibliothek.uni-kassel.de/viewer/image/1538653007088/"$"https://orka.bibliothek.uni-kassel.de/viewer/api/v1/records/1538653007088/files/images/00000001.tif/full/!400,400/0/default.jpg"$"Komplett"$"Original"$"Standard"$"Einzelseite"$"2018"$"2018"$"Universitätsbibliothek Landes- und Murhardsche Bibliothek der Stadt Kassel"$"https://d-nb.info/gnd/10008839-9"$"Kassel"$"https://d-nb.info/gnd/4029869-3"$"Universitätsbibliothek Landes- und Murhardsche Bibliothek der Stadt Kassel"$"https://d-nb.info/gnd/10008839-9"$"Kassel"$"https://d-nb.info/gnd/4029869-3"
"413"$"4° Ms. chem. 4"$"https://orka.bibliothek.uni-kassel.de/viewer/api/v1/records/1529667208143/manifest/"$"https://orka.bibliothek.uni-kassel.de/viewer/image/1529667208143/"$"https://orka.bibliothek.uni-kassel.de/viewer/api/v1/records/1529667208143/files/images/00000001.tif/full/!400,400/0/default.jpg"$"Komplett"$"Original"$"Standard"$"Einzelseite"$"2018"$"2018"$"Universitätsbibliothek Landes- und Murhardsche Bibliothek der Stadt Kassel"$"https://d-nb.info/gnd/10008839-9"$"Kassel"$"https://d-nb.info/gnd/4029869-3"$"Universitätsbibliothek Landes- und Murhardsche Bibliothek der Stadt Kassel"$"https://d-nb.info/gnd/10008839-9"$"Kassel"$"https://d-nb.info/gnd/4029869-3"
"414"$"4° Ms. chem. 40"$"https://orka.bibliothek.uni-kassel.de/viewer/api/v1/records/1538653174611/manifest/"$"https://orka.bibliothek.uni-kassel.de/viewer/image/1538653174611/"$"https://orka.bibliothek.uni-kassel.de/viewer/api/v1/records/1538653174611/files/images/00000001.tif/full/!400,400/0/default.jpg"$"Komplett"$"Original"$"Standard"$"Einzelseite"$"2018"$"2018"$"Universitätsbibliothek Landes- und Murhardsche Bibliothek der Stadt Kassel"$"https://d-nb.info/gnd/10008839-9"$"Kassel"$"https://d-nb.info/gnd/4029869-3"$"Universitätsbibliothek Landes- und Murhardsche Bibliothek der Stadt Kassel"$"https://d-nb.info/gnd/10008839-9"$"Kassel"$"https://d-nb.info/gnd/4029869-3"
"415"$"4° Ms. chem. 41"$"https://orka.bibliothek.uni-kassel.de/viewer/api/v1/records/1539880138842/manifest/"$"https://orka.bibliothek.uni-kassel.de/viewer/image/1539880138842/"$"https://orka.bibliothek.uni-kassel.de/viewer/api/v1/records/1539880138842/files/images/00000001.tif/full/!400,400/0/default.jpg"$"Komplett"$"Original"$"Standard"$"Einzelseite"$"2018"$"2018"$"Universitätsbibliothek Landes- und Murhardsche Bibliothek der Stadt Kassel"$"https://d-nb.info/gnd/10008839-9"$"Kassel"$"https://d-nb.info/gnd/4029869-3"$"Universitätsbibliothek Landes- und Murhardsche Bibliothek der Stadt Kassel"$"https://d-nb.info/gnd/10008839-9"$"Kassel"$"https://d-nb.info/gnd/4029869-3"
"416"$"4° Ms. chem. 42"$"https://orka.bibliothek.uni-kassel.de/viewer/api/v1/records/1345202820553/manifest/"$"https://orka.bibliothek.uni-kassel.de/viewer/image/1345202820553/"$"https://orka.bibliothek.uni-kassel.de/viewer/api/v1/records/1345202820553/files/images/00000001.tif/full/!400,400/0/default.jpg"$"Komplett"$"Original"$"Standard"$"Einzelseite"$"2012"$"2012"$"Universitätsbibliothek Landes- und Murhardsche Bibliothek der Stadt Kassel"$"https://d-nb.info/gnd/10008839-9"$"Kassel"$"https://d-nb.info/gnd/4029869-3"$"Universitätsbibliothek Landes- und Murhardsche Bibliothek der Stadt Kassel"$"https://d-nb.info/gnd/10008839-9"$"Kassel"$"https://d-nb.info/gnd/4029869-3"
"417"$"4° Ms. chem. 43"$"https://orka.bibliothek.uni-kassel.de/viewer/api/v1/records/1452508727790/manifest/"$"https://orka.bibliothek.uni-kassel.de/viewer/image/1452508727790/"$"https://orka.bibliothek.uni-kassel.de/viewer/api/v1/records/1452508727790/files/images/00000001.tif/full/!400,400/0/default.jpg"$"Komplett"$"Original"$"Standard"$"Einzelseite"$"2016"$"2016"$"Universitätsbibliothek Landes- und Murhardsche Bibliothek der Stadt Kassel"$"https://d-nb.info/gnd/10008839-9"$"Kassel"$"https://d-nb.info/gnd/4029869-3"$"Universitätsbibliothek Landes- und Murhardsche Bibliothek der Stadt Kassel"$"https://d-nb.info/gnd/10008839-9"$"Kassel"$"https://d-nb.info/gnd/4029869-3"
"418"$"4° Ms. chem. 44"$"https://orka.bibliothek.uni-kassel.de/viewer/api/v1/records/1540811770752/manifest/"$"https://orka.bibliothek.uni-kassel.de/viewer/image/1540811770752/"$"https://orka.bibliothek.uni-kassel.de/viewer/api/v1/records/1540811770752/files/images/00000001.tif/full/!400,400/0/default.jpg"$"Komplett"$"Original"$"Standard"$"Einzelseite"$"2018"$"2018"$"Universitätsbibliothek Landes- und Murhardsche Bibliothek der Stadt Kassel"$"https://d-nb.info/gnd/10008839-9"$"Kassel"$"https://d-nb.info/gnd/4029869-3"$"Universitätsbibliothek Landes- und Murhardsche Bibliothek der Stadt Kassel"$"https://d-nb.info/gnd/10008839-9"$"Kassel"$"https://d-nb.info/gnd/4029869-3"
"419"$"4° Ms. chem. 45"$"https://orka.bibliothek.uni-kassel.de/viewer/api/v1/records/1540296608887/manifest/"$"https://orka.bibliothek.uni-kassel.de/viewer/image/1540296608887/"$"https://orka.bibliothek.uni-kassel.de/viewer/api/v1/records/1540296608887/files/images/00000001.tif/full/!400,400/0/default.jpg"$"Komplett"$"Original"$"Standard"$"Einzelseite"$"2018"$"2018"$"Universitätsbibliothek Landes- und Murhardsche Bibliothek der Stadt Kassel"$"https://d-nb.info/gnd/10008839-9"$"Kassel"$"https://d-nb.info/gnd/4029869-3"$"Universitätsbibliothek Landes- und Murhardsche Bibliothek der Stadt Kassel"$"https://d-nb.info/gnd/10008839-9"$"Kassel"$"https://d-nb.info/gnd/4029869-3"
"420"$"4° Ms. chem. 46"$"https://orka.bibliothek.uni-kassel.de/viewer/api/v1/records/1490705787495/manifest/"$"https://orka.bibliothek.uni-kassel.de/viewer/image/1490705787495/"$"https://orka.bibliothek.uni-kassel.de/viewer/api/v1/records/1490705787495/files/images/00000001.tif/full/!400,400/0/default.jpg"$"Komplett"$"Original"$"Standard"$"Einzelseite"$"2017"$"2017"$"Universitätsbibliothek Landes- und Murhardsche Bibliothek der Stadt Kassel"$"https://d-nb.info/gnd/10008839-9"$"Kassel"$"https://d-nb.info/gnd/4029869-3"$"Universitätsbibliothek Landes- und Murhardsche Bibliothek der Stadt Kassel"$"https://d-nb.info/gnd/10008839-9"$"Kassel"$"https://d-nb.info/gnd/4029869-3"
"421"$"4° Ms. chem. 47"$"https://orka.bibliothek.uni-kassel.de/viewer/api/v1/records/1546844082950/manifest/"$"https://orka.bibliothek.uni-kassel.de/viewer/image/1546844082950/"$"https://orka.bibliothek.uni-kassel.de/viewer/api/v1/records/1546844082950/files/images/00000001.tif/full/!400,400/0/default.jpg"$"Komplett"$"Original"$"Standard"$"Einzelseite"$"2019"$"2019"$"Universitätsbibliothek Landes- und Murhardsche Bibliothek der Stadt Kassel"$"https://d-nb.info/gnd/10008839-9"$"Kassel"$"https://d-nb.info/gnd/4029869-3"$"Universitätsbibliothek Landes- und Murhardsche Bibliothek der Stadt Kassel"$"https://d-nb.info/gnd/10008839-9"$"Kassel"$"https://d-nb.info/gnd/4029869-3"
"422"$"4° Ms. chem. 48"$"https://orka.bibliothek.uni-kassel.de/viewer/api/v1/records/1540459690051/manifest/"$"https://orka.bibliothek.uni-kassel.de/viewer/image/1540459690051/"$"https://orka.bibliothek.uni-kassel.de/viewer/api/v1/records/1540459690051/files/images/00000001.tif/full/!400,400/0/default.jpg"$"Komplett"$"Original"$"Standard"$"Einzelseite"$"2018"$"2018"$"Universitätsbibliothek Landes- und Murhardsche Bibliothek der Stadt Kassel"$"https://d-nb.info/gnd/10008839-9"$"Kassel"$"https://d-nb.info/gnd/4029869-3"$"Universitätsbibliothek Landes- und Murhardsche Bibliothek der Stadt Kassel"$"https://d-nb.info/gnd/10008839-9"$"Kassel"$"https://d-nb.info/gnd/4029869-3"
"423"$"4° Ms. chem. 49"$"https://orka.bibliothek.uni-kassel.de/viewer/api/v1/records/1540459956318/manifest/"$"https://orka.bibliothek.uni-kassel.de/viewer/image/1540459956318/"$"https://orka.bibliothek.uni-kassel.de/viewer/api/v1/records/1540459956318/files/images/00000001.tif/full/!400,400/0/default.jpg"$"Komplett"$"Original"$"Standard"$"Einzelseite"$"2018"$"2018"$"Universitätsbibliothek Landes- und Murhardsche Bibliothek der Stadt Kassel"$"https://d-nb.info/gnd/10008839-9"$"Kassel"$"https://d-nb.info/gnd/4029869-3"$"Universitätsbibliothek Landes- und Murhardsche Bibliothek der Stadt Kassel"$"https://d-nb.info/gnd/10008839-9"$"Kassel"$"https://d-nb.info/gnd/4029869-3"
"424"$"4° Ms. chem. 5"$"https://orka.bibliothek.uni-kassel.de/viewer/api/v1/records/1377247271168/manifest/"$"https://orka.bibliothek.uni-kassel.de/viewer/image/1377247271168/"$"https://orka.bibliothek.uni-kassel.de/viewer/api/v1/records/1377247271168/files/images/00000001.tif/full/!400,400/0/default.jpg"$"Komplett"$"Original"$"Standard"$"Einzelseite"$"2013"$"2013"$"Universitätsbibliothek Landes- und Murhardsche Bibliothek der Stadt Kassel"$"https://d-nb.info/gnd/10008839-9"$"Kassel"$"https://d-nb.info/gnd/4029869-3"$"Universitätsbibliothek Landes- und Murhardsche Bibliothek der Stadt Kassel"$"https://d-nb.info/gnd/10008839-9"$"Kassel"$"https://d-nb.info/gnd/4029869-3"
"425"$"4° Ms. chem. 50"$"https://orka.bibliothek.uni-kassel.de/viewer/api/v1/records/1540985096476/manifest/"$"https://orka.bibliothek.uni-kassel.de/viewer/image/1540985096476/"$"https://orka.bibliothek.uni-kassel.de/viewer/api/v1/records/1540985096476/files/images/00000001.tif/full/!400,400/0/default.jpg"$"Komplett"$"Original"$"Standard"$"Einzelseite"$"2018"$"2018"$"Universitätsbibliothek Landes- und Murhardsche Bibliothek der Stadt Kassel"$"https://d-nb.info/gnd/10008839-9"$"Kassel"$"https://d-nb.info/gnd/4029869-3"$"Universitätsbibliothek Landes- und Murhardsche Bibliothek der Stadt Kassel"$"https://d-nb.info/gnd/10008839-9"$"Kassel"$"https://d-nb.info/gnd/4029869-3"
"426"$"4° Ms. chem. 51"$"https://orka.bibliothek.uni-kassel.de/viewer/api/v1/records/1541415923968/manifest/"$"https://orka.bibliothek.uni-kassel.de/viewer/image/1541415923968/"$"https://orka.bibliothek.uni-kassel.de/viewer/api/v1/records/1541415923968/files/images/00000001.tif/full/!400,400/0/default.jpg"$"Komplett"$"Original"$"Standard"$"Einzelseite"$"2018"$"2018"$"Universitätsbibliothek Landes- und Murhardsche Bibliothek der Stadt Kassel"$"https://d-nb.info/gnd/10008839-9"$"Kassel"$"https://d-nb.info/gnd/4029869-3"$"Universitätsbibliothek Landes- und Murhardsche Bibliothek der Stadt Kassel"$"https://d-nb.info/gnd/10008839-9"$"Kassel"$"https://d-nb.info/gnd/4029869-3"
"427"$"4° Ms. chem. 52"$"https://orka.bibliothek.uni-kassel.de/viewer/api/v1/records/1541078273008/manifest/"$"https://orka.bibliothek.uni-kassel.de/viewer/image/1541078273008/"$"https://orka.bibliothek.uni-kassel.de/viewer/api/v1/records/1541078273008/files/images/00000001.tif/full/!400,400/0/default.jpg"$"Komplett"$"Original"$"Standard"$"Einzelseite"$"2018"$"2018"$"Universitätsbibliothek Landes- und Murhardsche Bibliothek der Stadt Kassel"$"https://d-nb.info/gnd/10008839-9"$"Kassel"$"https://d-nb.info/gnd/4029869-3"$"Universitätsbibliothek Landes- und Murhardsche Bibliothek der Stadt Kassel"$"https://d-nb.info/gnd/10008839-9"$"Kassel"$"https://d-nb.info/gnd/4029869-3"
"428"$"4° Ms. chem. 53"$"https://orka.bibliothek.uni-kassel.de/viewer/api/v1/records/1541416068794/manifest/"$"https://orka.bibliothek.uni-kassel.de/viewer/image/1541416068794/"$"https://orka.bibliothek.uni-kassel.de/viewer/api/v1/records/1541416068794/files/images/00000001.tif/full/!400,400/0/default.jpg"$"Komplett"$"Original"$"Standard"$"Einzelseite"$"2018"$"2018"$"Universitätsbibliothek Landes- und Murhardsche Bibliothek der Stadt Kassel"$"https://d-nb.info/gnd/10008839-9"$"Kassel"$"https://d-nb.info/gnd/4029869-3"$"Universitätsbibliothek Landes- und Murhardsche Bibliothek der Stadt Kassel"$"https://d-nb.info/gnd/10008839-9"$"Kassel"$"https://d-nb.info/gnd/4029869-3"
"429"$"4° Ms. chem. 54"$"https://orka.bibliothek.uni-kassel.de/viewer/api/v1/records/1541769971571/manifest/"$"https://orka.bibliothek.uni-kassel.de/viewer/image/1541769971571/"$"https://orka.bibliothek.uni-kassel.de/viewer/api/v1/records/1541769971571/files/images/00000001.tif/full/!400,400/0/default.jpg"$"Komplett"$"Original"$"Standard"$"Einzelseite"$"2018"$"2018"$"Universitätsbibliothek Landes- und Murhardsche Bibliothek der Stadt Kassel"$"https://d-nb.info/gnd/10008839-9"$"Kassel"$"https://d-nb.info/gnd/4029869-3"$"Universitätsbibliothek Landes- und Murhardsche Bibliothek der Stadt Kassel"$"https://d-nb.info/gnd/10008839-9"$"Kassel"$"https://d-nb.info/gnd/4029869-3"
"430"$"4° Ms. chem. 55"$"https://orka.bibliothek.uni-kassel.de/viewer/api/v1/records/1542014299781/manifest/"$"https://orka.bibliothek.uni-kassel.de/viewer/image/1542014299781/"$"https://orka.bibliothek.uni-kassel.de/viewer/api/v1/records/1542014299781/files/images/00000001.tif/full/!400,400/0/default.jpg"$"Komplett"$"Original"$"Standard"$"Einzelseite"$"2018"$"2018"$"Universitätsbibliothek Landes- und Murhardsche Bibliothek der Stadt Kassel"$"https://d-nb.info/gnd/10008839-9"$"Kassel"$"https://d-nb.info/gnd/4029869-3"$"Universitätsbibliothek Landes- und Murhardsche Bibliothek der Stadt Kassel"$"https://d-nb.info/gnd/10008839-9"$"Kassel"$"https://d-nb.info/gnd/4029869-3"
"431"$"4° Ms. chem. 56"$"https://orka.bibliothek.uni-kassel.de/viewer/api/v1/records/1541682180871/manifest/"$"https://orka.bibliothek.uni-kassel.de/viewer/image/1541682180871/"$"https://orka.bibliothek.uni-kassel.de/viewer/api/v1/records/1541682180871/files/images/00000001.tif/full/!400,400/0/default.jpg"$"Komplett"$"Original"$"Standard"$"Einzelseite"$"2018"$"2018"$"Universitätsbibliothek Landes- und Murhardsche Bibliothek der Stadt Kassel"$"https://d-nb.info/gnd/10008839-9"$"Kassel"$"https://d-nb.info/gnd/4029869-3"$"Universitätsbibliothek Landes- und Murhardsche Bibliothek der Stadt Kassel"$"https://d-nb.info/gnd/10008839-9"$"Kassel"$"https://d-nb.info/gnd/4029869-3"
"432"$"4° Ms. chem. 57"$"https://orka.bibliothek.uni-kassel.de/viewer/api/v1/records/1541682446815/manifest/"$"https://orka.bibliothek.uni-kassel.de/viewer/image/1541682446815/"$"https://orka.bibliothek.uni-kassel.de/viewer/api/v1/records/1541682446815/files/images/00000001.tif/full/!400,400/0/default.jpg"$"Komplett"$"Original"$"Standard"$"Einzelseite"$"2018"$"2018"$"Universitätsbibliothek Landes- und Murhardsche Bibliothek der Stadt Kassel"$"https://d-nb.info/gnd/10008839-9"$"Kassel"$"https://d-nb.info/gnd/4029869-3"$"Universitätsbibliothek Landes- und Murhardsche Bibliothek der Stadt Kassel"$"https://d-nb.info/gnd/10008839-9"$"Kassel"$"https://d-nb.info/gnd/4029869-3"
"433"$"4° Ms. chem. 58"$"https://orka.bibliothek.uni-kassel.de/viewer/api/v1/records/1535097025823/manifest/"$"https://orka.bibliothek.uni-kassel.de/viewer/image/1535097025823/"$"https://orka.bibliothek.uni-kassel.de/viewer/api/v1/records/1535097025823/files/images/00000001.tif/full/!400,400/0/default.jpg"$"Komplett"$"Original"$"Standard"$"Einzelseite"$"2018"$"2018"$"Universitätsbibliothek Landes- und Murhardsche Bibliothek der Stadt Kassel"$"https://d-nb.info/gnd/10008839-9"$"Kassel"$"https://d-nb.info/gnd/4029869-3"$"Universitätsbibliothek Landes- und Murhardsche Bibliothek der Stadt Kassel"$"https://d-nb.info/gnd/10008839-9"$"Kassel"$"https://d-nb.info/gnd/4029869-3"
"434"$"4° Ms. chem. 59"$"https://orka.bibliothek.uni-kassel.de/viewer/api/v1/records/1322646825019/manifest/"$"https://orka.bibliothek.uni-kassel.de/viewer/image/1322646825019/"$"https://orka.bibliothek.uni-kassel.de/viewer/api/v1/records/1322646825019/files/images/00000001.tif/full/!400,400/0/default.jpg"$"Komplett"$"Original"$"Standard"$"Einzelseite"$"2011"$"2011"$"Universitätsbibliothek Landes- und Murhardsche Bibliothek der Stadt Kassel"$"https://d-nb.info/gnd/10008839-9"$"Kassel"$"https://d-nb.info/gnd/4029869-3"$"Universitätsbibliothek Landes- und Murhardsche Bibliothek der Stadt Kassel"$"https://d-nb.info/gnd/10008839-9"$"Kassel"$"https://d-nb.info/gnd/4029869-3"
"435"$"4° Ms. chem. 6"$"https://orka.bibliothek.uni-kassel.de/viewer/api/v1/records/1529919581986/manifest/"$"https://orka.bibliothek.uni-kassel.de/viewer/image/1529919581986/"$"https://orka.bibliothek.uni-kassel.de/viewer/api/v1/records/1529919581986/files/images/00000001.tif/full/!400,400/0/default.jpg"$"Komplett"$"Original"$"Standard"$"Einzelseite"$"2018"$"2018"$"Universitätsbibliothek Landes- und Murhardsche Bibliothek der Stadt Kassel"$"https://d-nb.info/gnd/10008839-9"$"Kassel"$"https://d-nb.info/gnd/4029869-3"$"Universitätsbibliothek Landes- und Murhardsche Bibliothek der Stadt Kassel"$"https://d-nb.info/gnd/10008839-9"$"Kassel"$"https://d-nb.info/gnd/4029869-3"
"436"$"4° Ms. chem. 60[1,1"$"https://orka.bibliothek.uni-kassel.de/viewer/api/v1/records/1542099493995/manifest/"$"https://orka.bibliothek.uni-kassel.de/viewer/image/1542099493995/"$"https://orka.bibliothek.uni-kassel.de/viewer/api/v1/records/1542099493995/files/images/00000001.tif/full/!400,400/0/default.jpg"$"Komplett"$"Original"$"Standard"$"Einzelseite"$"2018"$"2018"$"Universitätsbibliothek Landes- und Murhardsche Bibliothek der Stadt Kassel"$"https://d-nb.info/gnd/10008839-9"$"Kassel"$"https://d-nb.info/gnd/4029869-3"$"Universitätsbibliothek Landes- und Murhardsche Bibliothek der Stadt Kassel"$"https://d-nb.info/gnd/10008839-9"$"Kassel"$"https://d-nb.info/gnd/4029869-3"
"437"$"4° Ms. chem. 60[1,2"$"https://orka.bibliothek.uni-kassel.de/viewer/api/v1/records/1542106315858/manifest/"$"https://orka.bibliothek.uni-kassel.de/viewer/image/1542106315858/"$"https://orka.bibliothek.uni-kassel.de/viewer/api/v1/records/1542106315858/files/images/00000001.tif/full/!400,400/0/default.jpg"$"Komplett"$"Original"$"Standard"$"Einzelseite"$"2018"$"2018"$"Universitätsbibliothek Landes- und Murhardsche Bibliothek der Stadt Kassel"$"https://d-nb.info/gnd/10008839-9"$"Kassel"$"https://d-nb.info/gnd/4029869-3"$"Universitätsbibliothek Landes- und Murhardsche Bibliothek der Stadt Kassel"$"https://d-nb.info/gnd/10008839-9"$"Kassel"$"https://d-nb.info/gnd/4029869-3"
"438"$"4° Ms. chem. 60[1,3"$"https://orka.bibliothek.uni-kassel.de/viewer/api/v1/records/1542203140071/manifest/"$"https://orka.bibliothek.uni-kassel.de/viewer/image/1542203140071/"$"https://orka.bibliothek.uni-kassel.de/viewer/api/v1/records/1542203140071/files/images/00000001.tif/full/!400,400/0/default.jpg"$"Komplett"$"Original"$"Standard"$"Einzelseite"$"2018"$"2018"$"Universitätsbibliothek Landes- und Murhardsche Bibliothek der Stadt Kassel"$"https://d-nb.info/gnd/10008839-9"$"Kassel"$"https://d-nb.info/gnd/4029869-3"$"Universitätsbibliothek Landes- und Murhardsche Bibliothek der Stadt Kassel"$"https://d-nb.info/gnd/10008839-9"$"Kassel"$"https://d-nb.info/gnd/4029869-3"
"439"$"4° Ms. chem. 60[1,4"$"https://orka.bibliothek.uni-kassel.de/viewer/api/v1/records/1542287057339/manifest/"$"https://orka.bibliothek.uni-kassel.de/viewer/image/1542287057339/"$"https://orka.bibliothek.uni-kassel.de/viewer/api/v1/records/1542287057339/files/images/00000001.tif/full/!400,400/0/default.jpg"$"Komplett"$"Original"$"Standard"$"Einzelseite"$"2018"$"2018"$"Universitätsbibliothek Landes- und Murhardsche Bibliothek der Stadt Kassel"$"https://d-nb.info/gnd/10008839-9"$"Kassel"$"https://d-nb.info/gnd/4029869-3"$"Universitätsbibliothek Landes- und Murhardsche Bibliothek der Stadt Kassel"$"https://d-nb.info/gnd/10008839-9"$"Kassel"$"https://d-nb.info/gnd/4029869-3"
"440"$"4° Ms. chem. 60[2,1"$"https://orka.bibliothek.uni-kassel.de/viewer/api/v1/records/1542622820619/manifest/"$"https://orka.bibliothek.uni-kassel.de/viewer/image/1542622820619/"$"https://orka.bibliothek.uni-kassel.de/viewer/api/v1/records/1542622820619/files/images/00000001.tif/full/!400,400/0/default.jpg"$"Komplett"$"Original"$"Standard"$"Einzelseite"$"2018"$"2018"$"Universitätsbibliothek Landes- und Murhardsche Bibliothek der Stadt Kassel"$"https://d-nb.info/gnd/10008839-9"$"Kassel"$"https://d-nb.info/gnd/4029869-3"$"Universitätsbibliothek Landes- und Murhardsche Bibliothek der Stadt Kassel"$"https://d-nb.info/gnd/10008839-9"$"Kassel"$"https://d-nb.info/gnd/4029869-3"
"441"$"4° Ms. chem. 60[2,2"$"https://orka.bibliothek.uni-kassel.de/viewer/api/v1/records/1542807008914/manifest/"$"https://orka.bibliothek.uni-kassel.de/viewer/image/1542807008914/"$"https://orka.bibliothek.uni-kassel.de/viewer/api/v1/records/1542807008914/files/images/00000001.tif/full/!400,400/0/default.jpg"$"Komplett"$"Original"$"Standard"$"Einzelseite"$"2018"$"2018"$"Universitätsbibliothek Landes- und Murhardsche Bibliothek der Stadt Kassel"$"https://d-nb.info/gnd/10008839-9"$"Kassel"$"https://d-nb.info/gnd/4029869-3"$"Universitätsbibliothek Landes- und Murhardsche Bibliothek der Stadt Kassel"$"https://d-nb.info/gnd/10008839-9"$"Kassel"$"https://d-nb.info/gnd/4029869-3"
"442"$"4° Ms. chem. 60[2,3"$"https://orka.bibliothek.uni-kassel.de/viewer/api/v1/records/1542707312547/manifest/"$"https://orka.bibliothek.uni-kassel.de/viewer/image/1542707312547/"$"https://orka.bibliothek.uni-kassel.de/viewer/api/v1/records/1542707312547/files/images/00000001.tif/full/!400,400/0/default.jpg"$"Komplett"$"Original"$"Standard"$"Einzelseite"$"2018"$"2018"$"Universitätsbibliothek Landes- und Murhardsche Bibliothek der Stadt Kassel"$"https://d-nb.info/gnd/10008839-9"$"Kassel"$"https://d-nb.info/gnd/4029869-3"$"Universitätsbibliothek Landes- und Murhardsche Bibliothek der Stadt Kassel"$"https://d-nb.info/gnd/10008839-9"$"Kassel"$"https://d-nb.info/gnd/4029869-3"
"443"$"4° Ms. chem. 60[2,4"$"https://orka.bibliothek.uni-kassel.de/viewer/api/v1/records/1542279805679/manifest/"$"https://orka.bibliothek.uni-kassel.de/viewer/image/1542279805679/"$"https://orka.bibliothek.uni-kassel.de/viewer/api/v1/records/1542279805679/files/images/00000001.tif/full/!400,400/0/default.jpg"$"Komplett"$"Original"$"Standard"$"Einzelseite"$"2018"$"2018"$"Universitätsbibliothek Landes- und Murhardsche Bibliothek der Stadt Kassel"$"https://d-nb.info/gnd/10008839-9"$"Kassel"$"https://d-nb.info/gnd/4029869-3"$"Universitätsbibliothek Landes- und Murhardsche Bibliothek der Stadt Kassel"$"https://d-nb.info/gnd/10008839-9"$"Kassel"$"https://d-nb.info/gnd/4029869-3"
"444"$"4° Ms. chem. 60[2,5"$"https://orka.bibliothek.uni-kassel.de/viewer/api/v1/records/1542806909731/manifest/"$"https://orka.bibliothek.uni-kassel.de/viewer/image/1542806909731/"$"https://orka.bibliothek.uni-kassel.de/viewer/api/v1/records/1542806909731/files/images/00000001.tif/full/!400,400/0/default.jpg"$"Komplett"$"Original"$"Standard"$"Einzelseite"$"2018"$"2018"$"Universitätsbibliothek Landes- und Murhardsche Bibliothek der Stadt Kassel"$"https://d-nb.info/gnd/10008839-9"$"Kassel"$"https://d-nb.info/gnd/4029869-3"$"Universitätsbibliothek Landes- und Murhardsche Bibliothek der Stadt Kassel"$"https://d-nb.info/gnd/10008839-9"$"Kassel"$"https://d-nb.info/gnd/4029869-3"
"445"$"4° Ms. chem. 60[2,6"$"https://orka.bibliothek.uni-kassel.de/viewer/api/v1/records/1383634063589/manifest/"$"https://orka.bibliothek.uni-kassel.de/viewer/image/1383634063589/"$"https://orka.bibliothek.uni-kassel.de/viewer/api/v1/records/1383634063589/files/images/00000001.tif/full/!400,400/0/default.jpg"$"Komplett"$"Original"$"Standard"$"Einzelseite"$"2013"$"2013"$"Universitätsbibliothek Landes- und Murhardsche Bibliothek der Stadt Kassel"$"https://d-nb.info/gnd/10008839-9"$"Kassel"$"https://d-nb.info/gnd/4029869-3"$"Universitätsbibliothek Landes- und Murhardsche Bibliothek der Stadt Kassel"$"https://d-nb.info/gnd/10008839-9"$"Kassel"$"https://d-nb.info/gnd/4029869-3"
"446"$"4° Ms. chem. 60[2,7"$"https://orka.bibliothek.uni-kassel.de/viewer/api/v1/records/1542623093210/manifest/"$"https://orka.bibliothek.uni-kassel.de/viewer/image/1542623093210/"$"https://orka.bibliothek.uni-kassel.de/viewer/api/v1/records/1542623093210/files/images/00000001.tif/full/!400,400/0/default.jpg"$"Komplett"$"Original"$"Standard"$"Einzelseite"$"2018"$"2018"$"Universitätsbibliothek Landes- und Murhardsche Bibliothek der Stadt Kassel"$"https://d-nb.info/gnd/10008839-9"$"Kassel"$"https://d-nb.info/gnd/4029869-3"$"Universitätsbibliothek Landes- und Murhardsche Bibliothek der Stadt Kassel"$"https://d-nb.info/gnd/10008839-9"$"Kassel"$"https://d-nb.info/gnd/4029869-3"
"447"$"4° Ms. chem. 60[2,8"$"https://orka.bibliothek.uni-kassel.de/viewer/api/v1/records/1542623210788/manifest/"$"https://orka.bibliothek.uni-kassel.de/viewer/image/1542623210788/"$"https://orka.bibliothek.uni-kassel.de/viewer/api/v1/records/1542623210788/files/images/00000001.tif/full/!400,400/0/default.jpg"$"Komplett"$"Original"$"Standard"$"Einzelseite"$"2018"$"2018"$"Universitätsbibliothek Landes- und Murhardsche Bibliothek der Stadt Kassel"$"https://d-nb.info/gnd/10008839-9"$"Kassel"$"https://d-nb.info/gnd/4029869-3"$"Universitätsbibliothek Landes- und Murhardsche Bibliothek der Stadt Kassel"$"https://d-nb.info/gnd/10008839-9"$"Kassel"$"https://d-nb.info/gnd/4029869-3"
"448"$"4° Ms. chem. 60[2,9"$"https://orka.bibliothek.uni-kassel.de/viewer/api/v1/records/1542623332906/manifest/"$"https://orka.bibliothek.uni-kassel.de/viewer/image/1542623332906/"$"https://orka.bibliothek.uni-kassel.de/viewer/api/v1/records/1542623332906/files/images/00000001.tif/full/!400,400/0/default.jpg"$"Komplett"$"Original"$"Standard"$"Einzelseite"$"2018"$"2018"$"Universitätsbibliothek Landes- und Murhardsche Bibliothek der Stadt Kassel"$"https://d-nb.info/gnd/10008839-9"$"Kassel"$"https://d-nb.info/gnd/4029869-3"$"Universitätsbibliothek Landes- und Murhardsche Bibliothek der Stadt Kassel"$"https://d-nb.info/gnd/10008839-9"$"Kassel"$"https://d-nb.info/gnd/4029869-3"
"449"$"4° Ms. chem. 60[3,1"$"https://orka.bibliothek.uni-kassel.de/viewer/api/v1/records/1542707473850/manifest/"$"https://orka.bibliothek.uni-kassel.de/viewer/image/1542707473850/"$"https://orka.bibliothek.uni-kassel.de/viewer/api/v1/records/1542707473850/files/images/00000001.tif/full/!400,400/0/default.jpg"$"Komplett"$"Original"$"Standard"$"Einzelseite"$"2018"$"2018"$"Universitätsbibliothek Landes- und Murhardsche Bibliothek der Stadt Kassel"$"https://d-nb.info/gnd/10008839-9"$"Kassel"$"https://d-nb.info/gnd/4029869-3"$"Universitätsbibliothek Landes- und Murhardsche Bibliothek der Stadt Kassel"$"https://d-nb.info/gnd/10008839-9"$"Kassel"$"https://d-nb.info/gnd/4029869-3"
"450"$"4° Ms. chem. 60[3,2"$"https://orka.bibliothek.uni-kassel.de/viewer/api/v1/records/1542707594836/manifest/"$"https://orka.bibliothek.uni-kassel.de/viewer/image/1542707594836/"$"https://orka.bibliothek.uni-kassel.de/viewer/api/v1/records/1542707594836/files/images/00000001.tif/full/!400,400/0/default.jpg"$"Komplett"$"Original"$"Standard"$"Einzelseite"$"2018"$"2018"$"Universitätsbibliothek Landes- und Murhardsche Bibliothek der Stadt Kassel"$"https://d-nb.info/gnd/10008839-9"$"Kassel"$"https://d-nb.info/gnd/4029869-3"$"Universitätsbibliothek Landes- und Murhardsche Bibliothek der Stadt Kassel"$"https://d-nb.info/gnd/10008839-9"$"Kassel"$"https://d-nb.info/gnd/4029869-3"
"451"$"4° Ms. chem. 60[3,3"$"https://orka.bibliothek.uni-kassel.de/viewer/api/v1/records/1542707700419/manifest/"$"https://orka.bibliothek.uni-kassel.de/viewer/image/1542707700419/"$"https://orka.bibliothek.uni-kassel.de/viewer/api/v1/records/1542707700419/files/images/00000001.tif/full/!400,400/0/default.jpg"$"Komplett"$"Original"$"Standard"$"Einzelseite"$"2018"$"2018"$"Universitätsbibliothek Landes- und Murhardsche Bibliothek der Stadt Kassel"$"https://d-nb.info/gnd/10008839-9"$"Kassel"$"https://d-nb.info/gnd/4029869-3"$"Universitätsbibliothek Landes- und Murhardsche Bibliothek der Stadt Kassel"$"https://d-nb.info/gnd/10008839-9"$"Kassel"$"https://d-nb.info/gnd/4029869-3"
"452"$"4° Ms. chem. 60[4,1"$"https://orka.bibliothek.uni-kassel.de/viewer/api/v1/records/1543593865773/manifest/"$"https://orka.bibliothek.uni-kassel.de/viewer/image/1543593865773/"$"https://orka.bibliothek.uni-kassel.de/viewer/api/v1/records/1543593865773/files/images/00000001.tif/full/!400,400/0/default.jpg"$"Komplett"$"Original"$"Standard"$"Einzelseite"$"2018"$"2018"$"Universitätsbibliothek Landes- und Murhardsche Bibliothek der Stadt Kassel"$"https://d-nb.info/gnd/10008839-9"$"Kassel"$"https://d-nb.info/gnd/4029869-3"$"Universitätsbibliothek Landes- und Murhardsche Bibliothek der Stadt Kassel"$"https://d-nb.info/gnd/10008839-9"$"Kassel"$"https://d-nb.info/gnd/4029869-3"
"453"$"4° Ms. chem. 60[4,2"$"https://orka.bibliothek.uni-kassel.de/viewer/api/v1/records/1543393585825/manifest/"$"https://orka.bibliothek.uni-kassel.de/viewer/image/1543393585825/"$"https://orka.bibliothek.uni-kassel.de/viewer/api/v1/records/1543393585825/files/images/00000001.tif/full/!400,400/0/default.jpg"$"Komplett"$"Original"$"Standard"$"Einzelseite"$"2018"$"2018"$"Universitätsbibliothek Landes- und Murhardsche Bibliothek der Stadt Kassel"$"https://d-nb.info/gnd/10008839-9"$"Kassel"$"https://d-nb.info/gnd/4029869-3"$"Universitätsbibliothek Landes- und Murhardsche Bibliothek der Stadt Kassel"$"https://d-nb.info/gnd/10008839-9"$"Kassel"$"https://d-nb.info/gnd/4029869-3"
"454"$"4° Ms. chem. 60[4,3"$"https://orka.bibliothek.uni-kassel.de/viewer/api/v1/records/1543393717237/manifest/"$"https://orka.bibliothek.uni-kassel.de/viewer/image/1543393717237/"$"https://orka.bibliothek.uni-kassel.de/viewer/api/v1/records/1543393717237/files/images/00000001.tif/full/!400,400/0/default.jpg"$"Komplett"$"Original"$"Standard"$"Einzelseite"$"2018"$"2018"$"Universitätsbibliothek Landes- und Murhardsche Bibliothek der Stadt Kassel"$"https://d-nb.info/gnd/10008839-9"$"Kassel"$"https://d-nb.info/gnd/4029869-3"$"Universitätsbibliothek Landes- und Murhardsche Bibliothek der Stadt Kassel"$"https://d-nb.info/gnd/10008839-9"$"Kassel"$"https://d-nb.info/gnd/4029869-3"
"455"$"4° Ms. chem. 60[4,4"$"https://orka.bibliothek.uni-kassel.de/viewer/api/v1/records/1543393818582/manifest/"$"https://orka.bibliothek.uni-kassel.de/viewer/image/1543393818582/"$"https://orka.bibliothek.uni-kassel.de/viewer/api/v1/records/1543393818582/files/images/00000001.tif/full/!400,400/0/default.jpg"$"Komplett"$"Original"$"Standard"$"Einzelseite"$"2018"$"2018"$"Universitätsbibliothek Landes- und Murhardsche Bibliothek der Stadt Kassel"$"https://d-nb.info/gnd/10008839-9"$"Kassel"$"https://d-nb.info/gnd/4029869-3"$"Universitätsbibliothek Landes- und Murhardsche Bibliothek der Stadt Kassel"$"https://d-nb.info/gnd/10008839-9"$"Kassel"$"https://d-nb.info/gnd/4029869-3"
"456"$"4° Ms. chem. 60[5,1"$"https://orka.bibliothek.uni-kassel.de/viewer/api/v1/records/1543917411279/manifest/"$"https://orka.bibliothek.uni-kassel.de/viewer/image/1543917411279/"$"https://orka.bibliothek.uni-kassel.de/viewer/api/v1/records/1543917411279/files/images/00000001.tif/full/!400,400/0/default.jpg"$"Komplett"$"Original"$"Standard"$"Einzelseite"$"2018"$"2018"$"Universitätsbibliothek Landes- und Murhardsche Bibliothek der Stadt Kassel"$"https://d-nb.info/gnd/10008839-9"$"Kassel"$"https://d-nb.info/gnd/4029869-3"$"Universitätsbibliothek Landes- und Murhardsche Bibliothek der Stadt Kassel"$"https://d-nb.info/gnd/10008839-9"$"Kassel"$"https://d-nb.info/gnd/4029869-3"
"457"$"4° Ms. chem. 60[5,2"$"https://orka.bibliothek.uni-kassel.de/viewer/api/v1/records/1543834707658/manifest/"$"https://orka.bibliothek.uni-kassel.de/viewer/image/1543834707658/"$"https://orka.bibliothek.uni-kassel.de/viewer/api/v1/records/1543834707658/files/images/00000001.tif/full/!400,400/0/default.jpg"$"Komplett"$"Original"$"Standard"$"Einzelseite"$"2018"$"2018"$"Universitätsbibliothek Landes- und Murhardsche Bibliothek der Stadt Kassel"$"https://d-nb.info/gnd/10008839-9"$"Kassel"$"https://d-nb.info/gnd/4029869-3"$"Universitätsbibliothek Landes- und Murhardsche Bibliothek der Stadt Kassel"$"https://d-nb.info/gnd/10008839-9"$"Kassel"$"https://d-nb.info/gnd/4029869-3"
"458"$"4° Ms. chem. 60[5,3"$"https://orka.bibliothek.uni-kassel.de/viewer/api/v1/records/1543917628652/manifest/"$"https://orka.bibliothek.uni-kassel.de/viewer/image/1543917628652/"$"https://orka.bibliothek.uni-kassel.de/viewer/api/v1/records/1543917628652/files/images/00000001.tif/full/!400,400/0/default.jpg"$"Komplett"$"Original"$"Standard"$"Einzelseite"$"2018"$"2018"$"Universitätsbibliothek Landes- und Murhardsche Bibliothek der Stadt Kassel"$"https://d-nb.info/gnd/10008839-9"$"Kassel"$"https://d-nb.info/gnd/4029869-3"$"Universitätsbibliothek Landes- und Murhardsche Bibliothek der Stadt Kassel"$"https://d-nb.info/gnd/10008839-9"$"Kassel"$"https://d-nb.info/gnd/4029869-3"
"459"$"4° Ms. chem. 60[6,1"$"https://orka.bibliothek.uni-kassel.de/viewer/api/v1/records/1543917954974/manifest/"$"https://orka.bibliothek.uni-kassel.de/viewer/image/1543917954974/"$"https://orka.bibliothek.uni-kassel.de/viewer/api/v1/records/1543917954974/files/images/00000001.tif/full/!400,400/0/default.jpg"$"Komplett"$"Original"$"Standard"$"Einzelseite"$"2018"$"2018"$"Universitätsbibliothek Landes- und Murhardsche Bibliothek der Stadt Kassel"$"https://d-nb.info/gnd/10008839-9"$"Kassel"$"https://d-nb.info/gnd/4029869-3"$"Universitätsbibliothek Landes- und Murhardsche Bibliothek der Stadt Kassel"$"https://d-nb.info/gnd/10008839-9"$"Kassel"$"https://d-nb.info/gnd/4029869-3"
"460"$"4° Ms. chem. 60[6,2"$"https://orka.bibliothek.uni-kassel.de/viewer/api/v1/records/1543918029281/manifest/"$"https://orka.bibliothek.uni-kassel.de/viewer/image/1543918029281/"$"https://orka.bibliothek.uni-kassel.de/viewer/api/v1/records/1543918029281/files/images/00000001.tif/full/!400,400/0/default.jpg"$"Komplett"$"Original"$"Standard"$"Einzelseite"$"2018"$"2018"$"Universitätsbibliothek Landes- und Murhardsche Bibliothek der Stadt Kassel"$"https://d-nb.info/gnd/10008839-9"$"Kassel"$"https://d-nb.info/gnd/4029869-3"$"Universitätsbibliothek Landes- und Murhardsche Bibliothek der Stadt Kassel"$"https://d-nb.info/gnd/10008839-9"$"Kassel"$"https://d-nb.info/gnd/4029869-3"
"461"$"4° Ms. chem. 60[6,3"$"https://orka.bibliothek.uni-kassel.de/viewer/api/v1/records/1544712438226/manifest/"$"https://orka.bibliothek.uni-kassel.de/viewer/image/1544712438226/"$"https://orka.bibliothek.uni-kassel.de/viewer/api/v1/records/1544712438226/files/images/00000001.tif/full/!400,400/0/default.jpg"$"Komplett"$"Original"$"Standard"$"Einzelseite"$"2018"$"2018"$"Universitätsbibliothek Landes- und Murhardsche Bibliothek der Stadt Kassel"$"https://d-nb.info/gnd/10008839-9"$"Kassel"$"https://d-nb.info/gnd/4029869-3"$"Universitätsbibliothek Landes- und Murhardsche Bibliothek der Stadt Kassel"$"https://d-nb.info/gnd/10008839-9"$"Kassel"$"https://d-nb.info/gnd/4029869-3"
"462"$"4° Ms. chem. 60[6,4"$"https://orka.bibliothek.uni-kassel.de/viewer/api/v1/records/1545299350468/manifest/"$"https://orka.bibliothek.uni-kassel.de/viewer/image/1545299350468/"$"https://orka.bibliothek.uni-kassel.de/viewer/api/v1/records/1545299350468/files/images/00000001.tif/full/!400,400/0/default.jpg"$"Komplett"$"Original"$"Standard"$"Einzelseite"$"2018"$"2018"$"Universitätsbibliothek Landes- und Murhardsche Bibliothek der Stadt Kassel"$"https://d-nb.info/gnd/10008839-9"$"Kassel"$"https://d-nb.info/gnd/4029869-3"$"Universitätsbibliothek Landes- und Murhardsche Bibliothek der Stadt Kassel"$"https://d-nb.info/gnd/10008839-9"$"Kassel"$"https://d-nb.info/gnd/4029869-3"
"463"$"4° Ms. chem. 60[6,5"$"https://orka.bibliothek.uni-kassel.de/viewer/api/v1/records/1547110268554/manifest/"$"https://orka.bibliothek.uni-kassel.de/viewer/image/1547110268554/"$"https://orka.bibliothek.uni-kassel.de/viewer/api/v1/records/1547110268554/files/images/00000001.tif/full/!400,400/0/default.jpg"$"Komplett"$"Original"$"Standard"$"Einzelseite"$"2019"$"2019"$"Universitätsbibliothek Landes- und Murhardsche Bibliothek der Stadt Kassel"$"https://d-nb.info/gnd/10008839-9"$"Kassel"$"https://d-nb.info/gnd/4029869-3"$"Universitätsbibliothek Landes- und Murhardsche Bibliothek der Stadt Kassel"$"https://d-nb.info/gnd/10008839-9"$"Kassel"$"https://d-nb.info/gnd/4029869-3"
"464"$"4° Ms. chem. 60[7,1"$"https://orka.bibliothek.uni-kassel.de/viewer/api/v1/records/1547810816969/manifest/"$"https://orka.bibliothek.uni-kassel.de/viewer/image/1547810816969/"$"https://orka.bibliothek.uni-kassel.de/viewer/api/v1/records/1547810816969/files/images/00000001.tif/full/!400,400/0/default.jpg"$"Komplett"$"Original"$"Standard"$"Einzelseite"$"2019"$"2019"$"Universitätsbibliothek Landes- und Murhardsche Bibliothek der Stadt Kassel"$"https://d-nb.info/gnd/10008839-9"$"Kassel"$"https://d-nb.info/gnd/4029869-3"$"Universitätsbibliothek Landes- und Murhardsche Bibliothek der Stadt Kassel"$"https://d-nb.info/gnd/10008839-9"$"Kassel"$"https://d-nb.info/gnd/4029869-3"
"465"$"4° Ms. chem. 60[7,2"$"https://orka.bibliothek.uni-kassel.de/viewer/api/v1/records/1548673220057/manifest/"$"https://orka.bibliothek.uni-kassel.de/viewer/image/1548673220057/"$"https://orka.bibliothek.uni-kassel.de/viewer/api/v1/records/1548673220057/files/images/00000001.tif/full/!400,400/0/default.jpg"$"Komplett"$"Original"$"Standard"$"Einzelseite"$"2019"$"2019"$"Universitätsbibliothek Landes- und Murhardsche Bibliothek der Stadt Kassel"$"https://d-nb.info/gnd/10008839-9"$"Kassel"$"https://d-nb.info/gnd/4029869-3"$"Universitätsbibliothek Landes- und Murhardsche Bibliothek der Stadt Kassel"$"https://d-nb.info/gnd/10008839-9"$"Kassel"$"https://d-nb.info/gnd/4029869-3"
"466"$"4° Ms. chem. 60[8,1"$"https://orka.bibliothek.uni-kassel.de/viewer/api/v1/records/1549361605629/manifest/"$"https://orka.bibliothek.uni-kassel.de/viewer/image/1549361605629/"$"https://orka.bibliothek.uni-kassel.de/viewer/api/v1/records/1549361605629/files/images/00000001.tif/full/!400,400/0/default.jpg"$"Komplett"$"Original"$"Standard"$"Einzelseite"$"2019"$"2019"$"Universitätsbibliothek Landes- und Murhardsche Bibliothek der Stadt Kassel"$"https://d-nb.info/gnd/10008839-9"$"Kassel"$"https://d-nb.info/gnd/4029869-3"$"Universitätsbibliothek Landes- und Murhardsche Bibliothek der Stadt Kassel"$"https://d-nb.info/gnd/10008839-9"$"Kassel"$"https://d-nb.info/gnd/4029869-3"
"467"$"4° Ms. chem. 60[8,2"$"https://orka.bibliothek.uni-kassel.de/viewer/api/v1/records/1548932034848/manifest/"$"https://orka.bibliothek.uni-kassel.de/viewer/image/1548932034848/"$"https://orka.bibliothek.uni-kassel.de/viewer/api/v1/records/1548932034848/files/images/00000001.tif/full/!400,400/0/default.jpg"$"Komplett"$"Original"$"Standard"$"Einzelseite"$"2019"$"2019"$"Universitätsbibliothek Landes- und Murhardsche Bibliothek der Stadt Kassel"$"https://d-nb.info/gnd/10008839-9"$"Kassel"$"https://d-nb.info/gnd/4029869-3"$"Universitätsbibliothek Landes- und Murhardsche Bibliothek der Stadt Kassel"$"https://d-nb.info/gnd/10008839-9"$"Kassel"$"https://d-nb.info/gnd/4029869-3"
"468"$"4° Ms. chem. 60[9,1"$"https://orka.bibliothek.uni-kassel.de/viewer/api/v1/records/1548945594812/manifest/"$"https://orka.bibliothek.uni-kassel.de/viewer/!image/1548945594812/1/-/"$"https://orka.bibliothek.uni-kassel.de/viewer/api/v1/records/1548945594812/files/images/00000001.tif/full/!400,400/0/default.jpg"$"Komplett"$"Original"$"Standard"$"Einzelseite"$"2019"$"2019"$"Universitätsbibliothek Landes- und Murhardsche Bibliothek der Stadt Kassel"$"https://d-nb.info/gnd/10008839-9"$"Kassel"$"https://d-nb.info/gnd/4029869-3"$"Universitätsbibliothek Landes- und Murhardsche Bibliothek der Stadt Kassel"$"https://d-nb.info/gnd/10008839-9"$"Kassel"$"https://d-nb.info/gnd/4029869-3"
"469"$"4° Ms. chem. 60[9,2"$"https://orka.bibliothek.uni-kassel.de/viewer/api/v1/records/1549892393676/manifest/"$"https://orka.bibliothek.uni-kassel.de/viewer/!image/1549892393676/1/-/"$"https://orka.bibliothek.uni-kassel.de/viewer/api/v1/records/1549892393676/files/images/00000001.tif/full/!400,400/0/default.jpg"$"Komplett"$"Original"$"Standard"$"Einzelseite"$"2019"$"2019"$"Universitätsbibliothek Landes- und Murhardsche Bibliothek der Stadt Kassel"$"https://d-nb.info/gnd/10008839-9"$"Kassel"$"https://d-nb.info/gnd/4029869-3"$"Universitätsbibliothek Landes- und Murhardsche Bibliothek der Stadt Kassel"$"https://d-nb.info/gnd/10008839-9"$"Kassel"$"https://d-nb.info/gnd/4029869-3"
"470"$"4° Ms. chem. 61"$"https://orka.bibliothek.uni-kassel.de/viewer/api/v1/records/1551781104768/manifest/"$"https://orka.bibliothek.uni-kassel.de/viewer/image/1551781104768/"$"https://orka.bibliothek.uni-kassel.de/viewer/api/v1/records/1551781104768/files/images/00000001.tif/full/!400,400/0/default.jpg"$"Komplett"$"Original"$"Standard"$"Einzelseite"$"2019"$"2019"$"Universitätsbibliothek Landes- und Murhardsche Bibliothek der Stadt Kassel"$"https://d-nb.info/gnd/10008839-9"$"Kassel"$"https://d-nb.info/gnd/4029869-3"$"Universitätsbibliothek Landes- und Murhardsche Bibliothek der Stadt Kassel"$"https://d-nb.info/gnd/10008839-9"$"Kassel"$"https://d-nb.info/gnd/4029869-3"
"471"$"4° Ms. chem. 62"$"https://orka.bibliothek.uni-kassel.de/viewer/api/v1/records/1550142629867/manifest/"$"https://orka.bibliothek.uni-kassel.de/viewer/image/1550142629867/"$"https://orka.bibliothek.uni-kassel.de/viewer/api/v1/records/1550142629867/files/images/00000001.tif/full/!400,400/0/default.jpg"$"Komplett"$"Reproduktion"$"Bitonal"$"Einzelseite"$"2019"$"2019"$"Universitätsbibliothek Landes- und Murhardsche Bibliothek der Stadt Kassel"$"https://d-nb.info/gnd/10008839-9"$"Kassel"$"https://d-nb.info/gnd/4029869-3"$"Universitätsbibliothek Landes- und Murhardsche Bibliothek der Stadt Kassel"$"https://d-nb.info/gnd/10008839-9"$"Kassel"$"https://d-nb.info/gnd/4029869-3"
"472"$"4° Ms. chem. 63"$"https://orka.bibliothek.uni-kassel.de/viewer/api/v1/records/1540460218334/manifest/"$"https://orka.bibliothek.uni-kassel.de/viewer/image/1540460218334/"$"https://orka.bibliothek.uni-kassel.de/viewer/api/v1/records/1540460218334/files/images/00000001.tif/full/!400,400/0/default.jpg"$"Komplett"$"Original"$"Standard"$"Einzelseite"$"2018"$"2018"$"Universitätsbibliothek Landes- und Murhardsche Bibliothek der Stadt Kassel"$"https://d-nb.info/gnd/10008839-9"$"Kassel"$"https://d-nb.info/gnd/4029869-3"$"Universitätsbibliothek Landes- und Murhardsche Bibliothek der Stadt Kassel"$"https://d-nb.info/gnd/10008839-9"$"Kassel"$"https://d-nb.info/gnd/4029869-3"
"473"$"4° Ms. chem. 64"$"https://orka.bibliothek.uni-kassel.de/viewer/api/v1/records/1449226835513/manifest/"$"https://orka.bibliothek.uni-kassel.de/viewer/image/1449226835513/"$"https://orka.bibliothek.uni-kassel.de/viewer/api/v1/records/1449226835513/files/images/00000001.tif/full/!400,400/0/default.jpg"$"Komplett"$"Original"$"Standard"$"Einzelseite"$"2015"$"2015"$"Universitätsbibliothek Landes- und Murhardsche Bibliothek der Stadt Kassel"$"https://d-nb.info/gnd/10008839-9"$"Kassel"$"https://d-nb.info/gnd/4029869-3"$"Universitätsbibliothek Landes- und Murhardsche Bibliothek der Stadt Kassel"$"https://d-nb.info/gnd/10008839-9"$"Kassel"$"https://d-nb.info/gnd/4029869-3"
"474"$"4° Ms. chem. 65"$"https://orka.bibliothek.uni-kassel.de/viewer/api/v1/records/1550557703218/manifest/"$"https://orka.bibliothek.uni-kassel.de/viewer/image/1550557703218/"$"https://orka.bibliothek.uni-kassel.de/viewer/api/v1/records/1550557703218/files/images/00000001.tif/full/!400,400/0/default.jpg"$"Komplett"$"Original"$"Standard"$"Einzelseite"$"2019"$"2019"$"Universitätsbibliothek Landes- und Murhardsche Bibliothek der Stadt Kassel"$"https://d-nb.info/gnd/10008839-9"$"Kassel"$"https://d-nb.info/gnd/4029869-3"$"Universitätsbibliothek Landes- und Murhardsche Bibliothek der Stadt Kassel"$"https://d-nb.info/gnd/10008839-9"$"Kassel"$"https://d-nb.info/gnd/4029869-3"
"475"$"4° Ms. chem. 66"$"https://orka.bibliothek.uni-kassel.de/viewer/api/v1/records/1549892239526/manifest/"$"https://orka.bibliothek.uni-kassel.de/viewer/image/1549892239526/"$"https://orka.bibliothek.uni-kassel.de/viewer/api/v1/records/1549892239526/files/images/00000001.tif/full/!400,400/0/default.jpg"$"Komplett"$"Original"$"Standard"$"Einzelseite"$"2019"$"2019"$"Universitätsbibliothek Landes- und Murhardsche Bibliothek der Stadt Kassel"$"https://d-nb.info/gnd/10008839-9"$"Kassel"$"https://d-nb.info/gnd/4029869-3"$"Universitätsbibliothek Landes- und Murhardsche Bibliothek der Stadt Kassel"$"https://d-nb.info/gnd/10008839-9"$"Kassel"$"https://d-nb.info/gnd/4029869-3"
"476"$"4° Ms. chem. 67"$"https://orka.bibliothek.uni-kassel.de/viewer/api/v1/records/1462953026512/manifest/"$"https://orka.bibliothek.uni-kassel.de/viewer/image/1462953026512/"$"https://orka.bibliothek.uni-kassel.de/viewer/api/v1/records/1462953026512/files/images/00000001.tif/full/!400,400/0/default.jpg"$"Komplett"$"Original"$"Standard"$"Einzelseite"$"2016"$"2016"$"Universitätsbibliothek Landes- und Murhardsche Bibliothek der Stadt Kassel"$"https://d-nb.info/gnd/10008839-9"$"Kassel"$"https://d-nb.info/gnd/4029869-3"$"Universitätsbibliothek Landes- und Murhardsche Bibliothek der Stadt Kassel"$"https://d-nb.info/gnd/10008839-9"$"Kassel"$"https://d-nb.info/gnd/4029869-3"
"477"$"4° Ms. chem. 68"$"https://orka.bibliothek.uni-kassel.de/viewer/api/v1/records/1550557846348/manifest/"$"https://orka.bibliothek.uni-kassel.de/viewer/image/1550557846348/"$"https://orka.bibliothek.uni-kassel.de/viewer/api/v1/records/1550557846348/files/images/00000001.tif/full/!400,400/0/default.jpg"$"Komplett"$"Original"$"Standard"$"Einzelseite"$"2019"$"2019"$"Universitätsbibliothek Landes- und Murhardsche Bibliothek der Stadt Kassel"$"https://d-nb.info/gnd/10008839-9"$"Kassel"$"https://d-nb.info/gnd/4029869-3"$"Universitätsbibliothek Landes- und Murhardsche Bibliothek der Stadt Kassel"$"https://d-nb.info/gnd/10008839-9"$"Kassel"$"https://d-nb.info/gnd/4029869-3"
"478"$"4° Ms. chem. 69"$"https://orka.bibliothek.uni-kassel.de/viewer/api/v1/records/1480066845459/manifest/"$"https://orka.bibliothek.uni-kassel.de/viewer/image/1480066845459/"$"https://orka.bibliothek.uni-kassel.de/viewer/api/v1/records/1480066845459/files/images/00000001.tif/full/!400,400/0/default.jpg"$"Komplett"$"Original"$"Standard"$"Einzelseite"$"2016"$"2016"$"Universitätsbibliothek Landes- und Murhardsche Bibliothek der Stadt Kassel"$"https://d-nb.info/gnd/10008839-9"$"Kassel"$"https://d-nb.info/gnd/4029869-3"$"Universitätsbibliothek Landes- und Murhardsche Bibliothek der Stadt Kassel"$"https://d-nb.info/gnd/10008839-9"$"Kassel"$"https://d-nb.info/gnd/4029869-3"
"479"$"4° Ms. chem. 7"$"https://orka.bibliothek.uni-kassel.de/viewer/api/v1/records/1529927969956/manifest/"$"https://orka.bibliothek.uni-kassel.de/viewer/image/1529927969956/"$"https://orka.bibliothek.uni-kassel.de/viewer/api/v1/records/1529927969956/files/images/00000001.tif/full/!400,400/0/default.jpg"$"Komplett"$"Original"$"Standard"$"Einzelseite"$"2018"$"2018"$"Universitätsbibliothek Landes- und Murhardsche Bibliothek der Stadt Kassel"$"https://d-nb.info/gnd/10008839-9"$"Kassel"$"https://d-nb.info/gnd/4029869-3"$"Universitätsbibliothek Landes- und Murhardsche Bibliothek der Stadt Kassel"$"https://d-nb.info/gnd/10008839-9"$"Kassel"$"https://d-nb.info/gnd/4029869-3"
"480"$"4° Ms. chem. 70"$"https://orka.bibliothek.uni-kassel.de/viewer/api/v1/records/1550147864899/manifest/"$"https://orka.bibliothek.uni-kassel.de/viewer/image/1550147864899/"$"https://orka.bibliothek.uni-kassel.de/viewer/api/v1/records/1550147864899/files/images/00000001.tif/full/!400,400/0/default.jpg"$"Komplett"$"Original"$"Standard"$"Einzelseite"$"2019"$"2019"$"Universitätsbibliothek Landes- und Murhardsche Bibliothek der Stadt Kassel"$"https://d-nb.info/gnd/10008839-9"$"Kassel"$"https://d-nb.info/gnd/4029869-3"$"Universitätsbibliothek Landes- und Murhardsche Bibliothek der Stadt Kassel"$"https://d-nb.info/gnd/10008839-9"$"Kassel"$"https://d-nb.info/gnd/4029869-3"
"481"$"4° Ms. chem. 71"$"https://orka.bibliothek.uni-kassel.de/viewer/api/v1/records/1550234881724/manifest/"$"https://orka.bibliothek.uni-kassel.de/viewer/image/1550234881724/"$"https://orka.bibliothek.uni-kassel.de/viewer/api/v1/records/1550234881724/files/images/00000001.tif/full/!400,400/0/default.jpg"$"Komplett"$"Original"$"Standard"$"Einzelseite"$"2019"$"2019"$"Universitätsbibliothek Landes- und Murhardsche Bibliothek der Stadt Kassel"$"https://d-nb.info/gnd/10008839-9"$"Kassel"$"https://d-nb.info/gnd/4029869-3"$"Universitätsbibliothek Landes- und Murhardsche Bibliothek der Stadt Kassel"$"https://d-nb.info/gnd/10008839-9"$"Kassel"$"https://d-nb.info/gnd/4029869-3"
"482"$"4° Ms. chem. 72"$"https://orka.bibliothek.uni-kassel.de/viewer/api/v1/records/1493107578880/manifest/"$"https://orka.bibliothek.uni-kassel.de/viewer/image/1493107578880/"$"https://orka.bibliothek.uni-kassel.de/viewer/api/v1/records/1493107578880/files/images/00000001.tif/full/!400,400/0/default.jpg"$"Komplett"$"Original"$"Standard"$"Einzelseite"$"2017"$"2017"$"Universitätsbibliothek Landes- und Murhardsche Bibliothek der Stadt Kassel"$"https://d-nb.info/gnd/10008839-9"$"Kassel"$"https://d-nb.info/gnd/4029869-3"$"Universitätsbibliothek Landes- und Murhardsche Bibliothek der Stadt Kassel"$"https://d-nb.info/gnd/10008839-9"$"Kassel"$"https://d-nb.info/gnd/4029869-3"
"483"$"4° Ms. chem. 73"$"https://orka.bibliothek.uni-kassel.de/viewer/api/v1/records/1550147333249/manifest/"$"https://orka.bibliothek.uni-kassel.de/viewer/image/1550147333249/"$"https://orka.bibliothek.uni-kassel.de/viewer/api/v1/records/1550147333249/files/images/00000001.tif/full/!400,400/0/default.jpg"$"Komplett"$"Original"$"Standard"$"Einzelseite"$"2019"$"2019"$"Universitätsbibliothek Landes- und Murhardsche Bibliothek der Stadt Kassel"$"https://d-nb.info/gnd/10008839-9"$"Kassel"$"https://d-nb.info/gnd/4029869-3"$"Universitätsbibliothek Landes- und Murhardsche Bibliothek der Stadt Kassel"$"https://d-nb.info/gnd/10008839-9"$"Kassel"$"https://d-nb.info/gnd/4029869-3"
"484"$"4° Ms. chem. 74"$"https://orka.bibliothek.uni-kassel.de/viewer/api/v1/records/1550656625202/manifest/"$"https://orka.bibliothek.uni-kassel.de/viewer/image/1550656625202/"$"https://orka.bibliothek.uni-kassel.de/viewer/api/v1/records/1550656625202/files/images/00000001.tif/full/!400,400/0/default.jpg"$"Komplett"$"Original"$"Standard"$"Einzelseite"$"2019"$"2019"$"Universitätsbibliothek Landes- und Murhardsche Bibliothek der Stadt Kassel"$"https://d-nb.info/gnd/10008839-9"$"Kassel"$"https://d-nb.info/gnd/4029869-3"$"Universitätsbibliothek Landes- und Murhardsche Bibliothek der Stadt Kassel"$"https://d-nb.info/gnd/10008839-9"$"Kassel"$"https://d-nb.info/gnd/4029869-3"
"485"$"4° Ms. chem. 75"$"https://orka.bibliothek.uni-kassel.de/viewer/api/v1/records/1550656736383/manifest/"$"https://orka.bibliothek.uni-kassel.de/viewer/image/1550656736383/"$"https://orka.bibliothek.uni-kassel.de/viewer/api/v1/records/1550656736383/files/images/00000001.tif/full/!400,400/0/default.jpg"$"Komplett"$"Original"$"Standard"$"Einzelseite"$"2019"$"2019"$"Universitätsbibliothek Landes- und Murhardsche Bibliothek der Stadt Kassel"$"https://d-nb.info/gnd/10008839-9"$"Kassel"$"https://d-nb.info/gnd/4029869-3"$"Universitätsbibliothek Landes- und Murhardsche Bibliothek der Stadt Kassel"$"https://d-nb.info/gnd/10008839-9"$"Kassel"$"https://d-nb.info/gnd/4029869-3"
"486"$"4° Ms. chem. 76"$"https://orka.bibliothek.uni-kassel.de/viewer/api/v1/records/1551105187103/manifest/"$"https://orka.bibliothek.uni-kassel.de/viewer/image/1551105187103/"$"https://orka.bibliothek.uni-kassel.de/viewer/api/v1/records/1551105187103/files/images/00000001.tif/full/!400,400/0/default.jpg"$"Komplett"$"Original"$"Standard"$"Einzelseite"$"2019"$"2019"$"Universitätsbibliothek Landes- und Murhardsche Bibliothek der Stadt Kassel"$"https://d-nb.info/gnd/10008839-9"$"Kassel"$"https://d-nb.info/gnd/4029869-3"$"Universitätsbibliothek Landes- und Murhardsche Bibliothek der Stadt Kassel"$"https://d-nb.info/gnd/10008839-9"$"Kassel"$"https://d-nb.info/gnd/4029869-3"
"487"$"4° Ms. chem. 77"$"https://orka.bibliothek.uni-kassel.de/viewer/api/v1/records/1551105313018/manifest/"$"https://orka.bibliothek.uni-kassel.de/viewer/image/1551105313018/"$"https://orka.bibliothek.uni-kassel.de/viewer/api/v1/records/1551105313018/files/images/00000001.tif/full/!400,400/0/default.jpg"$"Komplett"$"Original"$"Standard"$"Einzelseite"$"2019"$"2019"$"Universitätsbibliothek Landes- und Murhardsche Bibliothek der Stadt Kassel"$"https://d-nb.info/gnd/10008839-9"$"Kassel"$"https://d-nb.info/gnd/4029869-3"$"Universitätsbibliothek Landes- und Murhardsche Bibliothek der Stadt Kassel"$"https://d-nb.info/gnd/10008839-9"$"Kassel"$"https://d-nb.info/gnd/4029869-3"
"488"$"4° Ms. chem. 78"$"https://orka.bibliothek.uni-kassel.de/viewer/api/v1/records/1551105384387/manifest/"$"https://orka.bibliothek.uni-kassel.de/viewer/image/1551105384387/"$"https://orka.bibliothek.uni-kassel.de/viewer/api/v1/records/1551105384387/files/images/00000001.tif/full/!400,400/0/default.jpg"$"Komplett"$"Original"$"Standard"$"Einzelseite"$"2019"$"2019"$"Universitätsbibliothek Landes- und Murhardsche Bibliothek der Stadt Kassel"$"https://d-nb.info/gnd/10008839-9"$"Kassel"$"https://d-nb.info/gnd/4029869-3"$"Universitätsbibliothek Landes- und Murhardsche Bibliothek der Stadt Kassel"$"https://d-nb.info/gnd/10008839-9"$"Kassel"$"https://d-nb.info/gnd/4029869-3"
"489"$"4° Ms. chem. 79"$"https://orka.bibliothek.uni-kassel.de/viewer/api/v1/records/1551692345633/manifest/"$"https://orka.bibliothek.uni-kassel.de/viewer/image/1551692345633/"$"https://orka.bibliothek.uni-kassel.de/viewer/api/v1/records/1551692345633/files/images/00000001.tif/full/!400,400/0/default.jpg"$"Komplett"$"Original"$"Standard"$"Einzelseite"$"2019"$"2019"$"Universitätsbibliothek Landes- und Murhardsche Bibliothek der Stadt Kassel"$"https://d-nb.info/gnd/10008839-9"$"Kassel"$"https://d-nb.info/gnd/4029869-3"$"Universitätsbibliothek Landes- und Murhardsche Bibliothek der Stadt Kassel"$"https://d-nb.info/gnd/10008839-9"$"Kassel"$"https://d-nb.info/gnd/4029869-3"
"490"$"4° Ms. chem. 8"$"https://orka.bibliothek.uni-kassel.de/viewer/api/v1/records/1463471191467/manifest/"$"https://orka.bibliothek.uni-kassel.de/viewer/image/1463471191467/"$"https://orka.bibliothek.uni-kassel.de/viewer/api/v1/records/1463471191467/files/images/00000001.tif/full/!400,400/0/default.jpg"$"Komplett"$"Original"$"Standard"$"Einzelseite"$"2016"$"2016"$"Universitätsbibliothek Landes- und Murhardsche Bibliothek der Stadt Kassel"$"https://d-nb.info/gnd/10008839-9"$"Kassel"$"https://d-nb.info/gnd/4029869-3"$"Universitätsbibliothek Landes- und Murhardsche Bibliothek der Stadt Kassel"$"https://d-nb.info/gnd/10008839-9"$"Kassel"$"https://d-nb.info/gnd/4029869-3"
"491"$"4° Ms. chem. 80"$"https://orka.bibliothek.uni-kassel.de/viewer/api/v1/records/1551693104351/manifest/"$"https://orka.bibliothek.uni-kassel.de/viewer/image/1551693104351/"$"https://orka.bibliothek.uni-kassel.de/viewer/api/v1/records/1551693104351/files/images/00000001.tif/full/!400,400/0/default.jpg"$"Komplett"$"Original"$"Standard"$"Einzelseite"$"2019"$"2019"$"Universitätsbibliothek Landes- und Murhardsche Bibliothek der Stadt Kassel"$"https://d-nb.info/gnd/10008839-9"$"Kassel"$"https://d-nb.info/gnd/4029869-3"$"Universitätsbibliothek Landes- und Murhardsche Bibliothek der Stadt Kassel"$"https://d-nb.info/gnd/10008839-9"$"Kassel"$"https://d-nb.info/gnd/4029869-3"
"492"$"4° Ms. chem. 81"$"https://orka.bibliothek.uni-kassel.de/viewer/api/v1/records/1377848621112/manifest/"$"https://orka.bibliothek.uni-kassel.de/viewer/image/1377848621112/"$"https://orka.bibliothek.uni-kassel.de/viewer/api/v1/records/1377848621112/files/images/00000001.tif/full/!400,400/0/default.jpg"$"Komplett"$"Original"$"Standard"$"Einzelseite"$"2013"$"2013"$"Universitätsbibliothek Landes- und Murhardsche Bibliothek der Stadt Kassel"$"https://d-nb.info/gnd/10008839-9"$"Kassel"$"https://d-nb.info/gnd/4029869-3"$"Universitätsbibliothek Landes- und Murhardsche Bibliothek der Stadt Kassel"$"https://d-nb.info/gnd/10008839-9"$"Kassel"$"https://d-nb.info/gnd/4029869-3"
"493"$"4° Ms. chem. 82"$"https://orka.bibliothek.uni-kassel.de/viewer/api/v1/records/1347346981575/manifest/"$"https://orka.bibliothek.uni-kassel.de/viewer/image/1347346981575/"$"https://orka.bibliothek.uni-kassel.de/viewer/api/v1/records/1347346981575/files/images/00000001.tif/full/!400,400/0/default.jpg"$"Komplett"$"Original"$"Standard"$"Einzelseite"$"2012"$"2012"$"Universitätsbibliothek Landes- und Murhardsche Bibliothek der Stadt Kassel"$"https://d-nb.info/gnd/10008839-9"$"Kassel"$"https://d-nb.info/gnd/4029869-3"$"Universitätsbibliothek Landes- und Murhardsche Bibliothek der Stadt Kassel"$"https://d-nb.info/gnd/10008839-9"$"Kassel"$"https://d-nb.info/gnd/4029869-3"
"494"$"4° Ms. chem. 83"$"https://orka.bibliothek.uni-kassel.de/viewer/api/v1/records/1551347190362/manifest/"$"https://orka.bibliothek.uni-kassel.de/viewer/image/1551347190362/"$"https://orka.bibliothek.uni-kassel.de/viewer/api/v1/records/1551347190362/files/images/00000001.tif/full/!400,400/0/default.jpg"$"Komplett"$"Original"$"Standard"$"Einzelseite"$"2019"$"2019"$"Universitätsbibliothek Landes- und Murhardsche Bibliothek der Stadt Kassel"$"https://d-nb.info/gnd/10008839-9"$"Kassel"$"https://d-nb.info/gnd/4029869-3"$"Universitätsbibliothek Landes- und Murhardsche Bibliothek der Stadt Kassel"$"https://d-nb.info/gnd/10008839-9"$"Kassel"$"https://d-nb.info/gnd/4029869-3"
"495"$"4° Ms. chem. 84"$"https://orka.bibliothek.uni-kassel.de/viewer/api/v1/records/1551335837145/manifest/"$"https://orka.bibliothek.uni-kassel.de/viewer/image/1551335837145/"$"https://orka.bibliothek.uni-kassel.de/viewer/api/v1/records/1551335837145/files/images/00000001.tif/full/!400,400/0/default.jpg"$"Komplett"$"Original"$"Standard"$"Einzelseite"$"2019"$"2019"$"Universitätsbibliothek Landes- und Murhardsche Bibliothek der Stadt Kassel"$"https://d-nb.info/gnd/10008839-9"$"Kassel"$"https://d-nb.info/gnd/4029869-3"$"Universitätsbibliothek Landes- und Murhardsche Bibliothek der Stadt Kassel"$"https://d-nb.info/gnd/10008839-9"$"Kassel"$"https://d-nb.info/gnd/4029869-3"
"496"$"4° Ms. chem. 85"$"https://orka.bibliothek.uni-kassel.de/viewer/api/v1/records/1551693322734/manifest/"$"https://orka.bibliothek.uni-kassel.de/viewer/image/1551693322734/"$"https://orka.bibliothek.uni-kassel.de/viewer/api/v1/records/1551693322734/files/images/00000001.tif/full/!400,400/0/default.jpg"$"Komplett"$"Original"$"Standard"$"Einzelseite"$"2019"$"2019"$"Universitätsbibliothek Landes- und Murhardsche Bibliothek der Stadt Kassel"$"https://d-nb.info/gnd/10008839-9"$"Kassel"$"https://d-nb.info/gnd/4029869-3"$"Universitätsbibliothek Landes- und Murhardsche Bibliothek der Stadt Kassel"$"https://d-nb.info/gnd/10008839-9"$"Kassel"$"https://d-nb.info/gnd/4029869-3"
"497"$"4° Ms. chem. 86"$"https://orka.bibliothek.uni-kassel.de/viewer/api/v1/records/1551693474206/manifest/"$"https://orka.bibliothek.uni-kassel.de/viewer/image/1551693474206/"$"https://orka.bibliothek.uni-kassel.de/viewer/api/v1/records/1551693474206/files/images/00000001.tif/full/!400,400/0/default.jpg"$"Komplett"$"Original"$"Standard"$"Einzelseite"$"2019"$"2019"$"Universitätsbibliothek Landes- und Murhardsche Bibliothek der Stadt Kassel"$"https://d-nb.info/gnd/10008839-9"$"Kassel"$"https://d-nb.info/gnd/4029869-3"$"Universitätsbibliothek Landes- und Murhardsche Bibliothek der Stadt Kassel"$"https://d-nb.info/gnd/10008839-9"$"Kassel"$"https://d-nb.info/gnd/4029869-3"
"498"$"4° Ms. chem. 87"$"https://orka.bibliothek.uni-kassel.de/viewer/api/v1/records/1552049143762/manifest/"$"https://orka.bibliothek.uni-kassel.de/viewer/image/1552049143762/"$"https://orka.bibliothek.uni-kassel.de/viewer/api/v1/records/1552049143762/files/images/00000001.tif/full/!400,400/0/default.jpg"$"Komplett"$"Original"$"Standard"$"Einzelseite"$"2019"$"2019"$"Universitätsbibliothek Landes- und Murhardsche Bibliothek der Stadt Kassel"$"https://d-nb.info/gnd/10008839-9"$"Kassel"$"https://d-nb.info/gnd/4029869-3"$"Universitätsbibliothek Landes- und Murhardsche Bibliothek der Stadt Kassel"$"https://d-nb.info/gnd/10008839-9"$"Kassel"$"https://d-nb.info/gnd/4029869-3"
"499"$"4° Ms. chem. 88"$"https://orka.bibliothek.uni-kassel.de/viewer/api/v1/records/1552048962924/manifest/"$"https://orka.bibliothek.uni-kassel.de/viewer/image/1552048962924/"$"https://orka.bibliothek.uni-kassel.de/viewer/api/v1/records/1552048962924/files/images/00000001.tif/full/!400,400/0/default.jpg"$"Komplett"$"Original"$"Standard"$"Einzelseite"$"2019"$"2019"$"Universitätsbibliothek Landes- und Murhardsche Bibliothek der Stadt Kassel"$"https://d-nb.info/gnd/10008839-9"$"Kassel"$"https://d-nb.info/gnd/4029869-3"$"Universitätsbibliothek Landes- und Murhardsche Bibliothek der Stadt Kassel"$"https://d-nb.info/gnd/10008839-9"$"Kassel"$"https://d-nb.info/gnd/4029869-3"
"500"$"4° Ms. chem. 89"$"https://orka.bibliothek.uni-kassel.de/viewer/api/v1/records/1552048604210/manifest/"$"https://orka.bibliothek.uni-kassel.de/viewer/image/1552048604210/"$"https://orka.bibliothek.uni-kassel.de/viewer/api/v1/records/1552048604210/files/images/00000001.tif/full/!400,400/0/default.jpg"$"Komplett"$"Original"$"Standard"$"Einzelseite"$"2019"$"2019"$"Universitätsbibliothek Landes- und Murhardsche Bibliothek der Stadt Kassel"$"https://d-nb.info/gnd/10008839-9"$"Kassel"$"https://d-nb.info/gnd/4029869-3"$"Universitätsbibliothek Landes- und Murhardsche Bibliothek der Stadt Kassel"$"https://d-nb.info/gnd/10008839-9"$"Kassel"$"https://d-nb.info/gnd/4029869-3"
"501"$"4° Ms. chem. 9"$"https://orka.bibliothek.uni-kassel.de/viewer/api/v1/records/1480066487309/manifest/"$"https://orka.bibliothek.uni-kassel.de/viewer/image/1480066487309/"$"https://orka.bibliothek.uni-kassel.de/viewer/api/v1/records/1480066487309/files/images/00000001.tif/full/!400,400/0/default.jpg"$"Komplett"$"Original"$"Standard"$"Einzelseite"$"2016"$"2016"$"Universitätsbibliothek Landes- und Murhardsche Bibliothek der Stadt Kassel"$"https://d-nb.info/gnd/10008839-9"$"Kassel"$"https://d-nb.info/gnd/4029869-3"$"Universitätsbibliothek Landes- und Murhardsche Bibliothek der Stadt Kassel"$"https://d-nb.info/gnd/10008839-9"$"Kassel"$"https://d-nb.info/gnd/4029869-3"
"502"$"4° Ms. chem. 90"$"https://orka.bibliothek.uni-kassel.de/viewer/api/v1/records/1552300286418/manifest/"$"https://orka.bibliothek.uni-kassel.de/viewer/image/1552300286418/"$"https://orka.bibliothek.uni-kassel.de/viewer/api/v1/records/1552300286418/files/images/00000001.tif/full/!400,400/0/default.jpg"$"Komplett"$"Original"$"Standard"$"Einzelseite"$"2019"$"2019"$"Universitätsbibliothek Landes- und Murhardsche Bibliothek der Stadt Kassel"$"https://d-nb.info/gnd/10008839-9"$"Kassel"$"https://d-nb.info/gnd/4029869-3"$"Universitätsbibliothek Landes- und Murhardsche Bibliothek der Stadt Kassel"$"https://d-nb.info/gnd/10008839-9"$"Kassel"$"https://d-nb.info/gnd/4029869-3"
"503"$"4° Ms. chem. 91"$"https://orka.bibliothek.uni-kassel.de/viewer/api/v1/records/1552300487434/manifest/"$"https://orka.bibliothek.uni-kassel.de/viewer/image/1552300487434/"$"https://orka.bibliothek.uni-kassel.de/viewer/api/v1/records/1552300487434/files/images/00000001.tif/full/!400,400/0/default.jpg"$"Komplett"$"Original"$"Standard"$"Einzelseite"$"2019"$"2019"$"Universitätsbibliothek Landes- und Murhardsche Bibliothek der Stadt Kassel"$"https://d-nb.info/gnd/10008839-9"$"Kassel"$"https://d-nb.info/gnd/4029869-3"$"Universitätsbibliothek Landes- und Murhardsche Bibliothek der Stadt Kassel"$"https://d-nb.info/gnd/10008839-9"$"Kassel"$"https://d-nb.info/gnd/4029869-3"
"504"$"4° Ms. chem. 92"$"https://orka.bibliothek.uni-kassel.de/viewer/api/v1/records/1552300647399/manifest/"$"https://orka.bibliothek.uni-kassel.de/viewer/image/1552300647399/"$"https://orka.bibliothek.uni-kassel.de/viewer/api/v1/records/1552300647399/files/images/00000001.tif/full/!400,400/0/default.jpg"$"Komplett"$"Original"$"Standard"$"Einzelseite"$"2019"$"2019"$"Universitätsbibliothek Landes- und Murhardsche Bibliothek der Stadt Kassel"$"https://d-nb.info/gnd/10008839-9"$"Kassel"$"https://d-nb.info/gnd/4029869-3"$"Universitätsbibliothek Landes- und Murhardsche Bibliothek der Stadt Kassel"$"https://d-nb.info/gnd/10008839-9"$"Kassel"$"https://d-nb.info/gnd/4029869-3"
"505"$"4° Ms. chem. 93"$"https://orka.bibliothek.uni-kassel.de/viewer/api/v1/records/1552312875845/manifest/"$"https://orka.bibliothek.uni-kassel.de/viewer/image/1552312875845/"$"https://orka.bibliothek.uni-kassel.de/viewer/api/v1/records/1552312875845/files/images/00000001.tif/full/!400,400/0/default.jpg"$"Komplett"$"Original"$"Standard"$"Einzelseite"$"2019"$"2019"$"Universitätsbibliothek Landes- und Murhardsche Bibliothek der Stadt Kassel"$"https://d-nb.info/gnd/10008839-9"$"Kassel"$"https://d-nb.info/gnd/4029869-3"$"Universitätsbibliothek Landes- und Murhardsche Bibliothek der Stadt Kassel"$"https://d-nb.info/gnd/10008839-9"$"Kassel"$"https://d-nb.info/gnd/4029869-3"
"506"$"4° Ms. chem. 94"$"https://orka.bibliothek.uni-kassel.de/viewer/api/v1/records/1553696020477/manifest/"$"https://orka.bibliothek.uni-kassel.de/viewer/image/1553696020477/"$"https://orka.bibliothek.uni-kassel.de/viewer/api/v1/records/1553696020477/files/images/00000001.tif/full/!400,400/0/default.jpg"$"Komplett"$"Original"$"Standard"$"Einzelseite"$"2019"$"2019"$"Universitätsbibliothek Landes- und Murhardsche Bibliothek der Stadt Kassel"$"https://d-nb.info/gnd/10008839-9"$"Kassel"$"https://d-nb.info/gnd/4029869-3"$"Universitätsbibliothek Landes- und Murhardsche Bibliothek der Stadt Kassel"$"https://d-nb.info/gnd/10008839-9"$"Kassel"$"https://d-nb.info/gnd/4029869-3"
"507"$"4° Ms. chem. 95"$"https://orka.bibliothek.uni-kassel.de/viewer/api/v1/records/1516358008508/manifest/"$"https://orka.bibliothek.uni-kassel.de/viewer/image/1516358008508/"$"https://orka.bibliothek.uni-kassel.de/viewer/api/v1/records/1516358008508/files/images/00000001.tif/full/!400,400/0/default.jpg"$"Komplett"$"Original"$"Standard"$"Einzelseite"$"2018"$"2018"$"Universitätsbibliothek Landes- und Murhardsche Bibliothek der Stadt Kassel"$"https://d-nb.info/gnd/10008839-9"$"Kassel"$"https://d-nb.info/gnd/4029869-3"$"Universitätsbibliothek Landes- und Murhardsche Bibliothek der Stadt Kassel"$"https://d-nb.info/gnd/10008839-9"$"Kassel"$"https://d-nb.info/gnd/4029869-3"
"508"$"4° Ms. chem. 96"$"https://orka.bibliothek.uni-kassel.de/viewer/api/v1/records/1557131717567/manifest/"$"https://orka.bibliothek.uni-kassel.de/viewer/image/1557131717567/"$"https://orka.bibliothek.uni-kassel.de/viewer/api/v1/records/1557131717567/files/images/00000001.tif/full/!400,400/0/default.jpg"$"Komplett"$"Original"$"Standard"$"Einzelseite"$"2019"$"2019"$"Universitätsbibliothek Landes- und Murhardsche Bibliothek der Stadt Kassel"$"https://d-nb.info/gnd/10008839-9"$"Kassel"$"https://d-nb.info/gnd/4029869-3"$"Universitätsbibliothek Landes- und Murhardsche Bibliothek der Stadt Kassel"$"https://d-nb.info/gnd/10008839-9"$"Kassel"$"https://d-nb.info/gnd/4029869-3"
"509"$"4° Ms. chem. 97"$"https://orka.bibliothek.uni-kassel.de/viewer/api/v1/records/1420705590926/manifest/"$"https://orka.bibliothek.uni-kassel.de/viewer/image/1420705590926/"$"https://orka.bibliothek.uni-kassel.de/viewer/api/v1/records/1420705590926/files/images/00000001.tif/full/!400,400/0/default.jpg"$"Komplett"$"Original"$"Standard"$"Einzelseite"$"2014"$"2014"$"Universitätsbibliothek Landes- und Murhardsche Bibliothek der Stadt Kassel"$"https://d-nb.info/gnd/10008839-9"$"Kassel"$"https://d-nb.info/gnd/4029869-3"$"Universitätsbibliothek Landes- und Murhardsche Bibliothek der Stadt Kassel"$"https://d-nb.info/gnd/10008839-9"$"Kassel"$"https://d-nb.info/gnd/4029869-3"
"510"$"4° Ms. chem. 98"$"https://orka.bibliothek.uni-kassel.de/viewer/api/v1/records/1553696150244/manifest/"$"https://orka.bibliothek.uni-kassel.de/viewer/image/1553696150244/"$"https://orka.bibliothek.uni-kassel.de/viewer/api/v1/records/1553696150244/files/images/00000001.tif/full/!400,400/0/default.jpg"$"Komplett"$"Original"$"Standard"$"Einzelseite"$"2019"$"2019"$"Universitätsbibliothek Landes- und Murhardsche Bibliothek der Stadt Kassel"$"https://d-nb.info/gnd/10008839-9"$"Kassel"$"https://d-nb.info/gnd/4029869-3"$"Universitätsbibliothek Landes- und Murhardsche Bibliothek der Stadt Kassel"$"https://d-nb.info/gnd/10008839-9"$"Kassel"$"https://d-nb.info/gnd/4029869-3"
"511"$"4° Ms. chem. 99"$"https://orka.bibliothek.uni-kassel.de/viewer/api/v1/records/1432113485409/manifest/"$"https://orka.bibliothek.uni-kassel.de/viewer/image/1432113485409/"$"https://orka.bibliothek.uni-kassel.de/viewer/api/v1/records/1432113485409/files/images/00000001.tif/full/!400,400/0/default.jpg"$"Komplett"$"Original"$"Standard"$"Einzelseite"$"2015"$"2015"$"Universitätsbibliothek Landes- und Murhardsche Bibliothek der Stadt Kassel"$"https://d-nb.info/gnd/10008839-9"$"Kassel"$"https://d-nb.info/gnd/4029869-3"$"Universitätsbibliothek Landes- und Murhardsche Bibliothek der Stadt Kassel"$"https://d-nb.info/gnd/10008839-9"$"Kassel"$"https://d-nb.info/gnd/4029869-3"
"512"$"4° Ms. hist. 12"$"https://orka.bibliothek.uni-kassel.de/viewer/api/v1/records/1349681542981/manifest/"$"https://orka.bibliothek.uni-kassel.de/viewer/image/1349681542981/"$"https://orka.bibliothek.uni-kassel.de/viewer/api/v1/records/1349681542981/files/images/00000001.tif/full/!400,400/0/default.jpg"$"Komplett"$"Original"$"Standard"$"Doppelseite"$"2012"$"2012"$"Universitätsbibliothek Landes- und Murhardsche Bibliothek der Stadt Kassel"$"https://d-nb.info/gnd/10008839-9"$"Kassel"$"https://d-nb.info/gnd/4029869-3"$"Universitätsbibliothek Landes- und Murhardsche Bibliothek der Stadt Kassel"$"https://d-nb.info/gnd/10008839-9"$"Kassel"$"https://d-nb.info/gnd/4029869-3"
"513"$"4° Ms. hist. 31"$"https://orka.bibliothek.uni-kassel.de/viewer/api/v1/records/1315294353739/manifest/"$"https://orka.bibliothek.uni-kassel.de/viewer/image/1315294353739/"$"https://orka.bibliothek.uni-kassel.de/viewer/api/v1/records/1315294353739/files/images/00000001.tif/full/!400,400/0/default.jpg"$"Komplett"$"Original"$"Standard"$"Einzelseite"$"2011"$"2011"$"Universitätsbibliothek Landes- und Murhardsche Bibliothek der Stadt Kassel"$"https://d-nb.info/gnd/10008839-9"$"Kassel"$"https://d-nb.info/gnd/4029869-3"$"Universitätsbibliothek Landes- und Murhardsche Bibliothek der Stadt Kassel"$"https://d-nb.info/gnd/10008839-9"$"Kassel"$"https://d-nb.info/gnd/4029869-3"
"514"$"4° Ms. hist. 4"$"https://orka.bibliothek.uni-kassel.de/viewer/api/v1/records/1354617230070/manifest/"$"https://orka.bibliothek.uni-kassel.de/viewer/image/1354617230070/"$"https://orka.bibliothek.uni-kassel.de/viewer/api/v1/records/1354617230070/files/images/00000001.tif/full/!400,400/0/default.jpg"$"Komplett"$"Original"$"Standard"$"Einzelseite"$"2012"$"2012"$"Universitätsbibliothek Landes- und Murhardsche Bibliothek der Stadt Kassel"$"https://d-nb.info/gnd/10008839-9"$"Kassel"$"https://d-nb.info/gnd/4029869-3"$"Universitätsbibliothek Landes- und Murhardsche Bibliothek der Stadt Kassel"$"https://d-nb.info/gnd/10008839-9"$"Kassel"$"https://d-nb.info/gnd/4029869-3"
"515"$"4° Ms. hist. 41"$"https://orka.bibliothek.uni-kassel.de/viewer/api/v1/records/1457952091280/manifest/"$"https://orka.bibliothek.uni-kassel.de/viewer/image/1457952091280/"$"https://orka.bibliothek.uni-kassel.de/viewer/api/v1/records/1457952091280/files/images/00000001.tif/full/!400,400/0/default.jpg"$"Komplett"$"Original"$"Standard"$"Einzelseite"$"2016"$"2016"$"Universitätsbibliothek Landes- und Murhardsche Bibliothek der Stadt Kassel"$"https://d-nb.info/gnd/10008839-9"$"Kassel"$"https://d-nb.info/gnd/4029869-3"$"Universitätsbibliothek Landes- und Murhardsche Bibliothek der Stadt Kassel"$"https://d-nb.info/gnd/10008839-9"$"Kassel"$"https://d-nb.info/gnd/4029869-3"
"516"$"4° Ms. hist. 49"$"https://orka.bibliothek.uni-kassel.de/viewer/api/v1/records/1593512822016/manifest/"$"https://orka.bibliothek.uni-kassel.de/viewer/image/1593512822016/"$"https://orka.bibliothek.uni-kassel.de/viewer/api/v1/records/1593512822016/files/images/000000.tif/full/!400,400/0/default.jpg"$"Komplett"$"Original"$"Standard"$"Einzelseite"$"2020"$"2020"$"Universitätsbibliothek Landes- und Murhardsche Bibliothek der Stadt Kassel"$"https://d-nb.info/gnd/10008839-9"$"Kassel"$"https://d-nb.info/gnd/4029869-3"$"Universitätsbibliothek Landes- und Murhardsche Bibliothek der Stadt Kassel"$"https://d-nb.info/gnd/10008839-9"$"Kassel"$"https://d-nb.info/gnd/4029869-3"
"517"$"4° Ms. hist. 5"$"https://orka.bibliothek.uni-kassel.de/viewer/api/v1/records/1448872743355/manifest/"$"https://orka.bibliothek.uni-kassel.de/viewer/image/1448872743355/"$"https://orka.bibliothek.uni-kassel.de/viewer/api/v1/records/1448872743355/files/images/00000001.tif/full/!400,400/0/default.jpg"$"Komplett"$"Original"$"Standard"$"Einzelseite"$"2015"$"2015"$"Universitätsbibliothek Landes- und Murhardsche Bibliothek der Stadt Kassel"$"https://d-nb.info/gnd/10008839-9"$"Kassel"$"https://d-nb.info/gnd/4029869-3"$"Universitätsbibliothek Landes- und Murhardsche Bibliothek der Stadt Kassel"$"https://d-nb.info/gnd/10008839-9"$"Kassel"$"https://d-nb.info/gnd/4029869-3"
"518"$"4° Ms. hist. 6"$"https://orka.bibliothek.uni-kassel.de/viewer/api/v1/records/1337068205746/manifest/"$"https://orka.bibliothek.uni-kassel.de/viewer/!image/1337068205746/1/-/"$"https://orka.bibliothek.uni-kassel.de/viewer/api/v1/records/1337068205746/files/images/00000001.tif/full/!400,400/0/default.jpg"$"Komplett"$"Original"$"Standard"$"Einzelseite"$"2012"$"2012"$"Universitätsbibliothek Landes- und Murhardsche Bibliothek der Stadt Kassel"$"https://d-nb.info/gnd/10008839-9"$"Kassel"$"https://d-nb.info/gnd/4029869-3"$"Universitätsbibliothek Landes- und Murhardsche Bibliothek der Stadt Kassel"$"https://d-nb.info/gnd/10008839-9"$"Kassel"$"https://d-nb.info/gnd/4029869-3"
"519"$"4° Ms. hist. 71"$"https://orka.bibliothek.uni-kassel.de/viewer/api/v1/records/1650449250008/manifest/"$"https://orka.bibliothek.uni-kassel.de/viewer/image/1650449250008/"$"https://orka.bibliothek.uni-kassel.de/viewer/api/v1/records/1650449250008/files/images/000001.tif/full/!400,400/0/default.jpg"$"Komplett"$"Original"$"Standard"$"Einzelseite"$"2022"$"2022"$"Universitätsbibliothek Landes- und Murhardsche Bibliothek der Stadt Kassel"$"https://d-nb.info/gnd/10008839-9"$"Kassel"$"https://d-nb.info/gnd/4029869-3"$"Universitätsbibliothek Landes- und Murhardsche Bibliothek der Stadt Kassel"$"https://d-nb.info/gnd/10008839-9"$"Kassel"$"https://d-nb.info/gnd/4029869-3"
"520"$"4° Ms. hist. 72[a-c"$"https://orka.bibliothek.uni-kassel.de/viewer/api/v1/records/1336555099295/manifest/"$"https://orka.bibliothek.uni-kassel.de/viewer/image/1336555099295/"$"https://orka.bibliothek.uni-kassel.de/viewer/api/v1/records/1336555099295/files/images/00000001.tif/full/!400,400/0/default.jpg"$"Komplett"$"Original"$"Standard"$"Einzelseite"$"2012"$"2012"$"Universitätsbibliothek Landes- und Murhardsche Bibliothek der Stadt Kassel"$"https://d-nb.info/gnd/10008839-9"$"Kassel"$"https://d-nb.info/gnd/4029869-3"$"Universitätsbibliothek Landes- und Murhardsche Bibliothek der Stadt Kassel"$"https://d-nb.info/gnd/10008839-9"$"Kassel"$"https://d-nb.info/gnd/4029869-3"
"521"$"4° Ms. iurid. 1"$"https://orka.bibliothek.uni-kassel.de/viewer/api/v1/records/1712564336176/manifest/"$"https://orka.bibliothek.uni-kassel.de/viewer/image/1712564336176/"$"https://orka.bibliothek.uni-kassel.de/viewer/api/v1/records/1712564336176/files/images/00000001.tif/full/!400,400/0/default.jpg"$"Komplett"$"Original"$"Standard"$"Einzelseite"$"2024"$"2024"$"Universitätsbibliothek Landes- und Murhardsche Bibliothek der Stadt Kassel"$"https://d-nb.info/gnd/10008839-9"$"Kassel"$"https://d-nb.info/gnd/4029869-3"$"Universitätsbibliothek Landes- und Murhardsche Bibliothek der Stadt Kassel"$"https://d-nb.info/gnd/10008839-9"$"Kassel"$"https://d-nb.info/gnd/4029869-3"
"522"$"4° Ms. iurid. 28"$"https://orka.bibliothek.uni-kassel.de/viewer/api/v1/records/1712059355535/manifest/"$"https://orka.bibliothek.uni-kassel.de/viewer/image/1712059355535/"$"https://orka.bibliothek.uni-kassel.de/viewer/api/v1/records/1712059355535/files/images/000001.tif/full/!400,400/0/default.jpg"$"Komplett"$"Original"$"Standard"$"Einzelseite"$"2024"$"2024"$"Universitätsbibliothek Landes- und Murhardsche Bibliothek der Stadt Kassel"$"https://d-nb.info/gnd/10008839-9"$"Kassel"$"https://d-nb.info/gnd/4029869-3"$"Universitätsbibliothek Landes- und Murhardsche Bibliothek der Stadt Kassel"$"https://d-nb.info/gnd/10008839-9"$"Kassel"$"https://d-nb.info/gnd/4029869-3"
"523"$"4° Ms. iurid. 29"$"https://orka.bibliothek.uni-kassel.de/viewer/api/v1/records/1715850175618/manifest/"$"https://orka.bibliothek.uni-kassel.de/viewer/image/1715850175618/"$"https://orka.bibliothek.uni-kassel.de/viewer/api/v1/records/1715850175618/files/images/000001.tif/full/!400,400/0/default.jpg"$"Komplett"$"Original"$"Standard"$"Einzelseite"$"2024"$"2024"$"Universitätsbibliothek Landes- und Murhardsche Bibliothek der Stadt Kassel"$"https://d-nb.info/gnd/10008839-9"$"Kassel"$"https://d-nb.info/gnd/4029869-3"$"Universitätsbibliothek Landes- und Murhardsche Bibliothek der Stadt Kassel"$"https://d-nb.info/gnd/10008839-9"$"Kassel"$"https://d-nb.info/gnd/4029869-3"
"524"$"4° Ms. iurid. 30"$"https://orka.bibliothek.uni-kassel.de/viewer/api/v1/records/1715006152152/manifest/"$"https://orka.bibliothek.uni-kassel.de/viewer/image/1715006152152/"$"https://orka.bibliothek.uni-kassel.de/viewer/api/v1/records/1715006152152/files/images/00000001.tif/full/!400,400/0/default.jpg"$"Komplett"$"Original"$"Standard"$"Einzelseite"$"2024"$"2024"$"Universitätsbibliothek Landes- und Murhardsche Bibliothek der Stadt Kassel"$"https://d-nb.info/gnd/10008839-9"$"Kassel"$"https://d-nb.info/gnd/4029869-3"$"Universitätsbibliothek Landes- und Murhardsche Bibliothek der Stadt Kassel"$"https://d-nb.info/gnd/10008839-9"$"Kassel"$"https://d-nb.info/gnd/4029869-3"
"525"$"4° Ms. iurid. 31"$"https://orka.bibliothek.uni-kassel.de/viewer/api/v1/records/1713800574760/manifest/"$"https://orka.bibliothek.uni-kassel.de/viewer/image/1713800574760/"$"https://orka.bibliothek.uni-kassel.de/viewer/api/v1/records/1713800574760/files/images/000001.tif/full/!400,400/0/default.jpg"$"Komplett"$"Original"$"Standard"$"Einzelseite"$"2024"$"2024"$"Universitätsbibliothek Landes- und Murhardsche Bibliothek der Stadt Kassel"$"https://d-nb.info/gnd/10008839-9"$"Kassel"$"https://d-nb.info/gnd/4029869-3"$"Universitätsbibliothek Landes- und Murhardsche Bibliothek der Stadt Kassel"$"https://d-nb.info/gnd/10008839-9"$"Kassel"$"https://d-nb.info/gnd/4029869-3"
"526"$"4° Ms. iurid. 32"$"https://orka.bibliothek.uni-kassel.de/viewer/api/v1/records/1716362803402/manifest/"$"https://orka.bibliothek.uni-kassel.de/viewer/image/1716362803402/"$"https://orka.bibliothek.uni-kassel.de/viewer/api/v1/records/1716362803402/files/images/000001.tif/full/!400,400/0/default.jpg"$"Komplett"$"Original"$"Standard"$"Einzelseite"$"2024"$"2024"$"Universitätsbibliothek Landes- und Murhardsche Bibliothek der Stadt Kassel"$"https://d-nb.info/gnd/10008839-9"$"Kassel"$"https://d-nb.info/gnd/4029869-3"$"Universitätsbibliothek Landes- und Murhardsche Bibliothek der Stadt Kassel"$"https://d-nb.info/gnd/10008839-9"$"Kassel"$"https://d-nb.info/gnd/4029869-3"
"527"$"4° Ms. iurid. 33"$"https://orka.bibliothek.uni-kassel.de/viewer/api/v1/records/1716798543582/manifest/"$"https://orka.bibliothek.uni-kassel.de/viewer/image/1716798543582/"$"https://orka.bibliothek.uni-kassel.de/viewer/api/v1/records/1716798543582/files/images/000001.tif/full/!400,400/0/default.jpg"$"Komplett"$"Original"$"Standard"$"Einzelseite"$"2024"$"2024"$"Universitätsbibliothek Landes- und Murhardsche Bibliothek der Stadt Kassel"$"https://d-nb.info/gnd/10008839-9"$"Kassel"$"https://d-nb.info/gnd/4029869-3"$"Universitätsbibliothek Landes- und Murhardsche Bibliothek der Stadt Kassel"$"https://d-nb.info/gnd/10008839-9"$"Kassel"$"https://d-nb.info/gnd/4029869-3"
"528"$"4° Ms. iurid. 34"$"https://orka.bibliothek.uni-kassel.de/viewer/api/v1/records/1715850325090/manifest/"$"https://orka.bibliothek.uni-kassel.de/viewer/image/1715850325090/"$"https://orka.bibliothek.uni-kassel.de/viewer/api/v1/records/1715850325090/files/images/000001.tif/full/!400,400/0/default.jpg"$"Komplett"$"Original"$"Standard"$"Einzelseite"$"2024"$"2024"$"Universitätsbibliothek Landes- und Murhardsche Bibliothek der Stadt Kassel"$"https://d-nb.info/gnd/10008839-9"$"Kassel"$"https://d-nb.info/gnd/4029869-3"$"Universitätsbibliothek Landes- und Murhardsche Bibliothek der Stadt Kassel"$"https://d-nb.info/gnd/10008839-9"$"Kassel"$"https://d-nb.info/gnd/4029869-3"
"529"$"4° Ms. iurid. 35"$"https://orka.bibliothek.uni-kassel.de/viewer/api/v1/records/1716798790357/manifest/"$"https://orka.bibliothek.uni-kassel.de/viewer/image/1716798790357/"$"https://orka.bibliothek.uni-kassel.de/viewer/api/v1/records/1716798790357/files/images/000001.tif/full/!400,400/0/default.jpg"$"Komplett"$"Original"$"Standard"$"Einzelseite"$"2024"$"2024"$"Universitätsbibliothek Landes- und Murhardsche Bibliothek der Stadt Kassel"$"https://d-nb.info/gnd/10008839-9"$"Kassel"$"https://d-nb.info/gnd/4029869-3"$"Universitätsbibliothek Landes- und Murhardsche Bibliothek der Stadt Kassel"$"https://d-nb.info/gnd/10008839-9"$"Kassel"$"https://d-nb.info/gnd/4029869-3"
"530"$"4° Ms. iurid. 36"$"https://orka.bibliothek.uni-kassel.de/viewer/api/v1/records/1713800736511/manifest/"$"https://orka.bibliothek.uni-kassel.de/viewer/image/1713800736511/"$"https://orka.bibliothek.uni-kassel.de/viewer/api/v1/records/1713800736511/files/images/00000001.tif/full/!400,400/0/default.jpg"$"Komplett"$"Original"$"Standard"$"Einzelseite"$"2024"$"2024"$"Universitätsbibliothek Landes- und Murhardsche Bibliothek der Stadt Kassel"$"https://d-nb.info/gnd/10008839-9"$"Kassel"$"https://d-nb.info/gnd/4029869-3"$"Universitätsbibliothek Landes- und Murhardsche Bibliothek der Stadt Kassel"$"https://d-nb.info/gnd/10008839-9"$"Kassel"$"https://d-nb.info/gnd/4029869-3"
"531"$"4° Ms. iurid. 37"$"https://orka.bibliothek.uni-kassel.de/viewer/api/v1/records/1713800832542/manifest/"$"https://orka.bibliothek.uni-kassel.de/viewer/image/1713800832542/"$"https://orka.bibliothek.uni-kassel.de/viewer/api/v1/records/1713800832542/files/images/00000001.tif/full/!400,400/0/default.jpg"$"Komplett"$"Original"$"Standard"$"Einzelseite"$"2024"$"2024"$"Universitätsbibliothek Landes- und Murhardsche Bibliothek der Stadt Kassel"$"https://d-nb.info/gnd/10008839-9"$"Kassel"$"https://d-nb.info/gnd/4029869-3"$"Universitätsbibliothek Landes- und Murhardsche Bibliothek der Stadt Kassel"$"https://d-nb.info/gnd/10008839-9"$"Kassel"$"https://d-nb.info/gnd/4029869-3"
"532"$"4° Ms. med. 1"$"https://orka.bibliothek.uni-kassel.de/viewer/api/v1/records/1297331763218/manifest/"$"https://orka.bibliothek.uni-kassel.de/viewer/image/1297331763218/"$"https://orka.bibliothek.uni-kassel.de/viewer/api/v1/records/1297331763218/files/images/00000001.tif/full/!400,400/0/default.jpg"$"Komplett"$"Original"$"Standard"$"Einzelseite"$"2011"$"2011"$"Universitätsbibliothek Landes- und Murhardsche Bibliothek der Stadt Kassel"$"https://d-nb.info/gnd/10008839-9"$"Kassel"$"https://d-nb.info/gnd/4029869-3"$"Universitätsbibliothek Landes- und Murhardsche Bibliothek der Stadt Kassel"$"https://d-nb.info/gnd/10008839-9"$"Kassel"$"https://d-nb.info/gnd/4029869-3"
"533"$"4° Ms. med. 10"$"https://orka.bibliothek.uni-kassel.de/viewer/api/v1/records/1719988100486/manifest/"$"https://orka.bibliothek.uni-kassel.de/viewer/image/1719988100486/"$"https://orka.bibliothek.uni-kassel.de/viewer/api/v1/records/1719988100486/files/images/00000001.tif/full/!400,400/0/default.jpg"$"Komplett"$"Original"$"Standard"$"Einzelseite"$"2024"$"2024"$"Universitätsbibliothek Landes- und Murhardsche Bibliothek der Stadt Kassel"$"https://d-nb.info/gnd/10008839-9"$"Kassel"$"https://d-nb.info/gnd/4029869-3"$"Universitätsbibliothek Landes- und Murhardsche Bibliothek der Stadt Kassel"$"https://d-nb.info/gnd/10008839-9"$"Kassel"$"https://d-nb.info/gnd/4029869-3"
"534"$"4° Ms. med. 12"$"https://orka.bibliothek.uni-kassel.de/viewer/api/v1/records/1555412091951/manifest/"$"https://orka.bibliothek.uni-kassel.de/viewer/image/1555412091951/"$"https://orka.bibliothek.uni-kassel.de/viewer/api/v1/records/1555412091951/files/images/00000001.tif/full/!400,400/0/default.jpg"$"Komplett"$"Original"$"Standard"$"Einzelseite"$"2019"$"2019"$"Universitätsbibliothek Landes- und Murhardsche Bibliothek der Stadt Kassel"$"https://d-nb.info/gnd/10008839-9"$"Kassel"$"https://d-nb.info/gnd/4029869-3"$"Universitätsbibliothek Landes- und Murhardsche Bibliothek der Stadt Kassel"$"https://d-nb.info/gnd/10008839-9"$"Kassel"$"https://d-nb.info/gnd/4029869-3"
"535"$"4° Ms. med. 14"$"https://orka.bibliothek.uni-kassel.de/viewer/api/v1/records/1719987953247/manifest/"$"https://orka.bibliothek.uni-kassel.de/viewer/image/1719987953247/"$"https://orka.bibliothek.uni-kassel.de/viewer/api/v1/records/1719987953247/files/images/00000001.tif/full/!400,400/0/default.jpg"$"Komplett"$"Original"$"Standard"$"Einzelseite"$"2024"$"2024"$"Universitätsbibliothek Landes- und Murhardsche Bibliothek der Stadt Kassel"$"https://d-nb.info/gnd/10008839-9"$"Kassel"$"https://d-nb.info/gnd/4029869-3"$"Universitätsbibliothek Landes- und Murhardsche Bibliothek der Stadt Kassel"$"https://d-nb.info/gnd/10008839-9"$"Kassel"$"https://d-nb.info/gnd/4029869-3"
"536"$"4° Ms. med. 15"$"https://orka.bibliothek.uni-kassel.de/viewer/api/v1/records/1343812029197/manifest/"$"https://orka.bibliothek.uni-kassel.de/viewer/image/1343812029197/"$"https://orka.bibliothek.uni-kassel.de/viewer/api/v1/records/1343812029197/files/images/00000001.tif/full/!400,400/0/default.jpg"$"Komplett"$"Original"$"Standard"$"Einzelseite"$"2012"$"2012"$"Universitätsbibliothek Landes- und Murhardsche Bibliothek der Stadt Kassel"$"https://d-nb.info/gnd/10008839-9"$"Kassel"$"https://d-nb.info/gnd/4029869-3"$"Universitätsbibliothek Landes- und Murhardsche Bibliothek der Stadt Kassel"$"https://d-nb.info/gnd/10008839-9"$"Kassel"$"https://d-nb.info/gnd/4029869-3"
"537"$"4° Ms. med. 16"$"https://orka.bibliothek.uni-kassel.de/viewer/api/v1/records/1720100261938/manifest/"$"https://orka.bibliothek.uni-kassel.de/viewer/image/1720100261938/"$"https://orka.bibliothek.uni-kassel.de/viewer/api/v1/records/1720100261938/files/images/00000001.tif/full/!400,400/0/default.jpg"$"Komplett"$"Original"$"Standard"$"Einzelseite"$"2024"$"2024"$"Universitätsbibliothek Landes- und Murhardsche Bibliothek der Stadt Kassel"$"https://d-nb.info/gnd/10008839-9"$"Kassel"$"https://d-nb.info/gnd/4029869-3"$"Universitätsbibliothek Landes- und Murhardsche Bibliothek der Stadt Kassel"$"https://d-nb.info/gnd/10008839-9"$"Kassel"$"https://d-nb.info/gnd/4029869-3"
"538"$"4° Ms. med. 17"$"https://orka.bibliothek.uni-kassel.de/viewer/api/v1/records/1511872375980/manifest/"$"https://orka.bibliothek.uni-kassel.de/viewer/image/1511872375980/"$"https://orka.bibliothek.uni-kassel.de/viewer/api/v1/records/1511872375980/files/images/00000001.tif/full/!400,400/0/default.jpg"$"Komplett"$"Original"$"Standard"$"Einzelseite"$"2017"$"2017"$"Universitätsbibliothek Landes- und Murhardsche Bibliothek der Stadt Kassel"$"https://d-nb.info/gnd/10008839-9"$"Kassel"$"https://d-nb.info/gnd/4029869-3"$"Universitätsbibliothek Landes- und Murhardsche Bibliothek der Stadt Kassel"$"https://d-nb.info/gnd/10008839-9"$"Kassel"$"https://d-nb.info/gnd/4029869-3"
"539"$"4° Ms. med. 18"$"https://orka.bibliothek.uni-kassel.de/viewer/api/v1/records/1721056176024/manifest/"$"https://orka.bibliothek.uni-kassel.de/viewer/image/1721056176024/"$"https://orka.bibliothek.uni-kassel.de/viewer/api/v1/records/1721056176024/files/images/00000001.tif/full/!400,400/0/default.jpg"$"Komplett"$"Original"$"Standard"$"Einzelseite"$"2024"$"2024"$"Universitätsbibliothek Landes- und Murhardsche Bibliothek der Stadt Kassel"$"https://d-nb.info/gnd/10008839-9"$"Kassel"$"https://d-nb.info/gnd/4029869-3"$"Universitätsbibliothek Landes- und Murhardsche Bibliothek der Stadt Kassel"$"https://d-nb.info/gnd/10008839-9"$"Kassel"$"https://d-nb.info/gnd/4029869-3"
"540"$"4° Ms. med. 19"$"https://orka.bibliothek.uni-kassel.de/viewer/api/v1/records/1611582381032/manifest/"$"https://orka.bibliothek.uni-kassel.de/viewer/image/1611582381032/"$"https://orka.bibliothek.uni-kassel.de/viewer/api/v1/records/1611582381032/files/images/000001.tif/full/!400,400/0/default.jpg"$"Komplett"$"Original"$"Standard"$"Einzelseite"$"2021"$"2021"$"Universitätsbibliothek Landes- und Murhardsche Bibliothek der Stadt Kassel"$"https://d-nb.info/gnd/10008839-9"$"Kassel"$"https://d-nb.info/gnd/4029869-3"$"Universitätsbibliothek Landes- und Murhardsche Bibliothek der Stadt Kassel"$"https://d-nb.info/gnd/10008839-9"$"Kassel"$"https://d-nb.info/gnd/4029869-3"
"541"$"4° Ms. med. 2"$"https://orka.bibliothek.uni-kassel.de/viewer/api/v1/records/1601302324246/manifest/"$"https://orka.bibliothek.uni-kassel.de/viewer/image/1601302324246/"$"https://orka.bibliothek.uni-kassel.de/viewer/api/v1/records/1601302324246/files/images/000001.tif/full/!400,400/0/default.jpg"$"Komplett"$"Original"$"Standard"$"Einzelseite"$"2020"$"2020"$"Universitätsbibliothek Landes- und Murhardsche Bibliothek der Stadt Kassel"$"https://d-nb.info/gnd/10008839-9"$"Kassel"$"https://d-nb.info/gnd/4029869-3"$"Universitätsbibliothek Landes- und Murhardsche Bibliothek der Stadt Kassel"$"https://d-nb.info/gnd/10008839-9"$"Kassel"$"https://d-nb.info/gnd/4029869-3"
"542"$"4° Ms. med. 20"$"https://orka.bibliothek.uni-kassel.de/viewer/api/v1/records/1343811909486/manifest/"$"https://orka.bibliothek.uni-kassel.de/viewer/image/1343811909486/"$"https://orka.bibliothek.uni-kassel.de/viewer/api/v1/records/1343811909486/files/images/00000001.tif/full/!400,400/0/default.jpg"$"Komplett"$"Original"$"Standard"$"Einzelseite"$"2012"$"2012"$"Universitätsbibliothek Landes- und Murhardsche Bibliothek der Stadt Kassel"$"https://d-nb.info/gnd/10008839-9"$"Kassel"$"https://d-nb.info/gnd/4029869-3"$"Universitätsbibliothek Landes- und Murhardsche Bibliothek der Stadt Kassel"$"https://d-nb.info/gnd/10008839-9"$"Kassel"$"https://d-nb.info/gnd/4029869-3"
"543"$"4° Ms. med. 21"$"https://orka.bibliothek.uni-kassel.de/viewer/api/v1/records/1723543740261/manifest/"$"https://orka.bibliothek.uni-kassel.de/viewer/image/1723543740261/"$"https://orka.bibliothek.uni-kassel.de/viewer/api/v1/records/1723543740261/files/images/00000001.tif/full/!400,400/0/default.jpg"$"Komplett"$"Original"$"Standard"$"Einzelseite"$"2024"$"2024"$"Universitätsbibliothek Landes- und Murhardsche Bibliothek der Stadt Kassel"$"https://d-nb.info/gnd/10008839-9"$"Kassel"$"https://d-nb.info/gnd/4029869-3"$"Universitätsbibliothek Landes- und Murhardsche Bibliothek der Stadt Kassel"$"https://d-nb.info/gnd/10008839-9"$"Kassel"$"https://d-nb.info/gnd/4029869-3"
"544"$"4° Ms. med. 23"$"https://orka.bibliothek.uni-kassel.de/viewer/api/v1/records/1721056364871/manifest/"$"https://orka.bibliothek.uni-kassel.de/viewer/image/1721056364871/"$"https://orka.bibliothek.uni-kassel.de/viewer/api/v1/records/1721056364871/files/images/00000001.tif/full/!400,400/0/default.jpg"$"Komplett"$"Original"$"Standard"$"Einzelseite"$"2024"$"2024"$"Universitätsbibliothek Landes- und Murhardsche Bibliothek der Stadt Kassel"$"https://d-nb.info/gnd/10008839-9"$"Kassel"$"https://d-nb.info/gnd/4029869-3"$"Universitätsbibliothek Landes- und Murhardsche Bibliothek der Stadt Kassel"$"https://d-nb.info/gnd/10008839-9"$"Kassel"$"https://d-nb.info/gnd/4029869-3"
"545"$"4° Ms. med. 6"$"https://orka.bibliothek.uni-kassel.de/viewer/api/v1/records/1551860413142/manifest/"$"https://orka.bibliothek.uni-kassel.de/viewer/image/1551860413142/"$"https://orka.bibliothek.uni-kassel.de/viewer/api/v1/records/1551860413142/files/images/00000001.tif/full/!400,400/0/default.jpg"$"Komplett"$"Original"$"Standard"$"Einzelseite"$"2019"$"2019"$"Universitätsbibliothek Landes- und Murhardsche Bibliothek der Stadt Kassel"$"https://d-nb.info/gnd/10008839-9"$"Kassel"$"https://d-nb.info/gnd/4029869-3"$"Universitätsbibliothek Landes- und Murhardsche Bibliothek der Stadt Kassel"$"https://d-nb.info/gnd/10008839-9"$"Kassel"$"https://d-nb.info/gnd/4029869-3"
"546"$"4° Ms. med. 8"$"https://orka.bibliothek.uni-kassel.de/viewer/api/v1/records/1358159248782/manifest/"$"https://orka.bibliothek.uni-kassel.de/viewer/image/1358159248782/"$"https://orka.bibliothek.uni-kassel.de/viewer/api/v1/records/1358159248782/files/images/00000001.tif/full/!400,400/0/default.jpg"$"Komplett"$"Original"$"Standard"$"Einzelseite"$"2013"$"2013"$"Universitätsbibliothek Landes- und Murhardsche Bibliothek der Stadt Kassel"$"https://d-nb.info/gnd/10008839-9"$"Kassel"$"https://d-nb.info/gnd/4029869-3"$"Universitätsbibliothek Landes- und Murhardsche Bibliothek der Stadt Kassel"$"https://d-nb.info/gnd/10008839-9"$"Kassel"$"https://d-nb.info/gnd/4029869-3"
"547"$"4° Ms. med. 9"$"https://orka.bibliothek.uni-kassel.de/viewer/api/v1/records/1723028891911/manifest/"$"https://orka.bibliothek.uni-kassel.de/viewer/image/1723028891911/"$"https://orka.bibliothek.uni-kassel.de/viewer/api/v1/records/1723028891911/files/images/00000001.tif/full/!400,400/0/default.jpg"$"Komplett"$"Original"$"Standard"$"Einzelseite"$"2024"$"2024"$"Universitätsbibliothek Landes- und Murhardsche Bibliothek der Stadt Kassel"$"https://d-nb.info/gnd/10008839-9"$"Kassel"$"https://d-nb.info/gnd/4029869-3"$"Universitätsbibliothek Landes- und Murhardsche Bibliothek der Stadt Kassel"$"https://d-nb.info/gnd/10008839-9"$"Kassel"$"https://d-nb.info/gnd/4029869-3"
"548"$"4° Ms. poet. et roman. 1"$"https://orka.bibliothek.uni-kassel.de/viewer/api/v1/records/1471247243027/manifest/"$"https://orka.bibliothek.uni-kassel.de/viewer/image/1471247243027/"$"https://orka.bibliothek.uni-kassel.de/viewer/api/v1/records/1471247243027/files/images/00000001.tif/full/!400,400/0/default.jpg"$"Komplett"$"Original"$"Standard"$"Einzelseite"$"2016"$"2016"$"Universitätsbibliothek Landes- und Murhardsche Bibliothek der Stadt Kassel"$"https://d-nb.info/gnd/10008839-9"$"Kassel"$"https://d-nb.info/gnd/4029869-3"$"Universitätsbibliothek Landes- und Murhardsche Bibliothek der Stadt Kassel"$"https://d-nb.info/gnd/10008839-9"$"Kassel"$"https://d-nb.info/gnd/4029869-3"
"549"$"4° Ms. poet. et roman. 13"$"https://orka.bibliothek.uni-kassel.de/viewer/api/v1/records/1485180084641/manifest/"$"https://orka.bibliothek.uni-kassel.de/viewer/image/1485180084641/"$"https://orka.bibliothek.uni-kassel.de/viewer/api/v1/records/1485180084641/files/images/00000001.tif/full/!400,400/0/default.jpg"$"Komplett"$"Original"$"Standard"$"Einzelseite"$"2017"$"2017"$"Universitätsbibliothek Landes- und Murhardsche Bibliothek der Stadt Kassel"$"https://d-nb.info/gnd/10008839-9"$"Kassel"$"https://d-nb.info/gnd/4029869-3"$"Universitätsbibliothek Landes- und Murhardsche Bibliothek der Stadt Kassel"$"https://d-nb.info/gnd/10008839-9"$"Kassel"$"https://d-nb.info/gnd/4029869-3"
"550"$"4° Ms. poet. et roman. 14"$"https://orka.bibliothek.uni-kassel.de/viewer/api/v1/records/1531140378366/manifest/"$"https://orka.bibliothek.uni-kassel.de/viewer/image/1531140378366/"$"https://orka.bibliothek.uni-kassel.de/viewer/api/v1/records/1531140378366/files/images/00000001.tif/full/!400,400/0/default.jpg"$"Komplett"$"Original"$"Standard"$"Einzelseite"$"2018"$"2018"$"Universitätsbibliothek Landes- und Murhardsche Bibliothek der Stadt Kassel"$"https://d-nb.info/gnd/10008839-9"$"Kassel"$"https://d-nb.info/gnd/4029869-3"$"Universitätsbibliothek Landes- und Murhardsche Bibliothek der Stadt Kassel"$"https://d-nb.info/gnd/10008839-9"$"Kassel"$"https://d-nb.info/gnd/4029869-3"
"551"$"4° Ms. poet. et roman. 16[1"$"https://orka.bibliothek.uni-kassel.de/viewer/api/v1/records/1478707033412/manifest/"$"https://orka.bibliothek.uni-kassel.de/viewer/image/1478707033412/"$"https://orka.bibliothek.uni-kassel.de/viewer/api/v1/records/1478707033412/files/images/00000001.tif/full/!400,400/0/default.jpg"$"Komplett"$"Original"$"Standard"$"Einzelseite"$"2016"$"2016"$"Universitätsbibliothek Landes- und Murhardsche Bibliothek der Stadt Kassel"$"https://d-nb.info/gnd/10008839-9"$"Kassel"$"https://d-nb.info/gnd/4029869-3"$"Universitätsbibliothek Landes- und Murhardsche Bibliothek der Stadt Kassel"$"https://d-nb.info/gnd/10008839-9"$"Kassel"$"https://d-nb.info/gnd/4029869-3"
"552"$"4° Ms. poet. et roman. 16[2"$"https://orka.bibliothek.uni-kassel.de/viewer/api/v1/records/1478707280736/manifest/"$"https://orka.bibliothek.uni-kassel.de/viewer/image/1478707280736/"$"https://orka.bibliothek.uni-kassel.de/viewer/api/v1/records/1478707280736/files/images/00000001.tif/full/!400,400/0/default.jpg"$"Komplett"$"Original"$"Standard"$"Einzelseite"$"2016"$"2016"$"Universitätsbibliothek Landes- und Murhardsche Bibliothek der Stadt Kassel"$"https://d-nb.info/gnd/10008839-9"$"Kassel"$"https://d-nb.info/gnd/4029869-3"$"Universitätsbibliothek Landes- und Murhardsche Bibliothek der Stadt Kassel"$"https://d-nb.info/gnd/10008839-9"$"Kassel"$"https://d-nb.info/gnd/4029869-3"
"553"$"4° Ms. poet. et roman. 19"$"https://orka.bibliothek.uni-kassel.de/viewer/api/v1/records/1461574892759/manifest/"$"https://orka.bibliothek.uni-kassel.de/viewer/image/1461574892759/"$"https://orka.bibliothek.uni-kassel.de/viewer/api/v1/records/1461574892759/files/images/00000001.tif/full/!400,400/0/default.jpg"$"Komplett"$"Original"$"Standard"$"Einzelseite"$"2016"$"2016"$"Universitätsbibliothek Landes- und Murhardsche Bibliothek der Stadt Kassel"$"https://d-nb.info/gnd/10008839-9"$"Kassel"$"https://d-nb.info/gnd/4029869-3"$"Universitätsbibliothek Landes- und Murhardsche Bibliothek der Stadt Kassel"$"https://d-nb.info/gnd/10008839-9"$"Kassel"$"https://d-nb.info/gnd/4029869-3"
"554"$"4° Ms. poet. et roman. 2"$"https://orka.bibliothek.uni-kassel.de/viewer/api/v1/records/1587978889058/manifest/"$"https://orka.bibliothek.uni-kassel.de/viewer/image/1587978889058/"$"https://orka.bibliothek.uni-kassel.de/viewer/api/v1/records/1587978889058/files/images/000001.tif/full/!400,400/0/default.jpg"$"Komplett"$"Original"$"Standard"$"Einzelseite"$"2020"$"2020"$"Universitätsbibliothek Landes- und Murhardsche Bibliothek der Stadt Kassel"$"https://d-nb.info/gnd/10008839-9"$"Kassel"$"https://d-nb.info/gnd/4029869-3"$"Universitätsbibliothek Landes- und Murhardsche Bibliothek der Stadt Kassel"$"https://d-nb.info/gnd/10008839-9"$"Kassel"$"https://d-nb.info/gnd/4029869-3"
"555"$"4° Ms. poet. et roman. 25[1"$"https://orka.bibliothek.uni-kassel.de/viewer/api/v1/records/1695370332321/manifest/"$"https://orka.bibliothek.uni-kassel.de/viewer/image/1695370332321/"$"https://orka.bibliothek.uni-kassel.de/viewer/api/v1/records/1695370332321/files/images/000001.tif/full/!400,400/0/default.jpg"$"Komplett"$"Original"$"Standard"$"Einzelseite"$"2023"$"2023"$"Universitätsbibliothek Landes- und Murhardsche Bibliothek der Stadt Kassel"$"https://d-nb.info/gnd/10008839-9"$"Kassel"$"https://d-nb.info/gnd/4029869-3"$"Universitätsbibliothek Landes- und Murhardsche Bibliothek der Stadt Kassel"$"https://d-nb.info/gnd/10008839-9"$"Kassel"$"https://d-nb.info/gnd/4029869-3"
"556"$"4° Ms. poet. et roman. 25[3"$"https://orka.bibliothek.uni-kassel.de/viewer/api/v1/records/1695370547389/manifest/"$"https://orka.bibliothek.uni-kassel.de/viewer/image/1695370547389/1/#topDocAnchor"$"https://orka.bibliothek.uni-kassel.de/viewer/api/v1/records/1695370547389/files/images/000001.tif/full/!400,400/0/default.jpg"$"Komplett"$"Original"$"Standard"$"Einzelseite"$"2023"$"2023"$"Universitätsbibliothek Landes- und Murhardsche Bibliothek der Stadt Kassel"$"https://d-nb.info/gnd/10008839-9"$"Kassel"$"https://d-nb.info/gnd/4029869-3"$"Universitätsbibliothek Landes- und Murhardsche Bibliothek der Stadt Kassel"$"https://d-nb.info/gnd/10008839-9"$"Kassel"$"https://d-nb.info/gnd/4029869-3"
"557"$"4° Ms. poet. et roman. 26"$"https://orka.bibliothek.uni-kassel.de/viewer/api/v1/records/1696944011261/manifest/"$"https://orka.bibliothek.uni-kassel.de/viewer/image/1696944011261/"$"https://orka.bibliothek.uni-kassel.de/viewer/api/v1/records/1696944011261/files/images/00000001.tif/full/!400,400/0/default.jpg"$"Komplett"$"Original"$"Standard"$"Einzelseite"$"2023"$"2023"$"Universitätsbibliothek Landes- und Murhardsche Bibliothek der Stadt Kassel"$"https://d-nb.info/gnd/10008839-9"$"Kassel"$"https://d-nb.info/gnd/4029869-3"$"Universitätsbibliothek Landes- und Murhardsche Bibliothek der Stadt Kassel"$"https://d-nb.info/gnd/10008839-9"$"Kassel"$"https://d-nb.info/gnd/4029869-3"
"558"$"4° Ms. poet. et roman. 29"$"https://orka.bibliothek.uni-kassel.de/viewer/api/v1/records/1398416988020/manifest/"$"https://orka.bibliothek.uni-kassel.de/viewer/image/1398416988020/"$"https://orka.bibliothek.uni-kassel.de/viewer/api/v1/records/1398416988020/files/images/00000001.tif/full/!400,400/0/default.jpg"$"Komplett"$"Original"$"Standard"$"Einzelseite"$"2014"$"2014"$"Universitätsbibliothek Landes- und Murhardsche Bibliothek der Stadt Kassel"$"https://d-nb.info/gnd/10008839-9"$"Kassel"$"https://d-nb.info/gnd/4029869-3"$"Universitätsbibliothek Landes- und Murhardsche Bibliothek der Stadt Kassel"$"https://d-nb.info/gnd/10008839-9"$"Kassel"$"https://d-nb.info/gnd/4029869-3"
"559"$"4° Ms. poet. et roman. 33"$"https://orka.bibliothek.uni-kassel.de/viewer/api/v1/records/1696944583090/manifest/"$"https://orka.bibliothek.uni-kassel.de/viewer/image/1696944583090/"$"https://orka.bibliothek.uni-kassel.de/viewer/api/v1/records/1696944583090/files/images/000001.tif/full/!400,400/0/default.jpg"$"Komplett"$"Original"$"Standard"$"Einzelseite"$"2023"$"2023"$"Universitätsbibliothek Landes- und Murhardsche Bibliothek der Stadt Kassel"$"https://d-nb.info/gnd/10008839-9"$"Kassel"$"https://d-nb.info/gnd/4029869-3"$"Universitätsbibliothek Landes- und Murhardsche Bibliothek der Stadt Kassel"$"https://d-nb.info/gnd/10008839-9"$"Kassel"$"https://d-nb.info/gnd/4029869-3"
"560"$"4° Ms. poet. et roman. 34"$"https://orka.bibliothek.uni-kassel.de/viewer/api/v1/records/1696944755471/manifest/"$"https://orka.bibliothek.uni-kassel.de/viewer/image/1696944755471/"$"https://orka.bibliothek.uni-kassel.de/viewer/api/v1/records/1696944755471/files/images/000001.tif/full/!400,400/0/default.jpg"$"Komplett"$"Original"$"Standard"$"Einzelseite"$"2023"$"2023"$"Universitätsbibliothek Landes- und Murhardsche Bibliothek der Stadt Kassel"$"https://d-nb.info/gnd/10008839-9"$"Kassel"$"https://d-nb.info/gnd/4029869-3"$"Universitätsbibliothek Landes- und Murhardsche Bibliothek der Stadt Kassel"$"https://d-nb.info/gnd/10008839-9"$"Kassel"$"https://d-nb.info/gnd/4029869-3"
"561"$"4° Ms. poet. et roman. 5"$"https://orka.bibliothek.uni-kassel.de/viewer/api/v1/records/1300436513830/manifest/"$"https://orka.bibliothek.uni-kassel.de/viewer/image/1300436513830/"$"https://orka.bibliothek.uni-kassel.de/viewer/api/v1/records/1300436513830/files/images/00000001.tif/full/!400,400/0/default.jpg"$"Komplett"$"Original"$"Standard"$"Einzelseite"$"2011"$"2011"$"Universitätsbibliothek Landes- und Murhardsche Bibliothek der Stadt Kassel"$"https://d-nb.info/gnd/10008839-9"$"Kassel"$"https://d-nb.info/gnd/4029869-3"$"Universitätsbibliothek Landes- und Murhardsche Bibliothek der Stadt Kassel"$"https://d-nb.info/gnd/10008839-9"$"Kassel"$"https://d-nb.info/gnd/4029869-3"
"562"$"4° Ms. poet. et roman. 6"$"https://orka.bibliothek.uni-kassel.de/viewer/api/v1/records/1357830118883/manifest/"$"https://orka.bibliothek.uni-kassel.de/viewer/image/1357830118883/"$"https://orka.bibliothek.uni-kassel.de/viewer/api/v1/records/1357830118883/files/images/00000001.tif/full/!400,400/0/default.jpg"$"Komplett"$"Original"$"Standard"$"Einzelseite"$"2013"$"2013"$"Universitätsbibliothek Landes- und Murhardsche Bibliothek der Stadt Kassel"$"https://d-nb.info/gnd/10008839-9"$"Kassel"$"https://d-nb.info/gnd/4029869-3"$"Universitätsbibliothek Landes- und Murhardsche Bibliothek der Stadt Kassel"$"https://d-nb.info/gnd/10008839-9"$"Kassel"$"https://d-nb.info/gnd/4029869-3"
"563"$"4° Ms. poet. et roman. 7"$"https://orka.bibliothek.uni-kassel.de/viewer/api/v1/records/1706270393368/manifest/"$"https://orka.bibliothek.uni-kassel.de/viewer/image/1706270393368/"$"https://orka.bibliothek.uni-kassel.de/viewer/api/v1/records/1706270393368/files/images/00000001.tif/full/!400,400/0/default.jpg"$"Komplett"$"Original"$"Standard"$"Einzelseite"$"2024"$"2024"$"Universitätsbibliothek Landes- und Murhardsche Bibliothek der Stadt Kassel"$"https://d-nb.info/gnd/10008839-9"$"Kassel"$"https://d-nb.info/gnd/4029869-3"$"Universitätsbibliothek Landes- und Murhardsche Bibliothek der Stadt Kassel"$"https://d-nb.info/gnd/10008839-9"$"Kassel"$"https://d-nb.info/gnd/4029869-3"
"564"$"4° Ms. poet. et roman. 8"$"https://orka.bibliothek.uni-kassel.de/viewer/api/v1/records/1342094207551/manifest/"$"https://orka.bibliothek.uni-kassel.de/viewer/image/1342094207551/"$"https://orka.bibliothek.uni-kassel.de/viewer/api/v1/records/1342094207551/files/images/00000001.tif/full/!400,400/0/default.jpg"$"Komplett"$"Original"$"Standard"$"Einzelseite"$"2012"$"2012"$"Universitätsbibliothek Landes- und Murhardsche Bibliothek der Stadt Kassel"$"https://d-nb.info/gnd/10008839-9"$"Kassel"$"https://d-nb.info/gnd/4029869-3"$"Universitätsbibliothek Landes- und Murhardsche Bibliothek der Stadt Kassel"$"https://d-nb.info/gnd/10008839-9"$"Kassel"$"https://d-nb.info/gnd/4029869-3"
"565"$"4° Ms. poet. et roman. 9"$"https://orka.bibliothek.uni-kassel.de/viewer/api/v1/records/1380274153819/manifest/"$"https://orka.bibliothek.uni-kassel.de/viewer/image/1380274153819/"$"https://orka.bibliothek.uni-kassel.de/viewer/api/v1/records/1380274153819/files/images/00000001.tif/full/!400,400/0/default.jpg"$"Komplett"$"Original"$"Standard"$"Einzelseite"$"2013"$"2013"$"Universitätsbibliothek Landes- und Murhardsche Bibliothek der Stadt Kassel"$"https://d-nb.info/gnd/10008839-9"$"Kassel"$"https://d-nb.info/gnd/4029869-3"$"Universitätsbibliothek Landes- und Murhardsche Bibliothek der Stadt Kassel"$"https://d-nb.info/gnd/10008839-9"$"Kassel"$"https://d-nb.info/gnd/4029869-3"
"566"$"4° Ms. theatr. 1"$"https://orka.bibliothek.uni-kassel.de/viewer/api/v1/records/1485258829371/manifest/"$"https://orka.bibliothek.uni-kassel.de/viewer/image/1485258829371/"$"https://orka.bibliothek.uni-kassel.de/viewer/api/v1/records/1485258829371/files/images/00000001.tif/full/!400,400/0/default.jpg"$"Komplett"$"Original"$"Standard"$"Einzelseite"$"2017"$"2017"$"Universitätsbibliothek Landes- und Murhardsche Bibliothek der Stadt Kassel"$"https://d-nb.info/gnd/10008839-9"$"Kassel"$"https://d-nb.info/gnd/4029869-3"$"Universitätsbibliothek Landes- und Murhardsche Bibliothek der Stadt Kassel"$"https://d-nb.info/gnd/10008839-9"$"Kassel"$"https://d-nb.info/gnd/4029869-3"
"567"$"4° Ms. theatr. 10"$"https://orka.bibliothek.uni-kassel.de/viewer/api/v1/records/1521793791425/manifest/"$"https://orka.bibliothek.uni-kassel.de/viewer/image/1521793791425/"$"https://orka.bibliothek.uni-kassel.de/viewer/api/v1/records/1521793791425/files/images/00000001.tif/full/!400,400/0/default.jpg"$"Komplett"$"Original"$"Standard"$"Einzelseite"$"2018"$"2018"$"Universitätsbibliothek Landes- und Murhardsche Bibliothek der Stadt Kassel"$"https://d-nb.info/gnd/10008839-9"$"Kassel"$"https://d-nb.info/gnd/4029869-3"$"Universitätsbibliothek Landes- und Murhardsche Bibliothek der Stadt Kassel"$"https://d-nb.info/gnd/10008839-9"$"Kassel"$"https://d-nb.info/gnd/4029869-3"
"568"$"4° Ms. theatr. 11"$"https://orka.bibliothek.uni-kassel.de/viewer/api/v1/records/1521793669454/manifest/"$"https://orka.bibliothek.uni-kassel.de/viewer/image/1521793669454/"$"https://orka.bibliothek.uni-kassel.de/viewer/api/v1/records/1521793669454/files/images/00000001.tif/full/!400,400/0/default.jpg"$"Komplett"$"Original"$"Standard"$"Einzelseite"$"2018"$"2018"$"Universitätsbibliothek Landes- und Murhardsche Bibliothek der Stadt Kassel"$"https://d-nb.info/gnd/10008839-9"$"Kassel"$"https://d-nb.info/gnd/4029869-3"$"Universitätsbibliothek Landes- und Murhardsche Bibliothek der Stadt Kassel"$"https://d-nb.info/gnd/10008839-9"$"Kassel"$"https://d-nb.info/gnd/4029869-3"
"569"$"4° Ms. theatr. 12"$"https://orka.bibliothek.uni-kassel.de/viewer/api/v1/records/1550235115244/manifest/"$"https://orka.bibliothek.uni-kassel.de/viewer/image/1550235115244/"$"https://orka.bibliothek.uni-kassel.de/viewer/api/v1/records/1550235115244/files/images/00000001.tif/full/!400,400/0/default.jpg"$"Komplett"$"Original"$"Standard"$"Einzelseite"$"2019"$"2019"$"Universitätsbibliothek Landes- und Murhardsche Bibliothek der Stadt Kassel"$"https://d-nb.info/gnd/10008839-9"$"Kassel"$"https://d-nb.info/gnd/4029869-3"$"Universitätsbibliothek Landes- und Murhardsche Bibliothek der Stadt Kassel"$"https://d-nb.info/gnd/10008839-9"$"Kassel"$"https://d-nb.info/gnd/4029869-3"
"570"$"4° Ms. theatr. 13"$"https://orka.bibliothek.uni-kassel.de/viewer/api/v1/records/1453285169795/manifest/"$"https://orka.bibliothek.uni-kassel.de/viewer/image/1453285169795/"$"https://orka.bibliothek.uni-kassel.de/viewer/api/v1/records/1453285169795/files/images/00000001.tif/full/!400,400/0/default.jpg"$"Komplett"$"Original"$"Standard"$"Einzelseite"$"2016"$"2016"$"Universitätsbibliothek Landes- und Murhardsche Bibliothek der Stadt Kassel"$"https://d-nb.info/gnd/10008839-9"$"Kassel"$"https://d-nb.info/gnd/4029869-3"$"Universitätsbibliothek Landes- und Murhardsche Bibliothek der Stadt Kassel"$"https://d-nb.info/gnd/10008839-9"$"Kassel"$"https://d-nb.info/gnd/4029869-3"
"571"$"4° Ms. theatr. 14"$"https://orka.bibliothek.uni-kassel.de/viewer/api/v1/records/1522062501871/manifest/"$"https://orka.bibliothek.uni-kassel.de/viewer/image/1522062501871/"$"https://orka.bibliothek.uni-kassel.de/viewer/api/v1/records/1522062501871/files/images/00000001.tif/full/!400,400/0/default.jpg"$"Komplett"$"Original"$"Standard"$"Einzelseite"$"2018"$"2018"$"Universitätsbibliothek Landes- und Murhardsche Bibliothek der Stadt Kassel"$"https://d-nb.info/gnd/10008839-9"$"Kassel"$"https://d-nb.info/gnd/4029869-3"$"Universitätsbibliothek Landes- und Murhardsche Bibliothek der Stadt Kassel"$"https://d-nb.info/gnd/10008839-9"$"Kassel"$"https://d-nb.info/gnd/4029869-3"
"572"$"4° Ms. theatr. 15"$"https://orka.bibliothek.uni-kassel.de/viewer/api/v1/records/1522062756336/manifest/"$"https://orka.bibliothek.uni-kassel.de/viewer/image/1522062756336/"$"https://orka.bibliothek.uni-kassel.de/viewer/api/v1/records/1522062756336/files/images/00000001.tif/full/!400,400/0/default.jpg"$"Komplett"$"Original"$"Standard"$"Einzelseite"$"2018"$"2018"$"Universitätsbibliothek Landes- und Murhardsche Bibliothek der Stadt Kassel"$"https://d-nb.info/gnd/10008839-9"$"Kassel"$"https://d-nb.info/gnd/4029869-3"$"Universitätsbibliothek Landes- und Murhardsche Bibliothek der Stadt Kassel"$"https://d-nb.info/gnd/10008839-9"$"Kassel"$"https://d-nb.info/gnd/4029869-3"
"573"$"4° Ms. theatr. 16"$"https://orka.bibliothek.uni-kassel.de/viewer/api/v1/records/1522062664917/manifest/"$"https://orka.bibliothek.uni-kassel.de/viewer/image/1522062664917/"$"https://orka.bibliothek.uni-kassel.de/viewer/api/v1/records/1522062664917/files/images/00000001.tif/full/!400,400/0/default.jpg"$"Komplett"$"Original"$"Standard"$"Einzelseite"$"2018"$"2018"$"Universitätsbibliothek Landes- und Murhardsche Bibliothek der Stadt Kassel"$"https://d-nb.info/gnd/10008839-9"$"Kassel"$"https://d-nb.info/gnd/4029869-3"$"Universitätsbibliothek Landes- und Murhardsche Bibliothek der Stadt Kassel"$"https://d-nb.info/gnd/10008839-9"$"Kassel"$"https://d-nb.info/gnd/4029869-3"
"574"$"4° Ms. theatr. 17"$"https://orka.bibliothek.uni-kassel.de/viewer/api/v1/records/1522918242705/manifest/"$"https://orka.bibliothek.uni-kassel.de/viewer/image/1522918242705/"$"https://orka.bibliothek.uni-kassel.de/viewer/api/v1/records/1522918242705/files/images/00000001.tif/full/!400,400/0/default.jpg"$"Komplett"$"Original"$"Standard"$"Einzelseite"$"2018"$"2018"$"Universitätsbibliothek Landes- und Murhardsche Bibliothek der Stadt Kassel"$"https://d-nb.info/gnd/10008839-9"$"Kassel"$"https://d-nb.info/gnd/4029869-3"$"Universitätsbibliothek Landes- und Murhardsche Bibliothek der Stadt Kassel"$"https://d-nb.info/gnd/10008839-9"$"Kassel"$"https://d-nb.info/gnd/4029869-3"
"575"$"4° Ms. theatr. 18"$"https://orka.bibliothek.uni-kassel.de/viewer/api/v1/records/1522918330599/manifest/"$"https://orka.bibliothek.uni-kassel.de/viewer/image/1522918330599/"$"https://orka.bibliothek.uni-kassel.de/viewer/api/v1/records/1522918330599/files/images/00000001.tif/full/!400,400/0/default.jpg"$"Komplett"$"Original"$"Standard"$"Einzelseite"$"2018"$"2018"$"Universitätsbibliothek Landes- und Murhardsche Bibliothek der Stadt Kassel"$"https://d-nb.info/gnd/10008839-9"$"Kassel"$"https://d-nb.info/gnd/4029869-3"$"Universitätsbibliothek Landes- und Murhardsche Bibliothek der Stadt Kassel"$"https://d-nb.info/gnd/10008839-9"$"Kassel"$"https://d-nb.info/gnd/4029869-3"
"576"$"4° Ms. theatr. 19"$"https://orka.bibliothek.uni-kassel.de/viewer/api/v1/records/1523446017658/manifest/"$"https://orka.bibliothek.uni-kassel.de/viewer/image/1523446017658/"$"https://orka.bibliothek.uni-kassel.de/viewer/api/v1/records/1523446017658/files/images/00000001.tif/full/!400,400/0/default.jpg"$"Komplett"$"Original"$"Standard"$"Einzelseite"$"2018"$"2018"$"Universitätsbibliothek Landes- und Murhardsche Bibliothek der Stadt Kassel"$"https://d-nb.info/gnd/10008839-9"$"Kassel"$"https://d-nb.info/gnd/4029869-3"$"Universitätsbibliothek Landes- und Murhardsche Bibliothek der Stadt Kassel"$"https://d-nb.info/gnd/10008839-9"$"Kassel"$"https://d-nb.info/gnd/4029869-3"
"577"$"4° Ms. theatr. 2"$"https://orka.bibliothek.uni-kassel.de/viewer/api/v1/records/1522149219292/manifest/"$"https://orka.bibliothek.uni-kassel.de/viewer/image/1522149219292/"$"https://orka.bibliothek.uni-kassel.de/viewer/api/v1/records/1522149219292/files/images/00000001.tif/full/!400,400/0/default.jpg"$"Komplett"$"Original"$"Standard"$"Einzelseite"$"2018"$"2018"$"Universitätsbibliothek Landes- und Murhardsche Bibliothek der Stadt Kassel"$"https://d-nb.info/gnd/10008839-9"$"Kassel"$"https://d-nb.info/gnd/4029869-3"$"Universitätsbibliothek Landes- und Murhardsche Bibliothek der Stadt Kassel"$"https://d-nb.info/gnd/10008839-9"$"Kassel"$"https://d-nb.info/gnd/4029869-3"
"578"$"4° Ms. theatr. 20"$"https://orka.bibliothek.uni-kassel.de/viewer/api/v1/records/1523446855397/manifest/"$"https://orka.bibliothek.uni-kassel.de/viewer/image/1523446855397/"$"https://orka.bibliothek.uni-kassel.de/viewer/api/v1/records/1523446855397/files/images/00000001.tif/full/!400,400/0/default.jpg"$"Komplett"$"Original"$"Standard"$"Einzelseite"$"2018"$"2018"$"Universitätsbibliothek Landes- und Murhardsche Bibliothek der Stadt Kassel"$"https://d-nb.info/gnd/10008839-9"$"Kassel"$"https://d-nb.info/gnd/4029869-3"$"Universitätsbibliothek Landes- und Murhardsche Bibliothek der Stadt Kassel"$"https://d-nb.info/gnd/10008839-9"$"Kassel"$"https://d-nb.info/gnd/4029869-3"
"579"$"4° Ms. theatr. 21"$"https://orka.bibliothek.uni-kassel.de/viewer/api/v1/records/1524746167490/manifest/"$"https://orka.bibliothek.uni-kassel.de/viewer/image/1524746167490/"$"https://orka.bibliothek.uni-kassel.de/viewer/api/v1/records/1524746167490/files/images/00000001.tif/full/!400,400/0/default.jpg"$"Komplett"$"Original"$"Standard"$"Einzelseite"$"2018"$"2018"$"Universitätsbibliothek Landes- und Murhardsche Bibliothek der Stadt Kassel"$"https://d-nb.info/gnd/10008839-9"$"Kassel"$"https://d-nb.info/gnd/4029869-3"$"Universitätsbibliothek Landes- und Murhardsche Bibliothek der Stadt Kassel"$"https://d-nb.info/gnd/10008839-9"$"Kassel"$"https://d-nb.info/gnd/4029869-3"
"580"$"4° Ms. theatr. 22"$"https://orka.bibliothek.uni-kassel.de/viewer/api/v1/records/1524746354851/manifest/"$"https://orka.bibliothek.uni-kassel.de/viewer/image/1524746354851/"$"https://orka.bibliothek.uni-kassel.de/viewer/api/v1/records/1524746354851/files/images/00000001.tif/full/!400,400/0/default.jpg"$"Komplett"$"Original"$"Standard"$"Einzelseite"$"2018"$"2018"$"Universitätsbibliothek Landes- und Murhardsche Bibliothek der Stadt Kassel"$"https://d-nb.info/gnd/10008839-9"$"Kassel"$"https://d-nb.info/gnd/4029869-3"$"Universitätsbibliothek Landes- und Murhardsche Bibliothek der Stadt Kassel"$"https://d-nb.info/gnd/10008839-9"$"Kassel"$"https://d-nb.info/gnd/4029869-3"
"581"$"4° Ms. theatr. 23"$"https://orka.bibliothek.uni-kassel.de/viewer/api/v1/records/1453285435486/manifest/"$"https://orka.bibliothek.uni-kassel.de/viewer/image/1453285435486/"$"https://orka.bibliothek.uni-kassel.de/viewer/api/v1/records/1453285435486/files/images/00000001.tif/full/!400,400/0/default.jpg"$"Komplett"$"Original"$"Standard"$"Einzelseite"$"2016"$"2016"$"Universitätsbibliothek Landes- und Murhardsche Bibliothek der Stadt Kassel"$"https://d-nb.info/gnd/10008839-9"$"Kassel"$"https://d-nb.info/gnd/4029869-3"$"Universitätsbibliothek Landes- und Murhardsche Bibliothek der Stadt Kassel"$"https://d-nb.info/gnd/10008839-9"$"Kassel"$"https://d-nb.info/gnd/4029869-3"
"582"$"4° Ms. theatr. 24[1"$"https://orka.bibliothek.uni-kassel.de/viewer/api/v1/records/1525272765197/manifest/"$"https://orka.bibliothek.uni-kassel.de/viewer/image/1525272765197/"$"https://orka.bibliothek.uni-kassel.de/viewer/api/v1/records/1525272765197/files/images/00000001.tif/full/!400,400/0/default.jpg"$"Komplett"$"Original"$"Standard"$"Einzelseite"$"2018"$"2018"$"Universitätsbibliothek Landes- und Murhardsche Bibliothek der Stadt Kassel"$"https://d-nb.info/gnd/10008839-9"$"Kassel"$"https://d-nb.info/gnd/4029869-3"$"Universitätsbibliothek Landes- und Murhardsche Bibliothek der Stadt Kassel"$"https://d-nb.info/gnd/10008839-9"$"Kassel"$"https://d-nb.info/gnd/4029869-3"
"583"$"4° Ms. theatr. 24[2"$"https://orka.bibliothek.uni-kassel.de/viewer/api/v1/records/1525272879340/manifest/"$"https://orka.bibliothek.uni-kassel.de/viewer/image/1525272879340/"$"https://orka.bibliothek.uni-kassel.de/viewer/api/v1/records/1525272879340/files/images/00000001.tif/full/!400,400/0/default.jpg"$"Komplett"$"Original"$"Standard"$"Einzelseite"$"2018"$"2018"$"Universitätsbibliothek Landes- und Murhardsche Bibliothek der Stadt Kassel"$"https://d-nb.info/gnd/10008839-9"$"Kassel"$"https://d-nb.info/gnd/4029869-3"$"Universitätsbibliothek Landes- und Murhardsche Bibliothek der Stadt Kassel"$"https://d-nb.info/gnd/10008839-9"$"Kassel"$"https://d-nb.info/gnd/4029869-3"
"584"$"4° Ms. theatr. 25"$"https://orka.bibliothek.uni-kassel.de/viewer/api/v1/records/1525258692642/manifest/"$"https://orka.bibliothek.uni-kassel.de/viewer/image/1525258692642/"$"https://orka.bibliothek.uni-kassel.de/viewer/api/v1/records/1525258692642/files/images/00000001.tif/full/!400,400/0/default.jpg"$"Komplett"$"Original"$"Standard"$"Einzelseite"$"2018"$"2018"$"Universitätsbibliothek Landes- und Murhardsche Bibliothek der Stadt Kassel"$"https://d-nb.info/gnd/10008839-9"$"Kassel"$"https://d-nb.info/gnd/4029869-3"$"Universitätsbibliothek Landes- und Murhardsche Bibliothek der Stadt Kassel"$"https://d-nb.info/gnd/10008839-9"$"Kassel"$"https://d-nb.info/gnd/4029869-3"
"585"$"4° Ms. theatr. 26"$"https://orka.bibliothek.uni-kassel.de/viewer/api/v1/records/1525258861050/manifest/"$"https://orka.bibliothek.uni-kassel.de/viewer/image/1525258861050/"$"https://orka.bibliothek.uni-kassel.de/viewer/api/v1/records/1525258861050/files/images/00000001.tif/full/!400,400/0/default.jpg"$"Komplett"$"Original"$"Standard"$"Einzelseite"$"2018"$"2018"$"Universitätsbibliothek Landes- und Murhardsche Bibliothek der Stadt Kassel"$"https://d-nb.info/gnd/10008839-9"$"Kassel"$"https://d-nb.info/gnd/4029869-3"$"Universitätsbibliothek Landes- und Murhardsche Bibliothek der Stadt Kassel"$"https://d-nb.info/gnd/10008839-9"$"Kassel"$"https://d-nb.info/gnd/4029869-3"
"586"$"4° Ms. theatr. 27"$"https://orka.bibliothek.uni-kassel.de/viewer/api/v1/records/1525340811882/manifest/"$"https://orka.bibliothek.uni-kassel.de/viewer/image/1525340811882/"$"https://orka.bibliothek.uni-kassel.de/viewer/api/v1/records/1525340811882/files/images/00000001.tif/full/!400,400/0/default.jpg"$"Komplett"$"Original"$"Standard"$"Einzelseite"$"2018"$"2018"$"Universitätsbibliothek Landes- und Murhardsche Bibliothek der Stadt Kassel"$"https://d-nb.info/gnd/10008839-9"$"Kassel"$"https://d-nb.info/gnd/4029869-3"$"Universitätsbibliothek Landes- und Murhardsche Bibliothek der Stadt Kassel"$"https://d-nb.info/gnd/10008839-9"$"Kassel"$"https://d-nb.info/gnd/4029869-3"
"587"$"4° Ms. theatr. 3"$"https://orka.bibliothek.uni-kassel.de/viewer/api/v1/records/1307098300402/manifest/"$"https://orka.bibliothek.uni-kassel.de/viewer/image/1307098300402/"$"https://orka.bibliothek.uni-kassel.de/viewer/api/v1/records/1307098300402/files/images/00000001.tif/full/!400,400/0/default.jpg"$"Komplett"$"Original"$"Standard"$"Einzelseite"$"2011"$"2011"$"Universitätsbibliothek Landes- und Murhardsche Bibliothek der Stadt Kassel"$"https://d-nb.info/gnd/10008839-9"$"Kassel"$"https://d-nb.info/gnd/4029869-3"$"Universitätsbibliothek Landes- und Murhardsche Bibliothek der Stadt Kassel"$"https://d-nb.info/gnd/10008839-9"$"Kassel"$"https://d-nb.info/gnd/4029869-3"
"588"$"4° Ms. theatr. 30"$"https://orka.bibliothek.uni-kassel.de/viewer/api/v1/records/1525683535483/manifest/"$"https://orka.bibliothek.uni-kassel.de/viewer/image/1525683535483/"$"https://orka.bibliothek.uni-kassel.de/viewer/api/v1/records/1525683535483/files/images/00000001.tif/full/!400,400/0/default.jpg"$"Komplett"$"Original"$"Standard"$"Einzelseite"$"2018"$"2018"$"Universitätsbibliothek Landes- und Murhardsche Bibliothek der Stadt Kassel"$"https://d-nb.info/gnd/10008839-9"$"Kassel"$"https://d-nb.info/gnd/4029869-3"$"Universitätsbibliothek Landes- und Murhardsche Bibliothek der Stadt Kassel"$"https://d-nb.info/gnd/10008839-9"$"Kassel"$"https://d-nb.info/gnd/4029869-3"
"589"$"4° Ms. theatr. 31"$"https://orka.bibliothek.uni-kassel.de/viewer/api/v1/records/1525340925004/manifest/"$"https://orka.bibliothek.uni-kassel.de/viewer/image/1525340925004/"$"https://orka.bibliothek.uni-kassel.de/viewer/api/v1/records/1525340925004/files/images/00000001.tif/full/!400,400/0/default.jpg"$"Komplett"$"Original"$"Standard"$"Einzelseite"$"2018"$"2018"$"Universitätsbibliothek Landes- und Murhardsche Bibliothek der Stadt Kassel"$"https://d-nb.info/gnd/10008839-9"$"Kassel"$"https://d-nb.info/gnd/4029869-3"$"Universitätsbibliothek Landes- und Murhardsche Bibliothek der Stadt Kassel"$"https://d-nb.info/gnd/10008839-9"$"Kassel"$"https://d-nb.info/gnd/4029869-3"
"590"$"4° Ms. theatr. 4"$"https://orka.bibliothek.uni-kassel.de/viewer/api/v1/records/1521720412593/manifest/"$"https://orka.bibliothek.uni-kassel.de/viewer/image/1521720412593/"$"https://orka.bibliothek.uni-kassel.de/viewer/api/v1/records/1521720412593/files/images/00000001.tif/full/!400,400/0/default.jpg"$"Komplett"$"Original"$"Standard"$"Einzelseite"$"2018"$"2018"$"Universitätsbibliothek Landes- und Murhardsche Bibliothek der Stadt Kassel"$"https://d-nb.info/gnd/10008839-9"$"Kassel"$"https://d-nb.info/gnd/4029869-3"$"Universitätsbibliothek Landes- und Murhardsche Bibliothek der Stadt Kassel"$"https://d-nb.info/gnd/10008839-9"$"Kassel"$"https://d-nb.info/gnd/4029869-3"
"591"$"4° Ms. theatr. 5"$"https://orka.bibliothek.uni-kassel.de/viewer/api/v1/records/1521720253526/manifest/"$"https://orka.bibliothek.uni-kassel.de/viewer/image/1521720253526/"$"https://orka.bibliothek.uni-kassel.de/viewer/api/v1/records/1521720253526/files/images/00000001.tif/full/!400,400/0/default.jpg"$"Komplett"$"Original"$"Standard"$"Einzelseite"$"2018"$"2018"$"Universitätsbibliothek Landes- und Murhardsche Bibliothek der Stadt Kassel"$"https://d-nb.info/gnd/10008839-9"$"Kassel"$"https://d-nb.info/gnd/4029869-3"$"Universitätsbibliothek Landes- und Murhardsche Bibliothek der Stadt Kassel"$"https://d-nb.info/gnd/10008839-9"$"Kassel"$"https://d-nb.info/gnd/4029869-3"
"592"$"4° Ms. theatr. 6"$"https://orka.bibliothek.uni-kassel.de/viewer/api/v1/records/1423823613468/manifest/"$"https://orka.bibliothek.uni-kassel.de/viewer/image/1423823613468/"$"https://orka.bibliothek.uni-kassel.de/viewer/api/v1/records/1423823613468/files/images/00000001.tif/full/!400,400/0/default.jpg"$"Komplett"$"Original"$"Standard"$"Einzelseite"$"2015"$"2015"$"Universitätsbibliothek Landes- und Murhardsche Bibliothek der Stadt Kassel"$"https://d-nb.info/gnd/10008839-9"$"Kassel"$"https://d-nb.info/gnd/4029869-3"$"Universitätsbibliothek Landes- und Murhardsche Bibliothek der Stadt Kassel"$"https://d-nb.info/gnd/10008839-9"$"Kassel"$"https://d-nb.info/gnd/4029869-3"
"593"$"4° Ms. theatr. 7"$"https://orka.bibliothek.uni-kassel.de/viewer/api/v1/records/1371720548711/manifest/"$"https://orka.bibliothek.uni-kassel.de/viewer/image/1371720548711/"$"https://orka.bibliothek.uni-kassel.de/viewer/api/v1/records/1371720548711/files/images/00000001.tif/full/!400,400/0/default.jpg"$"Komplett"$"Original"$"Standard"$"Einzelseite"$"2013"$"2013"$"Universitätsbibliothek Landes- und Murhardsche Bibliothek der Stadt Kassel"$"https://d-nb.info/gnd/10008839-9"$"Kassel"$"https://d-nb.info/gnd/4029869-3"$"Universitätsbibliothek Landes- und Murhardsche Bibliothek der Stadt Kassel"$"https://d-nb.info/gnd/10008839-9"$"Kassel"$"https://d-nb.info/gnd/4029869-3"
"594"$"4° Ms. theatr. 8"$"https://orka.bibliothek.uni-kassel.de/viewer/api/v1/records/1521793875784/manifest/"$"https://orka.bibliothek.uni-kassel.de/viewer/image/1521793875784/"$"https://orka.bibliothek.uni-kassel.de/viewer/api/v1/records/1521793875784/files/images/00000001.tif/full/!400,400/0/default.jpg"$"Komplett"$"Original"$"Standard"$"Einzelseite"$"2018"$"2018"$"Universitätsbibliothek Landes- und Murhardsche Bibliothek der Stadt Kassel"$"https://d-nb.info/gnd/10008839-9"$"Kassel"$"https://d-nb.info/gnd/4029869-3"$"Universitätsbibliothek Landes- und Murhardsche Bibliothek der Stadt Kassel"$"https://d-nb.info/gnd/10008839-9"$"Kassel"$"https://d-nb.info/gnd/4029869-3"
"595"$"4° Ms. theatr. 9"$"https://orka.bibliothek.uni-kassel.de/viewer/api/v1/records/1453285328379/manifest/"$"https://orka.bibliothek.uni-kassel.de/viewer/image/1453285328379/"$"https://orka.bibliothek.uni-kassel.de/viewer/api/v1/records/1453285328379/files/images/00000001.tif/full/!400,400/0/default.jpg"$"Komplett"$"Original"$"Standard"$"Einzelseite"$"2016"$"2016"$"Universitätsbibliothek Landes- und Murhardsche Bibliothek der Stadt Kassel"$"https://d-nb.info/gnd/10008839-9"$"Kassel"$"https://d-nb.info/gnd/4029869-3"$"Universitätsbibliothek Landes- und Murhardsche Bibliothek der Stadt Kassel"$"https://d-nb.info/gnd/10008839-9"$"Kassel"$"https://d-nb.info/gnd/4029869-3"
"596"$"4° Ms. theol. 1"$"https://orka.bibliothek.uni-kassel.de/viewer/api/v1/records/1326795564894/manifest/"$"https://orka.bibliothek.uni-kassel.de/viewer/image/1326795564894/"$"https://orka.bibliothek.uni-kassel.de/viewer/api/v1/records/1326795564894/files/images/00000001.tif/full/!400,400/0/default.jpg"$"Komplett"$"Original"$"Standard"$"Einzelseite"$"2012"$"2012"$"Universitätsbibliothek Landes- und Murhardsche Bibliothek der Stadt Kassel"$"https://d-nb.info/gnd/10008839-9"$"Kassel"$"https://d-nb.info/gnd/4029869-3"$"Universitätsbibliothek Landes- und Murhardsche Bibliothek der Stadt Kassel"$"https://d-nb.info/gnd/10008839-9"$"Kassel"$"https://d-nb.info/gnd/4029869-3"
"597"$"4° Ms. theol. 10"$"https://orka.bibliothek.uni-kassel.de/viewer/api/v1/records/1326713597631/manifest/"$"https://orka.bibliothek.uni-kassel.de/viewer/image/1326713597631/9/#topDocAnchor"$"https://orka.bibliothek.uni-kassel.de/viewer/api/v1/records/1326713597631/files/images/00000001.tif/full/!400,400/0/default.jpg"$"Komplett"$"Original"$"Standard"$"Einzelseite"$"2012"$"2012"$"Universitätsbibliothek Landes- und Murhardsche Bibliothek der Stadt Kassel"$"https://d-nb.info/gnd/10008839-9"$"Kassel"$"https://d-nb.info/gnd/4029869-3"$"Universitätsbibliothek Landes- und Murhardsche Bibliothek der Stadt Kassel"$"https://d-nb.info/gnd/10008839-9"$"Kassel"$"https://d-nb.info/gnd/4029869-3"
"598"$"4° Ms. theol. 100"$"https://orka.bibliothek.uni-kassel.de/viewer/api/v1/records/1568879670736/manifest/"$"https://orka.bibliothek.uni-kassel.de/viewer/image/1568879670736/"$"https://orka.bibliothek.uni-kassel.de/viewer/api/v1/records/1568879670736/files/images/00000001.tif/full/!400,400/0/default.jpg"$"Komplett"$"Original"$"Standard"$"Einzelseite"$"2019"$"2019"$"Universitätsbibliothek Landes- und Murhardsche Bibliothek der Stadt Kassel"$"https://d-nb.info/gnd/10008839-9"$"Kassel"$"https://d-nb.info/gnd/4029869-3"$"Universitätsbibliothek Landes- und Murhardsche Bibliothek der Stadt Kassel"$"https://d-nb.info/gnd/10008839-9"$"Kassel"$"https://d-nb.info/gnd/4029869-3"
"599"$"4° Ms. theol. 101"$"https://orka.bibliothek.uni-kassel.de/viewer/api/v1/records/1568806397024/manifest/"$"https://orka.bibliothek.uni-kassel.de/viewer/image/1568806397024/"$"https://orka.bibliothek.uni-kassel.de/viewer/api/v1/records/1568806397024/files/images/0000001.tif/full/!400,400/0/default.jpg"$"Komplett"$"Original"$"Standard"$"Einzelseite"$"2019"$"2019"$"Universitätsbibliothek Landes- und Murhardsche Bibliothek der Stadt Kassel"$"https://d-nb.info/gnd/10008839-9"$"Kassel"$"https://d-nb.info/gnd/4029869-3"$"Universitätsbibliothek Landes- und Murhardsche Bibliothek der Stadt Kassel"$"https://d-nb.info/gnd/10008839-9"$"Kassel"$"https://d-nb.info/gnd/4029869-3"
"600"$"4° Ms. theol. 102"$"https://orka.bibliothek.uni-kassel.de/viewer/api/v1/records/1570700747124/manifest/"$"https://orka.bibliothek.uni-kassel.de/viewer/image/1570700747124/"$"https://orka.bibliothek.uni-kassel.de/viewer/api/v1/records/1570700747124/files/images/00000001.tif/full/!400,400/0/default.jpg"$"Komplett"$"Original"$"Standard"$"Einzelseite"$"2019"$"2019"$"Universitätsbibliothek Landes- und Murhardsche Bibliothek der Stadt Kassel"$"https://d-nb.info/gnd/10008839-9"$"Kassel"$"https://d-nb.info/gnd/4029869-3"$"Universitätsbibliothek Landes- und Murhardsche Bibliothek der Stadt Kassel"$"https://d-nb.info/gnd/10008839-9"$"Kassel"$"https://d-nb.info/gnd/4029869-3"
"601"$"4° Ms. theol. 103"$"https://orka.bibliothek.uni-kassel.de/viewer/api/v1/records/1571734058889/manifest/"$"https://orka.bibliothek.uni-kassel.de/viewer/image/1571734058889/"$"https://orka.bibliothek.uni-kassel.de/viewer/api/v1/records/1571734058889/files/images/000001.tif/full/!400,400/0/default.jpg"$"Komplett"$"Original"$"Standard"$"Einzelseite"$"2019"$"2019"$"Universitätsbibliothek Landes- und Murhardsche Bibliothek der Stadt Kassel"$"https://d-nb.info/gnd/10008839-9"$"Kassel"$"https://d-nb.info/gnd/4029869-3"$"Universitätsbibliothek Landes- und Murhardsche Bibliothek der Stadt Kassel"$"https://d-nb.info/gnd/10008839-9"$"Kassel"$"https://d-nb.info/gnd/4029869-3"
"602"$"4° Ms. theol. 104"$"https://orka.bibliothek.uni-kassel.de/viewer/api/v1/records/1571906587632/manifest/"$"https://orka.bibliothek.uni-kassel.de/viewer/image/1571906587632/"$"https://orka.bibliothek.uni-kassel.de/viewer/api/v1/records/1571906587632/files/images/0000001.tif/full/!400,400/0/default.jpg"$"Komplett"$"Original"$"Standard"$"Einzelseite"$"2019"$"2019"$"Universitätsbibliothek Landes- und Murhardsche Bibliothek der Stadt Kassel"$"https://d-nb.info/gnd/10008839-9"$"Kassel"$"https://d-nb.info/gnd/4029869-3"$"Universitätsbibliothek Landes- und Murhardsche Bibliothek der Stadt Kassel"$"https://d-nb.info/gnd/10008839-9"$"Kassel"$"https://d-nb.info/gnd/4029869-3"
"603"$"4° Ms. theol. 105"$"https://orka.bibliothek.uni-kassel.de/viewer/api/v1/records/1574856160874/manifest/"$"https://orka.bibliothek.uni-kassel.de/viewer/image/1574856160874/"$"https://orka.bibliothek.uni-kassel.de/viewer/api/v1/records/1574856160874/files/images/000001.tif/full/!400,400/0/default.jpg"$"Komplett"$"Original"$"Standard"$"Einzelseite"$"2019"$"2019"$"Universitätsbibliothek Landes- und Murhardsche Bibliothek der Stadt Kassel"$"https://d-nb.info/gnd/10008839-9"$"Kassel"$"https://d-nb.info/gnd/4029869-3"$"Universitätsbibliothek Landes- und Murhardsche Bibliothek der Stadt Kassel"$"https://d-nb.info/gnd/10008839-9"$"Kassel"$"https://d-nb.info/gnd/4029869-3"
"604"$"4° Ms. theol. 106"$"https://orka.bibliothek.uni-kassel.de/viewer/api/v1/records/1579091839343/manifest/"$"https://orka.bibliothek.uni-kassel.de/viewer/image/1579091839343/"$"https://orka.bibliothek.uni-kassel.de/viewer/api/v1/records/1579091839343/files/images/00000001.tif/full/!400,400/0/default.jpg"$"Komplett"$"Original"$"Standard"$"Einzelseite"$"2020"$"2020"$"Universitätsbibliothek Landes- und Murhardsche Bibliothek der Stadt Kassel"$"https://d-nb.info/gnd/10008839-9"$"Kassel"$"https://d-nb.info/gnd/4029869-3"$"Universitätsbibliothek Landes- und Murhardsche Bibliothek der Stadt Kassel"$"https://d-nb.info/gnd/10008839-9"$"Kassel"$"https://d-nb.info/gnd/4029869-3"
"605"$"4° Ms. theol. 107"$"https://orka.bibliothek.uni-kassel.de/viewer/api/v1/records/1575966419057/manifest/"$"https://orka.bibliothek.uni-kassel.de/viewer/image/1575966419057/"$"https://orka.bibliothek.uni-kassel.de/viewer/api/v1/records/1575966419057/files/images/000001.tif/full/!400,400/0/default.jpg"$"Komplett"$"Original"$"Standard"$"Einzelseite"$"2020"$"2020"$"Universitätsbibliothek Landes- und Murhardsche Bibliothek der Stadt Kassel"$"https://d-nb.info/gnd/10008839-9"$"Kassel"$"https://d-nb.info/gnd/4029869-3"$"Universitätsbibliothek Landes- und Murhardsche Bibliothek der Stadt Kassel"$"https://d-nb.info/gnd/10008839-9"$"Kassel"$"https://d-nb.info/gnd/4029869-3"
"606"$"4° Ms. theol. 108"$"https://orka.bibliothek.uni-kassel.de/viewer/api/v1/records/1602582465944/manifest/"$"https://orka.bibliothek.uni-kassel.de/viewer/image/1602582465944/"$"https://orka.bibliothek.uni-kassel.de/viewer/api/v1/records/1602582465944/files/images/00000001.tif/full/!400,400/0/default.jpg"$"Komplett"$"Original"$"Standard"$"Einzelseite"$"2020"$"2020"$"Universitätsbibliothek Landes- und Murhardsche Bibliothek der Stadt Kassel"$"https://d-nb.info/gnd/10008839-9"$"Kassel"$"https://d-nb.info/gnd/4029869-3"$"Universitätsbibliothek Landes- und Murhardsche Bibliothek der Stadt Kassel"$"https://d-nb.info/gnd/10008839-9"$"Kassel"$"https://d-nb.info/gnd/4029869-3"
"607"$"4° Ms. theol. 109"$"https://orka.bibliothek.uni-kassel.de/viewer/api/v1/records/1602582566847/manifest/"$"https://orka.bibliothek.uni-kassel.de/viewer/image/1602582566847/"$"https://orka.bibliothek.uni-kassel.de/viewer/api/v1/records/1602582566847/files/images/00000001.tif/full/!400,400/0/default.jpg"$"Komplett"$"Original"$"Standard"$"Einzelseite"$"2020"$"2020"$"Universitätsbibliothek Landes- und Murhardsche Bibliothek der Stadt Kassel"$"https://d-nb.info/gnd/10008839-9"$"Kassel"$"https://d-nb.info/gnd/4029869-3"$"Universitätsbibliothek Landes- und Murhardsche Bibliothek der Stadt Kassel"$"https://d-nb.info/gnd/10008839-9"$"Kassel"$"https://d-nb.info/gnd/4029869-3"
"608"$"4° Ms. theol. 11"$"https://orka.bibliothek.uni-kassel.de/viewer/api/v1/records/1581326127293/manifest/"$"https://orka.bibliothek.uni-kassel.de/viewer/image/1581326127293/"$"https://orka.bibliothek.uni-kassel.de/viewer/api/v1/records/1581326127293/files/images/00000001.tif/full/!400,400/0/default.jpg"$"Komplett"$"Original"$"Standard"$"Einzelseite"$"2020"$"2020"$"Universitätsbibliothek Landes- und Murhardsche Bibliothek der Stadt Kassel"$"https://d-nb.info/gnd/10008839-9"$"Kassel"$"https://d-nb.info/gnd/4029869-3"$"Universitätsbibliothek Landes- und Murhardsche Bibliothek der Stadt Kassel"$"https://d-nb.info/gnd/10008839-9"$"Kassel"$"https://d-nb.info/gnd/4029869-3"
"609"$"4° Ms. theol. 110"$"https://orka.bibliothek.uni-kassel.de/viewer/api/v1/records/1571986787504/manifest/"$"https://orka.bibliothek.uni-kassel.de/viewer/image/1571986787504/"$"https://orka.bibliothek.uni-kassel.de/viewer/api/v1/records/1571986787504/files/images/0000001.tif/full/!400,400/0/default.jpg"$"Komplett"$"Original"$"Standard"$"Einzelseite"$"2019"$"2019"$"Universitätsbibliothek Landes- und Murhardsche Bibliothek der Stadt Kassel"$"https://d-nb.info/gnd/10008839-9"$"Kassel"$"https://d-nb.info/gnd/4029869-3"$"Universitätsbibliothek Landes- und Murhardsche Bibliothek der Stadt Kassel"$"https://d-nb.info/gnd/10008839-9"$"Kassel"$"https://d-nb.info/gnd/4029869-3"
"610"$"4° Ms. theol. 111"$"https://orka.bibliothek.uni-kassel.de/viewer/api/v1/records/1425033430844/manifest/"$"https://orka.bibliothek.uni-kassel.de/viewer/image/1425033430844/"$"https://orka.bibliothek.uni-kassel.de/viewer/api/v1/records/1425033430844/files/images/00000001.tif/full/!400,400/0/default.jpg"$"Komplett"$"Original"$"Standard"$"Einzelseite"$"2015"$"2015"$"Universitätsbibliothek Landes- und Murhardsche Bibliothek der Stadt Kassel"$"https://d-nb.info/gnd/10008839-9"$"Kassel"$"https://d-nb.info/gnd/4029869-3"$"Universitätsbibliothek Landes- und Murhardsche Bibliothek der Stadt Kassel"$"https://d-nb.info/gnd/10008839-9"$"Kassel"$"https://d-nb.info/gnd/4029869-3"
"611"$"4° Ms. theol. 112"$"https://orka.bibliothek.uni-kassel.de/viewer/api/v1/records/1572527590191/manifest/"$"https://orka.bibliothek.uni-kassel.de/viewer/image/1572527590191/"$"https://orka.bibliothek.uni-kassel.de/viewer/api/v1/records/1572527590191/files/images/000001.tif/full/!400,400/0/default.jpg"$"Komplett"$"Original"$"Standard"$"Einzelseite"$"2019"$"2019"$"Universitätsbibliothek Landes- und Murhardsche Bibliothek der Stadt Kassel"$"https://d-nb.info/gnd/10008839-9"$"Kassel"$"https://d-nb.info/gnd/4029869-3"$"Universitätsbibliothek Landes- und Murhardsche Bibliothek der Stadt Kassel"$"https://d-nb.info/gnd/10008839-9"$"Kassel"$"https://d-nb.info/gnd/4029869-3"
"612"$"4° Ms. theol. 113"$"https://orka.bibliothek.uni-kassel.de/viewer/api/v1/records/1635413797029/manifest/"$"https://orka.bibliothek.uni-kassel.de/viewer/image/1635413797029/"$"https://orka.bibliothek.uni-kassel.de/viewer/api/v1/records/1635413797029/files/images/000001.tif/full/!400,400/0/default.jpg"$"Komplett"$"Original"$"Standard"$"Einzelseite"$"2021"$"2021"$"Universitätsbibliothek Landes- und Murhardsche Bibliothek der Stadt Kassel"$"https://d-nb.info/gnd/10008839-9"$"Kassel"$"https://d-nb.info/gnd/4029869-3"$"Universitätsbibliothek Landes- und Murhardsche Bibliothek der Stadt Kassel"$"https://d-nb.info/gnd/10008839-9"$"Kassel"$"https://d-nb.info/gnd/4029869-3"
"613"$"4° Ms. theol. 114"$"https://orka.bibliothek.uni-kassel.de/viewer/api/v1/records/1602674013660/manifest/"$"https://orka.bibliothek.uni-kassel.de/viewer/image/1602674013660/"$"https://orka.bibliothek.uni-kassel.de/viewer/api/v1/records/1602674013660/files/images/00000001.tif/full/!400,400/0/default.jpg"$"Komplett"$"Original"$"Standard"$"Einzelseite"$"2020"$"2020"$"Universitätsbibliothek Landes- und Murhardsche Bibliothek der Stadt Kassel"$"https://d-nb.info/gnd/10008839-9"$"Kassel"$"https://d-nb.info/gnd/4029869-3"$"Universitätsbibliothek Landes- und Murhardsche Bibliothek der Stadt Kassel"$"https://d-nb.info/gnd/10008839-9"$"Kassel"$"https://d-nb.info/gnd/4029869-3"
"614"$"4° Ms. theol. 115[1"$"https://orka.bibliothek.uni-kassel.de/viewer/image/1630927009421/"$"https://orka.bibliothek.uni-kassel.de/viewer/image/1630927009421/"$"https://orka.bibliothek.uni-kassel.de/viewer/api/v1/records/1630927009421/files/images/00000001.tif/full/!400,400/0/default.jpg"$"Komplett"$"Original"$"Standard"$"Einzelseite"$"2021"$"2021"$"Universitätsbibliothek Landes- und Murhardsche Bibliothek der Stadt Kassel"$"https://d-nb.info/gnd/10008839-9"$"Kassel"$"https://d-nb.info/gnd/4029869-3"$"Universitätsbibliothek Landes- und Murhardsche Bibliothek der Stadt Kassel"$"https://d-nb.info/gnd/10008839-9"$"Kassel"$"https://d-nb.info/gnd/4029869-3"
"615"$"4° Ms. theol. 115[2"$"https://orka.bibliothek.uni-kassel.de/viewer/api/v1/records/1630927174771/manifest/"$"https://orka.bibliothek.uni-kassel.de/viewer/image/1630927174771/"$"https://orka.bibliothek.uni-kassel.de/viewer/api/v1/records/1630927174771/files/images/000001.tif/full/!400,400/0/default.jpg"$"Komplett"$"Original"$"Standard"$"Einzelseite"$"2021"$"2021"$"Universitätsbibliothek Landes- und Murhardsche Bibliothek der Stadt Kassel"$"https://d-nb.info/gnd/10008839-9"$"Kassel"$"https://d-nb.info/gnd/4029869-3"$"Universitätsbibliothek Landes- und Murhardsche Bibliothek der Stadt Kassel"$"https://d-nb.info/gnd/10008839-9"$"Kassel"$"https://d-nb.info/gnd/4029869-3"
"616"$"4° Ms. theol. 116"$"https://orka.bibliothek.uni-kassel.de/viewer/api/v1/records/1631780075750/manifest/"$"https://orka.bibliothek.uni-kassel.de/viewer/image/1631780075750/"$"https://orka.bibliothek.uni-kassel.de/viewer/api/v1/records/1631780075750/files/images/000001.tif/full/!400,400/0/default.jpg"$"Komplett"$"Original"$"Standard"$"Einzelseite"$"2021"$"2021"$"Universitätsbibliothek Landes- und Murhardsche Bibliothek der Stadt Kassel"$"https://d-nb.info/gnd/10008839-9"$"Kassel"$"https://d-nb.info/gnd/4029869-3"$"Universitätsbibliothek Landes- und Murhardsche Bibliothek der Stadt Kassel"$"https://d-nb.info/gnd/10008839-9"$"Kassel"$"https://d-nb.info/gnd/4029869-3"
"617"$"4° Ms. theol. 117"$"https://orka.bibliothek.uni-kassel.de/viewer/api/v1/records/1578644941866/manifest/"$"https://orka.bibliothek.uni-kassel.de/viewer/image/1578644941866/"$"https://orka.bibliothek.uni-kassel.de/viewer/api/v1/records/1578644941866/files/images/000001.tif/full/!400,400/0/default.jpg"$"Komplett"$"Original"$"Standard"$"Einzelseite"$"2020"$"2020"$"Universitätsbibliothek Landes- und Murhardsche Bibliothek der Stadt Kassel"$"https://d-nb.info/gnd/10008839-9"$"Kassel"$"https://d-nb.info/gnd/4029869-3"$"Universitätsbibliothek Landes- und Murhardsche Bibliothek der Stadt Kassel"$"https://d-nb.info/gnd/10008839-9"$"Kassel"$"https://d-nb.info/gnd/4029869-3"
"618"$"4° Ms. theol. 118"$"https://orka.bibliothek.uni-kassel.de/viewer/api/v1/records/1629376091680/manifest/"$"https://orka.bibliothek.uni-kassel.de/viewer/image/1629376091680/"$"https://orka.bibliothek.uni-kassel.de/viewer/api/v1/records/1629376091680/files/images/00000001.tif/full/!400,400/0/default.jpg"$"Komplett"$"Original"$"Standard"$"Einzelseite"$"2021"$"2021"$"Universitätsbibliothek Landes- und Murhardsche Bibliothek der Stadt Kassel"$"https://d-nb.info/gnd/10008839-9"$"Kassel"$"https://d-nb.info/gnd/4029869-3"$"Universitätsbibliothek Landes- und Murhardsche Bibliothek der Stadt Kassel"$"https://d-nb.info/gnd/10008839-9"$"Kassel"$"https://d-nb.info/gnd/4029869-3"
"619"$"4° Ms. theol. 119"$"https://orka.bibliothek.uni-kassel.de/viewer/api/v1/records/1631868914922/manifest/"$"https://orka.bibliothek.uni-kassel.de/viewer/image/1631868914922/"$"https://orka.bibliothek.uni-kassel.de/viewer/api/v1/records/1631868914922/files/images/000001.tif/full/!400,400/0/default.jpg"$"Komplett"$"Original"$"Standard"$"Einzelseite"$"2021"$"2021"$"Universitätsbibliothek Landes- und Murhardsche Bibliothek der Stadt Kassel"$"https://d-nb.info/gnd/10008839-9"$"Kassel"$"https://d-nb.info/gnd/4029869-3"$"Universitätsbibliothek Landes- und Murhardsche Bibliothek der Stadt Kassel"$"https://d-nb.info/gnd/10008839-9"$"Kassel"$"https://d-nb.info/gnd/4029869-3"
"620"$"4° Ms. theol. 12"$"https://orka.bibliothek.uni-kassel.de/viewer/api/v1/records/1352283599447/manifest/"$"https://orka.bibliothek.uni-kassel.de/viewer/image/1352283599447/"$"https://orka.bibliothek.uni-kassel.de/viewer/api/v1/records/1352283599447/files/images/00000001.tif/full/!400,400/0/default.jpg"$"Komplett"$"Original"$"Standard"$"Einzelseite"$"2018"$"2018"$"Universitätsbibliothek Landes- und Murhardsche Bibliothek der Stadt Kassel"$"https://d-nb.info/gnd/10008839-9"$"Kassel"$"https://d-nb.info/gnd/4029869-3"$"Universitätsbibliothek Landes- und Murhardsche Bibliothek der Stadt Kassel"$"https://d-nb.info/gnd/10008839-9"$"Kassel"$"https://d-nb.info/gnd/4029869-3"
"621"$"4° Ms. theol. 120"$"https://orka.bibliothek.uni-kassel.de/viewer/api/v1/records/1667476459610/manifest/"$"https://orka.bibliothek.uni-kassel.de/viewer/image/1667476459610/"$"https://orka.bibliothek.uni-kassel.de/viewer/api/v1/records/1667476459610/files/images/000001.tif/full/!400,400/0/default.jpg"$"Komplett"$"Original"$"Standard"$"Einzelseite"$"2022"$"2022"$"Universitätsbibliothek Landes- und Murhardsche Bibliothek der Stadt Kassel"$"https://d-nb.info/gnd/10008839-9"$"Kassel"$"https://d-nb.info/gnd/4029869-3"$"Universitätsbibliothek Landes- und Murhardsche Bibliothek der Stadt Kassel"$"https://d-nb.info/gnd/10008839-9"$"Kassel"$"https://d-nb.info/gnd/4029869-3"
"622"$"4° Ms. theol. 121"$"https://orka.bibliothek.uni-kassel.de/viewer/api/v1/records/1668083194609/manifest/"$"https://orka.bibliothek.uni-kassel.de/viewer/image/1668083194609/"$"https://orka.bibliothek.uni-kassel.de/viewer/api/v1/records/1668083194609/files/images/000001.tif/full/!400,400/0/default.jpg"$"Komplett"$"Original"$"Standard"$"Einzelseite"$"2022"$"2022"$"Universitätsbibliothek Landes- und Murhardsche Bibliothek der Stadt Kassel"$"https://d-nb.info/gnd/10008839-9"$"Kassel"$"https://d-nb.info/gnd/4029869-3"$"Universitätsbibliothek Landes- und Murhardsche Bibliothek der Stadt Kassel"$"https://d-nb.info/gnd/10008839-9"$"Kassel"$"https://d-nb.info/gnd/4029869-3"
"623"$"4° Ms. theol. 122"$"https://orka.bibliothek.uni-kassel.de/viewer/api/v1/records/1668153411418/manifest/"$"https://orka.bibliothek.uni-kassel.de/viewer/image/1668153411418/"$"https://orka.bibliothek.uni-kassel.de/viewer/api/v1/records/1668153411418/files/images/000001.tif/full/!400,400/0/default.jpg"$"Komplett"$"Original"$"Standard"$"Einzelseite"$"2022"$"2022"$"Universitätsbibliothek Landes- und Murhardsche Bibliothek der Stadt Kassel"$"https://d-nb.info/gnd/10008839-9"$"Kassel"$"https://d-nb.info/gnd/4029869-3"$"Universitätsbibliothek Landes- und Murhardsche Bibliothek der Stadt Kassel"$"https://d-nb.info/gnd/10008839-9"$"Kassel"$"https://d-nb.info/gnd/4029869-3"
"624"$"4° Ms. theol. 123"$"https://orka.bibliothek.uni-kassel.de/viewer/api/v1/records/1668665924819/manifest/"$"https://orka.bibliothek.uni-kassel.de/viewer/image/1668665924819/"$"https://orka.bibliothek.uni-kassel.de/viewer/api/v1/records/1668665924819/files/images/000001.tif/full/!400,400/0/default.jpg"$"Komplett"$"Original"$"Standard"$"Einzelseite"$"2022"$"2022"$"Universitätsbibliothek Landes- und Murhardsche Bibliothek der Stadt Kassel"$"https://d-nb.info/gnd/10008839-9"$"Kassel"$"https://d-nb.info/gnd/4029869-3"$"Universitätsbibliothek Landes- und Murhardsche Bibliothek der Stadt Kassel"$"https://d-nb.info/gnd/10008839-9"$"Kassel"$"https://d-nb.info/gnd/4029869-3"
"625"$"4° Ms. theol. 124"$"https://orka.bibliothek.uni-kassel.de/viewer/api/v1/records/1578645082591/manifest/"$"https://orka.bibliothek.uni-kassel.de/viewer/image/1578645082591/"$"https://orka.bibliothek.uni-kassel.de/viewer/api/v1/records/1578645082591/files/images/000001.tif/full/!400,400/0/default.jpg"$"Komplett"$"Original"$"Standard"$"Einzelseite"$"2020"$"2020"$"Universitätsbibliothek Landes- und Murhardsche Bibliothek der Stadt Kassel"$"https://d-nb.info/gnd/10008839-9"$"Kassel"$"https://d-nb.info/gnd/4029869-3"$"Universitätsbibliothek Landes- und Murhardsche Bibliothek der Stadt Kassel"$"https://d-nb.info/gnd/10008839-9"$"Kassel"$"https://d-nb.info/gnd/4029869-3"
"626"$"4° Ms. theol. 125"$"https://orka.bibliothek.uni-kassel.de/viewer/api/v1/records/1690291866587/manifest/"$"https://orka.bibliothek.uni-kassel.de/viewer/image/1690291866587/"$"https://orka.bibliothek.uni-kassel.de/viewer/api/v1/records/1690291866587/files/images/00000001.tif/full/!400,400/0/default.jpg"$"Komplett"$"Original"$"Standard"$"Einzelseite"$"2023"$"2023"$"Universitätsbibliothek Landes- und Murhardsche Bibliothek der Stadt Kassel"$"https://d-nb.info/gnd/10008839-9"$"Kassel"$"https://d-nb.info/gnd/4029869-3"$"Universitätsbibliothek Landes- und Murhardsche Bibliothek der Stadt Kassel"$"https://d-nb.info/gnd/10008839-9"$"Kassel"$"https://d-nb.info/gnd/4029869-3"
"627"$"4° Ms. theol. 126"$"https://orka.bibliothek.uni-kassel.de/viewer/api/v1/records/1690291976347/manifest/"$"https://orka.bibliothek.uni-kassel.de/viewer/image/1690291976347/"$"https://orka.bibliothek.uni-kassel.de/viewer/api/v1/records/1690291976347/files/images/000001.tif/full/!400,400/0/default.jpg"$"Komplett"$"Original"$"Standard"$"Einzelseite"$"2023"$"2023"$"Universitätsbibliothek Landes- und Murhardsche Bibliothek der Stadt Kassel"$"https://d-nb.info/gnd/10008839-9"$"Kassel"$"https://d-nb.info/gnd/4029869-3"$"Universitätsbibliothek Landes- und Murhardsche Bibliothek der Stadt Kassel"$"https://d-nb.info/gnd/10008839-9"$"Kassel"$"https://d-nb.info/gnd/4029869-3"
"628"$"4° Ms. theol. 127"$"https://orka.bibliothek.uni-kassel.de/viewer/api/v1/records/1320400686421/manifest/"$"https://orka.bibliothek.uni-kassel.de/viewer/image/1320400686421/"$"https://orka.bibliothek.uni-kassel.de/viewer/api/v1/records/1320400686421/files/images/00000001.tif/full/!400,400/0/default.jpg"$"Komplett"$"Original"$"Standard"$"Einzelseite"$"2011"$"2011"$"Universitätsbibliothek Landes- und Murhardsche Bibliothek der Stadt Kassel"$"https://d-nb.info/gnd/10008839-9"$"Kassel"$"https://d-nb.info/gnd/4029869-3"$"Universitätsbibliothek Landes- und Murhardsche Bibliothek der Stadt Kassel"$"https://d-nb.info/gnd/10008839-9"$"Kassel"$"https://d-nb.info/gnd/4029869-3"
"629"$"4° Ms. theol. 128"$"https://orka.bibliothek.uni-kassel.de/viewer/api/v1/records/1670412837741/manifest/"$"https://orka.bibliothek.uni-kassel.de/viewer/image/1670412837741/"$"https://orka.bibliothek.uni-kassel.de/viewer/api/v1/records/1670412837741/files/images/000001.tif/full/!400,400/0/default.jpg"$"Komplett"$"Original"$"Standard"$"Einzelseite"$"2023"$"2023"$"Universitätsbibliothek Landes- und Murhardsche Bibliothek der Stadt Kassel"$"https://d-nb.info/gnd/10008839-9"$"Kassel"$"https://d-nb.info/gnd/4029869-3"$"Universitätsbibliothek Landes- und Murhardsche Bibliothek der Stadt Kassel"$"https://d-nb.info/gnd/10008839-9"$"Kassel"$"https://d-nb.info/gnd/4029869-3"
"630"$"4° Ms. theol. 129"$"https://orka.bibliothek.uni-kassel.de/viewer/api/v1/records/1669630262585/manifest/"$"https://orka.bibliothek.uni-kassel.de/viewer/image/1669630262585/"$"https://orka.bibliothek.uni-kassel.de/viewer/api/v1/records/1669630262585/files/images/000001.tif/full/!400,400/0/default.jpg"$"Komplett"$"Original"$"Standard"$"Einzelseite"$"2023"$"2023"$"Universitätsbibliothek Landes- und Murhardsche Bibliothek der Stadt Kassel"$"https://d-nb.info/gnd/10008839-9"$"Kassel"$"https://d-nb.info/gnd/4029869-3"$"Universitätsbibliothek Landes- und Murhardsche Bibliothek der Stadt Kassel"$"https://d-nb.info/gnd/10008839-9"$"Kassel"$"https://d-nb.info/gnd/4029869-3"
"631"$"4° Ms. theol. 13"$"https://orka.bibliothek.uni-kassel.de/viewer/api/v1/records/1354089444248/manifest/"$"https://orka.bibliothek.uni-kassel.de/viewer/image/1354089444248/"$"https://orka.bibliothek.uni-kassel.de/viewer/api/v1/records/1354089444248/files/images/00000001.tif/full/!400,400/0/default.jpg"$"Komplett"$"Original"$"Standard"$"Einzelseite"$"2012"$"2012"$"Universitätsbibliothek Landes- und Murhardsche Bibliothek der Stadt Kassel"$"https://d-nb.info/gnd/10008839-9"$"Kassel"$"https://d-nb.info/gnd/4029869-3"$"Universitätsbibliothek Landes- und Murhardsche Bibliothek der Stadt Kassel"$"https://d-nb.info/gnd/10008839-9"$"Kassel"$"https://d-nb.info/gnd/4029869-3"
"632"$"4° Ms. theol. 131"$"https://orka.bibliothek.uni-kassel.de/viewer/api/v1/records/1314278787773/manifest/"$"https://orka.bibliothek.uni-kassel.de/viewer/image/1314278787773/"$"https://orka.bibliothek.uni-kassel.de/viewer/api/v1/records/1314278787773/files/images/00000001.tif/full/!400,400/0/default.jpg"$"Komplett"$"Original"$"Standard"$"Einzelseite"$"2011"$"2011"$"Universitätsbibliothek Landes- und Murhardsche Bibliothek der Stadt Kassel"$"https://d-nb.info/gnd/10008839-9"$"Kassel"$"https://d-nb.info/gnd/4029869-3"$"Universitätsbibliothek Landes- und Murhardsche Bibliothek der Stadt Kassel"$"https://d-nb.info/gnd/10008839-9"$"Kassel"$"https://d-nb.info/gnd/4029869-3"
"633"$"4° Ms. theol. 132"$"https://orka.bibliothek.uni-kassel.de/viewer/api/v1/records/1676888932252/manifest/"$"https://orka.bibliothek.uni-kassel.de/viewer/image/1676888932252/"$"https://orka.bibliothek.uni-kassel.de/viewer/api/v1/records/1676888932252/files/images/000001.tif/full/!400,400/0/default.jpg"$"Komplett"$"Original"$"Standard"$"Einzelseite"$"2023"$"2023"$"Universitätsbibliothek Landes- und Murhardsche Bibliothek der Stadt Kassel"$"https://d-nb.info/gnd/10008839-9"$"Kassel"$"https://d-nb.info/gnd/4029869-3"$"Universitätsbibliothek Landes- und Murhardsche Bibliothek der Stadt Kassel"$"https://d-nb.info/gnd/10008839-9"$"Kassel"$"https://d-nb.info/gnd/4029869-3"
"634"$"4° Ms. theol. 134"$"https://orka.bibliothek.uni-kassel.de/viewer/api/v1/records/1690292068176/manifest/"$"https://orka.bibliothek.uni-kassel.de/viewer/image/1690292068176/"$"https://orka.bibliothek.uni-kassel.de/viewer/api/v1/records/1690292068176/files/images/00000001.tif/full/!400,400/0/default.jpg"$"Komplett"$"Original"$"Standard"$"Einzelseite"$"2023"$"2023"$"Universitätsbibliothek Landes- und Murhardsche Bibliothek der Stadt Kassel"$"https://d-nb.info/gnd/10008839-9"$"Kassel"$"https://d-nb.info/gnd/4029869-3"$"Universitätsbibliothek Landes- und Murhardsche Bibliothek der Stadt Kassel"$"https://d-nb.info/gnd/10008839-9"$"Kassel"$"https://d-nb.info/gnd/4029869-3"
"635"$"4° Ms. theol. 137"$"https://orka.bibliothek.uni-kassel.de/viewer/api/v1/records/1690292198834/manifest/"$"https://orka.bibliothek.uni-kassel.de/viewer/image/1690292198834/"$"https://orka.bibliothek.uni-kassel.de/viewer/api/v1/records/1690292198834/files/images/00000001.tif/full/!400,400/0/default.jpg"$"Komplett"$"Original"$"Standard"$"Einzelseite"$"2023"$"2023"$"Universitätsbibliothek Landes- und Murhardsche Bibliothek der Stadt Kassel"$"https://d-nb.info/gnd/10008839-9"$"Kassel"$"https://d-nb.info/gnd/4029869-3"$"Universitätsbibliothek Landes- und Murhardsche Bibliothek der Stadt Kassel"$"https://d-nb.info/gnd/10008839-9"$"Kassel"$"https://d-nb.info/gnd/4029869-3"
"636"$"4° Ms. theol. 139"$"https://orka.bibliothek.uni-kassel.de/viewer/api/v1/records/1343812949563/manifest/"$"https://orka.bibliothek.uni-kassel.de/viewer/image/1343812949563/"$"https://orka.bibliothek.uni-kassel.de/viewer/api/v1/records/1343812949563/files/images/00000001.tif/full/!400,400/0/default.jpg"$"Komplett"$"Original"$"Standard"$"Einzelseite"$"2012"$"2012"$"Universitätsbibliothek Landes- und Murhardsche Bibliothek der Stadt Kassel"$"https://d-nb.info/gnd/10008839-9"$"Kassel"$"https://d-nb.info/gnd/4029869-3"$"Universitätsbibliothek Landes- und Murhardsche Bibliothek der Stadt Kassel"$"https://d-nb.info/gnd/10008839-9"$"Kassel"$"https://d-nb.info/gnd/4029869-3"
"637"$"4° Ms. theol. 14"$"https://orka.bibliothek.uni-kassel.de/viewer/api/v1/records/1527498431936/manifest/"$"https://orka.bibliothek.uni-kassel.de/viewer/image/1527498431936/"$"https://orka.bibliothek.uni-kassel.de/viewer/api/v1/records/1527498431936/files/images/00000001.tif/full/!400,400/0/default.jpg"$"Komplett"$"Original"$"Standard"$"Einzelseite"$"2018"$"2018"$"Universitätsbibliothek Landes- und Murhardsche Bibliothek der Stadt Kassel"$"https://d-nb.info/gnd/10008839-9"$"Kassel"$"https://d-nb.info/gnd/4029869-3"$"Universitätsbibliothek Landes- und Murhardsche Bibliothek der Stadt Kassel"$"https://d-nb.info/gnd/10008839-9"$"Kassel"$"https://d-nb.info/gnd/4029869-3"
"638"$"4° Ms. theol. 149"$"https://orka.bibliothek.uni-kassel.de/viewer/api/v1/records/1690364553166/manifest/"$"https://orka.bibliothek.uni-kassel.de/viewer/image/1690364553166/"$"https://orka.bibliothek.uni-kassel.de/viewer/api/v1/records/1690364553166/files/images/00000001.tif/full/!400,400/0/default.jpg"$"Komplett"$"Original"$"Standard"$"Einzelseite"$"2023"$"2023"$"Universitätsbibliothek Landes- und Murhardsche Bibliothek der Stadt Kassel"$"https://d-nb.info/gnd/10008839-9"$"Kassel"$"https://d-nb.info/gnd/4029869-3"$"Universitätsbibliothek Landes- und Murhardsche Bibliothek der Stadt Kassel"$"https://d-nb.info/gnd/10008839-9"$"Kassel"$"https://d-nb.info/gnd/4029869-3"
"639"$"4° Ms. theol. 15"$"https://orka.bibliothek.uni-kassel.de/viewer/api/v1/records/1318578645716/manifest/"$"https://orka.bibliothek.uni-kassel.de/viewer/image/1318578645716/"$"https://orka.bibliothek.uni-kassel.de/viewer/api/v1/records/1318578645716/files/images/00000001.tif/full/!400,400/0/default.jpg"$"Komplett"$"Original"$"Standard"$"Doppelseite"$"2011"$"2011"$"Universitätsbibliothek Landes- und Murhardsche Bibliothek der Stadt Kassel"$"https://d-nb.info/gnd/10008839-9"$"Kassel"$"https://d-nb.info/gnd/4029869-3"$"Universitätsbibliothek Landes- und Murhardsche Bibliothek der Stadt Kassel"$"https://d-nb.info/gnd/10008839-9"$"Kassel"$"https://d-nb.info/gnd/4029869-3"
"640"$"4° Ms. theol. 150"$"https://orka.bibliothek.uni-kassel.de/viewer/api/v1/records/1690364737344/manifest/"$"https://orka.bibliothek.uni-kassel.de/viewer/image/1690364737344/"$"https://orka.bibliothek.uni-kassel.de/viewer/api/v1/records/1690364737344/files/images/000001.tif/full/!400,400/0/default.jpg"$"Komplett"$"Original"$"Standard"$"Einzelseite"$"2023"$"2023"$"Universitätsbibliothek Landes- und Murhardsche Bibliothek der Stadt Kassel"$"https://d-nb.info/gnd/10008839-9"$"Kassel"$"https://d-nb.info/gnd/4029869-3"$"Universitätsbibliothek Landes- und Murhardsche Bibliothek der Stadt Kassel"$"https://d-nb.info/gnd/10008839-9"$"Kassel"$"https://d-nb.info/gnd/4029869-3"
"641"$"4° Ms. theol. 151"$"https://orka.bibliothek.uni-kassel.de/viewer/api/v1/records/1690364836823/manifest/"$"https://orka.bibliothek.uni-kassel.de/viewer/image/1690364836823/"$"https://orka.bibliothek.uni-kassel.de/viewer/api/v1/records/1690364836823/files/images/00000001.tif/full/!400,400/0/default.jpg"$"Komplett"$"Original"$"Standard"$"Einzelseite"$"2023"$"2023"$"Universitätsbibliothek Landes- und Murhardsche Bibliothek der Stadt Kassel"$"https://d-nb.info/gnd/10008839-9"$"Kassel"$"https://d-nb.info/gnd/4029869-3"$"Universitätsbibliothek Landes- und Murhardsche Bibliothek der Stadt Kassel"$"https://d-nb.info/gnd/10008839-9"$"Kassel"$"https://d-nb.info/gnd/4029869-3"
"642"$"4° Ms. theol. 152"$"https://orka.bibliothek.uni-kassel.de/viewer/api/v1/records/1690364921478/manifest/"$"https://orka.bibliothek.uni-kassel.de/viewer/image/1690364921478/"$"https://orka.bibliothek.uni-kassel.de/viewer/api/v1/records/1690364921478/files/images/000001.tif/full/!400,400/0/default.jpg"$"Komplett"$"Original"$"Standard"$"Einzelseite"$"2023"$"2023"$"Universitätsbibliothek Landes- und Murhardsche Bibliothek der Stadt Kassel"$"https://d-nb.info/gnd/10008839-9"$"Kassel"$"https://d-nb.info/gnd/4029869-3"$"Universitätsbibliothek Landes- und Murhardsche Bibliothek der Stadt Kassel"$"https://d-nb.info/gnd/10008839-9"$"Kassel"$"https://d-nb.info/gnd/4029869-3"
"643"$"4° Ms. theol. 153"$"https://orka.bibliothek.uni-kassel.de/viewer/api/v1/records/1691134991406/manifest/"$"https://orka.bibliothek.uni-kassel.de/viewer/image/1691134991406/"$"https://orka.bibliothek.uni-kassel.de/viewer/api/v1/records/1691134991406/files/images/000001.tif/full/!400,400/0/default.jpg"$"Komplett"$"Original"$"Standard"$"Einzelseite"$"2023"$"2023"$"Universitätsbibliothek Landes- und Murhardsche Bibliothek der Stadt Kassel"$"https://d-nb.info/gnd/10008839-9"$"Kassel"$"https://d-nb.info/gnd/4029869-3"$"Universitätsbibliothek Landes- und Murhardsche Bibliothek der Stadt Kassel"$"https://d-nb.info/gnd/10008839-9"$"Kassel"$"https://d-nb.info/gnd/4029869-3"
"644"$"4° Ms. theol. 154"$"https://orka.bibliothek.uni-kassel.de/viewer/api/v1/records/1691135138064/manifest/"$"https://orka.bibliothek.uni-kassel.de/viewer/image/1691135138064/"$"https://orka.bibliothek.uni-kassel.de/viewer/api/v1/records/1691135138064/files/images/000001.tif/full/!400,400/0/default.jpg"$"Komplett"$"Original"$"Standard"$"Einzelseite"$"2023"$"2023"$"Universitätsbibliothek Landes- und Murhardsche Bibliothek der Stadt Kassel"$"https://d-nb.info/gnd/10008839-9"$"Kassel"$"https://d-nb.info/gnd/4029869-3"$"Universitätsbibliothek Landes- und Murhardsche Bibliothek der Stadt Kassel"$"https://d-nb.info/gnd/10008839-9"$"Kassel"$"https://d-nb.info/gnd/4029869-3"
"645"$"4° Ms. theol. 155"$"https://orka.bibliothek.uni-kassel.de/viewer/api/v1/records/1691135222328/manifest/"$"https://orka.bibliothek.uni-kassel.de/viewer/image/1691135222328/"$"https://orka.bibliothek.uni-kassel.de/viewer/api/v1/records/1691135222328/files/images/000001.tif/full/!400,400/0/default.jpg"$"Komplett"$"Original"$"Standard"$"Einzelseite"$"2023"$"2023"$"Universitätsbibliothek Landes- und Murhardsche Bibliothek der Stadt Kassel"$"https://d-nb.info/gnd/10008839-9"$"Kassel"$"https://d-nb.info/gnd/4029869-3"$"Universitätsbibliothek Landes- und Murhardsche Bibliothek der Stadt Kassel"$"https://d-nb.info/gnd/10008839-9"$"Kassel"$"https://d-nb.info/gnd/4029869-3"
"646"$"4° Ms. theol. 156"$"https://orka.bibliothek.uni-kassel.de/viewer/api/v1/records/1691135305997/manifest/"$"https://orka.bibliothek.uni-kassel.de/viewer/image/1691135305997/"$"https://orka.bibliothek.uni-kassel.de/viewer/api/v1/records/1691135305997/files/images/000001.tif/full/!400,400/0/default.jpg"$"Komplett"$"Original"$"Standard"$"Einzelseite"$"2023"$"2023"$"Universitätsbibliothek Landes- und Murhardsche Bibliothek der Stadt Kassel"$"https://d-nb.info/gnd/10008839-9"$"Kassel"$"https://d-nb.info/gnd/4029869-3"$"Universitätsbibliothek Landes- und Murhardsche Bibliothek der Stadt Kassel"$"https://d-nb.info/gnd/10008839-9"$"Kassel"$"https://d-nb.info/gnd/4029869-3"
"647"$"4° Ms. theol. 157"$"https://orka.bibliothek.uni-kassel.de/viewer/api/v1/records/1691135388431/manifest/"$"https://orka.bibliothek.uni-kassel.de/viewer/image/1691135388431/"$"https://orka.bibliothek.uni-kassel.de/viewer/api/v1/records/1691135388431/files/images/000001.tif/full/!400,400/0/default.jpg"$"Komplett"$"Original"$"Standard"$"Einzelseite"$"2023"$"2023"$"Universitätsbibliothek Landes- und Murhardsche Bibliothek der Stadt Kassel"$"https://d-nb.info/gnd/10008839-9"$"Kassel"$"https://d-nb.info/gnd/4029869-3"$"Universitätsbibliothek Landes- und Murhardsche Bibliothek der Stadt Kassel"$"https://d-nb.info/gnd/10008839-9"$"Kassel"$"https://d-nb.info/gnd/4029869-3"
"648"$"4° Ms. theol. 158"$"https://orka.bibliothek.uni-kassel.de/viewer/api/v1/records/1691135751849/manifest/"$"https://orka.bibliothek.uni-kassel.de/viewer/image/1691135751849/"$"https://orka.bibliothek.uni-kassel.de/viewer/api/v1/records/1691135751849/files/images/000001.tif/full/!400,400/0/default.jpg"$"Komplett"$"Original"$"Standard"$"Einzelseite"$"2023"$"2023"$"Universitätsbibliothek Landes- und Murhardsche Bibliothek der Stadt Kassel"$"https://d-nb.info/gnd/10008839-9"$"Kassel"$"https://d-nb.info/gnd/4029869-3"$"Universitätsbibliothek Landes- und Murhardsche Bibliothek der Stadt Kassel"$"https://d-nb.info/gnd/10008839-9"$"Kassel"$"https://d-nb.info/gnd/4029869-3"
"649"$"4° Ms. theol. 159"$"https://orka.bibliothek.uni-kassel.de/viewer/api/v1/records/1691135825722/manifest/"$"https://orka.bibliothek.uni-kassel.de/viewer/image/1691135825722/"$"https://orka.bibliothek.uni-kassel.de/viewer/api/v1/records/1691135825722/files/images/000001.tif/full/!400,400/0/default.jpg"$"Komplett"$"Original"$"Standard"$"Doppelseite"$"2023"$"2023"$"Universitätsbibliothek Landes- und Murhardsche Bibliothek der Stadt Kassel"$"https://d-nb.info/gnd/10008839-9"$"Kassel"$"https://d-nb.info/gnd/4029869-3"$"Universitätsbibliothek Landes- und Murhardsche Bibliothek der Stadt Kassel"$"https://d-nb.info/gnd/10008839-9"$"Kassel"$"https://d-nb.info/gnd/4029869-3"
"650"$"4° Ms. theol. 16"$"https://orka.bibliothek.uni-kassel.de/viewer/api/v1/records/1527674179109/manifest/"$"https://orka.bibliothek.uni-kassel.de/viewer/image/1527674179109/"$"https://orka.bibliothek.uni-kassel.de/viewer/api/v1/records/1527674179109/files/images/00000001.tif/full/!400,400/0/default.jpg"$"Komplett"$"Original"$"Standard"$"Einzelseite"$"2018"$"2018"$"Universitätsbibliothek Landes- und Murhardsche Bibliothek der Stadt Kassel"$"https://d-nb.info/gnd/10008839-9"$"Kassel"$"https://d-nb.info/gnd/4029869-3"$"Universitätsbibliothek Landes- und Murhardsche Bibliothek der Stadt Kassel"$"https://d-nb.info/gnd/10008839-9"$"Kassel"$"https://d-nb.info/gnd/4029869-3"
"651"$"4° Ms. theol. 160"$"https://orka.bibliothek.uni-kassel.de/viewer/api/v1/records/1343813042390/manifest/"$"https://orka.bibliothek.uni-kassel.de/viewer/image/1343813042390/2/#topDocAnchor"$"https://orka.bibliothek.uni-kassel.de/viewer/api/v1/records/1343813042390/files/images/00000001.tif/full/!400,400/0/default.jpg"$"Komplett"$"Original"$"Standard"$"Einzelseite"$"2012"$"2012"$"Universitätsbibliothek Landes- und Murhardsche Bibliothek der Stadt Kassel"$"https://d-nb.info/gnd/10008839-9"$"Kassel"$"https://d-nb.info/gnd/4029869-3"$"Universitätsbibliothek Landes- und Murhardsche Bibliothek der Stadt Kassel"$"https://d-nb.info/gnd/10008839-9"$"Kassel"$"https://d-nb.info/gnd/4029869-3"
"652"$"4° Ms. theol. 161"$"https://orka.bibliothek.uni-kassel.de/viewer/api/v1/records/1344242800018/manifest/"$"https://orka.bibliothek.uni-kassel.de/viewer/image/1344242800018/"$"https://orka.bibliothek.uni-kassel.de/viewer/api/v1/records/1344242800018/files/images/00000001.tif/full/!400,400/0/default.jpg"$"Komplett"$"Original"$"Standard"$"Einzelseite"$"2012"$"2012"$"Universitätsbibliothek Landes- und Murhardsche Bibliothek der Stadt Kassel"$"https://d-nb.info/gnd/10008839-9"$"Kassel"$"https://d-nb.info/gnd/4029869-3"$"Universitätsbibliothek Landes- und Murhardsche Bibliothek der Stadt Kassel"$"https://d-nb.info/gnd/10008839-9"$"Kassel"$"https://d-nb.info/gnd/4029869-3"
"653"$"4° Ms. theol. 162"$"https://orka.bibliothek.uni-kassel.de/viewer/api/v1/records/1343813225139/manifest/"$"https://orka.bibliothek.uni-kassel.de/viewer/image/1343813225139/"$"https://orka.bibliothek.uni-kassel.de/viewer/api/v1/records/1343813225139/files/images/00000001.tif/full/!400,400/0/default.jpg"$"Komplett"$"Original"$"Standard"$"Einzelseite"$"2012"$"2012"$"Universitätsbibliothek Landes- und Murhardsche Bibliothek der Stadt Kassel"$"https://d-nb.info/gnd/10008839-9"$"Kassel"$"https://d-nb.info/gnd/4029869-3"$"Universitätsbibliothek Landes- und Murhardsche Bibliothek der Stadt Kassel"$"https://d-nb.info/gnd/10008839-9"$"Kassel"$"https://d-nb.info/gnd/4029869-3"
"654"$"4° Ms. theol. 163"$"https://orka.bibliothek.uni-kassel.de/viewer/api/v1/records/1343813316881/manifest/"$"https://orka.bibliothek.uni-kassel.de/viewer/image/1343813316881/"$"https://orka.bibliothek.uni-kassel.de/viewer/api/v1/records/1343813316881/files/images/00000001.tif/full/!400,400/0/default.jpg"$"Komplett"$"Original"$"Standard"$"Doppelseite"$"2012"$"2012"$"Universitätsbibliothek Landes- und Murhardsche Bibliothek der Stadt Kassel"$"https://d-nb.info/gnd/10008839-9"$"Kassel"$"https://d-nb.info/gnd/4029869-3"$"Universitätsbibliothek Landes- und Murhardsche Bibliothek der Stadt Kassel"$"https://d-nb.info/gnd/10008839-9"$"Kassel"$"https://d-nb.info/gnd/4029869-3"
"655"$"4° Ms. theol. 164"$"https://orka.bibliothek.uni-kassel.de/viewer/api/v1/records/1691135935315/manifest/"$"https://orka.bibliothek.uni-kassel.de/viewer/image/1691135935315/"$"https://orka.bibliothek.uni-kassel.de/viewer/api/v1/records/1691135935315/files/images/000001.tif/full/!400,400/0/default.jpg"$"Komplett"$"Original"$"Standard"$"Einzelseite"$"2023"$"2023"$"Universitätsbibliothek Landes- und Murhardsche Bibliothek der Stadt Kassel"$"https://d-nb.info/gnd/10008839-9"$"Kassel"$"https://d-nb.info/gnd/4029869-3"$"Universitätsbibliothek Landes- und Murhardsche Bibliothek der Stadt Kassel"$"https://d-nb.info/gnd/10008839-9"$"Kassel"$"https://d-nb.info/gnd/4029869-3"
"656"$"4° Ms. theol. 165"$"https://orka.bibliothek.uni-kassel.de/viewer/api/v1/records/1691144688429/manifest/"$"https://orka.bibliothek.uni-kassel.de/viewer/image/1691144688429/"$"https://orka.bibliothek.uni-kassel.de/viewer/api/v1/records/1691144688429/files/images/000001.tif/full/!400,400/0/default.jpg"$"Komplett"$"Original"$"Standard"$"Einzelseite"$"2023"$"2023"$"Universitätsbibliothek Landes- und Murhardsche Bibliothek der Stadt Kassel"$"https://d-nb.info/gnd/10008839-9"$"Kassel"$"https://d-nb.info/gnd/4029869-3"$"Universitätsbibliothek Landes- und Murhardsche Bibliothek der Stadt Kassel"$"https://d-nb.info/gnd/10008839-9"$"Kassel"$"https://d-nb.info/gnd/4029869-3"
"657"$"4° Ms. theol. 166"$"https://orka.bibliothek.uni-kassel.de/viewer/api/v1/records/1343813423012/manifest/"$"https://orka.bibliothek.uni-kassel.de/viewer/image/1343813423012/"$"https://orka.bibliothek.uni-kassel.de/viewer/api/v1/records/1343813423012/files/images/00000001.tif/full/!400,400/0/default.jpg"$"Komplett"$"Original"$"Standard"$"Einzelseite"$"2012"$"2012"$"Universitätsbibliothek Landes- und Murhardsche Bibliothek der Stadt Kassel"$"https://d-nb.info/gnd/10008839-9"$"Kassel"$"https://d-nb.info/gnd/4029869-3"$"Universitätsbibliothek Landes- und Murhardsche Bibliothek der Stadt Kassel"$"https://d-nb.info/gnd/10008839-9"$"Kassel"$"https://d-nb.info/gnd/4029869-3"
"658"$"4° Ms. theol. 167"$"https://orka.bibliothek.uni-kassel.de/viewer/api/v1/records/1691144888940/manifest/"$"https://orka.bibliothek.uni-kassel.de/viewer/image/1691144888940/"$"https://orka.bibliothek.uni-kassel.de/viewer/api/v1/records/1691144888940/files/images/000001.tif/full/!400,400/0/default.jpg"$"Komplett"$"Original"$"Standard"$"Einzelseite"$"2023"$"2023"$"Universitätsbibliothek Landes- und Murhardsche Bibliothek der Stadt Kassel"$"https://d-nb.info/gnd/10008839-9"$"Kassel"$"https://d-nb.info/gnd/4029869-3"$"Universitätsbibliothek Landes- und Murhardsche Bibliothek der Stadt Kassel"$"https://d-nb.info/gnd/10008839-9"$"Kassel"$"https://d-nb.info/gnd/4029869-3"
"659"$"4° Ms. theol. 168"$"https://orka.bibliothek.uni-kassel.de/viewer/api/v1/records/1395999247899/manifest/"$"https://orka.bibliothek.uni-kassel.de/viewer/image/1395999247899/"$"https://orka.bibliothek.uni-kassel.de/viewer/api/v1/records/1395999247899/files/images/00000001.tif/full/!400,400/0/default.jpg"$"Komplett"$"Original"$"Standard"$"Einzelseite"$"2014"$"2014"$"Universitätsbibliothek Landes- und Murhardsche Bibliothek der Stadt Kassel"$"https://d-nb.info/gnd/10008839-9"$"Kassel"$"https://d-nb.info/gnd/4029869-3"$"Universitätsbibliothek Landes- und Murhardsche Bibliothek der Stadt Kassel"$"https://d-nb.info/gnd/10008839-9"$"Kassel"$"https://d-nb.info/gnd/4029869-3"
"660"$"4° Ms. theol. 169"$"https://orka.bibliothek.uni-kassel.de/viewer/api/v1/records/1691144985316/manifest/"$"https://orka.bibliothek.uni-kassel.de/viewer/image/1691144985316/"$"https://orka.bibliothek.uni-kassel.de/viewer/api/v1/records/1691144985316/files/images/000001.tif/full/!400,400/0/default.jpg"$"Komplett"$"Original"$"Standard"$"Einzelseite"$"2023"$"2023"$"Universitätsbibliothek Landes- und Murhardsche Bibliothek der Stadt Kassel"$"https://d-nb.info/gnd/10008839-9"$"Kassel"$"https://d-nb.info/gnd/4029869-3"$"Universitätsbibliothek Landes- und Murhardsche Bibliothek der Stadt Kassel"$"https://d-nb.info/gnd/10008839-9"$"Kassel"$"https://d-nb.info/gnd/4029869-3"
"661"$"4° Ms. theol. 17"$"https://orka.bibliothek.uni-kassel.de/viewer/api/v1/records/1527158943913/manifest/"$"https://orka.bibliothek.uni-kassel.de/viewer/image/1527158943913/"$"https://orka.bibliothek.uni-kassel.de/viewer/api/v1/records/1527158943913/files/images/00000001.tif/full/!400,400/0/default.jpg"$"Komplett"$"Original"$"Standard"$"Einzelseite"$"2018"$"2018"$"Universitätsbibliothek Landes- und Murhardsche Bibliothek der Stadt Kassel"$"https://d-nb.info/gnd/10008839-9"$"Kassel"$"https://d-nb.info/gnd/4029869-3"$"Universitätsbibliothek Landes- und Murhardsche Bibliothek der Stadt Kassel"$"https://d-nb.info/gnd/10008839-9"$"Kassel"$"https://d-nb.info/gnd/4029869-3"
"662"$"4° Ms. theol. 170"$"https://orka.bibliothek.uni-kassel.de/viewer/api/v1/records/1327588533494/manifest/"$"https://orka.bibliothek.uni-kassel.de/viewer/image/1327588533494/"$"https://orka.bibliothek.uni-kassel.de/viewer/api/v1/records/1327588533494/files/images/00000001.tif/full/!400,400/0/default.jpg"$"Komplett"$"Original"$"Standard"$"Einzelseite"$"2012"$"2012"$"Universitätsbibliothek Landes- und Murhardsche Bibliothek der Stadt Kassel"$"https://d-nb.info/gnd/10008839-9"$"Kassel"$"https://d-nb.info/gnd/4029869-3"$"Universitätsbibliothek Landes- und Murhardsche Bibliothek der Stadt Kassel"$"https://d-nb.info/gnd/10008839-9"$"Kassel"$"https://d-nb.info/gnd/4029869-3"
"663"$"4° Ms. theol. 171"$"https://orka.bibliothek.uni-kassel.de/viewer/api/v1/records/1691145135038/manifest/"$"https://orka.bibliothek.uni-kassel.de/viewer/image/1691145135038/"$"https://orka.bibliothek.uni-kassel.de/viewer/api/v1/records/1691145135038/files/images/000001.tif/full/!400,400/0/default.jpg"$"Komplett"$"Original"$"Standard"$"Einzelseite"$"2023"$"2023"$"Universitätsbibliothek Landes- und Murhardsche Bibliothek der Stadt Kassel"$"https://d-nb.info/gnd/10008839-9"$"Kassel"$"https://d-nb.info/gnd/4029869-3"$"Universitätsbibliothek Landes- und Murhardsche Bibliothek der Stadt Kassel"$"https://d-nb.info/gnd/10008839-9"$"Kassel"$"https://d-nb.info/gnd/4029869-3"
"664"$"4° Ms. theol. 172"$"https://orka.bibliothek.uni-kassel.de/viewer/api/v1/records/1691145387034/manifest/"$"https://orka.bibliothek.uni-kassel.de/viewer/image/1691145387034/"$"https://orka.bibliothek.uni-kassel.de/viewer/api/v1/records/1691145387034/files/images/000001.tif/full/!400,400/0/default.jpg"$"Komplett"$"Original"$"Standard"$"Einzelseite"$"2023"$"2023"$"Universitätsbibliothek Landes- und Murhardsche Bibliothek der Stadt Kassel"$"https://d-nb.info/gnd/10008839-9"$"Kassel"$"https://d-nb.info/gnd/4029869-3"$"Universitätsbibliothek Landes- und Murhardsche Bibliothek der Stadt Kassel"$"https://d-nb.info/gnd/10008839-9"$"Kassel"$"https://d-nb.info/gnd/4029869-3"
"665"$"4° Ms. theol. 173"$"https://orka.bibliothek.uni-kassel.de/viewer/api/v1/records/1691145468642/manifest/"$"https://orka.bibliothek.uni-kassel.de/viewer/image/1691145468642/"$"https://orka.bibliothek.uni-kassel.de/viewer/api/v1/records/1691145468642/files/images/000001.tif/full/!400,400/0/default.jpg"$"Komplett"$"Original"$"Standard"$"Einzelseite"$"2023"$"2023"$"Universitätsbibliothek Landes- und Murhardsche Bibliothek der Stadt Kassel"$"https://d-nb.info/gnd/10008839-9"$"Kassel"$"https://d-nb.info/gnd/4029869-3"$"Universitätsbibliothek Landes- und Murhardsche Bibliothek der Stadt Kassel"$"https://d-nb.info/gnd/10008839-9"$"Kassel"$"https://d-nb.info/gnd/4029869-3"
"666"$"4° Ms. theol. 174"$"https://orka.bibliothek.uni-kassel.de/viewer/api/v1/records/1343813604896/manifest/"$"https://orka.bibliothek.uni-kassel.de/viewer/image/1343813604896/"$"https://orka.bibliothek.uni-kassel.de/viewer/api/v1/records/1343813604896/files/images/00000001.tif/full/!400,400/0/default.jpg"$"Komplett"$"Original"$"Standard"$"Einzelseite"$"2012"$"2012"$"Universitätsbibliothek Landes- und Murhardsche Bibliothek der Stadt Kassel"$"https://d-nb.info/gnd/10008839-9"$"Kassel"$"https://d-nb.info/gnd/4029869-3"$"Universitätsbibliothek Landes- und Murhardsche Bibliothek der Stadt Kassel"$"https://d-nb.info/gnd/10008839-9"$"Kassel"$"https://d-nb.info/gnd/4029869-3"
"667"$"4° Ms. theol. 175"$"https://orka.bibliothek.uni-kassel.de/viewer/api/v1/records/1397128803288/manifest/"$"https://orka.bibliothek.uni-kassel.de/viewer/image/1397128803288/"$"https://orka.bibliothek.uni-kassel.de/viewer/api/v1/records/1397128803288/files/images/00000001.tif/full/!400,400/0/default.jpg"$"Komplett"$"Original"$"Standard"$"Einzelseite"$"2014"$"2014"$"Universitätsbibliothek Landes- und Murhardsche Bibliothek der Stadt Kassel"$"https://d-nb.info/gnd/10008839-9"$"Kassel"$"https://d-nb.info/gnd/4029869-3"$"Universitätsbibliothek Landes- und Murhardsche Bibliothek der Stadt Kassel"$"https://d-nb.info/gnd/10008839-9"$"Kassel"$"https://d-nb.info/gnd/4029869-3"
"668"$"4° Ms. theol. 176"$"https://orka.bibliothek.uni-kassel.de/viewer/api/v1/records/1691145597882/manifest/"$"https://orka.bibliothek.uni-kassel.de/viewer/image/1691145597882/3/#topDocAnchor"$"https://orka.bibliothek.uni-kassel.de/viewer/api/v1/records/1691145597882/files/images/000001.tif/full/!400,400/0/default.jpg"$"Komplett"$"Original"$"Standard"$"Einzelseite"$"2023"$"2023"$"Universitätsbibliothek Landes- und Murhardsche Bibliothek der Stadt Kassel"$"https://d-nb.info/gnd/10008839-9"$"Kassel"$"https://d-nb.info/gnd/4029869-3"$"Universitätsbibliothek Landes- und Murhardsche Bibliothek der Stadt Kassel"$"https://d-nb.info/gnd/10008839-9"$"Kassel"$"https://d-nb.info/gnd/4029869-3"
"669"$"4° Ms. theol. 177"$"https://orka.bibliothek.uni-kassel.de/viewer/api/v1/records/1691145917108/manifest/"$"https://orka.bibliothek.uni-kassel.de/viewer/image/1691145917108/"$"https://orka.bibliothek.uni-kassel.de/viewer/api/v1/records/1691145917108/files/images/000001.tif/full/!400,400/0/default.jpg"$"Komplett"$"Original"$"Standard"$"Doppelseite"$"2023"$"2023"$"Universitätsbibliothek Landes- und Murhardsche Bibliothek der Stadt Kassel"$"https://d-nb.info/gnd/10008839-9"$"Kassel"$"https://d-nb.info/gnd/4029869-3"$"Universitätsbibliothek Landes- und Murhardsche Bibliothek der Stadt Kassel"$"https://d-nb.info/gnd/10008839-9"$"Kassel"$"https://d-nb.info/gnd/4029869-3"
"670"$"4° Ms. theol. 178"$"https://orka.bibliothek.uni-kassel.de/viewer/api/v1/records/1691146054907/manifest/"$"https://orka.bibliothek.uni-kassel.de/viewer/image/1691146054907/2/"$"https://orka.bibliothek.uni-kassel.de/viewer/api/v1/records/1691146054907/files/images/000001.tif/full/!400,400/0/default.jpg"$"Komplett"$"Original"$"Standard"$"Einzelseite"$"2023"$"2023"$"Universitätsbibliothek Landes- und Murhardsche Bibliothek der Stadt Kassel"$"https://d-nb.info/gnd/10008839-9"$"Kassel"$"https://d-nb.info/gnd/4029869-3"$"Universitätsbibliothek Landes- und Murhardsche Bibliothek der Stadt Kassel"$"https://d-nb.info/gnd/10008839-9"$"Kassel"$"https://d-nb.info/gnd/4029869-3"
"671"$"4° Ms. theol. 179"$"https://orka.bibliothek.uni-kassel.de/viewer/api/v1/records/1691146115551/manifest/"$"https://orka.bibliothek.uni-kassel.de/viewer/image/1691146115551/"$"https://orka.bibliothek.uni-kassel.de/viewer/api/v1/records/1691146115551/files/images/000001.tif/full/!400,400/0/default.jpg"$"Komplett"$"Original"$"Standard"$"Einzelseite"$"2023"$"2023"$"Universitätsbibliothek Landes- und Murhardsche Bibliothek der Stadt Kassel"$"https://d-nb.info/gnd/10008839-9"$"Kassel"$"https://d-nb.info/gnd/4029869-3"$"Universitätsbibliothek Landes- und Murhardsche Bibliothek der Stadt Kassel"$"https://d-nb.info/gnd/10008839-9"$"Kassel"$"https://d-nb.info/gnd/4029869-3"
"672"$"4° Ms. theol. 18"$"https://orka.bibliothek.uni-kassel.de/viewer/api/v1/records/1547547512460/manifest/"$"https://orka.bibliothek.uni-kassel.de/viewer/image/1547547512460/"$"https://orka.bibliothek.uni-kassel.de/viewer/api/v1/records/1547547512460/files/images/00000001.tif/full/!400,400/0/default.jpg"$"Komplett"$"Original"$"Standard"$"Einzelseite"$"2019"$"2019"$"Universitätsbibliothek Landes- und Murhardsche Bibliothek der Stadt Kassel"$"https://d-nb.info/gnd/10008839-9"$"Kassel"$"https://d-nb.info/gnd/4029869-3"$"Universitätsbibliothek Landes- und Murhardsche Bibliothek der Stadt Kassel"$"https://d-nb.info/gnd/10008839-9"$"Kassel"$"https://d-nb.info/gnd/4029869-3"
"673"$"4° Ms. theol. 180"$"https://orka.bibliothek.uni-kassel.de/viewer/api/v1/records/1691146171325/manifest/"$"https://orka.bibliothek.uni-kassel.de/viewer/image/1691146171325/"$"https://orka.bibliothek.uni-kassel.de/viewer/api/v1/records/1691146171325/files/images/000001.tif/full/!400,400/0/default.jpg"$"Komplett"$"Original"$"Standard"$"Einzelseite"$"2023"$"2023"$"Universitätsbibliothek Landes- und Murhardsche Bibliothek der Stadt Kassel"$"https://d-nb.info/gnd/10008839-9"$"Kassel"$"https://d-nb.info/gnd/4029869-3"$"Universitätsbibliothek Landes- und Murhardsche Bibliothek der Stadt Kassel"$"https://d-nb.info/gnd/10008839-9"$"Kassel"$"https://d-nb.info/gnd/4029869-3"
"674"$"4° Ms. theol. 181"$"https://orka.bibliothek.uni-kassel.de/viewer/api/v1/records/1691146250024/manifest/"$"https://orka.bibliothek.uni-kassel.de/viewer/image/1691146250024/"$"https://orka.bibliothek.uni-kassel.de/viewer/api/v1/records/1691146250024/files/images/000001.tif/full/!400,400/0/default.jpg"$"Komplett"$"Original"$"Standard"$"Einzelseite"$"2023"$"2023"$"Universitätsbibliothek Landes- und Murhardsche Bibliothek der Stadt Kassel"$"https://d-nb.info/gnd/10008839-9"$"Kassel"$"https://d-nb.info/gnd/4029869-3"$"Universitätsbibliothek Landes- und Murhardsche Bibliothek der Stadt Kassel"$"https://d-nb.info/gnd/10008839-9"$"Kassel"$"https://d-nb.info/gnd/4029869-3"
"675"$"4° Ms. theol. 183"$"https://orka.bibliothek.uni-kassel.de/viewer/api/v1/records/1691146320184/manifest/"$"https://orka.bibliothek.uni-kassel.de/viewer/image/1691146320184/"$"https://orka.bibliothek.uni-kassel.de/viewer/api/v1/records/1691146320184/files/images/000001.tif/full/!400,400/0/default.jpg"$"Komplett"$"Original"$"Standard"$"Doppelseite"$"2023"$"2023"$"Universitätsbibliothek Landes- und Murhardsche Bibliothek der Stadt Kassel"$"https://d-nb.info/gnd/10008839-9"$"Kassel"$"https://d-nb.info/gnd/4029869-3"$"Universitätsbibliothek Landes- und Murhardsche Bibliothek der Stadt Kassel"$"https://d-nb.info/gnd/10008839-9"$"Kassel"$"https://d-nb.info/gnd/4029869-3"
"676"$"4° Ms. theol. 184"$"https://orka.bibliothek.uni-kassel.de/viewer/api/v1/records/1691146425713/manifest/"$"https://orka.bibliothek.uni-kassel.de/viewer/image/1691146425713/"$"https://orka.bibliothek.uni-kassel.de/viewer/api/v1/records/1691146425713/files/images/000001.tif/full/!400,400/0/default.jpg"$"Komplett"$"Original"$"Standard"$"Einzelseite"$"2023"$"2023"$"Universitätsbibliothek Landes- und Murhardsche Bibliothek der Stadt Kassel"$"https://d-nb.info/gnd/10008839-9"$"Kassel"$"https://d-nb.info/gnd/4029869-3"$"Universitätsbibliothek Landes- und Murhardsche Bibliothek der Stadt Kassel"$"https://d-nb.info/gnd/10008839-9"$"Kassel"$"https://d-nb.info/gnd/4029869-3"
"677"$"4° Ms. theol. 185"$"https://orka.bibliothek.uni-kassel.de/viewer/api/v1/records/1691146700163/manifest/"$"https://orka.bibliothek.uni-kassel.de/viewer/image/1691146700163/"$"https://orka.bibliothek.uni-kassel.de/viewer/api/v1/records/1691146700163/files/images/000001.tif/full/!400,400/0/default.jpg"$"Komplett"$"Original"$"Standard"$"Einzelseite"$"2023"$"2023"$"Universitätsbibliothek Landes- und Murhardsche Bibliothek der Stadt Kassel"$"https://d-nb.info/gnd/10008839-9"$"Kassel"$"https://d-nb.info/gnd/4029869-3"$"Universitätsbibliothek Landes- und Murhardsche Bibliothek der Stadt Kassel"$"https://d-nb.info/gnd/10008839-9"$"Kassel"$"https://d-nb.info/gnd/4029869-3"
"678"$"4° Ms. theol. 186"$"https://orka.bibliothek.uni-kassel.de/viewer/api/v1/records/1343813705669/manifest/"$"https://orka.bibliothek.uni-kassel.de/viewer/image/1343813705669/"$"https://orka.bibliothek.uni-kassel.de/viewer/api/v1/records/1343813705669/files/images/00000001.tif/full/!400,400/0/default.jpg"$"Komplett"$"Original"$"Standard"$"Einzelseite"$"2012"$"2012"$"Universitätsbibliothek Landes- und Murhardsche Bibliothek der Stadt Kassel"$"https://d-nb.info/gnd/10008839-9"$"Kassel"$"https://d-nb.info/gnd/4029869-3"$"Universitätsbibliothek Landes- und Murhardsche Bibliothek der Stadt Kassel"$"https://d-nb.info/gnd/10008839-9"$"Kassel"$"https://d-nb.info/gnd/4029869-3"
"679"$"4° Ms. theol. 187"$"https://orka.bibliothek.uni-kassel.de/viewer/api/v1/records/1691146810819/manifest/"$"https://orka.bibliothek.uni-kassel.de/viewer/image/1691146810819/"$"https://orka.bibliothek.uni-kassel.de/viewer/api/v1/records/1691146810819/files/images/000001.tif/full/!400,400/0/default.jpg"$"Komplett"$"Original"$"Standard"$"Doppelseite"$"2023"$"2023"$"Universitätsbibliothek Landes- und Murhardsche Bibliothek der Stadt Kassel"$"https://d-nb.info/gnd/10008839-9"$"Kassel"$"https://d-nb.info/gnd/4029869-3"$"Universitätsbibliothek Landes- und Murhardsche Bibliothek der Stadt Kassel"$"https://d-nb.info/gnd/10008839-9"$"Kassel"$"https://d-nb.info/gnd/4029869-3"
"680"$"4° Ms. theol. 188"$"https://orka.bibliothek.uni-kassel.de/viewer/api/v1/records/1691146893621/manifest/"$"https://orka.bibliothek.uni-kassel.de/viewer/image/1691146893621/"$"https://orka.bibliothek.uni-kassel.de/viewer/api/v1/records/1691146893621/files/images/000001.tif/full/!400,400/0/default.jpg"$"Komplett"$"Original"$"Standard"$"Einzelseite"$"2023"$"2023"$"Universitätsbibliothek Landes- und Murhardsche Bibliothek der Stadt Kassel"$"https://d-nb.info/gnd/10008839-9"$"Kassel"$"https://d-nb.info/gnd/4029869-3"$"Universitätsbibliothek Landes- und Murhardsche Bibliothek der Stadt Kassel"$"https://d-nb.info/gnd/10008839-9"$"Kassel"$"https://d-nb.info/gnd/4029869-3"
"681"$"4° Ms. theol. 19"$"https://orka.bibliothek.uni-kassel.de/viewer/api/v1/records/1546505808399/manifest/"$"https://orka.bibliothek.uni-kassel.de/viewer/image/1546505808399/"$"https://orka.bibliothek.uni-kassel.de/viewer/api/v1/records/1546505808399/files/images/00000001.tif/full/!400,400/0/default.jpg"$"Komplett"$"Original"$"Standard"$"Einzelseite"$"2018"$"2018"$"Universitätsbibliothek Landes- und Murhardsche Bibliothek der Stadt Kassel"$"https://d-nb.info/gnd/10008839-9"$"Kassel"$"https://d-nb.info/gnd/4029869-3"$"Universitätsbibliothek Landes- und Murhardsche Bibliothek der Stadt Kassel"$"https://d-nb.info/gnd/10008839-9"$"Kassel"$"https://d-nb.info/gnd/4029869-3"
"682"$"4° Ms. theol. 190"$"https://orka.bibliothek.uni-kassel.de/viewer/api/v1/records/1691146972352/manifest/"$"https://orka.bibliothek.uni-kassel.de/viewer/image/1691146972352/"$"https://orka.bibliothek.uni-kassel.de/viewer/api/v1/records/1691146972352/files/images/000001.tif/full/!400,400/0/default.jpg"$"Komplett"$"Original"$"Standard"$"Einzelseite"$"2023"$"2023"$"Universitätsbibliothek Landes- und Murhardsche Bibliothek der Stadt Kassel"$"https://d-nb.info/gnd/10008839-9"$"Kassel"$"https://d-nb.info/gnd/4029869-3"$"Universitätsbibliothek Landes- und Murhardsche Bibliothek der Stadt Kassel"$"https://d-nb.info/gnd/10008839-9"$"Kassel"$"https://d-nb.info/gnd/4029869-3"
"683"$"4° Ms. theol. 191"$"https://orka.bibliothek.uni-kassel.de/viewer/api/v1/records/1691147053610/manifest/"$"https://orka.bibliothek.uni-kassel.de/viewer/image/1691147053610/"$"https://orka.bibliothek.uni-kassel.de/viewer/api/v1/records/1691147053610/files/images/000001.tif/full/!400,400/0/default.jpg"$"Komplett"$"Original"$"Standard"$"Einzelseite"$"2018"$"2018"$"Universitätsbibliothek Landes- und Murhardsche Bibliothek der Stadt Kassel"$"https://d-nb.info/gnd/10008839-9"$"Kassel"$"https://d-nb.info/gnd/4029869-3"$"Universitätsbibliothek Landes- und Murhardsche Bibliothek der Stadt Kassel"$"https://d-nb.info/gnd/10008839-9"$"Kassel"$"https://d-nb.info/gnd/4029869-3"
"684"$"4° Ms. theol. 192"$"https://orka.bibliothek.uni-kassel.de/viewer/api/v1/records/1691147105370/manifest/"$"https://orka.bibliothek.uni-kassel.de/viewer/image/1691147105370/"$"https://orka.bibliothek.uni-kassel.de/viewer/api/v1/records/1691147105370/files/images/000001.tif/full/!400,400/0/default.jpg"$"Komplett"$"Original"$"Standard"$"Einzelseite"$"2023"$"2023"$"Universitätsbibliothek Landes- und Murhardsche Bibliothek der Stadt Kassel"$"https://d-nb.info/gnd/10008839-9"$"Kassel"$"https://d-nb.info/gnd/4029869-3"$"Universitätsbibliothek Landes- und Murhardsche Bibliothek der Stadt Kassel"$"https://d-nb.info/gnd/10008839-9"$"Kassel"$"https://d-nb.info/gnd/4029869-3"
"685"$"4° Ms. theol. 193"$"https://orka.bibliothek.uni-kassel.de/viewer/api/v1/records/1691147203618/manifest/"$"https://orka.bibliothek.uni-kassel.de/viewer/image/1691147203618/2/"$"https://orka.bibliothek.uni-kassel.de/viewer/api/v1/records/1691147203618/files/images/000001.tif/full/!400,400/0/default.jpg"$"Komplett"$"Original"$"Standard"$"Einzelseite"$"2023"$"2023"$"Universitätsbibliothek Landes- und Murhardsche Bibliothek der Stadt Kassel"$"https://d-nb.info/gnd/10008839-9"$"Kassel"$"https://d-nb.info/gnd/4029869-3"$"Universitätsbibliothek Landes- und Murhardsche Bibliothek der Stadt Kassel"$"https://d-nb.info/gnd/10008839-9"$"Kassel"$"https://d-nb.info/gnd/4029869-3"
"686"$"4° Ms. theol. 194"$"https://orka.bibliothek.uni-kassel.de/viewer/api/v1/records/1691147288521/manifest/"$"https://orka.bibliothek.uni-kassel.de/viewer/image/1691147288521/"$"https://orka.bibliothek.uni-kassel.de/viewer/api/v1/records/1691147288521/files/images/000001.tif/full/!400,400/0/default.jpg"$"Komplett"$"Original"$"Standard"$"Einzelseite"$"2023"$"2023"$"Universitätsbibliothek Landes- und Murhardsche Bibliothek der Stadt Kassel"$"https://d-nb.info/gnd/10008839-9"$"Kassel"$"https://d-nb.info/gnd/4029869-3"$"Universitätsbibliothek Landes- und Murhardsche Bibliothek der Stadt Kassel"$"https://d-nb.info/gnd/10008839-9"$"Kassel"$"https://d-nb.info/gnd/4029869-3"
"687"$"4° Ms. theol. 195"$"https://orka.bibliothek.uni-kassel.de/viewer/api/v1/records/1691147363752/manifest/"$"https://orka.bibliothek.uni-kassel.de/viewer/image/1691147363752/"$"https://orka.bibliothek.uni-kassel.de/viewer/api/v1/records/1691147363752/files/images/000001.tif/full/!400,400/0/default.jpg"$"Komplett"$"Original"$"Standard"$"Einzelseite"$"2023"$"2023"$"Universitätsbibliothek Landes- und Murhardsche Bibliothek der Stadt Kassel"$"https://d-nb.info/gnd/10008839-9"$"Kassel"$"https://d-nb.info/gnd/4029869-3"$"Universitätsbibliothek Landes- und Murhardsche Bibliothek der Stadt Kassel"$"https://d-nb.info/gnd/10008839-9"$"Kassel"$"https://d-nb.info/gnd/4029869-3"
"688"$"4° Ms. theol. 196"$"https://orka.bibliothek.uni-kassel.de/viewer/api/v1/records/1343813805267/manifest/"$"https://orka.bibliothek.uni-kassel.de/viewer/image/1343813805267/"$"https://orka.bibliothek.uni-kassel.de/viewer/api/v1/records/1343813805267/files/images/00000001.tif/full/!400,400/0/default.jpg"$"Komplett"$"Original"$"Standard"$"Einzelseite"$"2012"$"2012"$"Universitätsbibliothek Landes- und Murhardsche Bibliothek der Stadt Kassel"$"https://d-nb.info/gnd/10008839-9"$"Kassel"$"https://d-nb.info/gnd/4029869-3"$"Universitätsbibliothek Landes- und Murhardsche Bibliothek der Stadt Kassel"$"https://d-nb.info/gnd/10008839-9"$"Kassel"$"https://d-nb.info/gnd/4029869-3"
"689"$"4° Ms. theol. 2"$"https://orka.bibliothek.uni-kassel.de/viewer/api/v1/records/1333026103678/manifest/"$"https://orka.bibliothek.uni-kassel.de/viewer/image/1333026103678/"$"https://orka.bibliothek.uni-kassel.de/viewer/api/v1/records/1333026103678/files/images/00000001.tif/full/!400,400/0/default.jpg"$"Komplett"$"Original"$"Standard"$"Einzelseite"$"2012"$"2012"$"Universitätsbibliothek Landes- und Murhardsche Bibliothek der Stadt Kassel"$"https://d-nb.info/gnd/10008839-9"$"Kassel"$"https://d-nb.info/gnd/4029869-3"$"Universitätsbibliothek Landes- und Murhardsche Bibliothek der Stadt Kassel"$"https://d-nb.info/gnd/10008839-9"$"Kassel"$"https://d-nb.info/gnd/4029869-3"
"690"$"4° Ms. theol. 20"$"https://orka.bibliothek.uni-kassel.de/viewer/api/v1/records/1548400608611/manifest/"$"https://orka.bibliothek.uni-kassel.de/viewer/image/1548400608611/"$"https://orka.bibliothek.uni-kassel.de/viewer/api/v1/records/1548400608611/files/images/00000001.tif/full/!400,400/0/default.jpg"$"Komplett"$"Original"$"Standard"$"Einzelseite"$"2019"$"2019"$"Universitätsbibliothek Landes- und Murhardsche Bibliothek der Stadt Kassel"$"https://d-nb.info/gnd/10008839-9"$"Kassel"$"https://d-nb.info/gnd/4029869-3"$"Universitätsbibliothek Landes- und Murhardsche Bibliothek der Stadt Kassel"$"https://d-nb.info/gnd/10008839-9"$"Kassel"$"https://d-nb.info/gnd/4029869-3"
"691"$"4° Ms. theol. 200"$"https://orka.bibliothek.uni-kassel.de/viewer/api/v1/records/1314258289120/manifest/"$"https://orka.bibliothek.uni-kassel.de/viewer/image/1314258289120/"$"https://orka.bibliothek.uni-kassel.de/viewer/api/v1/records/1314258289120/files/images/00000001.tif/full/!400,400/0/default.jpg"$"Komplett"$"Original"$"Standard"$"Einzelseite"$"2011"$"2011"$"Universitätsbibliothek Landes- und Murhardsche Bibliothek der Stadt Kassel"$"https://d-nb.info/gnd/10008839-9"$"Kassel"$"https://d-nb.info/gnd/4029869-3"$"Universitätsbibliothek Landes- und Murhardsche Bibliothek der Stadt Kassel"$"https://d-nb.info/gnd/10008839-9"$"Kassel"$"https://d-nb.info/gnd/4029869-3"
"692"$"4° Ms. theol. 201"$"https://orka.bibliothek.uni-kassel.de/viewer/api/v1/records/1691147432749/manifest/"$"https://orka.bibliothek.uni-kassel.de/viewer/image/1691147432749/"$"https://orka.bibliothek.uni-kassel.de/viewer/api/v1/records/1691147432749/files/images/000001.tif/full/!400,400/0/default.jpg"$"Komplett"$"Reproduktion"$"bitonal"$"Einzelseite"$"2023"$"2023"$"Universitätsbibliothek Landes- und Murhardsche Bibliothek der Stadt Kassel"$"https://d-nb.info/gnd/10008839-9"$"Kassel"$"https://d-nb.info/gnd/4029869-3"$"Universitätsbibliothek Landes- und Murhardsche Bibliothek der Stadt Kassel"$"https://d-nb.info/gnd/10008839-9"$"Kassel"$"https://d-nb.info/gnd/4029869-3"
"693"$"4° Ms. theol. 204"$"https://orka.bibliothek.uni-kassel.de/viewer/api/v1/records/1343975541508/manifest/"$"https://orka.bibliothek.uni-kassel.de/viewer/image/1343975541508/"$"https://orka.bibliothek.uni-kassel.de/viewer/api/v1/records/1343975541508/files/images/00000001.tif/full/!400,400/0/default.jpg"$"Komplett"$"Original"$"Standard"$"Einzelseite"$"2012"$"2012"$"Universitätsbibliothek Landes- und Murhardsche Bibliothek der Stadt Kassel"$"https://d-nb.info/gnd/10008839-9"$"Kassel"$"https://d-nb.info/gnd/4029869-3"$"Universitätsbibliothek Landes- und Murhardsche Bibliothek der Stadt Kassel"$"https://d-nb.info/gnd/10008839-9"$"Kassel"$"https://d-nb.info/gnd/4029869-3"
"694"$"4° Ms. theol. 21"$"https://orka.bibliothek.uni-kassel.de/viewer/api/v1/records/1548237955247/manifest/"$"https://orka.bibliothek.uni-kassel.de/viewer/image/1548237955247/"$"https://orka.bibliothek.uni-kassel.de/viewer/api/v1/records/1548237955247/files/images/00000001.tif/full/!400,400/0/default.jpg"$"Komplett"$"Original"$"Standard"$"Einzelseite"$"2019"$"2019"$"Universitätsbibliothek Landes- und Murhardsche Bibliothek der Stadt Kassel"$"https://d-nb.info/gnd/10008839-9"$"Kassel"$"https://d-nb.info/gnd/4029869-3"$"Universitätsbibliothek Landes- und Murhardsche Bibliothek der Stadt Kassel"$"https://d-nb.info/gnd/10008839-9"$"Kassel"$"https://d-nb.info/gnd/4029869-3"
"695"$"4° Ms. theol. 211"$"https://orka.bibliothek.uni-kassel.de/viewer/api/v1/records/1343817554052/manifest/"$"https://orka.bibliothek.uni-kassel.de/viewer/image/1343817554052/"$"https://orka.bibliothek.uni-kassel.de/viewer/api/v1/records/1343817554052/files/images/00000001.tif/full/!400,400/0/default.jpg"$"Komplett"$"Original"$"Standard"$"Einzelseite"$"2012"$"2012"$"Universitätsbibliothek Landes- und Murhardsche Bibliothek der Stadt Kassel"$"https://d-nb.info/gnd/10008839-9"$"Kassel"$"https://d-nb.info/gnd/4029869-3"$"Universitätsbibliothek Landes- und Murhardsche Bibliothek der Stadt Kassel"$"https://d-nb.info/gnd/10008839-9"$"Kassel"$"https://d-nb.info/gnd/4029869-3"
"696"$"4° Ms. theol. 22"$"https://orka.bibliothek.uni-kassel.de/viewer/api/v1/records/1549361369555/manifest/"$"https://orka.bibliothek.uni-kassel.de/viewer/image/1549361369555/"$"https://orka.bibliothek.uni-kassel.de/viewer/api/v1/records/1549361369555/files/images/00000001.tif/full/!400,400/0/default.jpg"$"Komplett"$"Original"$"Standard"$"Einzelseite"$"2019"$"2019"$"Universitätsbibliothek Landes- und Murhardsche Bibliothek der Stadt Kassel"$"https://d-nb.info/gnd/10008839-9"$"Kassel"$"https://d-nb.info/gnd/4029869-3"$"Universitätsbibliothek Landes- und Murhardsche Bibliothek der Stadt Kassel"$"https://d-nb.info/gnd/10008839-9"$"Kassel"$"https://d-nb.info/gnd/4029869-3"
"697"$"4° Ms. theol. 24"$"https://orka.bibliothek.uni-kassel.de/viewer/api/v1/records/1296741392003/manifest/"$"https://orka.bibliothek.uni-kassel.de/viewer/image/1296741392003/"$"https://orka.bibliothek.uni-kassel.de/viewer/api/v1/records/1296741392003/files/images/00000001.tif/full/!400,400/0/default.jpg"$"Komplett"$"Original"$"Standard"$"Einzelseite"$"2011"$"2011"$"Universitätsbibliothek Landes- und Murhardsche Bibliothek der Stadt Kassel"$"https://d-nb.info/gnd/10008839-9"$"Kassel"$"https://d-nb.info/gnd/4029869-3"$"Universitätsbibliothek Landes- und Murhardsche Bibliothek der Stadt Kassel"$"https://d-nb.info/gnd/10008839-9"$"Kassel"$"https://d-nb.info/gnd/4029869-3"
"698"$"4° Ms. theol. 25"$"https://orka.bibliothek.uni-kassel.de/viewer/api/v1/records/1352194415145/manifest/"$"https://orka.bibliothek.uni-kassel.de/viewer/image/1352194415145/"$"https://orka.bibliothek.uni-kassel.de/viewer/api/v1/records/1352194415145/files/images/00000001.tif/full/!400,400/0/default.jpg"$"Komplett"$"Original"$"Standard"$"Einzelseite"$"2012"$"2012"$"Universitätsbibliothek Landes- und Murhardsche Bibliothek der Stadt Kassel"$"https://d-nb.info/gnd/10008839-9"$"Kassel"$"https://d-nb.info/gnd/4029869-3"$"Universitätsbibliothek Landes- und Murhardsche Bibliothek der Stadt Kassel"$"https://d-nb.info/gnd/10008839-9"$"Kassel"$"https://d-nb.info/gnd/4029869-3"
"699"$"4° Ms. theol. 26"$"https://orka.bibliothek.uni-kassel.de/viewer/api/v1/records/1326873894887/manifest/"$"https://orka.bibliothek.uni-kassel.de/viewer/image/1326873894887/"$"https://orka.bibliothek.uni-kassel.de/viewer/api/v1/records/1326873894887/files/images/00000001.tif/full/!400,400/0/default.jpg"$"Komplett"$"Original"$"Standard"$"Einzelseite"$"2012"$"2012"$"Universitätsbibliothek Landes- und Murhardsche Bibliothek der Stadt Kassel"$"https://d-nb.info/gnd/10008839-9"$"Kassel"$"https://d-nb.info/gnd/4029869-3"$"Universitätsbibliothek Landes- und Murhardsche Bibliothek der Stadt Kassel"$"https://d-nb.info/gnd/10008839-9"$"Kassel"$"https://d-nb.info/gnd/4029869-3"
"700"$"4° Ms. theol. 27"$"https://orka.bibliothek.uni-kassel.de/viewer/api/v1/records/1548673827181/manifest/"$"https://orka.bibliothek.uni-kassel.de/viewer/image/1548673827181/"$"https://orka.bibliothek.uni-kassel.de/viewer/api/v1/records/1548673827181/files/images/00000001.tif/full/!400,400/0/default.jpg"$"Komplett"$"Original"$"Standard"$"Einzelseite"$"2019"$"2019"$"Universitätsbibliothek Landes- und Murhardsche Bibliothek der Stadt Kassel"$"https://d-nb.info/gnd/10008839-9"$"Kassel"$"https://d-nb.info/gnd/4029869-3"$"Universitätsbibliothek Landes- und Murhardsche Bibliothek der Stadt Kassel"$"https://d-nb.info/gnd/10008839-9"$"Kassel"$"https://d-nb.info/gnd/4029869-3"
"701"$"4° Ms. theol. 28"$"https://orka.bibliothek.uni-kassel.de/viewer/api/v1/records/1726572836351/manifest/"$"https://orka.bibliothek.uni-kassel.de/viewer/image/1726572836351/"$"https://orka.bibliothek.uni-kassel.de/viewer/api/v1/records/1726572836351/files/images/000001.tif/full/!400,400/0/default.jpg"$"Komplett"$"Original"$"Standard"$"Einzelseite"$"2024"$"2024"$"Universitätsbibliothek Landes- und Murhardsche Bibliothek der Stadt Kassel"$"https://d-nb.info/gnd/10008839-9"$"Kassel"$"https://d-nb.info/gnd/4029869-3"$"Universitätsbibliothek Landes- und Murhardsche Bibliothek der Stadt Kassel"$"https://d-nb.info/gnd/10008839-9"$"Kassel"$"https://d-nb.info/gnd/4029869-3"
"702"$"4° Ms. theol. 29"$"https://orka.bibliothek.uni-kassel.de/viewer/api/v1/records/1343992186074/manifest/"$"https://orka.bibliothek.uni-kassel.de/viewer/image/1343992186074/"$"https://orka.bibliothek.uni-kassel.de/viewer/api/v1/records/1343992186074/files/images/00000001.tif/full/!400,400/0/default.jpg"$"Komplett"$"Original"$"Standard"$"Einzelseite"$"2012"$"2012"$"Universitätsbibliothek Landes- und Murhardsche Bibliothek der Stadt Kassel"$"https://d-nb.info/gnd/10008839-9"$"Kassel"$"https://d-nb.info/gnd/4029869-3"$"Universitätsbibliothek Landes- und Murhardsche Bibliothek der Stadt Kassel"$"https://d-nb.info/gnd/10008839-9"$"Kassel"$"https://d-nb.info/gnd/4029869-3"
"703"$"4° Ms. theol. 3"$"https://orka.bibliothek.uni-kassel.de/viewer/api/v1/records/1352374571235/manifest/"$"https://orka.bibliothek.uni-kassel.de/viewer/image/1352374571235/"$"https://orka.bibliothek.uni-kassel.de/viewer/api/v1/records/1352374571235/files/images/00000001.tif/full/!400,400/0/default.jpg"$"Komplett"$"Original"$"Standard"$"Einzelseite"$"2012"$"2012"$"Universitätsbibliothek Landes- und Murhardsche Bibliothek der Stadt Kassel"$"https://d-nb.info/gnd/10008839-9"$"Kassel"$"https://d-nb.info/gnd/4029869-3"$"Universitätsbibliothek Landes- und Murhardsche Bibliothek der Stadt Kassel"$"https://d-nb.info/gnd/10008839-9"$"Kassel"$"https://d-nb.info/gnd/4029869-3"
"704"$"4° Ms. theol. 31"$"https://orka.bibliothek.uni-kassel.de/viewer/api/v1/records/1545052595854/manifest/"$"https://orka.bibliothek.uni-kassel.de/viewer/image/1545052595854/"$"https://orka.bibliothek.uni-kassel.de/viewer/api/v1/records/1545052595854/files/images/00000001.tif/full/!400,400/0/default.jpg"$"Komplett"$"Original"$"Standard"$"Einzelseite"$"2018"$"2018"$"Universitätsbibliothek Landes- und Murhardsche Bibliothek der Stadt Kassel"$"https://d-nb.info/gnd/10008839-9"$"Kassel"$"https://d-nb.info/gnd/4029869-3"$"Universitätsbibliothek Landes- und Murhardsche Bibliothek der Stadt Kassel"$"https://d-nb.info/gnd/10008839-9"$"Kassel"$"https://d-nb.info/gnd/4029869-3"
"705"$"4° Ms. theol. 32"$"https://orka.bibliothek.uni-kassel.de/viewer/api/v1/records/1545381542732/manifest/"$"https://orka.bibliothek.uni-kassel.de/viewer/image/1545381542732/"$"https://orka.bibliothek.uni-kassel.de/viewer/api/v1/records/1545381542732/files/images/00000001.tif/full/!400,400/0/default.jpg"$"Komplett"$"Original"$"Standard"$"Einzelseite"$"2018"$"2018"$"Universitätsbibliothek Landes- und Murhardsche Bibliothek der Stadt Kassel"$"https://d-nb.info/gnd/10008839-9"$"Kassel"$"https://d-nb.info/gnd/4029869-3"$"Universitätsbibliothek Landes- und Murhardsche Bibliothek der Stadt Kassel"$"https://d-nb.info/gnd/10008839-9"$"Kassel"$"https://d-nb.info/gnd/4029869-3"
"706"$"4° Ms. theol. 33"$"https://orka.bibliothek.uni-kassel.de/viewer/api/v1/records/1394103377633/manifest/"$"https://orka.bibliothek.uni-kassel.de/viewer/image/1394103377633/"$"https://orka.bibliothek.uni-kassel.de/viewer/api/v1/records/1394103377633/files/images/00000001.tif/full/!400,400/0/default.jpg"$"Komplett"$"Original"$"Standard"$"Einzelseite"$"2014"$"2014"$"Universitätsbibliothek Landes- und Murhardsche Bibliothek der Stadt Kassel"$"https://d-nb.info/gnd/10008839-9"$"Kassel"$"https://d-nb.info/gnd/4029869-3"$"Universitätsbibliothek Landes- und Murhardsche Bibliothek der Stadt Kassel"$"https://d-nb.info/gnd/10008839-9"$"Kassel"$"https://d-nb.info/gnd/4029869-3"
"707"$"4° Ms. theol. 34"$"https://orka.bibliothek.uni-kassel.de/viewer/api/v1/records/1544688037643/manifest/"$"https://orka.bibliothek.uni-kassel.de/viewer/image/1544688037643/"$"https://orka.bibliothek.uni-kassel.de/viewer/api/v1/records/1544688037643/files/images/00000001.tif/full/!400,400/0/default.jpg"$"Komplett"$"Original"$"Standard"$"Einzelseite"$"2018"$"2018"$"Universitätsbibliothek Landes- und Murhardsche Bibliothek der Stadt Kassel"$"https://d-nb.info/gnd/10008839-9"$"Kassel"$"https://d-nb.info/gnd/4029869-3"$"Universitätsbibliothek Landes- und Murhardsche Bibliothek der Stadt Kassel"$"https://d-nb.info/gnd/10008839-9"$"Kassel"$"https://d-nb.info/gnd/4029869-3"
"708"$"4° Ms. theol. 35"$"https://orka.bibliothek.uni-kassel.de/viewer/api/v1/records/1334655489360/manifest/"$"https://orka.bibliothek.uni-kassel.de/viewer/image/1334655489360/"$"https://orka.bibliothek.uni-kassel.de/viewer/api/v1/records/1334655489360/files/images/00000001.tif/full/!400,400/0/default.jpg"$"Komplett"$"Original"$"Standard"$"Einzelseite"$"2012"$"2012"$"Universitätsbibliothek Landes- und Murhardsche Bibliothek der Stadt Kassel"$"https://d-nb.info/gnd/10008839-9"$"Kassel"$"https://d-nb.info/gnd/4029869-3"$"Universitätsbibliothek Landes- und Murhardsche Bibliothek der Stadt Kassel"$"https://d-nb.info/gnd/10008839-9"$"Kassel"$"https://d-nb.info/gnd/4029869-3"
"709"$"4° Ms. theol. 36"$"https://orka.bibliothek.uni-kassel.de/viewer/api/v1/records/1678795245927/manifest/"$"https://orka.bibliothek.uni-kassel.de/viewer/image/1678795245927/"$"https://orka.bibliothek.uni-kassel.de/viewer/api/v1/records/1678795245927/files/images/00000001.tif/full/!400,400/0/default.jpg"$"Komplett"$"Original"$"Standard"$"Einzelseite"$"2023"$"2023"$"Universitätsbibliothek Landes- und Murhardsche Bibliothek der Stadt Kassel"$"https://d-nb.info/gnd/10008839-9"$"Kassel"$"https://d-nb.info/gnd/4029869-3"$"Universitätsbibliothek Landes- und Murhardsche Bibliothek der Stadt Kassel"$"https://d-nb.info/gnd/10008839-9"$"Kassel"$"https://d-nb.info/gnd/4029869-3"
"710"$"4° Ms. theol. 37"$"https://orka.bibliothek.uni-kassel.de/viewer/api/v1/records/1547112576613/manifest/"$"https://orka.bibliothek.uni-kassel.de/viewer/image/1547112576613/"$"https://orka.bibliothek.uni-kassel.de/viewer/api/v1/records/1547112576613/files/images/00000001.tif/full/!400,400/0/default.jpg"$"Komplett"$"Original"$"Standard"$"Einzelseite"$"2019"$"2019"$"Universitätsbibliothek Landes- und Murhardsche Bibliothek der Stadt Kassel"$"https://d-nb.info/gnd/10008839-9"$"Kassel"$"https://d-nb.info/gnd/4029869-3"$"Universitätsbibliothek Landes- und Murhardsche Bibliothek der Stadt Kassel"$"https://d-nb.info/gnd/10008839-9"$"Kassel"$"https://d-nb.info/gnd/4029869-3"
"711"$"4° Ms. theol. 38"$"https://orka.bibliothek.uni-kassel.de/viewer/api/v1/records/1554801288636/manifest/"$"https://orka.bibliothek.uni-kassel.de/viewer/image/1554801288636/"$"https://orka.bibliothek.uni-kassel.de/viewer/api/v1/records/1554801288636/files/images/00000001.tif/full/!400,400/0/default.jpg"$"Komplett"$"Original"$"Standard"$"Einzelseite"$"2019"$"2019"$"Universitätsbibliothek Landes- und Murhardsche Bibliothek der Stadt Kassel"$"https://d-nb.info/gnd/10008839-9"$"Kassel"$"https://d-nb.info/gnd/4029869-3"$"Universitätsbibliothek Landes- und Murhardsche Bibliothek der Stadt Kassel"$"https://d-nb.info/gnd/10008839-9"$"Kassel"$"https://d-nb.info/gnd/4029869-3"
"712"$"4° Ms. theol. 39"$"https://orka.bibliothek.uni-kassel.de/viewer/api/v1/records/1546505907956/manifest/"$"https://orka.bibliothek.uni-kassel.de/viewer/image/1546505907956/"$"https://orka.bibliothek.uni-kassel.de/viewer/api/v1/records/1546505907956/files/images/00000001.tif/full/!400,400/0/default.jpg"$"Komplett"$"Original"$"Standard"$"Einzelseite"$"2018"$"2018"$"Universitätsbibliothek Landes- und Murhardsche Bibliothek der Stadt Kassel"$"https://d-nb.info/gnd/10008839-9"$"Kassel"$"https://d-nb.info/gnd/4029869-3"$"Universitätsbibliothek Landes- und Murhardsche Bibliothek der Stadt Kassel"$"https://d-nb.info/gnd/10008839-9"$"Kassel"$"https://d-nb.info/gnd/4029869-3"
"713"$"4° Ms. theol. 4"$"https://orka.bibliothek.uni-kassel.de/viewer/api/v1/records/1385041089641/manifest/"$"https://orka.bibliothek.uni-kassel.de/viewer/image/1385041089641/"$"https://orka.bibliothek.uni-kassel.de/viewer/api/v1/records/1385041089641/files/images/00000001.tif/full/!400,400/0/default.jpg"$"Komplett"$"Original"$"Standard"$"Einzelseite"$"2013"$"2013"$"Universitätsbibliothek Landes- und Murhardsche Bibliothek der Stadt Kassel"$"https://d-nb.info/gnd/10008839-9"$"Kassel"$"https://d-nb.info/gnd/4029869-3"$"Universitätsbibliothek Landes- und Murhardsche Bibliothek der Stadt Kassel"$"https://d-nb.info/gnd/10008839-9"$"Kassel"$"https://d-nb.info/gnd/4029869-3"
"714"$"4° Ms. theol. 40"$"https://orka.bibliothek.uni-kassel.de/viewer/api/v1/records/1546506004680/manifest/"$"https://orka.bibliothek.uni-kassel.de/viewer/image/1546506004680/"$"https://orka.bibliothek.uni-kassel.de/viewer/api/v1/records/1546506004680/files/images/00000001.tif/full/!400,400/0/default.jpg"$"Komplett"$"Original"$"Standard"$"Einzelseite"$"2018"$"2018"$"Universitätsbibliothek Landes- und Murhardsche Bibliothek der Stadt Kassel"$"https://d-nb.info/gnd/10008839-9"$"Kassel"$"https://d-nb.info/gnd/4029869-3"$"Universitätsbibliothek Landes- und Murhardsche Bibliothek der Stadt Kassel"$"https://d-nb.info/gnd/10008839-9"$"Kassel"$"https://d-nb.info/gnd/4029869-3"
"715"$"4° Ms. theol. 41"$"https://orka.bibliothek.uni-kassel.de/viewer/api/v1/records/1557135461483/manifest/"$"https://orka.bibliothek.uni-kassel.de/viewer/image/1557135461483/"$"https://orka.bibliothek.uni-kassel.de/viewer/api/v1/records/1557135461483/files/images/00000001.tif/full/!400,400/0/default.jpg"$"Komplett"$"Original"$"Standard"$"Einzelseite"$"2019"$"2019"$"Universitätsbibliothek Landes- und Murhardsche Bibliothek der Stadt Kassel"$"https://d-nb.info/gnd/10008839-9"$"Kassel"$"https://d-nb.info/gnd/4029869-3"$"Universitätsbibliothek Landes- und Murhardsche Bibliothek der Stadt Kassel"$"https://d-nb.info/gnd/10008839-9"$"Kassel"$"https://d-nb.info/gnd/4029869-3"
"716"$"4° Ms. theol. 42"$"https://orka.bibliothek.uni-kassel.de/viewer/api/v1/records/1557135853971/manifest/"$"https://orka.bibliothek.uni-kassel.de/viewer/image/1557135853971/"$"https://orka.bibliothek.uni-kassel.de/viewer/api/v1/records/1557135853971/files/images/00000001.tif/full/!400,400/0/default.jpg"$"Komplett"$"Original"$"Standard"$"Einzelseite"$"2019"$"2019"$"Universitätsbibliothek Landes- und Murhardsche Bibliothek der Stadt Kassel"$"https://d-nb.info/gnd/10008839-9"$"Kassel"$"https://d-nb.info/gnd/4029869-3"$"Universitätsbibliothek Landes- und Murhardsche Bibliothek der Stadt Kassel"$"https://d-nb.info/gnd/10008839-9"$"Kassel"$"https://d-nb.info/gnd/4029869-3"
"717"$"4° Ms. theol. 43"$"https://orka.bibliothek.uni-kassel.de/viewer/api/v1/records/1557135906509/manifest/"$"https://orka.bibliothek.uni-kassel.de/viewer/image/1557135906509/"$"https://orka.bibliothek.uni-kassel.de/viewer/api/v1/records/1557135906509/files/images/00000001.tif/full/!400,400/0/default.jpg"$"Komplett"$"Original"$"Standard"$"Einzelseite"$"2019"$"2019"$"Universitätsbibliothek Landes- und Murhardsche Bibliothek der Stadt Kassel"$"https://d-nb.info/gnd/10008839-9"$"Kassel"$"https://d-nb.info/gnd/4029869-3"$"Universitätsbibliothek Landes- und Murhardsche Bibliothek der Stadt Kassel"$"https://d-nb.info/gnd/10008839-9"$"Kassel"$"https://d-nb.info/gnd/4029869-3"
"718"$"4° Ms. theol. 44[1"$"https://orka.bibliothek.uni-kassel.de/viewer/api/v1/records/1557136113121/manifest/"$"https://orka.bibliothek.uni-kassel.de/viewer/!image/1557136113121/1/-/"$"https://orka.bibliothek.uni-kassel.de/viewer/api/v1/records/1557136113121/files/images/00000001.tif/full/!400,400/0/default.jpg"$"Komplett"$"Original"$"Standard"$"Einzelseite"$"2019"$"2019"$"Universitätsbibliothek Landes- und Murhardsche Bibliothek der Stadt Kassel"$"https://d-nb.info/gnd/10008839-9"$"Kassel"$"https://d-nb.info/gnd/4029869-3"$"Universitätsbibliothek Landes- und Murhardsche Bibliothek der Stadt Kassel"$"https://d-nb.info/gnd/10008839-9"$"Kassel"$"https://d-nb.info/gnd/4029869-3"
"719"$"4° Ms. theol. 44[2"$"https://orka.bibliothek.uni-kassel.de/viewer/api/v1/records/1557136245478/manifest/"$"https://orka.bibliothek.uni-kassel.de/viewer/image/1557136245478/"$"https://orka.bibliothek.uni-kassel.de/viewer/api/v1/records/1557136245478/files/images/00000001.tif/full/!400,400/0/default.jpg"$"Komplett"$"Original"$"Standard"$"Einzelseite"$"2019"$"2019"$"Universitätsbibliothek Landes- und Murhardsche Bibliothek der Stadt Kassel"$"https://d-nb.info/gnd/10008839-9"$"Kassel"$"https://d-nb.info/gnd/4029869-3"$"Universitätsbibliothek Landes- und Murhardsche Bibliothek der Stadt Kassel"$"https://d-nb.info/gnd/10008839-9"$"Kassel"$"https://d-nb.info/gnd/4029869-3"
"720"$"4° Ms. theol. 44[3"$"https://orka.bibliothek.uni-kassel.de/viewer/api/v1/records/1557136283989/manifest/"$"https://orka.bibliothek.uni-kassel.de/viewer/!image/1557136283989/1/-/"$"https://orka.bibliothek.uni-kassel.de/viewer/api/v1/records/1557136283989/files/images/00000001.tif/full/!400,400/0/default.jpg"$"Komplett"$"Original"$"Standard"$"Einzelseite"$"2019"$"2019"$"Universitätsbibliothek Landes- und Murhardsche Bibliothek der Stadt Kassel"$"https://d-nb.info/gnd/10008839-9"$"Kassel"$"https://d-nb.info/gnd/4029869-3"$"Universitätsbibliothek Landes- und Murhardsche Bibliothek der Stadt Kassel"$"https://d-nb.info/gnd/10008839-9"$"Kassel"$"https://d-nb.info/gnd/4029869-3"
"721"$"4° Ms. theol. 44[4"$"https://orka.bibliothek.uni-kassel.de/viewer/api/v1/records/1557136349021/manifest/"$"https://orka.bibliothek.uni-kassel.de/viewer/image/1557136349021/"$"https://orka.bibliothek.uni-kassel.de/viewer/api/v1/records/1557136349021/files/images/00000001.tif/full/!400,400/0/default.jpg"$"Komplett"$"Original"$"Standard"$"Einzelseite"$"2019"$"2019"$"Universitätsbibliothek Landes- und Murhardsche Bibliothek der Stadt Kassel"$"https://d-nb.info/gnd/10008839-9"$"Kassel"$"https://d-nb.info/gnd/4029869-3"$"Universitätsbibliothek Landes- und Murhardsche Bibliothek der Stadt Kassel"$"https://d-nb.info/gnd/10008839-9"$"Kassel"$"https://d-nb.info/gnd/4029869-3"
"722"$"4° Ms. theol. 44[5"$"https://orka.bibliothek.uni-kassel.de/viewer/api/v1/records/1557136349021/manifest/"$"https://orka.bibliothek.uni-kassel.de/viewer/!image/1557136349021/1/-/"$"https://orka.bibliothek.uni-kassel.de/viewer/api/v1/records/1557136349021/files/images/00000001.tif/full/!400,400/0/default.jpg"$"Komplett"$"Original"$"Standard"$"Einzelseite"$"2019"$"2019"$"Universitätsbibliothek Landes- und Murhardsche Bibliothek der Stadt Kassel"$"https://d-nb.info/gnd/10008839-9"$"Kassel"$"https://d-nb.info/gnd/4029869-3"$"Universitätsbibliothek Landes- und Murhardsche Bibliothek der Stadt Kassel"$"https://d-nb.info/gnd/10008839-9"$"Kassel"$"https://d-nb.info/gnd/4029869-3"
"723"$"4° Ms. theol. 44[6"$"https://orka.bibliothek.uni-kassel.de/viewer/api/v1/records/1557136478999/manifest/"$"https://orka.bibliothek.uni-kassel.de/viewer/image/1557136478999/"$"https://orka.bibliothek.uni-kassel.de/viewer/api/v1/records/1557136478999/files/images/00000001.tif/full/!400,400/0/default.jpg"$"Komplett"$"Original"$"Standard"$"Einzelseite"$"2019"$"2019"$"Universitätsbibliothek Landes- und Murhardsche Bibliothek der Stadt Kassel"$"https://d-nb.info/gnd/10008839-9"$"Kassel"$"https://d-nb.info/gnd/4029869-3"$"Universitätsbibliothek Landes- und Murhardsche Bibliothek der Stadt Kassel"$"https://d-nb.info/gnd/10008839-9"$"Kassel"$"https://d-nb.info/gnd/4029869-3"
"724"$"4° Ms. theol. 45"$"https://orka.bibliothek.uni-kassel.de/viewer/api/v1/records/1557134163181/manifest/"$"https://orka.bibliothek.uni-kassel.de/viewer/image/1557134163181/"$"https://orka.bibliothek.uni-kassel.de/viewer/api/v1/records/1557134163181/files/images/00000001.tif/full/!400,400/0/default.jpg"$"Komplett"$"Original"$"Standard"$"Einzelseite"$"2019"$"2019"$"Universitätsbibliothek Landes- und Murhardsche Bibliothek der Stadt Kassel"$"https://d-nb.info/gnd/10008839-9"$"Kassel"$"https://d-nb.info/gnd/4029869-3"$"Universitätsbibliothek Landes- und Murhardsche Bibliothek der Stadt Kassel"$"https://d-nb.info/gnd/10008839-9"$"Kassel"$"https://d-nb.info/gnd/4029869-3"
"725"$"4° Ms. theol. 46"$"https://orka.bibliothek.uni-kassel.de/viewer/api/v1/records/1557306980117/manifest/"$"https://orka.bibliothek.uni-kassel.de/viewer/image/1557306980117/"$"https://orka.bibliothek.uni-kassel.de/viewer/api/v1/records/1557306980117/files/images/00000001.tif/full/!400,400/0/default.jpg"$"Komplett"$"Original"$"Standard"$"Einzelseite"$"2019"$"2019"$"Universitätsbibliothek Landes- und Murhardsche Bibliothek der Stadt Kassel"$"https://d-nb.info/gnd/10008839-9"$"Kassel"$"https://d-nb.info/gnd/4029869-3"$"Universitätsbibliothek Landes- und Murhardsche Bibliothek der Stadt Kassel"$"https://d-nb.info/gnd/10008839-9"$"Kassel"$"https://d-nb.info/gnd/4029869-3"
"726"$"4° Ms. theol. 47"$"https://orka.bibliothek.uni-kassel.de/viewer/api/v1/records/1557307070403/manifest/"$"https://orka.bibliothek.uni-kassel.de/viewer/image/1557307070403/"$"https://orka.bibliothek.uni-kassel.de/viewer/api/v1/records/1557307070403/files/images/0000001.tif/full/!400,400/0/default.jpg"$"Komplett"$"Original"$"Standard"$"Einzelseite"$"2019"$"2019"$"Universitätsbibliothek Landes- und Murhardsche Bibliothek der Stadt Kassel"$"https://d-nb.info/gnd/10008839-9"$"Kassel"$"https://d-nb.info/gnd/4029869-3"$"Universitätsbibliothek Landes- und Murhardsche Bibliothek der Stadt Kassel"$"https://d-nb.info/gnd/10008839-9"$"Kassel"$"https://d-nb.info/gnd/4029869-3"
"727"$"4° Ms. theol. 48"$"https://orka.bibliothek.uni-kassel.de/viewer/api/v1/records/1557990965937/manifest/"$"https://orka.bibliothek.uni-kassel.de/viewer/image/1557990965937/"$"https://orka.bibliothek.uni-kassel.de/viewer/api/v1/records/1557990965937/files/images/00000001.tif/full/!400,400/0/default.jpg"$"Komplett"$"Original"$"Standard"$"Einzelseite"$"2019"$"2019"$"Universitätsbibliothek Landes- und Murhardsche Bibliothek der Stadt Kassel"$"https://d-nb.info/gnd/10008839-9"$"Kassel"$"https://d-nb.info/gnd/4029869-3"$"Universitätsbibliothek Landes- und Murhardsche Bibliothek der Stadt Kassel"$"https://d-nb.info/gnd/10008839-9"$"Kassel"$"https://d-nb.info/gnd/4029869-3"
"728"$"4° Ms. theol. 49[1"$"https://orka.bibliothek.uni-kassel.de/viewer/api/v1/records/1557493190580/manifest/"$"https://orka.bibliothek.uni-kassel.de/viewer/!image/1557493190580/1/-/"$"https://orka.bibliothek.uni-kassel.de/viewer/api/v1/records/1557493190580/files/images/00000001.tif/full/!400,400/0/default.jpg"$"Komplett"$"Original"$"Standard"$"Einzelseite"$"2019"$"2019"$"Universitätsbibliothek Landes- und Murhardsche Bibliothek der Stadt Kassel"$"https://d-nb.info/gnd/10008839-9"$"Kassel"$"https://d-nb.info/gnd/4029869-3"$"Universitätsbibliothek Landes- und Murhardsche Bibliothek der Stadt Kassel"$"https://d-nb.info/gnd/10008839-9"$"Kassel"$"https://d-nb.info/gnd/4029869-3"
"729"$"4° Ms. theol. 49[2"$"https://orka.bibliothek.uni-kassel.de/viewer/api/v1/records/1557493342921/manifest/"$"https://orka.bibliothek.uni-kassel.de/viewer/image/1557493342921/"$"https://orka.bibliothek.uni-kassel.de/viewer/api/v1/records/1557493342921/files/images/00000001.tif/full/!400,400/0/default.jpg"$"Komplett"$"Original"$"Standard"$"Einzelseite"$"2019"$"2019"$"Universitätsbibliothek Landes- und Murhardsche Bibliothek der Stadt Kassel"$"https://d-nb.info/gnd/10008839-9"$"Kassel"$"https://d-nb.info/gnd/4029869-3"$"Universitätsbibliothek Landes- und Murhardsche Bibliothek der Stadt Kassel"$"https://d-nb.info/gnd/10008839-9"$"Kassel"$"https://d-nb.info/gnd/4029869-3"
"730"$"4° Ms. theol. 49[3"$"https://orka.bibliothek.uni-kassel.de/viewer/api/v1/records/1557493635069/manifest/"$"https://orka.bibliothek.uni-kassel.de/viewer/image/1557493635069/"$"https://orka.bibliothek.uni-kassel.de/viewer/api/v1/records/1557493635069/files/images/00000001.tif/full/!400,400/0/default.jpg"$"Komplett"$"Original"$"Standard"$"Einzelseite"$"2019"$"2019"$"Universitätsbibliothek Landes- und Murhardsche Bibliothek der Stadt Kassel"$"https://d-nb.info/gnd/10008839-9"$"Kassel"$"https://d-nb.info/gnd/4029869-3"$"Universitätsbibliothek Landes- und Murhardsche Bibliothek der Stadt Kassel"$"https://d-nb.info/gnd/10008839-9"$"Kassel"$"https://d-nb.info/gnd/4029869-3"
"731"$"4° Ms. theol. 49[4"$"https://orka.bibliothek.uni-kassel.de/viewer/api/v1/records/1557493786034/manifest/"$"https://orka.bibliothek.uni-kassel.de/viewer/image/1557493786034/"$"https://orka.bibliothek.uni-kassel.de/viewer/api/v1/records/1557493786034/files/images/00000001.tif/full/!400,400/0/default.jpg"$"Komplett"$"Original"$"Standard"$"Einzelseite"$"2019"$"2019"$"Universitätsbibliothek Landes- und Murhardsche Bibliothek der Stadt Kassel"$"https://d-nb.info/gnd/10008839-9"$"Kassel"$"https://d-nb.info/gnd/4029869-3"$"Universitätsbibliothek Landes- und Murhardsche Bibliothek der Stadt Kassel"$"https://d-nb.info/gnd/10008839-9"$"Kassel"$"https://d-nb.info/gnd/4029869-3"
"732"$"4° Ms. theol. 49[5"$"https://orka.bibliothek.uni-kassel.de/viewer/api/v1/records/1557493892017/manifest/"$"https://orka.bibliothek.uni-kassel.de/viewer/image/1557493892017/"$"https://orka.bibliothek.uni-kassel.de/viewer/api/v1/records/1557493892017/files/images/00000001.tif/full/!400,400/0/default.jpg"$"Komplett"$"Original"$"Standard"$"Einzelseite"$"2019"$"2019"$"Universitätsbibliothek Landes- und Murhardsche Bibliothek der Stadt Kassel"$"https://d-nb.info/gnd/10008839-9"$"Kassel"$"https://d-nb.info/gnd/4029869-3"$"Universitätsbibliothek Landes- und Murhardsche Bibliothek der Stadt Kassel"$"https://d-nb.info/gnd/10008839-9"$"Kassel"$"https://d-nb.info/gnd/4029869-3"
"733"$"4° Ms. theol. 5"$"https://orka.bibliothek.uni-kassel.de/viewer/api/v1/records/1385040938929/manifest/"$"https://orka.bibliothek.uni-kassel.de/viewer/image/1385040938929/"$"https://orka.bibliothek.uni-kassel.de/viewer/api/v1/records/1385040938929/files/images/00000001.tif/full/!400,400/0/default.jpg"$"Komplett"$"Original"$"Standard"$"Einzelseite"$"2013"$"2013"$"Universitätsbibliothek Landes- und Murhardsche Bibliothek der Stadt Kassel"$"https://d-nb.info/gnd/10008839-9"$"Kassel"$"https://d-nb.info/gnd/4029869-3"$"Universitätsbibliothek Landes- und Murhardsche Bibliothek der Stadt Kassel"$"https://d-nb.info/gnd/10008839-9"$"Kassel"$"https://d-nb.info/gnd/4029869-3"
"734"$"4° Ms. theol. 51"$"https://orka.bibliothek.uni-kassel.de/viewer/api/v1/records/1557156424569/manifest/"$"https://orka.bibliothek.uni-kassel.de/viewer/image/1557156424569/"$"https://orka.bibliothek.uni-kassel.de/viewer/api/v1/records/1557156424569/files/images/00000001.tif/full/!400,400/0/default.jpg"$"Komplett"$"Original"$"Standard"$"Einzelseite"$"2019"$"2019"$"Universitätsbibliothek Landes- und Murhardsche Bibliothek der Stadt Kassel"$"https://d-nb.info/gnd/10008839-9"$"Kassel"$"https://d-nb.info/gnd/4029869-3"$"Universitätsbibliothek Landes- und Murhardsche Bibliothek der Stadt Kassel"$"https://d-nb.info/gnd/10008839-9"$"Kassel"$"https://d-nb.info/gnd/4029869-3"
"735"$"4° Ms. theol. 52"$"https://orka.bibliothek.uni-kassel.de/viewer/api/v1/records/1557402071841/manifest/"$"https://orka.bibliothek.uni-kassel.de/viewer/image/1557402071841/"$"https://orka.bibliothek.uni-kassel.de/viewer/api/v1/records/1557402071841/files/images/00000001.tif/full/!400,400/0/default.jpg"$"Komplett"$"Original"$"Standard"$"Einzelseite"$"2019"$"2019"$"Universitätsbibliothek Landes- und Murhardsche Bibliothek der Stadt Kassel"$"https://d-nb.info/gnd/10008839-9"$"Kassel"$"https://d-nb.info/gnd/4029869-3"$"Universitätsbibliothek Landes- und Murhardsche Bibliothek der Stadt Kassel"$"https://d-nb.info/gnd/10008839-9"$"Kassel"$"https://d-nb.info/gnd/4029869-3"
"736"$"4° Ms. theol. 53"$"https://orka.bibliothek.uni-kassel.de/viewer/api/v1/records/1557480795670/manifest/"$"https://orka.bibliothek.uni-kassel.de/viewer/image/1557480795670/"$"https://orka.bibliothek.uni-kassel.de/viewer/api/v1/records/1557480795670/files/images/00000001.tif/full/!400,400/0/default.jpg"$"Komplett"$"Original"$"Standard"$"Einzelseite"$"2019"$"2019"$"Universitätsbibliothek Landes- und Murhardsche Bibliothek der Stadt Kassel"$"https://d-nb.info/gnd/10008839-9"$"Kassel"$"https://d-nb.info/gnd/4029869-3"$"Universitätsbibliothek Landes- und Murhardsche Bibliothek der Stadt Kassel"$"https://d-nb.info/gnd/10008839-9"$"Kassel"$"https://d-nb.info/gnd/4029869-3"
"737"$"4° Ms. theol. 54"$"https://orka.bibliothek.uni-kassel.de/viewer/api/v1/records/1557480905114/manifest/"$"https://orka.bibliothek.uni-kassel.de/viewer/image/1557480905114/"$"https://orka.bibliothek.uni-kassel.de/viewer/api/v1/records/1557480905114/files/images/00000001.tif/full/!400,400/0/default.jpg"$"Komplett"$"Original"$"Standard"$"Einzelseite"$"2019"$"2019"$"Universitätsbibliothek Landes- und Murhardsche Bibliothek der Stadt Kassel"$"https://d-nb.info/gnd/10008839-9"$"Kassel"$"https://d-nb.info/gnd/4029869-3"$"Universitätsbibliothek Landes- und Murhardsche Bibliothek der Stadt Kassel"$"https://d-nb.info/gnd/10008839-9"$"Kassel"$"https://d-nb.info/gnd/4029869-3"
"738"$"4° Ms. theol. 55[1"$"https://orka.bibliothek.uni-kassel.de/viewer/api/v1/records/1557990187356/manifest/"$"https://orka.bibliothek.uni-kassel.de/viewer/image/1557990187356/"$"https://orka.bibliothek.uni-kassel.de/viewer/api/v1/records/1557990187356/files/images/00000001.tif/full/!400,400/0/default.jpg"$"Komplett"$"Original"$"Standard"$"Einzelseite"$"2019"$"2019"$"Universitätsbibliothek Landes- und Murhardsche Bibliothek der Stadt Kassel"$"https://d-nb.info/gnd/10008839-9"$"Kassel"$"https://d-nb.info/gnd/4029869-3"$"Universitätsbibliothek Landes- und Murhardsche Bibliothek der Stadt Kassel"$"https://d-nb.info/gnd/10008839-9"$"Kassel"$"https://d-nb.info/gnd/4029869-3"
"739"$"4° Ms. theol. 55[2"$"https://orka.bibliothek.uni-kassel.de/viewer/api/v1/records/1557990421353/manifest/"$"https://orka.bibliothek.uni-kassel.de/viewer/image/1557990421353/"$"https://orka.bibliothek.uni-kassel.de/viewer/api/v1/records/1557990421353/files/images/00000001.tif/full/!400,400/0/default.jpg"$"Komplett"$"Original"$"Standard"$"Einzelseite"$"2019"$"2019"$"Universitätsbibliothek Landes- und Murhardsche Bibliothek der Stadt Kassel"$"https://d-nb.info/gnd/10008839-9"$"Kassel"$"https://d-nb.info/gnd/4029869-3"$"Universitätsbibliothek Landes- und Murhardsche Bibliothek der Stadt Kassel"$"https://d-nb.info/gnd/10008839-9"$"Kassel"$"https://d-nb.info/gnd/4029869-3"
"740"$"4° Ms. theol. 55[3"$"https://orka.bibliothek.uni-kassel.de/viewer/api/v1/records/1557990564509/manifest/"$"https://orka.bibliothek.uni-kassel.de/viewer/image/1557990564509/"$"https://orka.bibliothek.uni-kassel.de/viewer/api/v1/records/1557990564509/files/images/00000001.tif/full/!400,400/0/default.jpg"$"Komplett"$"Original"$"Standard"$"Einzelseite"$"2019"$"2019"$"Universitätsbibliothek Landes- und Murhardsche Bibliothek der Stadt Kassel"$"https://d-nb.info/gnd/10008839-9"$"Kassel"$"https://d-nb.info/gnd/4029869-3"$"Universitätsbibliothek Landes- und Murhardsche Bibliothek der Stadt Kassel"$"https://d-nb.info/gnd/10008839-9"$"Kassel"$"https://d-nb.info/gnd/4029869-3"
"741"$"4° Ms. theol. 55[4"$"https://orka.bibliothek.uni-kassel.de/viewer/api/v1/records/1557990686247/manifest/"$"https://orka.bibliothek.uni-kassel.de/viewer/image/1557990686247/"$"https://orka.bibliothek.uni-kassel.de/viewer/api/v1/records/1557990686247/files/images/00000001.tif/full/!400,400/0/default.jpg"$"Komplett"$"Original"$"Standard"$"Einzelseite"$"2019"$"2019"$"Universitätsbibliothek Landes- und Murhardsche Bibliothek der Stadt Kassel"$"https://d-nb.info/gnd/10008839-9"$"Kassel"$"https://d-nb.info/gnd/4029869-3"$"Universitätsbibliothek Landes- und Murhardsche Bibliothek der Stadt Kassel"$"https://d-nb.info/gnd/10008839-9"$"Kassel"$"https://d-nb.info/gnd/4029869-3"
"742"$"4° Ms. theol. 55[5"$"https://orka.bibliothek.uni-kassel.de/viewer/api/v1/records/1557990858595/manifest/"$"https://orka.bibliothek.uni-kassel.de/viewer/image/1557990858595/"$"https://orka.bibliothek.uni-kassel.de/viewer/api/v1/records/1557990858595/files/images/00000001.tif/full/!400,400/0/default.jpg"$"Komplett"$"Original"$"Standard"$"Einzelseite"$"2019"$"2019"$"Universitätsbibliothek Landes- und Murhardsche Bibliothek der Stadt Kassel"$"https://d-nb.info/gnd/10008839-9"$"Kassel"$"https://d-nb.info/gnd/4029869-3"$"Universitätsbibliothek Landes- und Murhardsche Bibliothek der Stadt Kassel"$"https://d-nb.info/gnd/10008839-9"$"Kassel"$"https://d-nb.info/gnd/4029869-3"
"743"$"4° Ms. theol. 56"$"https://orka.bibliothek.uni-kassel.de/viewer/api/v1/records/1558942717836/manifest/"$"https://orka.bibliothek.uni-kassel.de/viewer/image/1558942717836/"$"https://orka.bibliothek.uni-kassel.de/viewer/api/v1/records/1558942717836/files/images/00000001.tif/full/!400,400/0/default.jpg"$"Komplett"$"Original"$"Standard"$"Einzelseite"$"2019"$"2019"$"Universitätsbibliothek Landes- und Murhardsche Bibliothek der Stadt Kassel"$"https://d-nb.info/gnd/10008839-9"$"Kassel"$"https://d-nb.info/gnd/4029869-3"$"Universitätsbibliothek Landes- und Murhardsche Bibliothek der Stadt Kassel"$"https://d-nb.info/gnd/10008839-9"$"Kassel"$"https://d-nb.info/gnd/4029869-3"
"744"$"4° Ms. theol. 57"$"https://orka.bibliothek.uni-kassel.de/viewer/api/v1/records/1560326068876/manifest/"$"https://orka.bibliothek.uni-kassel.de/viewer/image/1560326068876/"$"https://orka.bibliothek.uni-kassel.de/viewer/api/v1/records/1560326068876/files/images/00000001.tif/full/!400,400/0/default.jpg"$"Komplett"$"Original"$"Standard"$"Einzelseite"$"2019"$"2019"$"Universitätsbibliothek Landes- und Murhardsche Bibliothek der Stadt Kassel"$"https://d-nb.info/gnd/10008839-9"$"Kassel"$"https://d-nb.info/gnd/4029869-3"$"Universitätsbibliothek Landes- und Murhardsche Bibliothek der Stadt Kassel"$"https://d-nb.info/gnd/10008839-9"$"Kassel"$"https://d-nb.info/gnd/4029869-3"
"745"$"4° Ms. theol. 58"$"https://orka.bibliothek.uni-kassel.de/viewer/api/v1/records/1560352218371/manifest/"$"https://orka.bibliothek.uni-kassel.de/viewer/image/1560352218371/"$"https://orka.bibliothek.uni-kassel.de/viewer/api/v1/records/1560352218371/files/images/00000001.tif/full/!400,400/0/default.jpg"$"Komplett"$"Original"$"Standard"$"Einzelseite"$"2019"$"2019"$"Universitätsbibliothek Landes- und Murhardsche Bibliothek der Stadt Kassel"$"https://d-nb.info/gnd/10008839-9"$"Kassel"$"https://d-nb.info/gnd/4029869-3"$"Universitätsbibliothek Landes- und Murhardsche Bibliothek der Stadt Kassel"$"https://d-nb.info/gnd/10008839-9"$"Kassel"$"https://d-nb.info/gnd/4029869-3"
"746"$"4° Ms. theol. 59[1"$"https://orka.bibliothek.uni-kassel.de/viewer/api/v1/records/1558600740449/manifest/"$"https://orka.bibliothek.uni-kassel.de/viewer/image/1558600740449/"$"https://orka.bibliothek.uni-kassel.de/viewer/api/v1/records/1558600740449/files/images/00000001.tif/full/!400,400/0/default.jpg"$"Komplett"$"Original"$"Standard"$"Einzelseite"$"2019"$"2019"$"Universitätsbibliothek Landes- und Murhardsche Bibliothek der Stadt Kassel"$"https://d-nb.info/gnd/10008839-9"$"Kassel"$"https://d-nb.info/gnd/4029869-3"$"Universitätsbibliothek Landes- und Murhardsche Bibliothek der Stadt Kassel"$"https://d-nb.info/gnd/10008839-9"$"Kassel"$"https://d-nb.info/gnd/4029869-3"
"747"$"4° Ms. theol. 59[2"$"https://orka.bibliothek.uni-kassel.de/viewer/api/v1/records/1558600834083/manifest/"$"https://orka.bibliothek.uni-kassel.de/viewer/image/1558600834083/"$"https://orka.bibliothek.uni-kassel.de/viewer/api/v1/records/1558600834083/files/images/00000001.tif/full/!400,400/0/default.jpg"$"Komplett"$"Original"$"Standard"$"Einzelseite"$"2019"$"2019"$"Universitätsbibliothek Landes- und Murhardsche Bibliothek der Stadt Kassel"$"https://d-nb.info/gnd/10008839-9"$"Kassel"$"https://d-nb.info/gnd/4029869-3"$"Universitätsbibliothek Landes- und Murhardsche Bibliothek der Stadt Kassel"$"https://d-nb.info/gnd/10008839-9"$"Kassel"$"https://d-nb.info/gnd/4029869-3"
"748"$"4° Ms. theol. 59[3"$"https://orka.bibliothek.uni-kassel.de/viewer/api/v1/records/1558600953939/manifest/"$"https://orka.bibliothek.uni-kassel.de/viewer/image/1558600953939/"$"https://orka.bibliothek.uni-kassel.de/viewer/api/v1/records/1558600953939/files/images/00000001.tif/full/!400,400/0/default.jpg"$"Komplett"$"Original"$"Standard"$"Einzelseite"$"2019"$"2019"$"Universitätsbibliothek Landes- und Murhardsche Bibliothek der Stadt Kassel"$"https://d-nb.info/gnd/10008839-9"$"Kassel"$"https://d-nb.info/gnd/4029869-3"$"Universitätsbibliothek Landes- und Murhardsche Bibliothek der Stadt Kassel"$"https://d-nb.info/gnd/10008839-9"$"Kassel"$"https://d-nb.info/gnd/4029869-3"
"749"$"4° Ms. theol. 6"$"https://orka.bibliothek.uni-kassel.de/viewer/api/v1/records/1326983942424/manifest/"$"https://orka.bibliothek.uni-kassel.de/viewer/image/1326983942424/"$"https://orka.bibliothek.uni-kassel.de/viewer/api/v1/records/1326983942424/files/images/00000001.tif/full/!400,400/0/default.jpg"$"Komplett"$"Original"$"Standard"$"Einzelseite"$"2012"$"2012"$"Universitätsbibliothek Landes- und Murhardsche Bibliothek der Stadt Kassel"$"https://d-nb.info/gnd/10008839-9"$"Kassel"$"https://d-nb.info/gnd/4029869-3"$"Universitätsbibliothek Landes- und Murhardsche Bibliothek der Stadt Kassel"$"https://d-nb.info/gnd/10008839-9"$"Kassel"$"https://d-nb.info/gnd/4029869-3"
"750"$"4° Ms. theol. 60[1"$"https://orka.bibliothek.uni-kassel.de/viewer/api/v1/records/1558417640781/manifest/"$"https://orka.bibliothek.uni-kassel.de/viewer/image/1558417640781/"$"https://orka.bibliothek.uni-kassel.de/viewer/api/v1/records/1558417640781/files/images/00000001.tif/full/!400,400/0/default.jpg"$"Komplett"$"Original"$"Standard"$"Einzelseite"$"2019"$"2019"$"Universitätsbibliothek Landes- und Murhardsche Bibliothek der Stadt Kassel"$"https://d-nb.info/gnd/10008839-9"$"Kassel"$"https://d-nb.info/gnd/4029869-3"$"Universitätsbibliothek Landes- und Murhardsche Bibliothek der Stadt Kassel"$"https://d-nb.info/gnd/10008839-9"$"Kassel"$"https://d-nb.info/gnd/4029869-3"
"751"$"4° Ms. theol. 60[2"$"https://orka.bibliothek.uni-kassel.de/viewer/api/v1/records/1558417719654/manifest/"$"https://orka.bibliothek.uni-kassel.de/viewer/image/1558417719654/"$"https://orka.bibliothek.uni-kassel.de/viewer/api/v1/records/1558417719654/files/images/00000001.tif/full/!400,400/0/default.jpg"$"Komplett"$"Original"$"Standard"$"Einzelseite"$"2019"$"2019"$"Universitätsbibliothek Landes- und Murhardsche Bibliothek der Stadt Kassel"$"https://d-nb.info/gnd/10008839-9"$"Kassel"$"https://d-nb.info/gnd/4029869-3"$"Universitätsbibliothek Landes- und Murhardsche Bibliothek der Stadt Kassel"$"https://d-nb.info/gnd/10008839-9"$"Kassel"$"https://d-nb.info/gnd/4029869-3"
"752"$"4° Ms. theol. 60[3"$"https://orka.bibliothek.uni-kassel.de/viewer/api/v1/records/1558417777196/manifest/"$"https://orka.bibliothek.uni-kassel.de/viewer/image/1558417777196/"$"https://orka.bibliothek.uni-kassel.de/viewer/api/v1/records/1558417777196/files/images/00000001.tif/full/!400,400/0/default.jpg"$"Komplett"$"Original"$"Standard"$"Einzelseite"$"2019"$"2019"$"Universitätsbibliothek Landes- und Murhardsche Bibliothek der Stadt Kassel"$"https://d-nb.info/gnd/10008839-9"$"Kassel"$"https://d-nb.info/gnd/4029869-3"$"Universitätsbibliothek Landes- und Murhardsche Bibliothek der Stadt Kassel"$"https://d-nb.info/gnd/10008839-9"$"Kassel"$"https://d-nb.info/gnd/4029869-3"
"753"$"4° Ms. theol. 60[4"$"https://orka.bibliothek.uni-kassel.de/viewer/api/v1/records/1558417837723/manifest/"$"https://orka.bibliothek.uni-kassel.de/viewer/image/1558417837723/"$"https://orka.bibliothek.uni-kassel.de/viewer/api/v1/records/1558417837723/files/images/00000001.tif/full/!400,400/0/default.jpg"$"Komplett"$"Original"$"Standard"$"Einzelseite"$"2019"$"2019"$"Universitätsbibliothek Landes- und Murhardsche Bibliothek der Stadt Kassel"$"https://d-nb.info/gnd/10008839-9"$"Kassel"$"https://d-nb.info/gnd/4029869-3"$"Universitätsbibliothek Landes- und Murhardsche Bibliothek der Stadt Kassel"$"https://d-nb.info/gnd/10008839-9"$"Kassel"$"https://d-nb.info/gnd/4029869-3"
"754"$"4° Ms. theol. 60[5"$"https://orka.bibliothek.uni-kassel.de/viewer/api/v1/records/1558417919535/manifest/"$"https://orka.bibliothek.uni-kassel.de/viewer/image/1558417919535/"$"https://orka.bibliothek.uni-kassel.de/viewer/api/v1/records/1558417919535/files/images/000001.tif/full/!400,400/0/default.jpg"$"Komplett"$"Original"$"Standard"$"Einzelseite"$"2019"$"2019"$"Universitätsbibliothek Landes- und Murhardsche Bibliothek der Stadt Kassel"$"https://d-nb.info/gnd/10008839-9"$"Kassel"$"https://d-nb.info/gnd/4029869-3"$"Universitätsbibliothek Landes- und Murhardsche Bibliothek der Stadt Kassel"$"https://d-nb.info/gnd/10008839-9"$"Kassel"$"https://d-nb.info/gnd/4029869-3"
"755"$"4° Ms. theol. 60[6"$"https://orka.bibliothek.uni-kassel.de/viewer/api/v1/records/1558418000306/manifest/"$"https://orka.bibliothek.uni-kassel.de/viewer/image/1558418000306/"$"https://orka.bibliothek.uni-kassel.de/viewer/api/v1/records/1558418000306/files/images/00000001.tif/full/!400,400/0/default.jpg"$"Komplett"$"Original"$"Standard"$"Einzelseite"$"2019"$"2019"$"Universitätsbibliothek Landes- und Murhardsche Bibliothek der Stadt Kassel"$"https://d-nb.info/gnd/10008839-9"$"Kassel"$"https://d-nb.info/gnd/4029869-3"$"Universitätsbibliothek Landes- und Murhardsche Bibliothek der Stadt Kassel"$"https://d-nb.info/gnd/10008839-9"$"Kassel"$"https://d-nb.info/gnd/4029869-3"
"756"$"4° Ms. theol. 61"$"https://orka.bibliothek.uni-kassel.de/viewer/api/v1/records/1559645693572/manifest/"$"https://orka.bibliothek.uni-kassel.de/viewer/image/1559645693572/"$"https://orka.bibliothek.uni-kassel.de/viewer/api/v1/records/1559645693572/files/images/00000001.tif/full/!400,400/0/default.jpg"$"Komplett"$"Original"$"Standard"$"Einzelseite"$"2019"$"2019"$"Universitätsbibliothek Landes- und Murhardsche Bibliothek der Stadt Kassel"$"https://d-nb.info/gnd/10008839-9"$"Kassel"$"https://d-nb.info/gnd/4029869-3"$"Universitätsbibliothek Landes- und Murhardsche Bibliothek der Stadt Kassel"$"https://d-nb.info/gnd/10008839-9"$"Kassel"$"https://d-nb.info/gnd/4029869-3"
"757"$"4° Ms. theol. 62"$"https://orka.bibliothek.uni-kassel.de/viewer/api/v1/records/1558417531161/manifest/"$"https://orka.bibliothek.uni-kassel.de/viewer/image/1558417531161/"$"https://orka.bibliothek.uni-kassel.de/viewer/api/v1/records/1558417531161/files/images/000001.tif/full/!400,400/0/default.jpg"$"Komplett"$"Original"$"Standard"$"Einzelseite"$"2019"$"2019"$"Universitätsbibliothek Landes- und Murhardsche Bibliothek der Stadt Kassel"$"https://d-nb.info/gnd/10008839-9"$"Kassel"$"https://d-nb.info/gnd/4029869-3"$"Universitätsbibliothek Landes- und Murhardsche Bibliothek der Stadt Kassel"$"https://d-nb.info/gnd/10008839-9"$"Kassel"$"https://d-nb.info/gnd/4029869-3"
"758"$"4° Ms. theol. 63[1"$"https://orka.bibliothek.uni-kassel.de/viewer/api/v1/records/1560245463910/manifest/"$"https://orka.bibliothek.uni-kassel.de/viewer/image/1560245463910/"$"https://orka.bibliothek.uni-kassel.de/viewer/api/v1/records/1560245463910/files/images/00000001.tif/full/!400,400/0/default.jpg"$"Komplett"$"Original"$"Standard"$"Einzelseite"$"2019"$"2019"$"Universitätsbibliothek Landes- und Murhardsche Bibliothek der Stadt Kassel"$"https://d-nb.info/gnd/10008839-9"$"Kassel"$"https://d-nb.info/gnd/4029869-3"$"Universitätsbibliothek Landes- und Murhardsche Bibliothek der Stadt Kassel"$"https://d-nb.info/gnd/10008839-9"$"Kassel"$"https://d-nb.info/gnd/4029869-3"
"759"$"4° Ms. theol. 63[2"$"https://orka.bibliothek.uni-kassel.de/viewer/api/v1/records/1560245676996/manifest/"$"https://orka.bibliothek.uni-kassel.de/viewer/image/1560245676996/"$"https://orka.bibliothek.uni-kassel.de/viewer/api/v1/records/1560245676996/files/images/00000001.tif/full/!400,400/0/default.jpg"$"Komplett"$"Original"$"Standard"$"Einzelseite"$"2019"$"2019"$"Universitätsbibliothek Landes- und Murhardsche Bibliothek der Stadt Kassel"$"https://d-nb.info/gnd/10008839-9"$"Kassel"$"https://d-nb.info/gnd/4029869-3"$"Universitätsbibliothek Landes- und Murhardsche Bibliothek der Stadt Kassel"$"https://d-nb.info/gnd/10008839-9"$"Kassel"$"https://d-nb.info/gnd/4029869-3"
"760"$"4° Ms. theol. 63[3"$"https://orka.bibliothek.uni-kassel.de/viewer/api/v1/records/1560245814719/manifest/"$"https://orka.bibliothek.uni-kassel.de/viewer/image/1560245814719/"$"https://orka.bibliothek.uni-kassel.de/viewer/api/v1/records/1560245814719/files/images/00000001.tif/full/!400,400/0/default.jpg"$"Komplett"$"Original"$"Standard"$"Einzelseite"$"2019"$"2019"$"Universitätsbibliothek Landes- und Murhardsche Bibliothek der Stadt Kassel"$"https://d-nb.info/gnd/10008839-9"$"Kassel"$"https://d-nb.info/gnd/4029869-3"$"Universitätsbibliothek Landes- und Murhardsche Bibliothek der Stadt Kassel"$"https://d-nb.info/gnd/10008839-9"$"Kassel"$"https://d-nb.info/gnd/4029869-3"
"761"$"4° Ms. theol. 63[4"$"https://orka.bibliothek.uni-kassel.de/viewer/api/v1/records/1560245933532/manifest/"$"https://orka.bibliothek.uni-kassel.de/viewer/image/1560245933532/"$"https://orka.bibliothek.uni-kassel.de/viewer/api/v1/records/1560245933532/files/images/00000001.tif/full/!400,400/0/default.jpg"$"Komplett"$"Original"$"Standard"$"Einzelseite"$"2019"$"2019"$"Universitätsbibliothek Landes- und Murhardsche Bibliothek der Stadt Kassel"$"https://d-nb.info/gnd/10008839-9"$"Kassel"$"https://d-nb.info/gnd/4029869-3"$"Universitätsbibliothek Landes- und Murhardsche Bibliothek der Stadt Kassel"$"https://d-nb.info/gnd/10008839-9"$"Kassel"$"https://d-nb.info/gnd/4029869-3"
"762"$"4° Ms. theol. 63[5"$"https://orka.bibliothek.uni-kassel.de/viewer/api/v1/records/1560246108542/manifest/"$"https://orka.bibliothek.uni-kassel.de/viewer/image/1560246108542/"$"https://orka.bibliothek.uni-kassel.de/viewer/api/v1/records/1560246108542/files/images/00000001.tif/full/!400,400/0/default.jpg"$"Komplett"$"Original"$"Standard"$"Einzelseite"$"2019"$"2019"$"Universitätsbibliothek Landes- und Murhardsche Bibliothek der Stadt Kassel"$"https://d-nb.info/gnd/10008839-9"$"Kassel"$"https://d-nb.info/gnd/4029869-3"$"Universitätsbibliothek Landes- und Murhardsche Bibliothek der Stadt Kassel"$"https://d-nb.info/gnd/10008839-9"$"Kassel"$"https://d-nb.info/gnd/4029869-3"
"763"$"4° Ms. theol. 64"$"https://orka.bibliothek.uni-kassel.de/viewer/api/v1/records/1560760846181/manifest/"$"https://orka.bibliothek.uni-kassel.de/viewer/image/1560760846181/"$"https://orka.bibliothek.uni-kassel.de/viewer/api/v1/records/1560760846181/files/images/000001.tif/full/!400,400/0/default.jpg"$"Komplett"$"Original"$"Standard"$"Einzelseite"$"2019"$"2019"$"Universitätsbibliothek Landes- und Murhardsche Bibliothek der Stadt Kassel"$"https://d-nb.info/gnd/10008839-9"$"Kassel"$"https://d-nb.info/gnd/4029869-3"$"Universitätsbibliothek Landes- und Murhardsche Bibliothek der Stadt Kassel"$"https://d-nb.info/gnd/10008839-9"$"Kassel"$"https://d-nb.info/gnd/4029869-3"
"764"$"4° Ms. theol. 65"$"https://orka.bibliothek.uni-kassel.de/viewer/api/v1/records/1558601081926/manifest/"$"https://orka.bibliothek.uni-kassel.de/viewer/image/1558601081926/"$"https://orka.bibliothek.uni-kassel.de/viewer/api/v1/records/1558601081926/files/images/00000001.tif/full/!400,400/0/default.jpg"$"Komplett"$"Original"$"Standard"$"Einzelseite"$"2019"$"2019"$"Universitätsbibliothek Landes- und Murhardsche Bibliothek der Stadt Kassel"$"https://d-nb.info/gnd/10008839-9"$"Kassel"$"https://d-nb.info/gnd/4029869-3"$"Universitätsbibliothek Landes- und Murhardsche Bibliothek der Stadt Kassel"$"https://d-nb.info/gnd/10008839-9"$"Kassel"$"https://d-nb.info/gnd/4029869-3"
"765"$"4° Ms. theol. 66"$"https://orka.bibliothek.uni-kassel.de/viewer/api/v1/records/1561361785574/manifest/"$"https://orka.bibliothek.uni-kassel.de/viewer/image/1561361785574/"$"https://orka.bibliothek.uni-kassel.de/viewer/api/v1/records/1561361785574/files/images/00000001.tif/full/!400,400/0/default.jpg"$"Komplett"$"Original"$"Standard"$"Einzelseite"$"2019"$"2019"$"Universitätsbibliothek Landes- und Murhardsche Bibliothek der Stadt Kassel"$"https://d-nb.info/gnd/10008839-9"$"Kassel"$"https://d-nb.info/gnd/4029869-3"$"Universitätsbibliothek Landes- und Murhardsche Bibliothek der Stadt Kassel"$"https://d-nb.info/gnd/10008839-9"$"Kassel"$"https://d-nb.info/gnd/4029869-3"
"766"$"4° Ms. theol. 67"$"https://orka.bibliothek.uni-kassel.de/viewer/api/v1/records/1562306944021/manifest/"$"https://orka.bibliothek.uni-kassel.de/viewer/image/1562306944021/"$"https://orka.bibliothek.uni-kassel.de/viewer/api/v1/records/1562306944021/files/images/00000001.tif/full/!400,400/0/default.jpg"$"Komplett"$"Original"$"Standard"$"Einzelseite"$"2019"$"2019"$"Universitätsbibliothek Landes- und Murhardsche Bibliothek der Stadt Kassel"$"https://d-nb.info/gnd/10008839-9"$"Kassel"$"https://d-nb.info/gnd/4029869-3"$"Universitätsbibliothek Landes- und Murhardsche Bibliothek der Stadt Kassel"$"https://d-nb.info/gnd/10008839-9"$"Kassel"$"https://d-nb.info/gnd/4029869-3"
"767"$"4° Ms. theol. 68"$"https://orka.bibliothek.uni-kassel.de/viewer/api/v1/records/1562306570637/manifest/"$"https://orka.bibliothek.uni-kassel.de/viewer/image/1562306570637/"$"https://orka.bibliothek.uni-kassel.de/viewer/api/v1/records/1562306570637/files/images/00000001.tif/full/!400,400/0/default.jpg"$"Komplett"$"Original"$"Standard"$"Einzelseite"$"2019"$"2019"$"Universitätsbibliothek Landes- und Murhardsche Bibliothek der Stadt Kassel"$"https://d-nb.info/gnd/10008839-9"$"Kassel"$"https://d-nb.info/gnd/4029869-3"$"Universitätsbibliothek Landes- und Murhardsche Bibliothek der Stadt Kassel"$"https://d-nb.info/gnd/10008839-9"$"Kassel"$"https://d-nb.info/gnd/4029869-3"
"768"$"4° Ms. theol. 69"$"https://orka.bibliothek.uni-kassel.de/viewer/api/v1/records/1560760983728/manifest/"$"https://orka.bibliothek.uni-kassel.de/viewer/image/1560760983728/"$"https://orka.bibliothek.uni-kassel.de/viewer/api/v1/records/1560760983728/files/images/00000001.tif/full/!400,400/0/default.jpg"$"Komplett"$"Original"$"Standard"$"Einzelseite"$"2019"$"2019"$"Universitätsbibliothek Landes- und Murhardsche Bibliothek der Stadt Kassel"$"https://d-nb.info/gnd/10008839-9"$"Kassel"$"https://d-nb.info/gnd/4029869-3"$"Universitätsbibliothek Landes- und Murhardsche Bibliothek der Stadt Kassel"$"https://d-nb.info/gnd/10008839-9"$"Kassel"$"https://d-nb.info/gnd/4029869-3"
"769"$"4° Ms. theol. 7"$"https://orka.bibliothek.uni-kassel.de/viewer/api/v1/records/1595325356519/manifest/"$"https://orka.bibliothek.uni-kassel.de/viewer/image/1595325356519/"$"https://orka.bibliothek.uni-kassel.de/viewer/api/v1/records/1595325356519/files/images/000001.tif/full/!400,400/0/default.jpg"$"Komplett"$"Original"$"Standard"$"Einzelseite"$"2018"$"2018"$"Universitätsbibliothek Landes- und Murhardsche Bibliothek der Stadt Kassel"$"https://d-nb.info/gnd/10008839-9"$"Kassel"$"https://d-nb.info/gnd/4029869-3"$"Universitätsbibliothek Landes- und Murhardsche Bibliothek der Stadt Kassel"$"https://d-nb.info/gnd/10008839-9"$"Kassel"$"https://d-nb.info/gnd/4029869-3"
"770"$"4° Ms. theol. 70"$"https://orka.bibliothek.uni-kassel.de/viewer/api/v1/records/1560761076840/manifest/"$"https://orka.bibliothek.uni-kassel.de/viewer/image/1560761076840/"$"https://orka.bibliothek.uni-kassel.de/viewer/api/v1/records/1560761076840/files/images/00000001.tif/full/!400,400/0/default.jpg"$"Komplett"$"Original"$"Standard"$"Einzelseite"$"2019"$"2019"$"Universitätsbibliothek Landes- und Murhardsche Bibliothek der Stadt Kassel"$"https://d-nb.info/gnd/10008839-9"$"Kassel"$"https://d-nb.info/gnd/4029869-3"$"Universitätsbibliothek Landes- und Murhardsche Bibliothek der Stadt Kassel"$"https://d-nb.info/gnd/10008839-9"$"Kassel"$"https://d-nb.info/gnd/4029869-3"
"771"$"4° Ms. theol. 71"$"https://orka.bibliothek.uni-kassel.de/viewer/api/v1/records/1562306390930/manifest/"$"https://orka.bibliothek.uni-kassel.de/viewer/image/1562306390930/"$"https://orka.bibliothek.uni-kassel.de/viewer/api/v1/records/1562306390930/files/images/0000001.tif/full/!400,400/0/default.jpg"$"Komplett"$"Original"$"Standard"$"Einzelseite"$"2019"$"2019"$"Universitätsbibliothek Landes- und Murhardsche Bibliothek der Stadt Kassel"$"https://d-nb.info/gnd/10008839-9"$"Kassel"$"https://d-nb.info/gnd/4029869-3"$"Universitätsbibliothek Landes- und Murhardsche Bibliothek der Stadt Kassel"$"https://d-nb.info/gnd/10008839-9"$"Kassel"$"https://d-nb.info/gnd/4029869-3"
"772"$"4° Ms. theol. 72"$"https://orka.bibliothek.uni-kassel.de/viewer/api/v1/records/1576171834287/manifest/"$"https://orka.bibliothek.uni-kassel.de/viewer/image/1576171834287/"$"https://orka.bibliothek.uni-kassel.de/viewer/api/v1/records/1576171834287/files/images/00000001.tif/full/!400,400/0/default.jpg"$"Komplett"$"Original"$"Standard"$"Einzelseite"$"2019"$"2019"$"Universitätsbibliothek Landes- und Murhardsche Bibliothek der Stadt Kassel"$"https://d-nb.info/gnd/10008839-9"$"Kassel"$"https://d-nb.info/gnd/4029869-3"$"Universitätsbibliothek Landes- und Murhardsche Bibliothek der Stadt Kassel"$"https://d-nb.info/gnd/10008839-9"$"Kassel"$"https://d-nb.info/gnd/4029869-3"
"773"$"4° Ms. theol. 73"$"https://orka.bibliothek.uni-kassel.de/viewer/api/v1/records/1576257694845/manifest/"$"https://orka.bibliothek.uni-kassel.de/viewer/image/1576257694845/"$"https://orka.bibliothek.uni-kassel.de/viewer/api/v1/records/1576257694845/files/images/000001.tif/full/!400,400/0/default.jpg"$"Komplett"$"Original"$"Standard"$"Einzelseite"$"2020"$"2020"$"Universitätsbibliothek Landes- und Murhardsche Bibliothek der Stadt Kassel"$"https://d-nb.info/gnd/10008839-9"$"Kassel"$"https://d-nb.info/gnd/4029869-3"$"Universitätsbibliothek Landes- und Murhardsche Bibliothek der Stadt Kassel"$"https://d-nb.info/gnd/10008839-9"$"Kassel"$"https://d-nb.info/gnd/4029869-3"
"774"$"4° Ms. theol. 74"$"https://orka.bibliothek.uni-kassel.de/viewer/api/v1/records/1576171119821/manifest/"$"https://orka.bibliothek.uni-kassel.de/viewer/image/1576171119821/"$"https://orka.bibliothek.uni-kassel.de/viewer/api/v1/records/1576171119821/files/images/000001.tif/full/!400,400/0/default.jpg"$"Komplett"$"Original"$"Standard"$"Einzelseite"$"2019"$"2019"$"Universitätsbibliothek Landes- und Murhardsche Bibliothek der Stadt Kassel"$"https://d-nb.info/gnd/10008839-9"$"Kassel"$"https://d-nb.info/gnd/4029869-3"$"Universitätsbibliothek Landes- und Murhardsche Bibliothek der Stadt Kassel"$"https://d-nb.info/gnd/10008839-9"$"Kassel"$"https://d-nb.info/gnd/4029869-3"
"775"$"4° Ms. theol. 75"$"https://orka.bibliothek.uni-kassel.de/viewer/api/v1/records/1576171304018/manifest/"$"https://orka.bibliothek.uni-kassel.de/viewer/image/1576171304018/"$"https://orka.bibliothek.uni-kassel.de/viewer/api/v1/records/1576171304018/files/images/000001.tif/full/!400,400/0/default.jpg"$"Komplett"$"Original"$"Standard"$"Einzelseite"$"2019"$"2019"$"Universitätsbibliothek Landes- und Murhardsche Bibliothek der Stadt Kassel"$"https://d-nb.info/gnd/10008839-9"$"Kassel"$"https://d-nb.info/gnd/4029869-3"$"Universitätsbibliothek Landes- und Murhardsche Bibliothek der Stadt Kassel"$"https://d-nb.info/gnd/10008839-9"$"Kassel"$"https://d-nb.info/gnd/4029869-3"
"776"$"4° Ms. theol. 76"$"https://orka.bibliothek.uni-kassel.de/viewer/api/v1/records/1576502057115/manifest/"$"https://orka.bibliothek.uni-kassel.de/viewer/image/1576502057115/"$"https://orka.bibliothek.uni-kassel.de/viewer/api/v1/records/1576502057115/files/images/000001.tif/full/!400,400/0/default.jpg"$"Komplett"$"Original"$"Standard"$"Einzelseite"$"2020"$"2020"$"Universitätsbibliothek Landes- und Murhardsche Bibliothek der Stadt Kassel"$"https://d-nb.info/gnd/10008839-9"$"Kassel"$"https://d-nb.info/gnd/4029869-3"$"Universitätsbibliothek Landes- und Murhardsche Bibliothek der Stadt Kassel"$"https://d-nb.info/gnd/10008839-9"$"Kassel"$"https://d-nb.info/gnd/4029869-3"
"777"$"4° Ms. theol. 77"$"https://orka.bibliothek.uni-kassel.de/viewer/api/v1/records/1576171407518/manifest/"$"https://orka.bibliothek.uni-kassel.de/viewer/image/1576171407518/"$"https://orka.bibliothek.uni-kassel.de/viewer/api/v1/records/1576171407518/files/images/00000001.tif/full/!400,400/0/default.jpg"$"Komplett"$"Original"$"Standard"$"Einzelseite"$"2019"$"2019"$"Universitätsbibliothek Landes- und Murhardsche Bibliothek der Stadt Kassel"$"https://d-nb.info/gnd/10008839-9"$"Kassel"$"https://d-nb.info/gnd/4029869-3"$"Universitätsbibliothek Landes- und Murhardsche Bibliothek der Stadt Kassel"$"https://d-nb.info/gnd/10008839-9"$"Kassel"$"https://d-nb.info/gnd/4029869-3"
"778"$"4° Ms. theol. 78"$"https://orka.bibliothek.uni-kassel.de/viewer/api/v1/records/1438154860716/manifest/"$"https://orka.bibliothek.uni-kassel.de/viewer/image/1438154860716/"$"https://orka.bibliothek.uni-kassel.de/viewer/api/v1/records/1438154860716/files/images/00000001.tif/full/!400,400/0/default.jpg"$"Komplett"$"Original"$"Standard"$"Einzelseite"$"2015"$"2015"$"Universitätsbibliothek Landes- und Murhardsche Bibliothek der Stadt Kassel"$"https://d-nb.info/gnd/10008839-9"$"Kassel"$"https://d-nb.info/gnd/4029869-3"$"Universitätsbibliothek Landes- und Murhardsche Bibliothek der Stadt Kassel"$"https://d-nb.info/gnd/10008839-9"$"Kassel"$"https://d-nb.info/gnd/4029869-3"
"779"$"4° Ms. theol. 79"$"https://orka.bibliothek.uni-kassel.de/viewer/api/v1/records/1350561878488/manifest/"$"https://orka.bibliothek.uni-kassel.de/viewer/image/1350561878488/"$"https://orka.bibliothek.uni-kassel.de/viewer/api/v1/records/1350561878488/files/images/00000001.tif/full/!400,400/0/default.jpg"$"Komplett"$"Original"$"Standard"$"Einzelseite"$"2012"$"2012"$"Universitätsbibliothek Landes- und Murhardsche Bibliothek der Stadt Kassel"$"https://d-nb.info/gnd/10008839-9"$"Kassel"$"https://d-nb.info/gnd/4029869-3"$"Universitätsbibliothek Landes- und Murhardsche Bibliothek der Stadt Kassel"$"https://d-nb.info/gnd/10008839-9"$"Kassel"$"https://d-nb.info/gnd/4029869-3"
"780"$"4° Ms. theol. 8"$"https://orka.bibliothek.uni-kassel.de/viewer/api/v1/records/1601991513408/manifest/"$"https://orka.bibliothek.uni-kassel.de/viewer/image/1601991513408/"$"https://orka.bibliothek.uni-kassel.de/viewer/api/v1/records/1601991513408/files/images/00000001.tif/full/!400,400/0/default.jpg"$"Komplett"$"Original"$"Standard"$"Einzelseite"$"2022"$"2022"$"Universitätsbibliothek Landes- und Murhardsche Bibliothek der Stadt Kassel"$"https://d-nb.info/gnd/10008839-9"$"Kassel"$"https://d-nb.info/gnd/4029869-3"$"Universitätsbibliothek Landes- und Murhardsche Bibliothek der Stadt Kassel"$"https://d-nb.info/gnd/10008839-9"$"Kassel"$"https://d-nb.info/gnd/4029869-3"
"781"$"4° Ms. theol. 80"$"https://orka.bibliothek.uni-kassel.de/viewer/api/v1/records/1576755073787/manifest/"$"https://orka.bibliothek.uni-kassel.de/viewer/image/1576755073787/"$"https://orka.bibliothek.uni-kassel.de/viewer/api/v1/records/1576755073787/files/images/000001.tif/full/!400,400/0/default.jpg"$"Komplett"$"Original"$"Standard"$"Einzelseite"$"2020"$"2020"$"Universitätsbibliothek Landes- und Murhardsche Bibliothek der Stadt Kassel"$"https://d-nb.info/gnd/10008839-9"$"Kassel"$"https://d-nb.info/gnd/4029869-3"$"Universitätsbibliothek Landes- und Murhardsche Bibliothek der Stadt Kassel"$"https://d-nb.info/gnd/10008839-9"$"Kassel"$"https://d-nb.info/gnd/4029869-3"
"782"$"4° Ms. theol. 81"$"https://orka.bibliothek.uni-kassel.de/viewer/api/v1/records/1576754913250/manifest/"$"https://orka.bibliothek.uni-kassel.de/viewer/image/1576754913250/"$"https://orka.bibliothek.uni-kassel.de/viewer/api/v1/records/1576754913250/files/images/00000001.tif/full/!400,400/0/default.jpg"$"Komplett"$"Original"$"Standard"$"Einzelseite"$"2020"$"2020"$"Universitätsbibliothek Landes- und Murhardsche Bibliothek der Stadt Kassel"$"https://d-nb.info/gnd/10008839-9"$"Kassel"$"https://d-nb.info/gnd/4029869-3"$"Universitätsbibliothek Landes- und Murhardsche Bibliothek der Stadt Kassel"$"https://d-nb.info/gnd/10008839-9"$"Kassel"$"https://d-nb.info/gnd/4029869-3"
"783"$"4° Ms. theol. 82"$"https://orka.bibliothek.uni-kassel.de/viewer/api/v1/records/1576755198481/manifest/"$"https://orka.bibliothek.uni-kassel.de/viewer/image/1576755198481/"$"https://orka.bibliothek.uni-kassel.de/viewer/api/v1/records/1576755198481/files/images/00000001.tif/full/!400,400/0/default.jpg"$"Komplett"$"Original"$"Standard"$"Einzelseite"$"2020"$"2020"$"Universitätsbibliothek Landes- und Murhardsche Bibliothek der Stadt Kassel"$"https://d-nb.info/gnd/10008839-9"$"Kassel"$"https://d-nb.info/gnd/4029869-3"$"Universitätsbibliothek Landes- und Murhardsche Bibliothek der Stadt Kassel"$"https://d-nb.info/gnd/10008839-9"$"Kassel"$"https://d-nb.info/gnd/4029869-3"
"784"$"4° Ms. theol. 83"$"https://orka.bibliothek.uni-kassel.de/viewer/api/v1/records/1578914638265/manifest/"$"https://orka.bibliothek.uni-kassel.de/viewer/image/1578914638265/"$"https://orka.bibliothek.uni-kassel.de/viewer/api/v1/records/1578914638265/files/images/000001.tif/full/!400,400/0/default.jpg"$"Komplett"$"Original"$"Standard"$"Einzelseite"$"2020"$"2020"$"Universitätsbibliothek Landes- und Murhardsche Bibliothek der Stadt Kassel"$"https://d-nb.info/gnd/10008839-9"$"Kassel"$"https://d-nb.info/gnd/4029869-3"$"Universitätsbibliothek Landes- und Murhardsche Bibliothek der Stadt Kassel"$"https://d-nb.info/gnd/10008839-9"$"Kassel"$"https://d-nb.info/gnd/4029869-3"
"785"$"4° Ms. theol. 84"$"https://orka.bibliothek.uni-kassel.de/viewer/api/v1/records/1579267546314/manifest/"$"https://orka.bibliothek.uni-kassel.de/viewer/image/1579267546314/"$"https://orka.bibliothek.uni-kassel.de/viewer/api/v1/records/1579267546314/files/images/000001.tif/full/!400,400/0/default.jpg"$"Komplett"$"Original"$"Standard"$"Einzelseite"$"2020"$"2020"$"Universitätsbibliothek Landes- und Murhardsche Bibliothek der Stadt Kassel"$"https://d-nb.info/gnd/10008839-9"$"Kassel"$"https://d-nb.info/gnd/4029869-3"$"Universitätsbibliothek Landes- und Murhardsche Bibliothek der Stadt Kassel"$"https://d-nb.info/gnd/10008839-9"$"Kassel"$"https://d-nb.info/gnd/4029869-3"
"786"$"4° Ms. theol. 85[1"$"https://orka.bibliothek.uni-kassel.de/viewer/api/v1/records/1579785287365/manifest/"$"https://orka.bibliothek.uni-kassel.de/viewer/image/1579785287365/"$"https://orka.bibliothek.uni-kassel.de/viewer/api/v1/records/1579785287365/files/images/000001.tif/full/!400,400/0/default.jpg"$"Komplett"$"Original"$"Standard"$"Einzelseite"$"2020"$"2020"$"Universitätsbibliothek Landes- und Murhardsche Bibliothek der Stadt Kassel"$"https://d-nb.info/gnd/10008839-9"$"Kassel"$"https://d-nb.info/gnd/4029869-3"$"Universitätsbibliothek Landes- und Murhardsche Bibliothek der Stadt Kassel"$"https://d-nb.info/gnd/10008839-9"$"Kassel"$"https://d-nb.info/gnd/4029869-3"
"787"$"4° Ms. theol. 85[2"$"https://orka.bibliothek.uni-kassel.de/viewer/api/v1/records/1579785687826/manifest/"$"https://orka.bibliothek.uni-kassel.de/viewer/image/1579785687826/"$"https://orka.bibliothek.uni-kassel.de/viewer/api/v1/records/1579785687826/files/images/000001.tif/full/!400,400/0/default.jpg"$"Komplett"$"Original"$"Standard"$"Einzelseite"$"2020"$"2020"$"Universitätsbibliothek Landes- und Murhardsche Bibliothek der Stadt Kassel"$"https://d-nb.info/gnd/10008839-9"$"Kassel"$"https://d-nb.info/gnd/4029869-3"$"Universitätsbibliothek Landes- und Murhardsche Bibliothek der Stadt Kassel"$"https://d-nb.info/gnd/10008839-9"$"Kassel"$"https://d-nb.info/gnd/4029869-3"
"788"$"4° Ms. theol. 85[3"$"https://orka.bibliothek.uni-kassel.de/viewer/api/v1/records/1579785757891/manifest/"$"https://orka.bibliothek.uni-kassel.de/viewer/image/1579785757891/"$"https://orka.bibliothek.uni-kassel.de/viewer/api/v1/records/1579785757891/files/images/000001.tif/full/!400,400/0/default.jpg"$"Komplett"$"Original"$"Standard"$"Einzelseite"$"2020"$"2020"$"Universitätsbibliothek Landes- und Murhardsche Bibliothek der Stadt Kassel"$"https://d-nb.info/gnd/10008839-9"$"Kassel"$"https://d-nb.info/gnd/4029869-3"$"Universitätsbibliothek Landes- und Murhardsche Bibliothek der Stadt Kassel"$"https://d-nb.info/gnd/10008839-9"$"Kassel"$"https://d-nb.info/gnd/4029869-3"
"789"$"4° Ms. theol. 86"$"https://orka.bibliothek.uni-kassel.de/viewer/api/v1/records/1579781772022/manifest/"$"https://orka.bibliothek.uni-kassel.de/viewer/image/1579781772022/"$"https://orka.bibliothek.uni-kassel.de/viewer/api/v1/records/1579781772022/files/images/00000001.tif/full/!400,400/0/default.jpg"$"Komplett"$"Original"$"Standard"$"Einzelseite"$"2020"$"2020"$"Universitätsbibliothek Landes- und Murhardsche Bibliothek der Stadt Kassel"$"https://d-nb.info/gnd/10008839-9"$"Kassel"$"https://d-nb.info/gnd/4029869-3"$"Universitätsbibliothek Landes- und Murhardsche Bibliothek der Stadt Kassel"$"https://d-nb.info/gnd/10008839-9"$"Kassel"$"https://d-nb.info/gnd/4029869-3"
"790"$"4° Ms. theol. 87"$"https://orka.bibliothek.uni-kassel.de/viewer/api/v1/records/1563369757336/manifest/"$"https://orka.bibliothek.uni-kassel.de/viewer/image/1563369757336/"$"https://orka.bibliothek.uni-kassel.de/viewer/api/v1/records/1563369757336/files/images/00000001.tif/full/!400,400/0/default.jpg"$"Komplett"$"Original"$"Standard"$"Einzelseite"$"2019"$"2019"$"Universitätsbibliothek Landes- und Murhardsche Bibliothek der Stadt Kassel"$"https://d-nb.info/gnd/10008839-9"$"Kassel"$"https://d-nb.info/gnd/4029869-3"$"Universitätsbibliothek Landes- und Murhardsche Bibliothek der Stadt Kassel"$"https://d-nb.info/gnd/10008839-9"$"Kassel"$"https://d-nb.info/gnd/4029869-3"
"791"$"4° Ms. theol. 88"$"https://orka.bibliothek.uni-kassel.de/viewer/api/v1/records/1562924230718/manifest/"$"https://orka.bibliothek.uni-kassel.de/viewer/image/1562924230718/"$"https://orka.bibliothek.uni-kassel.de/viewer/api/v1/records/1562924230718/files/images/00000001.tif/full/!400,400/0/default.jpg"$"Komplett"$"Original"$"Standard"$"Einzelseite"$"2019"$"2019"$"Universitätsbibliothek Landes- und Murhardsche Bibliothek der Stadt Kassel"$"https://d-nb.info/gnd/10008839-9"$"Kassel"$"https://d-nb.info/gnd/4029869-3"$"Universitätsbibliothek Landes- und Murhardsche Bibliothek der Stadt Kassel"$"https://d-nb.info/gnd/10008839-9"$"Kassel"$"https://d-nb.info/gnd/4029869-3"
"792"$"4° Ms. theol. 89"$"https://orka.bibliothek.uni-kassel.de/viewer/api/v1/records/1354262362538/manifest/"$"https://orka.bibliothek.uni-kassel.de/viewer/image/1354262362538/"$"https://orka.bibliothek.uni-kassel.de/viewer/api/v1/records/1354262362538/files/images/00000001.tif/full/!400,400/0/default.jpg"$"Komplett"$"Original"$"Standard"$"Einzelseite"$"2012"$"2012"$"Universitätsbibliothek Landes- und Murhardsche Bibliothek der Stadt Kassel"$"https://d-nb.info/gnd/10008839-9"$"Kassel"$"https://d-nb.info/gnd/4029869-3"$"Universitätsbibliothek Landes- und Murhardsche Bibliothek der Stadt Kassel"$"https://d-nb.info/gnd/10008839-9"$"Kassel"$"https://d-nb.info/gnd/4029869-3"
"793"$"4° Ms. theol. 90"$"https://orka.bibliothek.uni-kassel.de/viewer/api/v1/records/1562576612181/manifest/"$"https://orka.bibliothek.uni-kassel.de/viewer/image/1562576612181/"$"https://orka.bibliothek.uni-kassel.de/viewer/api/v1/records/1562576612181/files/images/000001.tif/full/!400,400/0/default.jpg"$"Komplett"$"Original"$"Standard"$"Einzelseite"$"2019"$"2019"$"Universitätsbibliothek Landes- und Murhardsche Bibliothek der Stadt Kassel"$"https://d-nb.info/gnd/10008839-9"$"Kassel"$"https://d-nb.info/gnd/4029869-3"$"Universitätsbibliothek Landes- und Murhardsche Bibliothek der Stadt Kassel"$"https://d-nb.info/gnd/10008839-9"$"Kassel"$"https://d-nb.info/gnd/4029869-3"
"794"$"4° Ms. theol. 91"$"https://orka.bibliothek.uni-kassel.de/viewer/api/v1/records/1444903839429/manifest/"$"https://orka.bibliothek.uni-kassel.de/viewer/image/1444903839429/"$"https://orka.bibliothek.uni-kassel.de/viewer/api/v1/records/1444903839429/files/images/00000001.tif/full/!400,400/0/default.jpg"$"Komplett"$"Original"$"Standard"$"Einzelseite"$"2015"$"2015"$"Universitätsbibliothek Landes- und Murhardsche Bibliothek der Stadt Kassel"$"https://d-nb.info/gnd/10008839-9"$"Kassel"$"https://d-nb.info/gnd/4029869-3"$"Universitätsbibliothek Landes- und Murhardsche Bibliothek der Stadt Kassel"$"https://d-nb.info/gnd/10008839-9"$"Kassel"$"https://d-nb.info/gnd/4029869-3"
"795"$"4° Ms. theol. 93"$"https://orka.bibliothek.uni-kassel.de/viewer/api/v1/records/1563446856984/manifest/"$"https://orka.bibliothek.uni-kassel.de/viewer/image/1563446856984/"$"https://orka.bibliothek.uni-kassel.de/viewer/api/v1/records/1563446856984/files/images/0000001.tif/full/!400,400/0/default.jpg"$"Komplett"$"Original"$"Standard"$"Einzelseite"$"2019"$"2019"$"Universitätsbibliothek Landes- und Murhardsche Bibliothek der Stadt Kassel"$"https://d-nb.info/gnd/10008839-9"$"Kassel"$"https://d-nb.info/gnd/4029869-3"$"Universitätsbibliothek Landes- und Murhardsche Bibliothek der Stadt Kassel"$"https://d-nb.info/gnd/10008839-9"$"Kassel"$"https://d-nb.info/gnd/4029869-3"
"796"$"4° Ms. theol. 94"$"https://orka.bibliothek.uni-kassel.de/viewer/api/v1/records/1355730627120/manifest/"$"https://orka.bibliothek.uni-kassel.de/viewer/image/1355730627120/"$"https://orka.bibliothek.uni-kassel.de/viewer/api/v1/records/1355730627120/files/images/00000001.tif/full/!400,400/0/default.jpg"$"Komplett"$"Original"$"Standard"$"Einzelseite"$"2012"$"2012"$"Universitätsbibliothek Landes- und Murhardsche Bibliothek der Stadt Kassel"$"https://d-nb.info/gnd/10008839-9"$"Kassel"$"https://d-nb.info/gnd/4029869-3"$"Universitätsbibliothek Landes- und Murhardsche Bibliothek der Stadt Kassel"$"https://d-nb.info/gnd/10008839-9"$"Kassel"$"https://d-nb.info/gnd/4029869-3"
"797"$"4° Ms. theol. 96"$"https://orka.bibliothek.uni-kassel.de/viewer/api/v1/records/1564643011496/manifest/"$"https://orka.bibliothek.uni-kassel.de/viewer/image/1564643011496/"$"https://orka.bibliothek.uni-kassel.de/viewer/api/v1/records/1564643011496/files/images/00000001.tif/full/!400,400/0/default.jpg"$"Komplett"$"Original"$"Standard"$"Einzelseite"$"2019"$"2019"$"Universitätsbibliothek Landes- und Murhardsche Bibliothek der Stadt Kassel"$"https://d-nb.info/gnd/10008839-9"$"Kassel"$"https://d-nb.info/gnd/4029869-3"$"Universitätsbibliothek Landes- und Murhardsche Bibliothek der Stadt Kassel"$"https://d-nb.info/gnd/10008839-9"$"Kassel"$"https://d-nb.info/gnd/4029869-3"
"798"$"4° Ms. theol. 97"$"https://orka.bibliothek.uni-kassel.de/viewer/api/v1/records/1340885313052/manifest/"$"https://orka.bibliothek.uni-kassel.de/viewer/image/1340885313052/"$"https://orka.bibliothek.uni-kassel.de/viewer/api/v1/records/1340885313052/files/images/00000001.tif/full/!400,400/0/default.jpg"$"Komplett"$"Original"$"Standard"$"Einzelseite"$"2012"$"2012"$"Universitätsbibliothek Landes- und Murhardsche Bibliothek der Stadt Kassel"$"https://d-nb.info/gnd/10008839-9"$"Kassel"$"https://d-nb.info/gnd/4029869-3"$"Universitätsbibliothek Landes- und Murhardsche Bibliothek der Stadt Kassel"$"https://d-nb.info/gnd/10008839-9"$"Kassel"$"https://d-nb.info/gnd/4029869-3"
"799"$"4° Ms. theol. 98"$"https://orka.bibliothek.uni-kassel.de/viewer/api/v1/records/1565680549684/manifest/"$"https://orka.bibliothek.uni-kassel.de/viewer/image/1565680549684/"$"https://orka.bibliothek.uni-kassel.de/viewer/api/v1/records/1565680549684/files/images/000001.tif/full/!400,400/0/default.jpg"$"Komplett"$"Original"$"Standard"$"Einzelseite"$"2019"$"2019"$"Universitätsbibliothek Landes- und Murhardsche Bibliothek der Stadt Kassel"$"https://d-nb.info/gnd/10008839-9"$"Kassel"$"https://d-nb.info/gnd/4029869-3"$"Universitätsbibliothek Landes- und Murhardsche Bibliothek der Stadt Kassel"$"https://d-nb.info/gnd/10008839-9"$"Kassel"$"https://d-nb.info/gnd/4029869-3"
"800"$"4° Ms. theol. 99"$"https://orka.bibliothek.uni-kassel.de/viewer/api/v1/records/1568879478408/manifest/"$"https://orka.bibliothek.uni-kassel.de/viewer/image/1568879478408/"$"https://orka.bibliothek.uni-kassel.de/viewer/api/v1/records/1568879478408/files/images/000001.tif/full/!400,400/0/default.jpg"$"Komplett"$"Original"$"Standard"$"Einzelseite"$"2019"$"2019"$"Universitätsbibliothek Landes- und Murhardsche Bibliothek der Stadt Kassel"$"https://d-nb.info/gnd/10008839-9"$"Kassel"$"https://d-nb.info/gnd/4029869-3"$"Universitätsbibliothek Landes- und Murhardsche Bibliothek der Stadt Kassel"$"https://d-nb.info/gnd/10008839-9"$"Kassel"$"https://d-nb.info/gnd/4029869-3"
"801"$"8° Ms. hist. 16"$"https://orka.bibliothek.uni-kassel.de/viewer/api/v1/records/1395315229614/manifest/"$"https://orka.bibliothek.uni-kassel.de/viewer/image/1395315229614/"$"https://orka.bibliothek.uni-kassel.de/viewer/api/v1/records/1395315229614/files/images/00000001.tif/full/!400,400/0/default.jpg"$"Komplett"$"Original"$"Standard"$"Einzelseite"$"2014"$"2014"$"Universitätsbibliothek Landes- und Murhardsche Bibliothek der Stadt Kassel"$"https://d-nb.info/gnd/10008839-9"$"Kassel"$"https://d-nb.info/gnd/4029869-3"$"Universitätsbibliothek Landes- und Murhardsche Bibliothek der Stadt Kassel"$"https://d-nb.info/gnd/10008839-9"$"Kassel"$"https://d-nb.info/gnd/4029869-3"
"802"$"8° Ms. hist. 24"$"https://orka.bibliothek.uni-kassel.de/viewer/api/v1/records/1337078906003/manifest/"$"https://orka.bibliothek.uni-kassel.de/viewer/image/1337078906003/"$"https://orka.bibliothek.uni-kassel.de/viewer/api/v1/records/1337078906003/files/images/00000001.tif/full/!400,400/0/default.jpg"$"Komplett"$"Original"$"Standard"$"Einzelseite"$"2012"$"2012"$"Universitätsbibliothek Landes- und Murhardsche Bibliothek der Stadt Kassel"$"https://d-nb.info/gnd/10008839-9"$"Kassel"$"https://d-nb.info/gnd/4029869-3"$"Universitätsbibliothek Landes- und Murhardsche Bibliothek der Stadt Kassel"$"https://d-nb.info/gnd/10008839-9"$"Kassel"$"https://d-nb.info/gnd/4029869-3"
"803"$"8° Ms. hist. 29"$"https://orka.bibliothek.uni-kassel.de/viewer/api/v1/records/1668762410566/manifest/"$"https://orka.bibliothek.uni-kassel.de/viewer/image/1668762410566/"$"https://orka.bibliothek.uni-kassel.de/viewer/api/v1/records/1668762410566/files/images/00000001.tif/full/!400,400/0/default.jpg"$"Komplett"$"Original"$"Standard"$"Einzelseite"$"2022"$"2022"$"Universitätsbibliothek Landes- und Murhardsche Bibliothek der Stadt Kassel"$"https://d-nb.info/gnd/10008839-9"$"Kassel"$"https://d-nb.info/gnd/4029869-3"$"Universitätsbibliothek Landes- und Murhardsche Bibliothek der Stadt Kassel"$"https://d-nb.info/gnd/10008839-9"$"Kassel"$"https://d-nb.info/gnd/4029869-3"
"804"$"8° Ms. med. 1"$"https://orka.bibliothek.uni-kassel.de/viewer/api/v1/records/1552300059133/manifest/"$"https://orka.bibliothek.uni-kassel.de/viewer/image/1552300059133/"$"https://orka.bibliothek.uni-kassel.de/viewer/api/v1/records/1552300059133/files/images/00000001.tif/full/!400,400/0/default.jpg"$"Komplett"$"Original"$"Standard"$"Einzelseite"$"2019"$"2019"$"Universitätsbibliothek Landes- und Murhardsche Bibliothek der Stadt Kassel"$"https://d-nb.info/gnd/10008839-9"$"Kassel"$"https://d-nb.info/gnd/4029869-3"$"Universitätsbibliothek Landes- und Murhardsche Bibliothek der Stadt Kassel"$"https://d-nb.info/gnd/10008839-9"$"Kassel"$"https://d-nb.info/gnd/4029869-3"
"805"$"8° Ms. med. 10"$"https://orka.bibliothek.uni-kassel.de/viewer/api/v1/records/1719301719662/manifest/"$"https://orka.bibliothek.uni-kassel.de/viewer/image/1719301719662/"$"https://orka.bibliothek.uni-kassel.de/viewer/api/v1/records/1719301719662/files/images/00000001.tif/full/!400,400/0/default.jpg"$"Komplett"$"Original"$"Standard"$"Einzelseite"$"2024"$"2024"$"Universitätsbibliothek Landes- und Murhardsche Bibliothek der Stadt Kassel"$"https://d-nb.info/gnd/10008839-9"$"Kassel"$"https://d-nb.info/gnd/4029869-3"$"Universitätsbibliothek Landes- und Murhardsche Bibliothek der Stadt Kassel"$"https://d-nb.info/gnd/10008839-9"$"Kassel"$"https://d-nb.info/gnd/4029869-3"
"806"$"8° Ms. med. 11[1"$"https://orka.bibliothek.uni-kassel.de/viewer/api/v1/records/1357641063115/manifest/"$"https://orka.bibliothek.uni-kassel.de/viewer/image/1357641063115/"$"https://orka.bibliothek.uni-kassel.de/viewer/api/v1/records/1357641063115/files/images/00000001.tif/full/!400,400/0/default.jpg"$"Komplett"$"Original"$"Standard"$"Einzelseite"$"2013"$"2013"$"Universitätsbibliothek Landes- und Murhardsche Bibliothek der Stadt Kassel"$"https://d-nb.info/gnd/10008839-9"$"Kassel"$"https://d-nb.info/gnd/4029869-3"$"Universitätsbibliothek Landes- und Murhardsche Bibliothek der Stadt Kassel"$"https://d-nb.info/gnd/10008839-9"$"Kassel"$"https://d-nb.info/gnd/4029869-3"
"807"$"8° Ms. med. 11[2"$"https://orka.bibliothek.uni-kassel.de/viewer/api/v1/records/1357641176178/manifest/"$"https://orka.bibliothek.uni-kassel.de/viewer/image/1357641176178/"$"https://orka.bibliothek.uni-kassel.de/viewer/api/v1/records/1357641176178/files/images/00000001.tif/full/!400,400/0/default.jpg"$"Komplett"$"Original"$"Standard"$"Einzelseite"$"2013"$"2013"$"Universitätsbibliothek Landes- und Murhardsche Bibliothek der Stadt Kassel"$"https://d-nb.info/gnd/10008839-9"$"Kassel"$"https://d-nb.info/gnd/4029869-3"$"Universitätsbibliothek Landes- und Murhardsche Bibliothek der Stadt Kassel"$"https://d-nb.info/gnd/10008839-9"$"Kassel"$"https://d-nb.info/gnd/4029869-3"
"808"$"8° Ms. med. 2"$"https://orka.bibliothek.uni-kassel.de/viewer/api/v1/records/1587559335197/manifest/"$"https://orka.bibliothek.uni-kassel.de/viewer/image/1587559335197/"$"https://orka.bibliothek.uni-kassel.de/viewer/api/v1/records/1587559335197/files/images/00000001.tif/full/!400,400/0/default.jpg"$"Komplett"$"Original"$"Standard"$"Einzelseite"$"2020"$"2020"$"Universitätsbibliothek Landes- und Murhardsche Bibliothek der Stadt Kassel"$"https://d-nb.info/gnd/10008839-9"$"Kassel"$"https://d-nb.info/gnd/4029869-3"$"Universitätsbibliothek Landes- und Murhardsche Bibliothek der Stadt Kassel"$"https://d-nb.info/gnd/10008839-9"$"Kassel"$"https://d-nb.info/gnd/4029869-3"
"809"$"8° Ms. med. 3"$"https://orka.bibliothek.uni-kassel.de/viewer/api/v1/records/1719841062165/manifest/"$"https://orka.bibliothek.uni-kassel.de/viewer/image/1719841062165/"$"https://orka.bibliothek.uni-kassel.de/viewer/api/v1/records/1719841062165/files/images/00000001.tif/full/!400,400/0/default.jpg"$"Komplett"$"Original"$"Standard"$"Einzelseite"$"2024"$"2024"$"Universitätsbibliothek Landes- und Murhardsche Bibliothek der Stadt Kassel"$"https://d-nb.info/gnd/10008839-9"$"Kassel"$"https://d-nb.info/gnd/4029869-3"$"Universitätsbibliothek Landes- und Murhardsche Bibliothek der Stadt Kassel"$"https://d-nb.info/gnd/10008839-9"$"Kassel"$"https://d-nb.info/gnd/4029869-3"
"810"$"8° Ms. med. 7"$"https://orka.bibliothek.uni-kassel.de/viewer/api/v1/records/1552299927920/manifest/"$"https://orka.bibliothek.uni-kassel.de/viewer/image/1552299927920/"$"https://orka.bibliothek.uni-kassel.de/viewer/api/v1/records/1552299927920/files/images/00000001.tif/full/!400,400/0/default.jpg"$"Komplett"$"Original"$"Standard"$"Einzelseite"$"2019"$"2019"$"Universitätsbibliothek Landes- und Murhardsche Bibliothek der Stadt Kassel"$"https://d-nb.info/gnd/10008839-9"$"Kassel"$"https://d-nb.info/gnd/4029869-3"$"Universitätsbibliothek Landes- und Murhardsche Bibliothek der Stadt Kassel"$"https://d-nb.info/gnd/10008839-9"$"Kassel"$"https://d-nb.info/gnd/4029869-3"
"811"$"8° Ms. poet. et roman. 1"$"https://orka.bibliothek.uni-kassel.de/viewer/api/v1/records/1294393656197/manifest/"$"https://orka.bibliothek.uni-kassel.de/viewer/image/1294393656197/"$"https://orka.bibliothek.uni-kassel.de/viewer/api/v1/records/1294393656197/files/images/00000001.tif/full/!400,400/0/default.jpg"$"Komplett"$"Original"$"Standard"$"Einzelseite"$"2011"$"2011"$"Universitätsbibliothek Landes- und Murhardsche Bibliothek der Stadt Kassel"$"https://d-nb.info/gnd/10008839-9"$"Kassel"$"https://d-nb.info/gnd/4029869-3"$"Universitätsbibliothek Landes- und Murhardsche Bibliothek der Stadt Kassel"$"https://d-nb.info/gnd/10008839-9"$"Kassel"$"https://d-nb.info/gnd/4029869-3"
"812"$"8° Ms. poet. et roman. 11"$"https://orka.bibliothek.uni-kassel.de/viewer/api/v1/records/1407838578268/manifest/"$"https://orka.bibliothek.uni-kassel.de/viewer/image/1407838578268/"$"https://orka.bibliothek.uni-kassel.de/viewer/api/v1/records/1407838578268/files/images/00000001.tif/full/!400,400/0/default.jpg"$"Komplett"$"Original"$"Standard"$"Einzelseite"$"2014"$"2014"$"Universitätsbibliothek Landes- und Murhardsche Bibliothek der Stadt Kassel"$"https://d-nb.info/gnd/10008839-9"$"Kassel"$"https://d-nb.info/gnd/4029869-3"$"Universitätsbibliothek Landes- und Murhardsche Bibliothek der Stadt Kassel"$"https://d-nb.info/gnd/10008839-9"$"Kassel"$"https://d-nb.info/gnd/4029869-3"
"813"$"8° Ms. poet. et roman. 12"$"https://orka.bibliothek.uni-kassel.de/viewer/api/v1/records/1336390363419/manifest/"$"https://orka.bibliothek.uni-kassel.de/viewer/image/1336390363419/"$"https://orka.bibliothek.uni-kassel.de/viewer/api/v1/records/1336390363419/files/images/00000001.tif/full/!400,400/0/default.jpg"$"Komplett"$"Original"$"Standard"$"Einzelseite"$"2012"$"2012"$"Universitätsbibliothek Landes- und Murhardsche Bibliothek der Stadt Kassel"$"https://d-nb.info/gnd/10008839-9"$"Kassel"$"https://d-nb.info/gnd/4029869-3"$"Universitätsbibliothek Landes- und Murhardsche Bibliothek der Stadt Kassel"$"https://d-nb.info/gnd/10008839-9"$"Kassel"$"https://d-nb.info/gnd/4029869-3"
"814"$"8° Ms. poet. et roman. 23"$"https://orka.bibliothek.uni-kassel.de/viewer/api/v1/records/1696243363714/manifest/"$"https://orka.bibliothek.uni-kassel.de/viewer/image/1696243363714/"$"https://orka.bibliothek.uni-kassel.de/viewer/api/v1/records/1696243363714/files/images/000001.tif/full/!400,400/0/default.jpg"$"Komplett"$"Original"$"Standard"$"Einzelseite"$"2023"$"2023"$"Universitätsbibliothek Landes- und Murhardsche Bibliothek der Stadt Kassel"$"https://d-nb.info/gnd/10008839-9"$"Kassel"$"https://d-nb.info/gnd/4029869-3"$"Universitätsbibliothek Landes- und Murhardsche Bibliothek der Stadt Kassel"$"https://d-nb.info/gnd/10008839-9"$"Kassel"$"https://d-nb.info/gnd/4029869-3"
"815"$"8° Ms. poet. et roman. 5"$"https://orka.bibliothek.uni-kassel.de/viewer/api/v1/records/1696944888463/manifest/"$"https://orka.bibliothek.uni-kassel.de/viewer/image/1696944888463/"$"https://orka.bibliothek.uni-kassel.de/viewer/api/v1/records/1696944888463/files/images/000001.tif/full/!400,400/0/default.jpg"$"Komplett"$"Original"$"Standard"$"Einzelseite"$"2023"$"2023"$"Universitätsbibliothek Landes- und Murhardsche Bibliothek der Stadt Kassel"$"https://d-nb.info/gnd/10008839-9"$"Kassel"$"https://d-nb.info/gnd/4029869-3"$"Universitätsbibliothek Landes- und Murhardsche Bibliothek der Stadt Kassel"$"https://d-nb.info/gnd/10008839-9"$"Kassel"$"https://d-nb.info/gnd/4029869-3"
"816"$"8° Ms. theatr. 1"$"https://orka.bibliothek.uni-kassel.de/viewer/api/v1/records/1676620923715/manifest/"$"https://orka.bibliothek.uni-kassel.de/viewer/image/1676620923715/"$"https://orka.bibliothek.uni-kassel.de/viewer/api/v1/records/1676620923715/files/images/000001.tif/full/!400,400/0/default.jpg"$"Komplett"$"Original"$"Standard"$"Einzelseite"$"2023"$"2023"$"Universitätsbibliothek Landes- und Murhardsche Bibliothek der Stadt Kassel"$"https://d-nb.info/gnd/10008839-9"$"Kassel"$"https://d-nb.info/gnd/4029869-3"$"Universitätsbibliothek Landes- und Murhardsche Bibliothek der Stadt Kassel"$"https://d-nb.info/gnd/10008839-9"$"Kassel"$"https://d-nb.info/gnd/4029869-3"
"817"$"8° Ms. theatr. 2"$"https://orka.bibliothek.uni-kassel.de/viewer/api/v1/records/1676395394278/manifest/"$"https://orka.bibliothek.uni-kassel.de/viewer/image/1676395394278/"$"https://orka.bibliothek.uni-kassel.de/viewer/api/v1/records/1676395394278/files/images/000001.tif/full/!400,400/0/default.jpg"$"Komplett"$"Original"$"Standard"$"Einzelseite"$"2023"$"2023"$"Universitätsbibliothek Landes- und Murhardsche Bibliothek der Stadt Kassel"$"https://d-nb.info/gnd/10008839-9"$"Kassel"$"https://d-nb.info/gnd/4029869-3"$"Universitätsbibliothek Landes- und Murhardsche Bibliothek der Stadt Kassel"$"https://d-nb.info/gnd/10008839-9"$"Kassel"$"https://d-nb.info/gnd/4029869-3"
"818"$"8° Ms. theatr. 2[a"$"https://orka.bibliothek.uni-kassel.de/viewer/api/v1/records/1676887889431/manifest/"$"https://orka.bibliothek.uni-kassel.de/viewer/image/1676887889431/"$"https://orka.bibliothek.uni-kassel.de/viewer/api/v1/records/1676887889431/files/images/000001.tif/full/!400,400/0/default.jpg"$"Komplett"$"Original"$"Standard"$"Einzelseite"$"2023"$"2023"$"Universitätsbibliothek Landes- und Murhardsche Bibliothek der Stadt Kassel"$"https://d-nb.info/gnd/10008839-9"$"Kassel"$"https://d-nb.info/gnd/4029869-3"$"Universitätsbibliothek Landes- und Murhardsche Bibliothek der Stadt Kassel"$"https://d-nb.info/gnd/10008839-9"$"Kassel"$"https://d-nb.info/gnd/4029869-3"
"819"$"8° Ms. theatr. 3"$"https://orka.bibliothek.uni-kassel.de/viewer/api/v1/records/1397134311248/manifest/"$"https://orka.bibliothek.uni-kassel.de/viewer/image/1397134311248/"$"https://orka.bibliothek.uni-kassel.de/viewer/api/v1/records/1397134311248/files/images/00000001.tif/full/!400,400/0/default.jpg"$"Komplett"$"Original"$"Standard"$"Einzelseite"$"2014"$"2014"$"Universitätsbibliothek Landes- und Murhardsche Bibliothek der Stadt Kassel"$"https://d-nb.info/gnd/10008839-9"$"Kassel"$"https://d-nb.info/gnd/4029869-3"$"Universitätsbibliothek Landes- und Murhardsche Bibliothek der Stadt Kassel"$"https://d-nb.info/gnd/10008839-9"$"Kassel"$"https://d-nb.info/gnd/4029869-3"
"820"$"8° Ms. theatr. 4"$"https://orka.bibliothek.uni-kassel.de/viewer/api/v1/records/1296566484811/manifest/"$"https://orka.bibliothek.uni-kassel.de/viewer/image/1296566484811/"$"https://orka.bibliothek.uni-kassel.de/viewer/api/v1/records/1296566484811/files/images/00000001.tif/full/!400,400/0/default.jpg"$"Komplett"$"Original"$"Standard"$"Einzelseite"$"2011"$"2011"$"Universitätsbibliothek Landes- und Murhardsche Bibliothek der Stadt Kassel"$"https://d-nb.info/gnd/10008839-9"$"Kassel"$"https://d-nb.info/gnd/4029869-3"$"Universitätsbibliothek Landes- und Murhardsche Bibliothek der Stadt Kassel"$"https://d-nb.info/gnd/10008839-9"$"Kassel"$"https://d-nb.info/gnd/4029869-3"
"821"$"8° Ms. theatr. 5"$"https://orka.bibliothek.uni-kassel.de/viewer/api/v1/records/1676620784028/manifest/"$"https://orka.bibliothek.uni-kassel.de/viewer/image/1676620784028/"$"https://orka.bibliothek.uni-kassel.de/viewer/api/v1/records/1676620784028/files/images/000001.tif/full/!400,400/0/default.jpg"$"Komplett"$"Original"$"Standard"$"Einzelseite"$"2023"$"2023"$"Universitätsbibliothek Landes- und Murhardsche Bibliothek der Stadt Kassel"$"https://d-nb.info/gnd/10008839-9"$"Kassel"$"https://d-nb.info/gnd/4029869-3"$"Universitätsbibliothek Landes- und Murhardsche Bibliothek der Stadt Kassel"$"https://d-nb.info/gnd/10008839-9"$"Kassel"$"https://d-nb.info/gnd/4029869-3"
"822"$"8° Ms. theol. 11"$"https://orka.bibliothek.uni-kassel.de/viewer/api/v1/records/1547810242835/manifest/"$"https://orka.bibliothek.uni-kassel.de/viewer/image/1547810242835/"$"https://orka.bibliothek.uni-kassel.de/viewer/api/v1/records/1547810242835/files/images/00000001.tif/full/!400,400/0/default.jpg"$"Komplett"$"Original"$"Standard"$"Einzelseite"$"2019"$"2019"$"Universitätsbibliothek Landes- und Murhardsche Bibliothek der Stadt Kassel"$"https://d-nb.info/gnd/10008839-9"$"Kassel"$"https://d-nb.info/gnd/4029869-3"$"Universitätsbibliothek Landes- und Murhardsche Bibliothek der Stadt Kassel"$"https://d-nb.info/gnd/10008839-9"$"Kassel"$"https://d-nb.info/gnd/4029869-3"
"823"$"8° Ms. theol. 12"$"https://orka.bibliothek.uni-kassel.de/viewer/api/v1/records/1720440165300/manifest/"$"https://orka.bibliothek.uni-kassel.de/viewer/image/1720440165300/"$"https://orka.bibliothek.uni-kassel.de/viewer/api/v1/records/1720440165300/files/images/000001.tif/full/!400,400/0/default.jpg"$"Komplett"$"Original"$"Standard"$"Einzelseite"$"2024"$"2024"$"Universitätsbibliothek Landes- und Murhardsche Bibliothek der Stadt Kassel"$"https://d-nb.info/gnd/10008839-9"$"Kassel"$"https://d-nb.info/gnd/4029869-3"$"Universitätsbibliothek Landes- und Murhardsche Bibliothek der Stadt Kassel"$"https://d-nb.info/gnd/10008839-9"$"Kassel"$"https://d-nb.info/gnd/4029869-3"
"824"$"8° Ms. theol. 15"$"https://orka.bibliothek.uni-kassel.de/viewer/api/v1/records/1547548347159/manifest/"$"https://orka.bibliothek.uni-kassel.de/viewer/image/1547548347159/"$"https://orka.bibliothek.uni-kassel.de/viewer/api/v1/records/1547548347159/files/images/00000001.tif/full/!400,400/0/default.jpg"$"Teilweise"$"Original"$"Standard"$"Detail"$"2019"$"2019"$"Universitätsbibliothek Landes- und Murhardsche Bibliothek der Stadt Kassel"$"https://d-nb.info/gnd/10008839-9"$"Kassel"$"https://d-nb.info/gnd/4029869-3"$"Universitätsbibliothek Landes- und Murhardsche Bibliothek der Stadt Kassel"$"https://d-nb.info/gnd/10008839-9"$"Kassel"$"https://d-nb.info/gnd/4029869-3"
"825"$"8° Ms. theol. 16"$"https://orka.bibliothek.uni-kassel.de/viewer/api/v1/records/1444296365021/manifest/"$"https://orka.bibliothek.uni-kassel.de/viewer/image/1444296365021/"$"https://orka.bibliothek.uni-kassel.de/viewer/api/v1/records/1444296365021/files/images/00000001.tif/full/!400,400/0/default.jpg"$"Komplett"$"Original"$"Standard"$"Einzelseite"$"2015"$"2015"$"Universitätsbibliothek Landes- und Murhardsche Bibliothek der Stadt Kassel"$"https://d-nb.info/gnd/10008839-9"$"Kassel"$"https://d-nb.info/gnd/4029869-3"$"Universitätsbibliothek Landes- und Murhardsche Bibliothek der Stadt Kassel"$"https://d-nb.info/gnd/10008839-9"$"Kassel"$"https://d-nb.info/gnd/4029869-3"
"826"$"8° Ms. theol. 17"$"https://orka.bibliothek.uni-kassel.de/viewer/api/v1/records/1547110426505/manifest/"$"https://orka.bibliothek.uni-kassel.de/viewer/image/1547110426505/"$"https://orka.bibliothek.uni-kassel.de/viewer/api/v1/records/1547110426505/files/images/00000001.tif/full/!400,400/0/default.jpg"$"Komplett"$"Original"$"Standard"$"Einzelseite"$"2019"$"2019"$"Universitätsbibliothek Landes- und Murhardsche Bibliothek der Stadt Kassel"$"https://d-nb.info/gnd/10008839-9"$"Kassel"$"https://d-nb.info/gnd/4029869-3"$"Universitätsbibliothek Landes- und Murhardsche Bibliothek der Stadt Kassel"$"https://d-nb.info/gnd/10008839-9"$"Kassel"$"https://d-nb.info/gnd/4029869-3"
"827"$"8° Ms. theol. 19"$"https://orka.bibliothek.uni-kassel.de/viewer/api/v1/records/1547541817352/manifest/"$"https://orka.bibliothek.uni-kassel.de/viewer/image/1547541817352/"$"https://orka.bibliothek.uni-kassel.de/viewer/api/v1/records/1547541817352/files/images/00000001.tif/full/!400,400/0/default.jpg"$"Komplett"$"Original"$"Standard"$"Einzelseite"$"2019"$"2019"$"Universitätsbibliothek Landes- und Murhardsche Bibliothek der Stadt Kassel"$"https://d-nb.info/gnd/10008839-9"$"Kassel"$"https://d-nb.info/gnd/4029869-3"$"Universitätsbibliothek Landes- und Murhardsche Bibliothek der Stadt Kassel"$"https://d-nb.info/gnd/10008839-9"$"Kassel"$"https://d-nb.info/gnd/4029869-3"
"828"$"8° Ms. theol. 2"$"https://orka.bibliothek.uni-kassel.de/viewer/api/v1/records/1548672863945/manifest/"$"https://orka.bibliothek.uni-kassel.de/viewer/image/1548672863945/"$"https://orka.bibliothek.uni-kassel.de/viewer/api/v1/records/1548672863945/files/images/00000001.tif/full/!400,400/0/default.jpg"$"Komplett"$"Original"$"Standard"$"Einzelseite"$"2019"$"2019"$"Universitätsbibliothek Landes- und Murhardsche Bibliothek der Stadt Kassel"$"https://d-nb.info/gnd/10008839-9"$"Kassel"$"https://d-nb.info/gnd/4029869-3"$"Universitätsbibliothek Landes- und Murhardsche Bibliothek der Stadt Kassel"$"https://d-nb.info/gnd/10008839-9"$"Kassel"$"https://d-nb.info/gnd/4029869-3"
"829"$"8° Ms. theol. 25"$"https://orka.bibliothek.uni-kassel.de/viewer/api/v1/records/1458816469769/manifest/"$"https://orka.bibliothek.uni-kassel.de/viewer/image/1458816469769/"$"https://orka.bibliothek.uni-kassel.de/viewer/api/v1/records/1458816469769/files/images/00000001.tif/full/!400,400/0/default.jpg"$"Komplett"$"Original"$"Standard"$"Einzelseite"$"2016"$"2016"$"Universitätsbibliothek Landes- und Murhardsche Bibliothek der Stadt Kassel"$"https://d-nb.info/gnd/10008839-9"$"Kassel"$"https://d-nb.info/gnd/4029869-3"$"Universitätsbibliothek Landes- und Murhardsche Bibliothek der Stadt Kassel"$"https://d-nb.info/gnd/10008839-9"$"Kassel"$"https://d-nb.info/gnd/4029869-3"
"830"$"8° Ms. theol. 27"$"https://orka.bibliothek.uni-kassel.de/viewer/api/v1/records/1707306600676/manifest/"$"https://orka.bibliothek.uni-kassel.de/viewer/image/1707306600676/"$"https://orka.bibliothek.uni-kassel.de/viewer/api/v1/records/1707306600676/files/images/000001.tif/full/!400,400/0/default.jpg"$"Komplett"$"Original"$"Standard"$"Einzelseite"$"2024"$"2024"$"Universitätsbibliothek Landes- und Murhardsche Bibliothek der Stadt Kassel"$"https://d-nb.info/gnd/10008839-9"$"Kassel"$"https://d-nb.info/gnd/4029869-3"$"Universitätsbibliothek Landes- und Murhardsche Bibliothek der Stadt Kassel"$"https://d-nb.info/gnd/10008839-9"$"Kassel"$"https://d-nb.info/gnd/4029869-3"
"831"$"8° Ms. theol. 28"$"https://orka.bibliothek.uni-kassel.de/viewer/api/v1/records/1314602588243/manifest/"$"https://orka.bibliothek.uni-kassel.de/viewer/image/1314602588243/"$"https://orka.bibliothek.uni-kassel.de/viewer/api/v1/records/1314602588243/files/images/00000001.tif/full/!400,400/0/default.jpg"$"Komplett"$"Original"$"Standard"$"Einzelseite"$"2011"$"2011"$"Universitätsbibliothek Landes- und Murhardsche Bibliothek der Stadt Kassel"$"https://d-nb.info/gnd/10008839-9"$"Kassel"$"https://d-nb.info/gnd/4029869-3"$"Universitätsbibliothek Landes- und Murhardsche Bibliothek der Stadt Kassel"$"https://d-nb.info/gnd/10008839-9"$"Kassel"$"https://d-nb.info/gnd/4029869-3"
"832"$"8° Ms. theol. 29"$"https://orka.bibliothek.uni-kassel.de/viewer/api/v1/records/1576501836899/manifest/"$"https://orka.bibliothek.uni-kassel.de/viewer/image/1576501836899/"$"https://orka.bibliothek.uni-kassel.de/viewer/api/v1/records/1576501836899/files/images/000001.tif/full/!400,400/0/default.jpg"$"Komplett"$"Original"$"Standard"$"Einzelseite"$"2020"$"2020"$"Universitätsbibliothek Landes- und Murhardsche Bibliothek der Stadt Kassel"$"https://d-nb.info/gnd/10008839-9"$"Kassel"$"https://d-nb.info/gnd/4029869-3"$"Universitätsbibliothek Landes- und Murhardsche Bibliothek der Stadt Kassel"$"https://d-nb.info/gnd/10008839-9"$"Kassel"$"https://d-nb.info/gnd/4029869-3"
"833"$"8° Ms. theol. 35"$"https://orka.bibliothek.uni-kassel.de/viewer/api/v1/records/1720439879225/manifest/"$"https://orka.bibliothek.uni-kassel.de/viewer/image/1720439879225/"$"https://orka.bibliothek.uni-kassel.de/viewer/api/v1/records/1720439879225/files/images/000001.tif/full/!400,400/0/default.jpg"$"Komplett"$"Original"$"Standard"$"Einzelseite"$"2024"$"2024"$"Universitätsbibliothek Landes- und Murhardsche Bibliothek der Stadt Kassel"$"https://d-nb.info/gnd/10008839-9"$"Kassel"$"https://d-nb.info/gnd/4029869-3"$"Universitätsbibliothek Landes- und Murhardsche Bibliothek der Stadt Kassel"$"https://d-nb.info/gnd/10008839-9"$"Kassel"$"https://d-nb.info/gnd/4029869-3"
"834"$"8° Ms. theol. 4"$"https://orka.bibliothek.uni-kassel.de/viewer/api/v1/records/1547546854852/manifest/"$"https://orka.bibliothek.uni-kassel.de/viewer/image/1547546854852/"$"https://orka.bibliothek.uni-kassel.de/viewer/api/v1/records/1547546854852/files/images/00000001.tif/full/!400,400/0/default.jpg"$"Komplett"$"Original"$"Standard"$"Einzelseite"$"2019"$"2019"$"Universitätsbibliothek Landes- und Murhardsche Bibliothek der Stadt Kassel"$"https://d-nb.info/gnd/10008839-9"$"Kassel"$"https://d-nb.info/gnd/4029869-3"$"Universitätsbibliothek Landes- und Murhardsche Bibliothek der Stadt Kassel"$"https://d-nb.info/gnd/10008839-9"$"Kassel"$"https://d-nb.info/gnd/4029869-3"
"835"$"8° Ms. theol. 5"$"https://orka.bibliothek.uni-kassel.de/viewer/api/v1/records/1325769264223/manifest/"$"https://orka.bibliothek.uni-kassel.de/viewer/image/1325769264223/"$"https://orka.bibliothek.uni-kassel.de/viewer/api/v1/records/1325769264223/files/images/00000001.tif/full/!400,400/0/default.jpg"$"Komplett"$"Original"$"Standard"$"Einzelseite"$"2012"$"2012"$"Universitätsbibliothek Landes- und Murhardsche Bibliothek der Stadt Kassel"$"https://d-nb.info/gnd/10008839-9"$"Kassel"$"https://d-nb.info/gnd/4029869-3"$"Universitätsbibliothek Landes- und Murhardsche Bibliothek der Stadt Kassel"$"https://d-nb.info/gnd/10008839-9"$"Kassel"$"https://d-nb.info/gnd/4029869-3"
"836"$"8° Ms. theol. 51"$"https://orka.bibliothek.uni-kassel.de/viewer/api/v1/records/1343806223977/manifest/"$"https://orka.bibliothek.uni-kassel.de/viewer/image/1343806223977/"$"https://orka.bibliothek.uni-kassel.de/viewer/api/v1/records/1343806223977/files/images/00000001.tif/full/!400,400/0/default.jpg"$"Komplett"$"Original"$"Standard"$"Einzelseite"$"2012"$"2012"$"Universitätsbibliothek Landes- und Murhardsche Bibliothek der Stadt Kassel"$"https://d-nb.info/gnd/10008839-9"$"Kassel"$"https://d-nb.info/gnd/4029869-3"$"Universitätsbibliothek Landes- und Murhardsche Bibliothek der Stadt Kassel"$"https://d-nb.info/gnd/10008839-9"$"Kassel"$"https://d-nb.info/gnd/4029869-3"
"837"$"8° Ms. theol. 59"$"https://orka.bibliothek.uni-kassel.de/viewer/api/v1/records/1343806120198/manifest/"$"https://orka.bibliothek.uni-kassel.de/viewer/image/1343806120198/"$"https://orka.bibliothek.uni-kassel.de/viewer/api/v1/records/1343806120198/files/images/00000001.tif/full/!400,400/0/default.jpg"$"Komplett"$"Original"$"Standard"$"Einzelseite"$"2012"$"2012"$"Universitätsbibliothek Landes- und Murhardsche Bibliothek der Stadt Kassel"$"https://d-nb.info/gnd/10008839-9"$"Kassel"$"https://d-nb.info/gnd/4029869-3"$"Universitätsbibliothek Landes- und Murhardsche Bibliothek der Stadt Kassel"$"https://d-nb.info/gnd/10008839-9"$"Kassel"$"https://d-nb.info/gnd/4029869-3"
"838"$"8° Ms. theol. 60"$"https://orka.bibliothek.uni-kassel.de/viewer/api/v1/records/1343805990756/manifest/"$"https://orka.bibliothek.uni-kassel.de/viewer/image/1343805990756/"$"https://orka.bibliothek.uni-kassel.de/viewer/api/v1/records/1343805990756/files/images/00000001.tif/full/!400,400/0/default.jpg"$"Komplett"$"Original"$"Standard"$"Einzelseite"$"2012"$"2012"$"Universitätsbibliothek Landes- und Murhardsche Bibliothek der Stadt Kassel"$"https://d-nb.info/gnd/10008839-9"$"Kassel"$"https://d-nb.info/gnd/4029869-3"$"Universitätsbibliothek Landes- und Murhardsche Bibliothek der Stadt Kassel"$"https://d-nb.info/gnd/10008839-9"$"Kassel"$"https://d-nb.info/gnd/4029869-3"
"839"$"8° Ms. theol. 61"$"https://orka.bibliothek.uni-kassel.de/viewer/api/v1/records/1343805530543/manifest/"$"https://orka.bibliothek.uni-kassel.de/viewer/image/1343805530543/"$"https://orka.bibliothek.uni-kassel.de/viewer/api/v1/records/1343805530543/files/images/00000001.tif/full/!400,400/0/default.jpg"$"Komplett"$"Original"$"Standard"$"Doppelseite"$"2012"$"2012"$"Universitätsbibliothek Landes- und Murhardsche Bibliothek der Stadt Kassel"$"https://d-nb.info/gnd/10008839-9"$"Kassel"$"https://d-nb.info/gnd/4029869-3"$"Universitätsbibliothek Landes- und Murhardsche Bibliothek der Stadt Kassel"$"https://d-nb.info/gnd/10008839-9"$"Kassel"$"https://d-nb.info/gnd/4029869-3"
"840"$"8° Ms. theol. 63"$"https://orka.bibliothek.uni-kassel.de/viewer/api/v1/records/1343805383437/manifest/"$"https://orka.bibliothek.uni-kassel.de/viewer/image/1343805383437/"$"https://orka.bibliothek.uni-kassel.de/viewer/api/v1/records/1343805383437/files/images/00000001.tif/full/!400,400/0/default.jpg"$"Komplett"$"Original"$"Standard"$"Einzelseite"$"2012"$"2012"$"Universitätsbibliothek Landes- und Murhardsche Bibliothek der Stadt Kassel"$"https://d-nb.info/gnd/10008839-9"$"Kassel"$"https://d-nb.info/gnd/4029869-3"$"Universitätsbibliothek Landes- und Murhardsche Bibliothek der Stadt Kassel"$"https://d-nb.info/gnd/10008839-9"$"Kassel"$"https://d-nb.info/gnd/4029869-3"
"841"$"8° Ms. theol. 9"$"https://orka.bibliothek.uni-kassel.de/viewer/api/v1/records/1518186056691/manifest/"$"https://orka.bibliothek.uni-kassel.de/viewer/image/1518186056691/"$"https://orka.bibliothek.uni-kassel.de/viewer/api/v1/records/1518186056691/files/images/00000001.tif/full/!400,400/0/default.jpg"$"Komplett"$"Original"$"Standard"$"Einzelseite"$"2018"$"2018"$"Universitätsbibliothek Landes- und Murhardsche Bibliothek der Stadt Kassel"$"https://d-nb.info/gnd/10008839-9"$"Kassel"$"https://d-nb.info/gnd/4029869-3"$"Universitätsbibliothek Landes- und Murhardsche Bibliothek der Stadt Kassel"$"https://d-nb.info/gnd/10008839-9"$"Kassel"$"https://d-nb.info/gnd/4029869-3"
"842"$"2° Ms. theol. 60"$"https://iiif.ub.uni-marburg.de/presentation/v2/corvey82/manifest"$"http://dx.doi.org/10.48643/b4tm-80"$"https://corvey.ub.uni-marburg.de/bitstream/handle/corvey/82/?sequence=1325"$"Komplett"$"Original"$"Standard"$"Einzelseite"$"2012"$"11.11.2021"$"Universitätsbibliothek Kassel"$"https://d-nb.info/gnd/10008839-9"$"Kassel"$"https://d-nb.info/gnd/4029869-3"$"Universitätsbibliothek Kassel"$"https://d-nb.info/gnd/10008839-9"$"Kassel"$"https://d-nb.info/gnd/4029869-3"
"843"$"2° Ms. theatr. 7[1"$"https://orka.bibliothek.uni-kassel.de/viewer/api/v1/records/1682598491529/manifest/"$"https://orka.bibliothek.uni-kassel.de/viewer/image/1682598491529/"$"https://orka.bibliothek.uni-kassel.de/viewer/api/v1/records/1682598491529/files/images/000001.tif/full/!400,400/0/default.jpg"$"Komplett"$"Original"$"Standard"$"Einzelseite"$"2023"$"2023"$"Universitätsbibliothek Landes- und Murhardsche Bibliothek der Stadt Kassel"$"https://d-nb.info/gnd/10008839-9"$"Kassel"$"https://d-nb.info/gnd/4029869-3"$"Universitätsbibliothek Landes- und Murhardsche Bibliothek der Stadt Kassel"$"https://d-nb.info/gnd/10008839-9"$"Kassel"$"https://d-nb.info/gnd/4029869-3"
"844"$"2° Ms. theatr. 7[2"$"https://orka.bibliothek.uni-kassel.de/viewer/api/v1/records/1681986995736/manifest/"$"https://orka.bibliothek.uni-kassel.de/viewer/image/1681986995736/"$"https://orka.bibliothek.uni-kassel.de/viewer/api/v1/records/1681986995736/files/images/000001.tif/full/!400,400/0/default.jpg"$"Komplett"$"Original"$"Standard"$"Einzelseite"$"2023"$"2023"$"Universitätsbibliothek Landes- und Murhardsche Bibliothek der Stadt Kassel"$"https://d-nb.info/gnd/10008839-9"$"Kassel"$"https://d-nb.info/gnd/4029869-3"$"Universitätsbibliothek Landes- und Murhardsche Bibliothek der Stadt Kassel"$"https://d-nb.info/gnd/10008839-9"$"Kassel"$"https://d-nb.info/gnd/4029869-3"
"845"$"2° Ms. theatr. 7[3"$"https://orka.bibliothek.uni-kassel.de/viewer/api/v1/records/1683107248163/manifest/"$"https://orka.bibliothek.uni-kassel.de/viewer/!image/1683107248163/1/-/"$"https://orka.bibliothek.uni-kassel.de/viewer/api/v1/records/1683107248163/files/images/000001.tif/full/!400,400/0/default.jpg"$"Komplett"$"Original"$"Standard"$"Einzelseite"$"2023"$"2023"$"Universitätsbibliothek Landes- und Murhardsche Bibliothek der Stadt Kassel"$"https://d-nb.info/gnd/10008839-9"$"Kassel"$"https://d-nb.info/gnd/4029869-3"$"Universitätsbibliothek Landes- und Murhardsche Bibliothek der Stadt Kassel"$"https://d-nb.info/gnd/10008839-9"$"Kassel"$"https://d-nb.info/gnd/4029869-3"
"846"$"2° Ms. theatr. 7[4"$"https://orka.bibliothek.uni-kassel.de/viewer/api/v1/records/1683107008932/manifest/"$"https://orka.bibliothek.uni-kassel.de/viewer/image/1683107008932/"$"https://orka.bibliothek.uni-kassel.de/viewer/api/v1/records/1683107008932/files/images/000001.tif/full/!400,400/0/default.jpg"$"Komplett"$"Original"$"Standard"$"Einzelseite"$"2023"$"2023"$"Universitätsbibliothek Landes- und Murhardsche Bibliothek der Stadt Kassel"$"https://d-nb.info/gnd/10008839-9"$"Kassel"$"https://d-nb.info/gnd/4029869-3"$"Universitätsbibliothek Landes- und Murhardsche Bibliothek der Stadt Kassel"$"https://d-nb.info/gnd/10008839-9"$"Kassel"$"https://d-nb.info/gnd/4029869-3"
"847"$"2° Ms. theatr. 7[5,1"$"https://orka.bibliothek.uni-kassel.de/viewer/api/v1/records/1681986305749/manifest/"$"https://orka.bibliothek.uni-kassel.de/viewer/image/1681986305749/"$"https://orka.bibliothek.uni-kassel.de/viewer/api/v1/records/1681986305749/files/images/000001.tif/full/!400,400/0/default.jpg"$"Komplett"$"Original"$"Standard"$"Einzelseite"$"2023"$"2023"$"Universitätsbibliothek Landes- und Murhardsche Bibliothek der Stadt Kassel"$"https://d-nb.info/gnd/10008839-9"$"Kassel"$"https://d-nb.info/gnd/4029869-3"$"Universitätsbibliothek Landes- und Murhardsche Bibliothek der Stadt Kassel"$"https://d-nb.info/gnd/10008839-9"$"Kassel"$"https://d-nb.info/gnd/4029869-3"
"848"$"2° Ms. theatr. 7[5,2"$"https://orka.bibliothek.uni-kassel.de/viewer/api/v1/records/1681986642216/manifest/"$"https://orka.bibliothek.uni-kassel.de/viewer/image/1681986642216/"$"https://orka.bibliothek.uni-kassel.de/viewer/api/v1/records/1681986642216/files/images/000001.tif/full/!400,400/0/default.jpg"$"Komplett"$"Original"$"Standard"$"Einzelseite"$"2023"$"2023"$"Universitätsbibliothek Landes- und Murhardsche Bibliothek der Stadt Kassel"$"https://d-nb.info/gnd/10008839-9"$"Kassel"$"https://d-nb.info/gnd/4029869-3"$"Universitätsbibliothek Landes- und Murhardsche Bibliothek der Stadt Kassel"$"https://d-nb.info/gnd/10008839-9"$"Kassel"$"https://d-nb.info/gnd/4029869-3"
"849"$"2° Ms. theatr. 7[5,3"$"https://orka.bibliothek.uni-kassel.de/viewer/api/v1/records/1681986791794/manifest/"$"https://orka.bibliothek.uni-kassel.de/viewer/image/1681986791794/"$"https://orka.bibliothek.uni-kassel.de/viewer/api/v1/records/1681986791794/files/images/000001.tif/full/!400,400/0/default.jpg"$"Komplett"$"Original"$"Standard"$"Einzelseite"$"2023"$"2023"$"Universitätsbibliothek Landes- und Murhardsche Bibliothek der Stadt Kassel"$"https://d-nb.info/gnd/10008839-9"$"Kassel"$"https://d-nb.info/gnd/4029869-3"$"Universitätsbibliothek Landes- und Murhardsche Bibliothek der Stadt Kassel"$"https://d-nb.info/gnd/10008839-9"$"Kassel"$"https://d-nb.info/gnd/4029869-3"
"850"$"2° Ms. theatr. 7[6"$"https://orka.bibliothek.uni-kassel.de/viewer/api/v1/records/1682598686146/manifest/"$"https://orka.bibliothek.uni-kassel.de/viewer/image/1682598686146/"$"https://orka.bibliothek.uni-kassel.de/viewer/api/v1/records/1682598686146/files/images/000001.tif/full/!400,400/0/default.jpg"$"Komplett"$"Original"$"Standard"$"Einzelseite"$"2023"$"2023"$"Universitätsbibliothek Landes- und Murhardsche Bibliothek der Stadt Kassel"$"https://d-nb.info/gnd/10008839-9"$"Kassel"$"https://d-nb.info/gnd/4029869-3"$"Universitätsbibliothek Landes- und Murhardsche Bibliothek der Stadt Kassel"$"https://d-nb.info/gnd/10008839-9"$"Kassel"$"https://d-nb.info/gnd/4029869-3"















































































































































































































































































































































































































































