"Göttingen"$"4021477-1"$"Niedersächsische Staats- und Universitätsbibliothek Göttingen"$"2020450-4"$"2 Cod. Ms. hist. 1 : 1"$"2 Cod. Ms. hist. 1"$"2o Hist. 1 I"$"2° Hist. 1 I"$"2° Hist. 1 I"$"2° Hist. 1"$"2° Hist. 1"$"Hist. 1 I"$"Histor. 1 I"$"Hist. 1"$"Histor. 1"$"2° Cod. Ms. hist. 1"$"2° Cod. Ms. hist. 1 I"$"2° Cod. Ms. hist. 1 : 1"$"Hist. 1, Bd. 1"$"Histor. 1, Bd. 1"
"Göttingen"$"4021477-1"$"Niedersächsische Staats- und Universitätsbibliothek Göttingen"$"2020450-4"$"2 Cod. Ms. hist. 1 : 10"$"2 Cod. Ms. hist. 1"$"2o Hist. 1 X"$"2° Hist. 1 X"$"2° Hist. 1 X"$"2° Hist. 1"$"2° Hist. 1"$"Hist. 1 X"$"Histor. 1 X"$"Hist. 1"$"Histor. 1"$"2° Cod. Ms. hist. 1"$"2° Cod. Ms. hist. 1 X"$"2° Cod. Ms. hist. 1 : 10"$"Hist. 1, Bd. 10"$"Histor. 1, Bd. 10"
"Göttingen"$"4021477-1"$"Niedersächsische Staats- und Universitätsbibliothek Göttingen"$"2020450-4"$"2 Cod. Ms. hist. 1 : 11"$"2 Cod. Ms. hist. 1"$"2o Hist. 1 XI"$"2° Hist. 1 XI"$"2° Hist. 1 XI"$"2° Hist. 1"$"2° Hist. 1"$"Hist. 1 XI"$"Histor. 1 XI"$"Hist. 1"$"Histor. 1"$"2° Cod. Ms. hist. 1"$"2° Cod. Ms. hist. 1 XI"$"2° Cod. Ms. hist. 1 : 11"$"Hist. 1, Bd. 11"$"Histor. 1, Bd. 11"
"Göttingen"$"4021477-1"$"Niedersächsische Staats- und Universitätsbibliothek Göttingen"$"2020450-4"$"2 Cod. Ms. hist. 1 : 12"$"2 Cod. Ms. hist. 1"$"2o Hist. 1 XII"$"2° Hist. 1 XII"$"2° Hist. 1 XII"$"2° Hist. 1"$"2° Hist. 1"$"Hist. 1 XII"$"Histor. 1 XII"$"Hist. 1"$"Histor. 1"$"2° Cod. Ms. hist. 1"$"2° Cod. Ms. hist. 1 XII"$"2° Cod. Ms. hist. 1 : 12"$"Hist. 1, Bd. 12"$"Histor. 1, Bd. 12"
"Göttingen"$"4021477-1"$"Niedersächsische Staats- und Universitätsbibliothek Göttingen"$"2020450-4"$"2 Cod. Ms. hist. 1 : 13"$"2 Cod. Ms. hist. 1"$"2o Hist. 1 XIII"$"2° Hist. 1 XIII"$"2° Hist. 1 XIII"$"2° Hist. 1"$"2° Hist. 1"$"Hist. 1 XIII"$"Histor. 1 XIII"$"Hist. 1"$"Histor. 1"$"2° Cod. Ms. hist. 1"$"2° Cod. Ms. hist. 1 XIII"$"2° Cod. Ms. hist. 1 : 13"$"Hist. 1, Bd. 13"$"Histor. 1, Bd. 13"
"Göttingen"$"4021477-1"$"Niedersächsische Staats- und Universitätsbibliothek Göttingen"$"2020450-4"$"2 Cod. Ms. hist. 1 : 14"$"2 Cod. Ms. hist. 1"$"2o Hist. 1 XIV"$"2° Hist. 1 XIV"$"2° Hist. 1 XIV"$"2° Hist. 1"$"2° Hist. 1"$"Hist. 1 XIV"$"Histor. 1 XIV"$"Hist. 1"$"Histor. 1"$"2° Cod. Ms. hist. 1"$"2° Cod. Ms. hist. 1 XIV"$"2° Cod. Ms. hist. 1 : 14"$"Hist. 1, Bd. 14"$"Histor. 1, Bd. 14"
"Göttingen"$"4021477-1"$"Niedersächsische Staats- und Universitätsbibliothek Göttingen"$"2020450-4"$"2 Cod. Ms. hist. 1 : 15"$"2 Cod. Ms. hist. 1"$"2o Hist. 1 XV"$"2° Hist. 1 XV"$"2° Hist. 1 XV"$"2° Hist. 1"$"2° Hist. 1"$"Hist. 1 XV"$"Histor. 1 XV"$"Hist. 1"$"Histor. 1"$"2° Cod. Ms. hist. 1"$"2° Cod. Ms. hist. 1 XV"$"2° Cod. Ms. hist. 1 : 15"$"Hist. 1, Bd. 15"$"Histor. 1, Bd. 15"
"Göttingen"$"4021477-1"$"Niedersächsische Staats- und Universitätsbibliothek Göttingen"$"2020450-4"$"2 Cod. Ms. hist. 1 : 16"$"2 Cod. Ms. hist. 1"$"2o Hist. 1 XVI"$"2° Hist. 1 XVI"$"2° Hist. 1 XVI"$"2° Hist. 1"$"2° Hist. 1"$"Hist. 1 XVI"$"Histor. 1 XVI"$"Hist. 1"$"Histor. 1"$"2° Cod. Ms. hist. 1"$"2° Cod. Ms. hist. 1 XVI"$"2° Cod. Ms. hist. 1 : 16"$"Hist. 1, Bd. 16"$"Histor. 1, Bd. 16"
"Göttingen"$"4021477-1"$"Niedersächsische Staats- und Universitätsbibliothek Göttingen"$"2020450-4"$"2 Cod. Ms. hist. 1 : 17"$"2 Cod. Ms. hist. 1"$"2o Hist. 1 XVII"$"2° Hist. 1 XVII"$"2° Hist. 1 XVII"$"2° Hist. 1"$"2° Hist. 1"$"Hist. 1 XVII"$"Histor. 1 XVII"$"Hist. 1"$"Histor. 1"$"2° Cod. Ms. hist. 1"$"2° Cod. Ms. hist. 1 XVII"$"2° Cod. Ms. hist. 1 : 17"$"Hist. 1, Bd. 17"$"Histor. 1, Bd. 17"
"Göttingen"$"4021477-1"$"Niedersächsische Staats- und Universitätsbibliothek Göttingen"$"2020450-4"$"2 Cod. Ms. hist. 1 : 18"$"2 Cod. Ms. hist. 1"$"2o Hist. 1 XVIII"$"2° Hist. 1 XVIII"$"2° Hist. 1 XVIII"$"2° Hist. 1"$"2° Hist. 1"$"Hist. 1 XVIII"$"Histor. 1 XVIII"$"Hist. 1"$"Histor. 1"$"2° Cod. Ms. hist. 1"$"2° Cod. Ms. hist. 1 XVIII"$"2° Cod. Ms. hist. 1 : 18"$"Hist. 1, Bd. 18"$"Histor. 1, Bd. 18"
"Göttingen"$"4021477-1"$"Niedersächsische Staats- und Universitätsbibliothek Göttingen"$"2020450-4"$"2 Cod. Ms. hist. 1 : 19"$"2 Cod. Ms. hist. 1"$"2o Hist. 1 XIX"$"2° Hist. 1 XIX"$"2° Hist. 1 XIX"$"2° Hist. 1"$"2° Hist. 1"$"Hist. 1 XIX"$"Histor. 1 XIX"$"Hist. 1"$"Histor. 1"$"2° Cod. Ms. hist. 1"$"2° Cod. Ms. hist. 1 XIX"$"2° Cod. Ms. hist. 1 : 19"$"Hist. 1, Bd. 19"$"Histor. 1, Bd. 19"
"Göttingen"$"4021477-1"$"Niedersächsische Staats- und Universitätsbibliothek Göttingen"$"2020450-4"$"2 Cod. Ms. hist. 1 : 2"$"2 Cod. Ms. hist. 1"$"2o Hist. 1 II"$"2° Hist. 1 II"$"2° Hist. 1 II"$"2° Hist. 1"$"2° Hist. 1"$"Hist. 1 II"$"Histor. 1 II"$"Hist. 1"$"Histor. 1"$"2° Cod. Ms. hist. 1"$"2° Cod. Ms. hist. 1 II"$"2° Cod. Ms. hist. 1 : 2"$"Hist. 1, Bd. 2"$"Histor. 1, Bd. 2"
"Göttingen"$"4021477-1"$"Niedersächsische Staats- und Universitätsbibliothek Göttingen"$"2020450-4"$"2 Cod. Ms. hist. 1 : 20"$"2 Cod. Ms. hist. 1"$"2o Hist. 1 XX"$"2° Hist. 1 XX"$"2° Hist. 1 XX"$"2° Hist. 1"$"2° Hist. 1"$"Hist. 1 XX"$"Histor. 1 XX"$"Hist. 1"$"Histor. 1"$"2° Cod. Ms. hist. 1"$"2° Cod. Ms. hist. 1 XX"$"2° Cod. Ms. hist. 1 : 20"$"Hist. 1, Bd. 20"$"Histor. 1, Bd. 20"
"Göttingen"$"4021477-1"$"Niedersächsische Staats- und Universitätsbibliothek Göttingen"$"2020450-4"$"2 Cod. Ms. hist. 1 : 21"$"2 Cod. Ms. hist. 1"$"2o Hist. 1 XXI"$"2° Hist. 1 XXI"$"2° Hist. 1 XXI"$"2° Hist. 1"$"2° Hist. 1"$"Hist. 1 XXI"$"Histor. 1 XXI"$"Hist. 1"$"Histor. 1"$"2° Cod. Ms. hist. 1"$"2° Cod. Ms. hist. 1 XXI"$"2° Cod. Ms. hist. 1 : 21"$"Hist. 1, Bd. 21"$"Histor. 1, Bd. 21"
"Göttingen"$"4021477-1"$"Niedersächsische Staats- und Universitätsbibliothek Göttingen"$"2020450-4"$"2 Cod. Ms. hist. 1 : 22"$"2 Cod. Ms. hist. 1"$"2o Hist. 1 XXII"$"2° Hist. 1 XXII"$"2° Hist. 1 XXII"$"2° Hist. 1"$"2° Hist. 1"$"Hist. 1 XXII"$"Histor. 1 XXII"$"Hist. 1"$"Histor. 1"$"2° Cod. Ms. hist. 1"$"2° Cod. Ms. hist. 1 XXII"$"2° Cod. Ms. hist. 1 : 22"$"Hist. 1, Bd. 22"$"Histor. 1, Bd. 22"
"Göttingen"$"4021477-1"$"Niedersächsische Staats- und Universitätsbibliothek Göttingen"$"2020450-4"$"2 Cod. Ms. hist. 1 : 23"$"2 Cod. Ms. hist. 1"$"2o Hist. 1 XXIII"$"2° Hist. 1 XXIII"$"2° Hist. 1 XXIII"$"2° Hist. 1"$"2° Hist. 1"$"Hist. 1 XXIII"$"Histor. 1 XXIII"$"Hist. 1"$"Histor. 1"$"2° Cod. Ms. hist. 1"$"2° Cod. Ms. hist. 1 XXIII"$"2° Cod. Ms. hist. 1 : 23"$"Hist. 1, Bd. 23"$"Histor. 1, Bd. 23"
"Göttingen"$"4021477-1"$"Niedersächsische Staats- und Universitätsbibliothek Göttingen"$"2020450-4"$"2 Cod. Ms. hist. 1 : 24"$"2 Cod. Ms. hist. 1"$"2o Hist. 1 XXIV"$"2° Hist. 1 XXIV"$"2° Hist. 1 XXIV"$"2° Hist. 1"$"2° Hist. 1"$"Hist. 1 XXIV"$"Histor. 1 XXIV"$"Hist. 1"$"Histor. 1"$"2° Cod. Ms. hist. 1"$"2° Cod. Ms. hist. 1 XXIV"$"2° Cod. Ms. hist. 1 : 24"$"Hist. 1, Bd. 24"$"Histor. 1, Bd. 24"
"Göttingen"$"4021477-1"$"Niedersächsische Staats- und Universitätsbibliothek Göttingen"$"2020450-4"$"2 Cod. Ms. hist. 1 : 25"$"2 Cod. Ms. hist. 1"$"2o Hist. 1 XXV"$"2° Hist. 1 XXV"$"2° Hist. 1 XXV"$"2° Hist. 1"$"2° Hist. 1"$"Hist. 1 XXV"$"Histor. 1 XXV"$"Hist. 1"$"Histor. 1"$"2° Cod. Ms. hist. 1"$"2° Cod. Ms. hist. 1 XXV"$"2° Cod. Ms. hist. 1 : 25"$"Hist. 1, Bd. 25"$"Histor. 1, Bd. 25"
"Göttingen"$"4021477-1"$"Niedersächsische Staats- und Universitätsbibliothek Göttingen"$"2020450-4"$"2 Cod. Ms. hist. 1 : 26"$"2 Cod. Ms. hist. 1"$"2o Hist. 1 XXVI"$"2° Hist. 1 XXVI"$"2° Hist. 1 XXVI"$"2° Hist. 1"$"2° Hist. 1"$"Hist. 1 XXVI"$"Histor. 1 XXVI"$"Hist. 1"$"Histor. 1"$"2° Cod. Ms. hist. 1"$"2° Cod. Ms. hist. 1 XXVI"$"2° Cod. Ms. hist. 1 : 26"$"Hist. 1, Bd. 26"$"Histor. 1, Bd. 26"
"Göttingen"$"4021477-1"$"Niedersächsische Staats- und Universitätsbibliothek Göttingen"$"2020450-4"$"2 Cod. Ms. hist. 1 : 27"$"2 Cod. Ms. hist. 1"$"2o Hist. 1 XXVII"$"2° Hist. 1 XXVII"$"2° Hist. 1 XXVII"$"2° Hist. 1"$"2° Hist. 1"$"Hist. 1 XXVII"$"Histor. 1 XXVII"$"Hist. 1"$"Histor. 1"$"2° Cod. Ms. hist. 1"$"2° Cod. Ms. hist. 1 XXVII"$"2° Cod. Ms. hist. 1 : 27"$"Hist. 1, Bd. 27"$"Histor. 1, Bd. 27"
"Göttingen"$"4021477-1"$"Niedersächsische Staats- und Universitätsbibliothek Göttingen"$"2020450-4"$"2 Cod. Ms. hist. 1 : 28"$"2 Cod. Ms. hist. 1"$"2o Hist. 1 XXVIII"$"2° Hist. 1 XXVIII"$"2° Hist. 1 XXVIII"$"2° Hist. 1"$"2° Hist. 1"$"Hist. 1 XXVIII"$"Histor. 1 XXVIII"$"Hist. 1"$"Histor. 1"$"2° Cod. Ms. hist. 1"$"2° Cod. Ms. hist. 1 XXVIII"$"2° Cod. Ms. hist. 1 : 28"$"Hist. 1, Bd. 28"$"Histor. 1, Bd. 28"
"Göttingen"$"4021477-1"$"Niedersächsische Staats- und Universitätsbibliothek Göttingen"$"2020450-4"$"2 Cod. Ms. hist. 1 : 29"$"2 Cod. Ms. hist. 1"$"2o Hist. 1 XXIX"$"2° Hist. 1 XXIX"$"2° Hist. 1 XXIX"$"2° Hist. 1"$"2° Hist. 1"$"Hist. 1 XXIX"$"Histor. 1 XXIX"$"Hist. 1"$"Histor. 1"$"2° Cod. Ms. hist. 1"$"2° Cod. Ms. hist. 1 XXIX"$"2° Cod. Ms. hist. 1 : 29"$"Hist. 1, Bd. 29"$"Histor. 1, Bd. 29"
"Göttingen"$"4021477-1"$"Niedersächsische Staats- und Universitätsbibliothek Göttingen"$"2020450-4"$"2 Cod. Ms. hist. 1 : 3"$"2 Cod. Ms. hist. 1"$"2o Hist. 1 III"$"2° Hist. 1 III"$"2° Hist. 1 III"$"2° Hist. 1"$"2° Hist. 1"$"Hist. 1 III"$"Histor. 1 III"$"Hist. 1"$"Histor. 1"$"2° Cod. Ms. hist. 1"$"2° Cod. Ms. hist. 1 III"$"2° Cod. Ms. hist. 1 : 3"$"Hist. 1, Bd. 3"$"Histor. 1, Bd. 3"
"Göttingen"$"4021477-1"$"Niedersächsische Staats- und Universitätsbibliothek Göttingen"$"2020450-4"$"2 Cod. Ms. hist. 1 : 30"$"2 Cod. Ms. hist. 1"$"2o Hist. 1 XXX"$"2° Hist. 1 XXX"$"2° Hist. 1 XXX"$"2° Hist. 1"$"2° Hist. 1"$"Hist. 1 XXX"$"Histor. 1 XXX"$"Hist. 1"$"Histor. 1"$"2° Cod. Ms. hist. 1"$"2° Cod. Ms. hist. 1 XXX"$"2° Cod. Ms. hist. 1 : 30"$"Hist. 1, Bd. 30"$"Histor. 1, Bd. 30"
"Göttingen"$"4021477-1"$"Niedersächsische Staats- und Universitätsbibliothek Göttingen"$"2020450-4"$"2 Cod. Ms. hist. 1 : 31"$"2 Cod. Ms. hist. 1"$"2o Hist. 1 XXXI"$"2° Hist. 1 XXXI"$"2° Hist. 1 XXXI"$"2° Hist. 1"$"2° Hist. 1"$"Hist. 1 XXXI"$"Histor. 1 XXXI"$"Hist. 1"$"Histor. 1"$"2° Cod. Ms. hist. 1"$"2° Cod. Ms. hist. 1 XXXI"$"2° Cod. Ms. hist. 1 : 31"$"Hist. 1, Bd. 31"$"Histor. 1, Bd. 31"
"Göttingen"$"4021477-1"$"Niedersächsische Staats- und Universitätsbibliothek Göttingen"$"2020450-4"$"2 Cod. Ms. hist. 1 : 4"$"2 Cod. Ms. hist. 1"$"2o Hist. 1 IV"$"2° Hist. 1 IV"$"2° Hist. 1 IV"$"2° Hist. 1"$"2° Hist. 1"$"Hist. 1 IV"$"Histor. 1 IV"$"Hist. 1"$"Histor. 1"$"2° Cod. Ms. hist. 1"$"2° Cod. Ms. hist. 1 IV"$"2° Cod. Ms. hist. 1 : 4"$"Hist. 1, Bd. 4"$"Histor. 1, Bd. 4"
"Göttingen"$"4021477-1"$"Niedersächsische Staats- und Universitätsbibliothek Göttingen"$"2020450-4"$"2 Cod. Ms. hist. 1 : 5"$"2 Cod. Ms. hist. 1"$"2o Hist. 1 V"$"2° Hist. 1 V"$"2° Hist. 1 V"$"2° Hist. 1"$"2° Hist. 1"$"Hist. 1 V"$"Histor. 1 V"$"Hist. 1"$"Histor. 1"$"2° Cod. Ms. hist. 1"$"2° Cod. Ms. hist. 1 V"$"2° Cod. Ms. hist. 1 : 5"$"Hist. 1, Bd. 5"$"Histor. 1, Bd. 5"
"Göttingen"$"4021477-1"$"Niedersächsische Staats- und Universitätsbibliothek Göttingen"$"2020450-4"$"2 Cod. Ms. hist. 1 : 6"$"2 Cod. Ms. hist. 1"$"2o Hist. 1 VI"$"2° Hist. 1 VI"$"2° Hist. 1 VI"$"2° Hist. 1"$"2° Hist. 1"$"Hist. 1 VI"$"Histor. 1 VI"$"Hist. 1"$"Histor. 1"$"2° Cod. Ms. hist. 1"$"2° Cod. Ms. hist. 1 VI"$"2° Cod. Ms. hist. 1 : 6"$"Hist. 1, Bd. 6"$"Histor. 1, Bd. 6"
"Göttingen"$"4021477-1"$"Niedersächsische Staats- und Universitätsbibliothek Göttingen"$"2020450-4"$"2 Cod. Ms. hist. 1 : 7"$"2 Cod. Ms. hist. 1"$"2o Hist. 1 VII"$"2° Hist. 1 VII"$"2° Hist. 1 VII"$"2° Hist. 1"$"2° Hist. 1"$"Hist. 1 VII"$"Histor. 1 VII"$"Hist. 1"$"Histor. 1"$"2° Cod. Ms. hist. 1"$"2° Cod. Ms. hist. 1 VII"$"2° Cod. Ms. hist. 1 : 7"$"Hist. 1, Bd. 7"$"Histor. 1, Bd. 7"
"Göttingen"$"4021477-1"$"Niedersächsische Staats- und Universitätsbibliothek Göttingen"$"2020450-4"$"2 Cod. Ms. hist. 1 : 8"$"2 Cod. Ms. hist. 1"$"2o Hist. 1 VIII"$"2° Hist. 1 VIII"$"2° Hist. 1 VIII"$"2° Hist. 1"$"2° Hist. 1"$"Hist. 1 VIII"$"Histor. 1 VIII"$"Hist. 1"$"Histor. 1"$"2° Cod. Ms. hist. 1"$"2° Cod. Ms. hist. 1 VIII"$"2° Cod. Ms. hist. 1 : 8"$"Hist. 1, Bd. 8"$"Histor. 1, Bd. 8"
"Göttingen"$"4021477-1"$"Niedersächsische Staats- und Universitätsbibliothek Göttingen"$"2020450-4"$"2 Cod. Ms. hist. 1 : 9"$"2 Cod. Ms. hist. 1"$"2o Hist. 1 IX"$"2° Hist. 1 IX"$"2° Hist. 1 IX"$"2° Hist. 1"$"2° Hist. 1"$"Hist. 1 IX"$"Histor. 1 IX"$"Hist. 1"$"Histor. 1"$"2° Cod. Ms. hist. 1"$"2° Cod. Ms. hist. 1 IX"$"2° Cod. Ms. hist. 1 : 9"$"Hist. 1, Bd. 9"$"Histor. 1, Bd. 9"
"Göttingen"$"4021477-1"$"Niedersächsische Staats- und Universitätsbibliothek Göttingen"$"2020450-4"$"2 Cod. Ms. hist. 101"$"2o Hist. 101"$"2° Hist. 101"$"2º Hist. 101"$"Hist. 101"$"Histor. 101"$"2° Cod. Ms. hist. 101"
"Göttingen"$"4021477-1"$"Niedersächsische Staats- und Universitätsbibliothek Göttingen"$"2020450-4"$"2 Cod. Ms. hist. 101 c"$"2o Hist. 101c"$"2° Hist. 101c"$"2º Hist. 101c"$"Hist. 101c"$"Hist. 101 c"$"Histor. 101c"$"Histor. 101 c"$"2° Cod. Ms. hist. 101c"$"2° Cod. Ms. hist. 101 c"
"Göttingen"$"4021477-1"$"Niedersächsische Staats- und Universitätsbibliothek Göttingen"$"2020450-4"$"2 Cod. Ms. hist. 122"$"2o Hist. 122"$"2° Hist. 122"$"2º Hist. 122"$"Hist. 122"$"Histor. 122"$"2° Cod. Ms. hist. 122"
"Göttingen"$"4021477-1"$"Niedersächsische Staats- und Universitätsbibliothek Göttingen"$"2020450-4"$"2 Cod. Ms. hist. 130"$"2o Hist. 130"$"2° Hist. 130"$"2º Hist. 130"$"Hist. 130"$"Histor. 130"$"2° Cod. Ms. hist. 130"
"Göttingen"$"4021477-1"$"Niedersächsische Staats- und Universitätsbibliothek Göttingen"$"2020450-4"$"2 Cod. Ms. hist. 140 : 1"$"2 Cod. Ms. hist. 140"$"2o Hist. 140 I"$"2° Hist. 140 I"$"2° Hist. 140 I"$"2° Hist. 140"$"2° Hist. 140"$"Hist. 140 I"$"Histor. 140 I"$"Hist. 140"$"Histor. 140"$"2° Cod. Ms. hist. 140"$"2° Cod. Ms. hist. 140 I"$"2° Cod. Ms. hist. 140 : 1"$"Hist. 140, Bd. 1"$"Histor. 140, Bd. 1"$"Hist. 140, Bd. I"$"Histor. 140, Bd. I"$"2 Cod. Ms. hist. 140 : I"$"2 Cod. Ms. hist. 140 : Bd. I"
"Göttingen"$"4021477-1"$"Niedersächsische Staats- und Universitätsbibliothek Göttingen"$"2020450-4"$"2 Cod. Ms. hist. 140 : 2"$"2 Cod. Ms. hist. 140"$"2o Hist. 140 II"$"2° Hist. 140 II"$"2° Hist. 140 II"$"2° Hist. 140"$"2° Hist. 140"$"Hist. 140 II"$"Histor. 140 II"$"Hist. 140"$"Histor. 140"$"2° Cod. Ms. hist. 140"$"2° Cod. Ms. hist. 140 II"$"2° Cod. Ms. hist. 140 : 2"$"Hist. 140, Bd. 2"$"Histor. 140, Bd. 2"$"Hist. 140, Bd. II"$"Histor. 140, Bd. II"$"2 Cod. Ms. hist. 140 : II"$"2 Cod. Ms. hist. 140 : Bd. II"
"Göttingen"$"4021477-1"$"Niedersächsische Staats- und Universitätsbibliothek Göttingen"$"2020450-4"$"2 Cod. Ms. hist. 148"$"2o Hist. 148"$"2° Hist. 148"$"2º Hist. 148"$"Hist. 148"$"Histor. 148"$"2° Cod. Ms. hist. 148"
"Göttingen"$"4021477-1"$"Niedersächsische Staats- und Universitätsbibliothek Göttingen"$"2020450-4"$"2 Cod. Ms. hist. 159"$"2o Hist. 159"$"2° Hist. 159"$"2º Hist. 159"$"Hist. 159"$"Histor. 159"$"2° Cod. Ms. hist. 159"
"Göttingen"$"4021477-1"$"Niedersächsische Staats- und Universitätsbibliothek Göttingen"$"2020450-4"$"2 Cod. Ms. hist. 166 : 1"$"2 Cod. Ms. hist. 166"$"2o Hist. 166 I"$"2° Hist. 166 I"$"2° Hist. 166 I"$"2° Hist. 166"$"2° Hist. 166"$"Hist. 166 I"$"Histor. 166 I"$"Hist. 166"$"Histor. 166"$"2° Cod. Ms. hist. 166"$"2° Cod. Ms. hist. 166 I"$"2° Cod. Ms. hist. 166 : 1"$"Hist. 166, Bd. 1"$"Histor. 166, Bd. 1"$"Hist. 166, Bd. I"$"Histor. 166, Bd. I"$"2 Cod. Ms. hist. 166 : I"$"2 Cod. Ms. hist. 166 : Bd. I"
"Göttingen"$"4021477-1"$"Niedersächsische Staats- und Universitätsbibliothek Göttingen"$"2020450-4"$"2 Cod. Ms. hist. 166 : 2"$"2 Cod. Ms. hist. 166"$"2o Hist. 166 II"$"2° Hist. 166 II"$"2° Hist. 166 II"$"2° Hist. 166"$"2° Hist. 166"$"Hist. 166 II"$"Histor. 166 II"$"Hist. 166"$"Histor. 166"$"2° Cod. Ms. hist. 166"$"2° Cod. Ms. hist. 166 II"$"2° Cod. Ms. hist. 166 : 2"$"Hist. 166, Bd. 2"$"Histor. 166, Bd. 2"$"Hist. 166, Bd. II"$"Histor. 166, Bd. II"$"2 Cod. Ms. hist. 166 : II"$"2 Cod. Ms. hist. 166 : Bd. II"
"Göttingen"$"4021477-1"$"Niedersächsische Staats- und Universitätsbibliothek Göttingen"$"2020450-4"$"2 Cod. Ms. hist. 168"$"2o Hist. 168"$"2° Hist. 168"$"2º Hist. 168"$"Hist. 168"$"Histor. 168"$"2° Cod. Ms. hist. 168"
"Göttingen"$"4021477-1"$"Niedersächsische Staats- und Universitätsbibliothek Göttingen"$"2020450-4"$"2 Cod. Ms. hist. 169"$"2o Hist. 169"$"2° Hist. 169"$"2º Hist. 169"$"Hist. 169"$"Histor. 169"$"2° Cod. Ms. hist. 169"
"Göttingen"$"4021477-1"$"Niedersächsische Staats- und Universitätsbibliothek Göttingen"$"2020450-4"$"2 Cod. Ms. hist. 170"$"2o Hist. 170"$"2° Hist. 170"$"2º Hist. 170"$"Hist. 170"$"Histor. 170"$"2° Cod. Ms. hist. 170"
"Göttingen"$"4021477-1"$"Niedersächsische Staats- und Universitätsbibliothek Göttingen"$"2020450-4"$"2 Cod. Ms. hist. 171"$"2o Hist. 171"$"2° Hist. 171"$"2º Hist. 171"$"Hist. 171"$"Histor. 171"$"2° Cod. Ms. hist. 171"
"Göttingen"$"4021477-1"$"Niedersächsische Staats- und Universitätsbibliothek Göttingen"$"2020450-4"$"2 Cod. Ms. hist. 172"$"2o Hist. 172"$"2° Hist. 172"$"2º Hist. 172"$"Hist. 172"$"Histor. 172"$"2° Cod. Ms. hist. 172"
"Göttingen"$"4021477-1"$"Niedersächsische Staats- und Universitätsbibliothek Göttingen"$"2020450-4"$"2 Cod. Ms. hist. 175"$"2o Hist. 175"$"2° Hist. 175"$"2º Hist. 175"$"Hist. 175"$"Histor. 175"$"2° Cod. Ms. hist. 175"
"Göttingen"$"4021477-1"$"Niedersächsische Staats- und Universitätsbibliothek Göttingen"$"2020450-4"$"2 Cod. Ms. hist. 176"$"2o Hist. 176"$"2° Hist. 176"$"2º Hist. 176"$"Hist. 176"$"Histor. 176"$"2° Cod. Ms. hist. 176"
"Göttingen"$"4021477-1"$"Niedersächsische Staats- und Universitätsbibliothek Göttingen"$"2020450-4"$"2 Cod. Ms. hist. 184 a"$"2o Hist. 184a"$"2° Hist. 184a"$"2º Hist. 184a"$"Hist. 184a"$"Hist. 184 a"$"Histor. 184a"$"Histor. 184 a"$"2° Cod. Ms. hist. 184a"$"2° Cod. Ms. hist. 184 a"
"Göttingen"$"4021477-1"$"Niedersächsische Staats- und Universitätsbibliothek Göttingen"$"2020450-4"$"2 Cod. Ms. hist. 185"$"2o Hist. 185"$"2° Hist. 185"$"2º Hist. 185"$"Hist. 185"$"Histor. 185"$"2° Cod. Ms. hist. 185"
"Göttingen"$"4021477-1"$"Niedersächsische Staats- und Universitätsbibliothek Göttingen"$"2020450-4"$"2 Cod. Ms. hist. 189 : 1"$"2 Cod. Ms. hist. 189"$"2o Hist. 189 I"$"2° Hist. 189 I"$"2° Hist. 189 I"$"2° Hist. 189"$"2° Hist. 189"$"Hist. 189 I"$"Histor. 189 I"$"Hist. 189"$"Histor. 189"$"2° Cod. Ms. hist. 189"$"2° Cod. Ms. hist. 189 I"$"2° Cod. Ms. hist. 189 : 1"$"Hist. 189, Bd. 1"$"Histor. 189, Bd. 1"$"Hist. 189, Bd. I"$"Histor. 189, Bd. I"$"2 Cod. Ms. hist. 189 : I"$"2 Cod. Ms. hist. 189 : Bd. I"
"Göttingen"$"4021477-1"$"Niedersächsische Staats- und Universitätsbibliothek Göttingen"$"2020450-4"$"2 Cod. Ms. hist. 189 : 2"$"2 Cod. Ms. hist. 189"$"2o Hist. 189 II"$"2° Hist. 189 II"$"2° Hist. 189 II"$"2° Hist. 189"$"2° Hist. 189"$"Hist. 189 II"$"Histor. 189 II"$"Hist. 189"$"Histor. 189"$"2° Cod. Ms. hist. 189"$"2° Cod. Ms. hist. 189 II"$"2° Cod. Ms. hist. 189 : 2"$"Hist. 189, Bd. 2"$"Histor. 189, Bd. 2"$"Hist. 189, Bd. II"$"Histor. 189, Bd. II"$"2 Cod. Ms. hist. 189 : II"$"2 Cod. Ms. hist. 189 : Bd. II"
"Göttingen"$"4021477-1"$"Niedersächsische Staats- und Universitätsbibliothek Göttingen"$"2020450-4"$"2 Cod. Ms. hist. 189 : 3"$"2 Cod. Ms. hist. 189"$"2o Hist. 189 III"$"2° Hist. 189 III"$"2° Hist. 189 III"$"2° Hist. 189"$"2° Hist. 189"$"Hist. 189 III"$"Histor. 189 III"$"Hist. 189"$"Histor. 189"$"2° Cod. Ms. hist. 189"$"2° Cod. Ms. hist. 189 III"$"2° Cod. Ms. hist. 189 : 3"$"Hist. 189, Bd. 3"$"Histor. 189, Bd. 3"$"Hist. 189, Bd. III"$"Histor. 189, Bd. III"$"2 Cod. Ms. hist. 189 : III"$"2 Cod. Ms. hist. 189 : Bd. III"
"Göttingen"$"4021477-1"$"Niedersächsische Staats- und Universitätsbibliothek Göttingen"$"2020450-4"$"2 Cod. Ms. hist. 189 : 4"$"2 Cod. Ms. hist. 189"$"2o Hist. 189 IV"$"2° Hist. 189 IV"$"2° Hist. 189 IV"$"2° Hist. 189"$"2° Hist. 189"$"Hist. 189 IV"$"Histor. 189 IV"$"Hist. 189"$"Histor. 189"$"2° Cod. Ms. hist. 189"$"2° Cod. Ms. hist. 189 IV"$"2° Cod. Ms. hist. 189 : 4"$"Hist. 189, Bd. 4"$"Histor. 189, Bd. 4"$"Hist. 189, Bd. IV"$"Histor. 189, Bd. IV"$"2 Cod. Ms. hist. 189 : IV"$"2 Cod. Ms. hist. 189 : Bd. IV"
"Göttingen"$"4021477-1"$"Niedersächsische Staats- und Universitätsbibliothek Göttingen"$"2020450-4"$"2 Cod. Ms. hist. 189 : 5"$"2 Cod. Ms. hist. 189"$"2o Hist. 189 V"$"2° Hist. 189 V"$"2° Hist. 189 V"$"2° Hist. 189"$"2° Hist. 189"$"Hist. 189 V"$"Histor. 189 V"$"Hist. 189"$"Histor. 189"$"2° Cod. Ms. hist. 189"$"2° Cod. Ms. hist. 189 V"$"2° Cod. Ms. hist. 189 : 5"$"Hist. 189, Bd. 5"$"Histor. 189, Bd. 5"$"Hist. 189, Bd. V"$"Histor. 189, Bd. V"$"2 Cod. Ms. hist. 189 : V"$"2 Cod. Ms. hist. 189 : Bd. V"
"Göttingen"$"4021477-1"$"Niedersächsische Staats- und Universitätsbibliothek Göttingen"$"2020450-4"$"2 Cod. Ms. hist. 189 : 6"$"2 Cod. Ms. hist. 189"$"2o Hist. 189 VI"$"2° Hist. 189 VI"$"2° Hist. 189 VI"$"2° Hist. 189"$"2° Hist. 189"$"Hist. 189 VI"$"Histor. 189 VI"$"Hist. 189"$"Histor. 189"$"2° Cod. Ms. hist. 189"$"2° Cod. Ms. hist. 189 VI"$"2° Cod. Ms. hist. 189 : 6"$"Hist. 189, Bd. 6"$"Histor. 189, Bd. 6"$"Hist. 189, Bd. VI"$"Histor. 189, Bd. VI"$"2 Cod. Ms. hist. 189 : VI"$"2 Cod. Ms. hist. 189 : Bd. VI"
"Göttingen"$"4021477-1"$"Niedersächsische Staats- und Universitätsbibliothek Göttingen"$"2020450-4"$"2 Cod. Ms. hist. 194"$"2o Hist. 194"$"2° Hist. 194"$"2º Hist. 194"$"Hist. 194"$"Histor. 194"$"2° Cod. Ms. hist. 194"
"Göttingen"$"4021477-1"$"Niedersächsische Staats- und Universitätsbibliothek Göttingen"$"2020450-4"$"2 Cod. Ms. hist. 203 f"$"2o Hist. 203f"$"2° Hist. 203f"$"2º Hist. 203f"$"Hist. 203f"$"Hist. 203 f"$"Histor. 203f"$"Histor. 203 f"$"2° Cod. Ms. hist. 203f"$"2° Cod. Ms. hist. 203 f"
"Göttingen"$"4021477-1"$"Niedersächsische Staats- und Universitätsbibliothek Göttingen"$"2020450-4"$"2 Cod. Ms. hist. 209 m: 1"$"2 Cod. Ms. hist. 209 m"$"2o Hist. 209m I"$"2° Hist. 209m I"$"2° Hist. 209m I"$"2° Hist. 209m"$"2° Hist. 209m"$"Hist. 209m I"$"Histor. 209m I"$"Hist. 209m"$"Histor. 209m"$"Hist. 209 m"$"Histor. 209 m"$"2° Cod. Ms. hist. 209m"$"2° Cod. Ms. hist. 209 m"$"2° Cod. Ms. hist. 209m I"$"2° Cod. Ms. hist. 209 m : 1"$"Hist. 209m, Bd. 1"$"Histor. 209 m, Bd. 1"$"Hist. 209m, Bd. I"$"Histor. 209 m, Bd. I"$"2 Cod. Ms. hist. 209m : I"$"2 Cod. Ms. hist. 209m : Bd. I"$"2 Cod. Ms. hist. 209 m : I"$"2 Cod. Ms. hist. 209 m : Bd. I"
"Göttingen"$"4021477-1"$"Niedersächsische Staats- und Universitätsbibliothek Göttingen"$"2020450-4"$"2 Cod. Ms. hist. 209 m: 2"$"2 Cod. Ms. hist. 209 m"$"2o Hist. 209m II"$"2° Hist. 209m II"$"2° Hist. 209m II"$"2° Hist. 209m"$"2° Hist. 209m"$"Hist. 209m II"$"Histor. 209m II"$"Hist. 209m"$"Histor. 209m"$"Hist. 209 m"$"Histor. 209 m"$"2° Cod. Ms. hist. 209m"$"2° Cod. Ms. hist. 209 m"$"2° Cod. Ms. hist. 209m II"$"2° Cod. Ms. hist. 209 m : 2"$"Hist. 209m, Bd. 2"$"Histor. 209 m, Bd. 2"$"Hist. 209m, Bd. II"$"Histor. 209 m, Bd. II"$"2 Cod. Ms. hist. 209m : II"$"2 Cod. Ms. hist. 209m : Bd. II"$"2 Cod. Ms. hist. 209 m : II"$"2 Cod. Ms. hist. 209 m : Bd. II"
"Göttingen"$"4021477-1"$"Niedersächsische Staats- und Universitätsbibliothek Göttingen"$"2020450-4"$"2 Cod. Ms. hist. 209 m: 3"$"2 Cod. Ms. hist. 209 m"$"2o Hist. 209m III"$"2° Hist. 209m III"$"2° Hist. 209m III"$"2° Hist. 209m"$"2° Hist. 209m"$"Hist. 209m III"$"Histor. 209m III"$"Hist. 209m"$"Histor. 209m"$"Hist. 209 m"$"Histor. 209 m"$"2° Cod. Ms. hist. 209m"$"2° Cod. Ms. hist. 209 m"$"2° Cod. Ms. hist. 209m III"$"2° Cod. Ms. hist. 209 m : 3"$"Hist. 209m, Bd. 3"$"Histor. 209 m, Bd. 3"$"Hist. 209m, Bd. III"$"Histor. 209 m, Bd. III"$"2 Cod. Ms. hist. 209m : III"$"2 Cod. Ms. hist. 209m : Bd. III"$"2 Cod. Ms. hist. 209 m : III"$"2 Cod. Ms. hist. 209 m : Bd. III"
"Göttingen"$"4021477-1"$"Niedersächsische Staats- und Universitätsbibliothek Göttingen"$"2020450-4"$"2 Cod. Ms. hist. 209 m: 4"$"2 Cod. Ms. hist. 209 m"$"2o Hist. 209m IV"$"2° Hist. 209m IV"$"2° Hist. 209m IV"$"2° Hist. 209m"$"2° Hist. 209m"$"Hist. 209m IV"$"Histor. 209m IV"$"Hist. 209m"$"Histor. 209m"$"Hist. 209 m"$"Histor. 209 m"$"2° Cod. Ms. hist. 209m"$"2° Cod. Ms. hist. 209 m"$"2° Cod. Ms. hist. 209m IV"$"2° Cod. Ms. hist. 209 m : 4"$"Hist. 209m, Bd. 4"$"Histor. 209 m, Bd. 4"$"Hist. 209m, Bd. IV"$"Histor. 209 m, Bd. IV"$"2 Cod. Ms. hist. 209m : IV"$"2 Cod. Ms. hist. 209m : Bd. IV"$"2 Cod. Ms. hist. 209 m : IV"$"2 Cod. Ms. hist. 209 m : Bd. IV"
"Göttingen"$"4021477-1"$"Niedersächsische Staats- und Universitätsbibliothek Göttingen"$"2020450-4"$"2 Cod. Ms. hist. 211"$"2o Hist. 211"$"2° Hist. 211"$"2º Hist. 211"$"Hist. 211"$"Histor. 211"$"2° Cod. Ms. hist. 211"
"Göttingen"$"4021477-1"$"Niedersächsische Staats- und Universitätsbibliothek Göttingen"$"2020450-4"$"2 Cod. Ms. hist. 213 a"$"2o Hist. 213a"$"2° Hist. 213a"$"2º Hist. 213a"$"Hist. 213a"$"Hist. 213 a"$"Histor. 213a"$"Histor. 213 a"$"2° Cod. Ms. hist. 213a"$"2° Cod. Ms. hist. 213 a"
"Göttingen"$"4021477-1"$"Niedersächsische Staats- und Universitätsbibliothek Göttingen"$"2020450-4"$"2 Cod. Ms. hist. 217"$"2o Hist. 217"$"2° Hist. 217"$"2º Hist. 217"$"Hist. 217"$"Histor. 217"$"2° Cod. Ms. hist. 217"
"Göttingen"$"4021477-1"$"Niedersächsische Staats- und Universitätsbibliothek Göttingen"$"2020450-4"$"2 Cod. Ms. hist. 232"$"2o Hist. 232"$"2° Hist. 232"$"2º Hist. 232"$"Hist. 232"$"Histor. 232"$"2° Cod. Ms. hist. 232"
"Göttingen"$"4021477-1"$"Niedersächsische Staats- und Universitätsbibliothek Göttingen"$"2020450-4"$"2 Cod. Ms. hist. 248"$"2o Hist. 248"$"2° Hist. 248"$"2º Hist. 248"$"Hist. 248"$"Histor. 248"$"2° Cod. Ms. hist. 248"
"Göttingen"$"4021477-1"$"Niedersächsische Staats- und Universitätsbibliothek Göttingen"$"2020450-4"$"2 Cod. Ms. hist. 252 b"$"2o Hist. 252b"$"2° Hist. 252b"$"2º Hist. 252b"$"Hist. 252b"$"Hist. 252 b"$"Histor. 252b"$"Histor. 252 b"$"2° Cod. Ms. hist. 252b"$"2° Cod. Ms. hist. 252 b"
"Göttingen"$"4021477-1"$"Niedersächsische Staats- und Universitätsbibliothek Göttingen"$"2020450-4"$"2 Cod. Ms. hist. 274"$"2o Hist. 274"$"2° Hist. 274"$"2º Hist. 274"$"Hist. 274"$"Histor. 274"$"2° Cod. Ms. hist. 274"
"Göttingen"$"4021477-1"$"Niedersächsische Staats- und Universitätsbibliothek Göttingen"$"2020450-4"$"2 Cod. Ms. hist. 285"$"2o Hist. 285"$"2° Hist. 285"$"2º Hist. 285"$"Hist. 285"$"Histor. 285"$"2° Cod. Ms. hist. 285"
"Göttingen"$"4021477-1"$"Niedersächsische Staats- und Universitätsbibliothek Göttingen"$"2020450-4"$"2 Cod. Ms. hist. 286"$"2o Hist. 286"$"2° Hist. 286"$"2º Hist. 286"$"Hist. 286"$"Histor. 286"$"2° Cod. Ms. hist. 286"
"Göttingen"$"4021477-1"$"Niedersächsische Staats- und Universitätsbibliothek Göttingen"$"2020450-4"$"2 Cod. Ms. hist. 290"$"2o Hist. 290"$"2° Hist. 290"$"2º Hist. 290"$"Hist. 290"$"Histor. 290"$"2° Cod. Ms. hist. 290"
"Göttingen"$"4021477-1"$"Niedersächsische Staats- und Universitätsbibliothek Göttingen"$"2020450-4"$"2 Cod. Ms. hist. 305"$"2o Hist. 305"$"2° Hist. 305"$"2º Hist. 305"$"Hist. 305"$"Histor. 305"$"2° Cod. Ms. hist. 305"
"Göttingen"$"4021477-1"$"Niedersächsische Staats- und Universitätsbibliothek Göttingen"$"2020450-4"$"2 Cod. Ms. hist. 312"$"2o Hist. 312"$"2° Hist. 312"$"2º Hist. 312"$"Hist. 312"$"Histor. 312"$"2° Cod. Ms. hist. 312"
"Göttingen"$"4021477-1"$"Niedersächsische Staats- und Universitätsbibliothek Göttingen"$"2020450-4"$"2 Cod. Ms. hist. 319"$"2o Hist. 319"$"2° Hist. 319"$"2º Hist. 319"$"Hist. 319"$"Histor. 319"$"2° Cod. Ms. hist. 319"
"Göttingen"$"4021477-1"$"Niedersächsische Staats- und Universitätsbibliothek Göttingen"$"2020450-4"$"2 Cod. Ms. hist. 37 a : IX : a–b"$"2 Cod. Ms. hist. 37a : IX : a–b"$"2° Cod. Ms. hist. 37 a : IX : a–b"$"2° Cod. Ms. hist. 37a : IX : a–b"$"Hist. 37 a, Teil IX"$"Histor. 37 a, Teil IX"$"Hist. 37a, Teil IX"$"Histor. 37a, Teil IX"$"2 Cod. Ms. hist. 37 a : IX : a"$"2 Cod. Ms. hist. 37 a : IX : b"$"2° Cod. Ms. hist. 37 a : IX : a"$"2° Cod. Ms. hist. 37 a : IX : b"
"Göttingen"$"4021477-1"$"Niedersächsische Staats- und Universitätsbibliothek Göttingen"$"2020450-4"$"2 Cod. Ms. hist. 37 a : VIII a Cim."$"2 Cod. Ms. hist. 37a : VIII a Cim."$"2° Cod. Ms. hist. 37 a : VIII a Cim."$"2° Cod. Ms. hist. 37a : VIII a Cim."$"Hist. 37 a, Teil VIII"$"Histor. 37 a, Teil VIII"$"Hist. 37a, Teil VIII"$"Histor. 37a, Teil VIII"$"2 Cod. Ms. hist. 37 a : VIII a"$"2° Cod. Ms. hist. 37 a : VIII a"
"Göttingen"$"4021477-1"$"Niedersächsische Staats- und Universitätsbibliothek Göttingen"$"2020450-4"$"2 Cod. Ms. hist. 37 a : X : a–b"$"2 Cod. Ms. hist. 37a : X : a–b"$"2° Cod. Ms. hist. 37 a : X : a–b"$"2° Cod. Ms. hist. 37a : X : a–b"$"Hist. 37 a, Teil X"$"Histor. 37 a, Teil X"$"Hist. 37a, Teil X"$"Histor. 37a, Teil X"$"2 Cod. Ms. hist. 37 a : X : a"$"2 Cod. Ms. hist. 37 a : X : b"$"2° Cod. Ms. hist. 37 a : X : a"$"2° Cod. Ms. hist. 37 a : X : b"
"Göttingen"$"4021477-1"$"Niedersächsische Staats- und Universitätsbibliothek Göttingen"$"2020450-4"$"2 Cod. Ms. hist. 38"$"2o Hist. 38"$"2° Hist. 38"$"2º Hist. 38"$"Hist. 38"$"Histor. 38"$"2° Cod. Ms. hist. 38"
"Göttingen"$"4021477-1"$"Niedersächsische Staats- und Universitätsbibliothek Göttingen"$"2020450-4"$"2 Cod. Ms. hist. 383"$"2o Hist. 383"$"2° Hist. 383"$"2º Hist. 383"$"Hist. 383"$"Histor. 383"$"2° Cod. Ms. hist. 383"
"Göttingen"$"4021477-1"$"Niedersächsische Staats- und Universitätsbibliothek Göttingen"$"2020450-4"$"2 Cod. Ms. hist. 389 : 1"$"2 Cod. Ms. hist. 389"$"2o Hist. 389 I"$"2° Hist. 389 I"$"2° Hist. 389 I"$"2° Hist. 389"$"2° Hist. 389"$"Hist. 389 I"$"Histor. 389 I"$"Hist. 389"$"Histor. 389"$"2° Cod. Ms. hist. 389"$"2° Cod. Ms. hist. 389 I"$"2° Cod. Ms. hist. 389 : 1"$"Hist. 389, Bd. 1"$"Histor. 389, Bd. 1"$"Hist. 389, Bd. I"$"Histor. 389, Bd. I"$"2 Cod. Ms. hist. 389 : I"$"2 Cod. Ms. hist. 389 : Bd. I"
"Göttingen"$"4021477-1"$"Niedersächsische Staats- und Universitätsbibliothek Göttingen"$"2020450-4"$"2 Cod. Ms. hist. 389 : 2"$"2 Cod. Ms. hist. 389"$"2o Hist. 389 II"$"2° Hist. 389 II"$"2° Hist. 389 II"$"2° Hist. 389"$"2° Hist. 389"$"Hist. 389 II"$"Histor. 389 II"$"Hist. 389"$"Histor. 389"$"2° Cod. Ms. hist. 389"$"2° Cod. Ms. hist. 389 II"$"2° Cod. Ms. hist. 389 : 2"$"Hist. 389, Bd. 2"$"Histor. 389, Bd. 2"$"Hist. 389, Bd. II"$"Histor. 389, Bd. II"$"2 Cod. Ms. hist. 389 : II"$"2 Cod. Ms. hist. 389 : Bd. II"
"Göttingen"$"4021477-1"$"Niedersächsische Staats- und Universitätsbibliothek Göttingen"$"2020450-4"$"2 Cod. Ms. hist. 401 : 1"$"2 Cod. Ms. hist. 401"$"2o Hist. 401 I"$"2° Hist. 401 I"$"2° Hist. 401 I"$"2° Hist. 401"$"2° Hist. 401"$"Hist. 401 I"$"Histor. 401 I"$"Hist. 401"$"Histor. 401"$"2° Cod. Ms. hist. 401"$"2° Cod. Ms. hist. 401 I"$"2° Cod. Ms. hist. 401 : 1"$"Hist. 401, Bd. 1"$"Histor. 401, Bd. 1"$"Hist. 401, Bd. I"$"Histor. 401, Bd. I"$"2 Cod. Ms. hist. 401 : I"$"2 Cod. Ms. hist. 401 : Bd. I"
"Göttingen"$"4021477-1"$"Niedersächsische Staats- und Universitätsbibliothek Göttingen"$"2020450-4"$"2 Cod. Ms. hist. 401 : 2"$"2 Cod. Ms. hist. 401"$"2o Hist. 401 II"$"2° Hist. 401 II"$"2° Hist. 401 II"$"2° Hist. 401"$"2° Hist. 401"$"Hist. 401 II"$"Histor. 401 II"$"Hist. 401"$"Histor. 401"$"2° Cod. Ms. hist. 401"$"2° Cod. Ms. hist. 401 II"$"2° Cod. Ms. hist. 401 : 2"$"Hist. 401, Bd. 2"$"Histor. 401, Bd. 2"$"Hist. 401, Bd. II"$"Histor. 401, Bd. II"$"2 Cod. Ms. hist. 401 : II"$"2 Cod. Ms. hist. 401 : Bd. II"
"Göttingen"$"4021477-1"$"Niedersächsische Staats- und Universitätsbibliothek Göttingen"$"2020450-4"$"2 Cod. Ms. hist. 422"$"2o Hist. 422"$"2° Hist. 422"$"2º Hist. 422"$"Hist. 422"$"Histor. 422"$"2° Cod. Ms. hist. 422"
"Göttingen"$"4021477-1"$"Niedersächsische Staats- und Universitätsbibliothek Göttingen"$"2020450-4"$"2 Cod. Ms. hist. 43 : 1"$"2 Cod. Ms. hist. 43"$"2o Hist. 43 I"$"2° Hist. 43 I"$"2° Hist. 43 I"$"2° Hist. 43"$"2° Hist. 43"$"Hist. 43 I"$"Histor. 43 I"$"Hist. 43"$"Histor. 43"$"2° Cod. Ms. hist. 43"$"2° Cod. Ms. hist. 43 I"$"2° Cod. Ms. hist. 43 : 1"$"Hist. 43, Bd. 1"$"Histor. 43, Bd. 1"$"Hist. 43, Bd. I"$"Histor. 43, Bd. I"$"2 Cod. Ms. hist. 43 : I"$"2 Cod. Ms. hist. 43 : Bd. I"
"Göttingen"$"4021477-1"$"Niedersächsische Staats- und Universitätsbibliothek Göttingen"$"2020450-4"$"2 Cod. Ms. hist. 43 : 2"$"2 Cod. Ms. hist. 43"$"2o Hist. 43 II"$"2° Hist. 43 II"$"2° Hist. 43 II"$"2° Hist. 43"$"2° Hist. 43"$"Hist. 43 II"$"Histor. 43 II"$"Hist. 43"$"Histor. 43"$"2° Cod. Ms. hist. 43"$"2° Cod. Ms. hist. 43 II"$"2° Cod. Ms. hist. 43 : 2"$"Hist. 43, Bd. 2"$"Histor. 43, Bd. 2"$"Hist. 43, Bd. II"$"Histor. 43, Bd. II"$"2 Cod. Ms. hist. 43 : II"$"2 Cod. Ms. hist. 43 : Bd. II"
"Göttingen"$"4021477-1"$"Niedersächsische Staats- und Universitätsbibliothek Göttingen"$"2020450-4"$"2 Cod. Ms. hist. 436"$"2o Hist. 436"$"2° Hist. 436"$"2º Hist. 436"$"Hist. 436"$"Histor. 436"$"2° Cod. Ms. hist. 436"
"Göttingen"$"4021477-1"$"Niedersächsische Staats- und Universitätsbibliothek Göttingen"$"2020450-4"$"2 Cod. Ms. hist. 440"$"2o Hist. 440"$"2° Hist. 440"$"2º Hist. 440"$"Hist. 440"$"Histor. 440"$"2° Cod. Ms. hist. 440"
"Göttingen"$"4021477-1"$"Niedersächsische Staats- und Universitätsbibliothek Göttingen"$"2020450-4"$"2 Cod. Ms. hist. 441"$"2o Hist. 441"$"2° Hist. 441"$"2º Hist. 441"$"Hist. 441"$"Histor. 441"$"2° Cod. Ms. hist. 441"
"Göttingen"$"4021477-1"$"Niedersächsische Staats- und Universitätsbibliothek Göttingen"$"2020450-4"$"2 Cod. Ms. hist. 442"$"2o Hist. 442"$"2° Hist. 442"$"2º Hist. 442"$"Hist. 442"$"Histor. 442"$"2° Cod. Ms. hist. 442"
"Göttingen"$"4021477-1"$"Niedersächsische Staats- und Universitätsbibliothek Göttingen"$"2020450-4"$"2 Cod. Ms. hist. 447"$"2o Hist. 447"$"2° Hist. 447"$"2º Hist. 447"$"Hist. 447"$"Histor. 447"$"2° Cod. Ms. hist. 447"
"Göttingen"$"4021477-1"$"Niedersächsische Staats- und Universitätsbibliothek Göttingen"$"2020450-4"$"2 Cod. Ms. hist. 456 c"$"2o Hist. 456c"$"2° Hist. 456c"$"2º Hist. 456c"$"Hist. 456c"$"Hist. 456 c"$"Histor. 456c"$"Histor. 456 c"$"2° Cod. Ms. hist. 456c"$"2° Cod. Ms. hist. 456 c"
"Göttingen"$"4021477-1"$"Niedersächsische Staats- und Universitätsbibliothek Göttingen"$"2020450-4"$"2 Cod. Ms. hist. 469"$"2o Hist. 469"$"2° Hist. 469"$"2º Hist. 469"$"Hist. 469"$"Histor. 469"$"2° Cod. Ms. hist. 469"
"Göttingen"$"4021477-1"$"Niedersächsische Staats- und Universitätsbibliothek Göttingen"$"2020450-4"$"2 Cod. Ms. hist. 47"$"2o Hist. 47"$"2° Hist. 47"$"2º Hist. 47"$"Hist. 47"$"Histor. 47"$"2° Cod. Ms. hist. 47"
"Göttingen"$"4021477-1"$"Niedersächsische Staats- und Universitätsbibliothek Göttingen"$"2020450-4"$"2 Cod. Ms. hist. 491"$"2o Hist. 491"$"2° Hist. 491"$"2º Hist. 491"$"Hist. 491"$"Histor. 491"$"2° Cod. Ms. hist. 491"
"Göttingen"$"4021477-1"$"Niedersächsische Staats- und Universitätsbibliothek Göttingen"$"2020450-4"$"2 Cod. Ms. hist. 5"$"2o Hist. 5"$"2° Hist. 5"$"2º Hist. 5"$"Hist. 5"$"Histor. 5"$"2° Cod. Ms. hist. 5"
"Göttingen"$"4021477-1"$"Niedersächsische Staats- und Universitätsbibliothek Göttingen"$"2020450-4"$"2 Cod. Ms. hist. 506"$"2o Hist. 506"$"2° Hist. 506"$"2º Hist. 506"$"Hist. 506"$"Histor. 506"$"2° Cod. Ms. hist. 506"
"Göttingen"$"4021477-1"$"Niedersächsische Staats- und Universitätsbibliothek Göttingen"$"2020450-4"$"2 Cod. Ms. hist. 515"$"2o Hist. 515"$"2° Hist. 515"$"2º Hist. 515"$"Hist. 515"$"Histor. 515"$"2° Cod. Ms. hist. 515"
"Göttingen"$"4021477-1"$"Niedersächsische Staats- und Universitätsbibliothek Göttingen"$"2020450-4"$"2 Cod. Ms. hist. 523"$"2o Hist. 523"$"2° Hist. 523"$"2º Hist. 523"$"Hist. 523"$"Histor. 523"$"2° Cod. Ms. hist. 523"
"Göttingen"$"4021477-1"$"Niedersächsische Staats- und Universitätsbibliothek Göttingen"$"2020450-4"$"2 Cod. Ms. hist. 537"$"2o Hist. 537"$"2° Hist. 537"$"2º Hist. 537"$"Hist. 537"$"Histor. 537"$"2° Cod. Ms. hist. 537"
"Göttingen"$"4021477-1"$"Niedersächsische Staats- und Universitätsbibliothek Göttingen"$"2020450-4"$"2 Cod. Ms. hist. 547"$"2o Hist. 547"$"2° Hist. 547"$"2º Hist. 547"$"Hist. 547"$"Histor. 547"$"2° Cod. Ms. hist. 547"
"Göttingen"$"4021477-1"$"Niedersächsische Staats- und Universitätsbibliothek Göttingen"$"2020450-4"$"2 Cod. Ms. hist. 552"$"2o Hist. 552"$"2° Hist. 552"$"2º Hist. 552"$"Hist. 552"$"Histor. 552"$"2° Cod. Ms. hist. 552"
"Göttingen"$"4021477-1"$"Niedersächsische Staats- und Universitätsbibliothek Göttingen"$"2020450-4"$"2 Cod. Ms. hist. 575"$"2o Hist. 575"$"2° Hist. 575"$"2º Hist. 575"$"Hist. 575"$"Histor. 575"$"2° Cod. Ms. hist. 575"
"Göttingen"$"4021477-1"$"Niedersächsische Staats- und Universitätsbibliothek Göttingen"$"2020450-4"$"2 Cod. Ms. hist. 581"$"2o Hist. 581"$"2° Hist. 581"$"2º Hist. 581"$"Hist. 581"$"Histor. 581"$"2° Cod. Ms. hist. 581"
"Göttingen"$"4021477-1"$"Niedersächsische Staats- und Universitätsbibliothek Göttingen"$"2020450-4"$"2 Cod. Ms. hist. 610"$"2o Hist. 610"$"2° Hist. 610"$"2º Hist. 610"$"Hist. 610"$"Histor. 610"$"2° Cod. Ms. hist. 610"
"Göttingen"$"4021477-1"$"Niedersächsische Staats- und Universitätsbibliothek Göttingen"$"2020450-4"$"2 Cod. Ms. hist. 612 Cim."$"2o Hist. 612"$"2° Hist. 612"$"2º Hist. 612"$"Hist. 612"$"Histor. 612"$"2° Cod. Ms. hist. 612 Cim."$"2° Cod. Ms. hist. 612"$"2 Cod. Ms. hist. 612"
"Göttingen"$"4021477-1"$"Niedersächsische Staats- und Universitätsbibliothek Göttingen"$"2020450-4"$"2 Cod. Ms. hist. 618"$"2o Hist. 618"$"2° Hist. 618"$"2º Hist. 618"$"Hist. 618"$"Histor. 618"$"2° Cod. Ms. hist. 618"
"Göttingen"$"4021477-1"$"Niedersächsische Staats- und Universitätsbibliothek Göttingen"$"2020450-4"$"2 Cod. Ms. hist. 629"$"2o Hist. 629"$"2° Hist. 629"$"2º Hist. 629"$"Hist. 629"$"Histor. 629"$"2° Cod. Ms. hist. 629"
"Göttingen"$"4021477-1"$"Niedersächsische Staats- und Universitätsbibliothek Göttingen"$"2020450-4"$"2 Cod. Ms. hist. 64 : 1"$"2 Cod. Ms. hist. 64"$"2o Hist. 64 I"$"2° Hist. 64 I"$"2° Hist. 64 I"$"2° Hist. 64"$"2° Hist. 64"$"Hist. 64 I"$"Histor. 64 I"$"Hist. 64"$"Histor. 64"$"2° Cod. Ms. hist. 64"$"2° Cod. Ms. hist. 64 I"$"2° Cod. Ms. hist. 64 : 1"$"Hist. 64, Bd. 1"$"Histor. 64, Bd. 1"$"Hist. 64, Bd. I"$"Histor. 64, Bd. I"$"2 Cod. Ms. hist. 64 : I"$"2 Cod. Ms. hist. 64 : Bd. I"
"Göttingen"$"4021477-1"$"Niedersächsische Staats- und Universitätsbibliothek Göttingen"$"2020450-4"$"2 Cod. Ms. hist. 64 : 2"$"2 Cod. Ms. hist. 64"$"2o Hist. 64 II"$"2° Hist. 64 II"$"2° Hist. 64 II"$"2° Hist. 64"$"2° Hist. 64"$"Hist. 64 II"$"Histor. 64 II"$"Hist. 64"$"Histor. 64"$"2° Cod. Ms. hist. 64"$"2° Cod. Ms. hist. 64 II"$"2° Cod. Ms. hist. 64 : 2"$"Hist. 64, Bd. 2"$"Histor. 64, Bd. 2"$"Hist. 64, Bd. II"$"Histor. 64, Bd. II"$"2 Cod. Ms. hist. 64 : II"$"2 Cod. Ms. hist. 64 : Bd. II"
"Göttingen"$"4021477-1"$"Niedersächsische Staats- und Universitätsbibliothek Göttingen"$"2020450-4"$"2 Cod. Ms. hist. 64 : 3"$"2 Cod. Ms. hist. 64"$"2o Hist. 64 III"$"2° Hist. 64 III"$"2° Hist. 64 III"$"2° Hist. 64"$"2° Hist. 64"$"Hist. 64 III"$"Histor. 64 III"$"Hist. 64"$"Histor. 64"$"2° Cod. Ms. hist. 64"$"2° Cod. Ms. hist. 64 III"$"2° Cod. Ms. hist. 64 : 3"$"Hist. 64, Bd. 3"$"Histor. 64, Bd. 3"$"Hist. 64, Bd. III"$"Histor. 64, Bd. III"$"2 Cod. Ms. hist. 64 : III"$"2 Cod. Ms. hist. 64 : Bd. III"
"Göttingen"$"4021477-1"$"Niedersächsische Staats- und Universitätsbibliothek Göttingen"$"2020450-4"$"2 Cod. Ms. hist. 662"$"2o Hist. 662"$"2° Hist. 662"$"2º Hist. 662"$"Hist. 662"$"Histor. 662"$"2° Cod. Ms. hist. 662"
"Göttingen"$"4021477-1"$"Niedersächsische Staats- und Universitätsbibliothek Göttingen"$"2020450-4"$"2 Cod. Ms. hist. 760 : 1"$"2 Cod. Ms. hist. 760"$"2o Hist. 760 I"$"2° Hist. 760 I"$"2° Hist. 760 I"$"2° Hist. 760"$"2° Hist. 760"$"Hist. 760 I"$"Histor. 760 I"$"Hist. 760"$"Histor. 760"$"2° Cod. Ms. hist. 760"$"2° Cod. Ms. hist. 760 I"$"2° Cod. Ms. hist. 760 : 1"$"Hist. 760, Bd. 1"$"Histor. 760, Bd. 1"
"Göttingen"$"4021477-1"$"Niedersächsische Staats- und Universitätsbibliothek Göttingen"$"2020450-4"$"2 Cod. Ms. hist. 760 : 10"$"2 Cod. Ms. hist. 760"$"2o Hist. 760 X"$"2° Hist. 760 X"$"2° Hist. 760 X"$"2° Hist. 760"$"2° Hist. 760"$"Hist. 760 X"$"Histor. 760 X"$"Hist. 760"$"Histor. 760"$"2° Cod. Ms. hist. 760"$"2° Cod. Ms. hist. 760 X"$"2° Cod. Ms. hist. 760 : 10"$"Hist. 760, Bd. 10"$"Histor. 760, Bd. 10"
"Göttingen"$"4021477-1"$"Niedersächsische Staats- und Universitätsbibliothek Göttingen"$"2020450-4"$"2 Cod. Ms. hist. 760 : 100"$"2 Cod. Ms. hist. 760"$"2o Hist. 760 C"$"2° Hist. 760 C"$"2° Hist. 760 C"$"2° Hist. 760"$"2° Hist. 760"$"Hist. 760 C"$"Histor. 760 C"$"Hist. 760"$"Histor. 760"$"2° Cod. Ms. hist. 760"$"2° Cod. Ms. hist. 760 C"$"2° Cod. Ms. hist. 760 : 100"$"Hist. 760, Bd. 100"$"Histor. 760, Bd. 100"
"Göttingen"$"4021477-1"$"Niedersächsische Staats- und Universitätsbibliothek Göttingen"$"2020450-4"$"2 Cod. Ms. hist. 760 : 101"$"2 Cod. Ms. hist. 760"$"2o Hist. 760 CI"$"2° Hist. 760 CI"$"2° Hist. 760 CI"$"2° Hist. 760"$"2° Hist. 760"$"Hist. 760 CI"$"Histor. 760 CI"$"Hist. 760"$"Histor. 760"$"2° Cod. Ms. hist. 760"$"2° Cod. Ms. hist. 760 CI"$"2° Cod. Ms. hist. 760 : 101"$"Hist. 760, Bd. 101"$"Histor. 760, Bd. 101"
"Göttingen"$"4021477-1"$"Niedersächsische Staats- und Universitätsbibliothek Göttingen"$"2020450-4"$"2 Cod. Ms. hist. 760 : 102"$"2 Cod. Ms. hist. 760"$"2o Hist. 760 CII"$"2° Hist. 760 CII"$"2° Hist. 760 CII"$"2° Hist. 760"$"2° Hist. 760"$"Hist. 760 CII"$"Histor. 760 CII"$"Hist. 760"$"Histor. 760"$"2° Cod. Ms. hist. 760"$"2° Cod. Ms. hist. 760 CII"$"2° Cod. Ms. hist. 760 : 102"$"Hist. 760, Bd. 102"$"Histor. 760, Bd. 102"
"Göttingen"$"4021477-1"$"Niedersächsische Staats- und Universitätsbibliothek Göttingen"$"2020450-4"$"2 Cod. Ms. hist. 760 : 103"$"2 Cod. Ms. hist. 760"$"2o Hist. 760 CIII"$"2° Hist. 760 CIII"$"2° Hist. 760 CIII"$"2° Hist. 760"$"2° Hist. 760"$"Hist. 760 CIII"$"Histor. 760 CIII"$"Hist. 760"$"Histor. 760"$"2° Cod. Ms. hist. 760"$"2° Cod. Ms. hist. 760 CIII"$"2° Cod. Ms. hist. 760 : 103"$"Hist. 760, Bd. 103"$"Histor. 760, Bd. 103"
"Göttingen"$"4021477-1"$"Niedersächsische Staats- und Universitätsbibliothek Göttingen"$"2020450-4"$"2 Cod. Ms. hist. 760 : 11"$"2 Cod. Ms. hist. 760"$"2o Hist. 760 XI"$"2° Hist. 760 XI"$"2° Hist. 760 XI"$"2° Hist. 760"$"2° Hist. 760"$"Hist. 760 XI"$"Histor. 760 XI"$"Hist. 760"$"Histor. 760"$"2° Cod. Ms. hist. 760"$"2° Cod. Ms. hist. 760 XI"$"2° Cod. Ms. hist. 760 : 11"$"Hist. 760, Bd. 11"$"Histor. 760, Bd. 11"
"Göttingen"$"4021477-1"$"Niedersächsische Staats- und Universitätsbibliothek Göttingen"$"2020450-4"$"2 Cod. Ms. hist. 760 : 12"$"2 Cod. Ms. hist. 760"$"2o Hist. 760 XII"$"2° Hist. 760 XII"$"2° Hist. 760 XII"$"2° Hist. 760"$"2° Hist. 760"$"Hist. 760 XII"$"Histor. 760 XII"$"Hist. 760"$"Histor. 760"$"2° Cod. Ms. hist. 760"$"2° Cod. Ms. hist. 760 XII"$"2° Cod. Ms. hist. 760 : 12"$"Hist. 760, Bd. 12"$"Histor. 760, Bd. 12"
"Göttingen"$"4021477-1"$"Niedersächsische Staats- und Universitätsbibliothek Göttingen"$"2020450-4"$"2 Cod. Ms. hist. 760 : 13"$"2 Cod. Ms. hist. 760"$"2o Hist. 760 XIII"$"2° Hist. 760 XIII"$"2° Hist. 760 XIII"$"2° Hist. 760"$"2° Hist. 760"$"Hist. 760 XIII"$"Histor. 760 XIII"$"Hist. 760"$"Histor. 760"$"2° Cod. Ms. hist. 760"$"2° Cod. Ms. hist. 760 XIII"$"2° Cod. Ms. hist. 760 : 13"$"Hist. 760, Bd. 13"$"Histor. 760, Bd. 13"
"Göttingen"$"4021477-1"$"Niedersächsische Staats- und Universitätsbibliothek Göttingen"$"2020450-4"$"2 Cod. Ms. hist. 760 : 14"$"2 Cod. Ms. hist. 760"$"2o Hist. 760 XIV"$"2° Hist. 760 XIV"$"2° Hist. 760 XIV"$"2° Hist. 760"$"2° Hist. 760"$"Hist. 760 XIV"$"Histor. 760 XIV"$"Hist. 760"$"Histor. 760"$"2° Cod. Ms. hist. 760"$"2° Cod. Ms. hist. 760 XIV"$"2° Cod. Ms. hist. 760 : 14"$"Hist. 760, Bd. 14"$"Histor. 760, Bd. 14"
"Göttingen"$"4021477-1"$"Niedersächsische Staats- und Universitätsbibliothek Göttingen"$"2020450-4"$"2 Cod. Ms. hist. 760 : 15"$"2 Cod. Ms. hist. 760"$"2o Hist. 760 XV"$"2° Hist. 760 XV"$"2° Hist. 760 XV"$"2° Hist. 760"$"2° Hist. 760"$"Hist. 760 XV"$"Histor. 760 XV"$"Hist. 760"$"Histor. 760"$"2° Cod. Ms. hist. 760"$"2° Cod. Ms. hist. 760 XV"$"2° Cod. Ms. hist. 760 : 15"$"Hist. 760, Bd. 15"$"Histor. 760, Bd. 15"
"Göttingen"$"4021477-1"$"Niedersächsische Staats- und Universitätsbibliothek Göttingen"$"2020450-4"$"2 Cod. Ms. hist. 760 : 16"$"2 Cod. Ms. hist. 760"$"2o Hist. 760 XVI"$"2° Hist. 760 XVI"$"2° Hist. 760 XVI"$"2° Hist. 760"$"2° Hist. 760"$"Hist. 760 XVI"$"Histor. 760 XVI"$"Hist. 760"$"Histor. 760"$"2° Cod. Ms. hist. 760"$"2° Cod. Ms. hist. 760 XVI"$"2° Cod. Ms. hist. 760 : 16"$"Hist. 760, Bd. 16"$"Histor. 760, Bd. 16"
"Göttingen"$"4021477-1"$"Niedersächsische Staats- und Universitätsbibliothek Göttingen"$"2020450-4"$"2 Cod. Ms. hist. 760 : 17"$"2 Cod. Ms. hist. 760"$"2o Hist. 760 XVII"$"2° Hist. 760 XVII"$"2° Hist. 760 XVII"$"2° Hist. 760"$"2° Hist. 760"$"Hist. 760 XVII"$"Histor. 760 XVII"$"Hist. 760"$"Histor. 760"$"2° Cod. Ms. hist. 760"$"2° Cod. Ms. hist. 760 XVII"$"2° Cod. Ms. hist. 760 : 17"$"Hist. 760, Bd. 17"$"Histor. 760, Bd. 17"
"Göttingen"$"4021477-1"$"Niedersächsische Staats- und Universitätsbibliothek Göttingen"$"2020450-4"$"2 Cod. Ms. hist. 760 : 18"$"2 Cod. Ms. hist. 760"$"2o Hist. 760 XVIII"$"2° Hist. 760 XVIII"$"2° Hist. 760 XVIII"$"2° Hist. 760"$"2° Hist. 760"$"Hist. 760 XVIII"$"Histor. 760 XVIII"$"Hist. 760"$"Histor. 760"$"2° Cod. Ms. hist. 760"$"2° Cod. Ms. hist. 760 XVIII"$"2° Cod. Ms. hist. 760 : 18"$"Hist. 760, Bd. 18"$"Histor. 760, Bd. 18"
"Göttingen"$"4021477-1"$"Niedersächsische Staats- und Universitätsbibliothek Göttingen"$"2020450-4"$"2 Cod. Ms. hist. 760 : 19"$"2 Cod. Ms. hist. 760"$"2o Hist. 760 XIX"$"2° Hist. 760 XIX"$"2° Hist. 760 XIX"$"2° Hist. 760"$"2° Hist. 760"$"Hist. 760 XIX"$"Histor. 760 XIX"$"Hist. 760"$"Histor. 760"$"2° Cod. Ms. hist. 760"$"2° Cod. Ms. hist. 760 XIX"$"2° Cod. Ms. hist. 760 : 19"$"Hist. 760, Bd. 19"$"Histor. 760, Bd. 19"
"Göttingen"$"4021477-1"$"Niedersächsische Staats- und Universitätsbibliothek Göttingen"$"2020450-4"$"2 Cod. Ms. hist. 760 : 2"$"2 Cod. Ms. hist. 760"$"2o Hist. 760 II"$"2° Hist. 760 II"$"2° Hist. 760 II"$"2° Hist. 760"$"2° Hist. 760"$"Hist. 760 II"$"Histor. 760 II"$"Hist. 760"$"Histor. 760"$"2° Cod. Ms. hist. 760"$"2° Cod. Ms. hist. 760 II"$"2° Cod. Ms. hist. 760 : 2"$"Hist. 760, Bd. 2"$"Histor. 760, Bd. 2"
"Göttingen"$"4021477-1"$"Niedersächsische Staats- und Universitätsbibliothek Göttingen"$"2020450-4"$"2 Cod. Ms. hist. 760 : 20"$"2 Cod. Ms. hist. 760"$"2o Hist. 760 XX"$"2° Hist. 760 XX"$"2° Hist. 760 XX"$"2° Hist. 760"$"2° Hist. 760"$"Hist. 760 XX"$"Histor. 760 XX"$"Hist. 760"$"Histor. 760"$"2° Cod. Ms. hist. 760"$"2° Cod. Ms. hist. 760 XX"$"2° Cod. Ms. hist. 760 : 20"$"Hist. 760, Bd. 20"$"Histor. 760, Bd. 20"
"Göttingen"$"4021477-1"$"Niedersächsische Staats- und Universitätsbibliothek Göttingen"$"2020450-4"$"2 Cod. Ms. hist. 760 : 21"$"2 Cod. Ms. hist. 760"$"2o Hist. 760 XXI"$"2° Hist. 760 XXI"$"2° Hist. 760 XXI"$"2° Hist. 760"$"2° Hist. 760"$"Hist. 760 XXI"$"Histor. 760 XXI"$"Hist. 760"$"Histor. 760"$"2° Cod. Ms. hist. 760"$"2° Cod. Ms. hist. 760 XXI"$"2° Cod. Ms. hist. 760 : 21"$"Hist. 760, Bd. 21"$"Histor. 760, Bd. 21"
"Göttingen"$"4021477-1"$"Niedersächsische Staats- und Universitätsbibliothek Göttingen"$"2020450-4"$"2 Cod. Ms. hist. 760 : 22"$"2 Cod. Ms. hist. 760"$"2o Hist. 760 XXII"$"2° Hist. 760 XXII"$"2° Hist. 760 XXII"$"2° Hist. 760"$"2° Hist. 760"$"Hist. 760 XXII"$"Histor. 760 XXII"$"Hist. 760"$"Histor. 760"$"2° Cod. Ms. hist. 760"$"2° Cod. Ms. hist. 760 XXII"$"2° Cod. Ms. hist. 760 : 22"$"Hist. 760, Bd. 22"$"Histor. 760, Bd. 22"
"Göttingen"$"4021477-1"$"Niedersächsische Staats- und Universitätsbibliothek Göttingen"$"2020450-4"$"2 Cod. Ms. hist. 760 : 23"$"2 Cod. Ms. hist. 760"$"2o Hist. 760 XXIII"$"2° Hist. 760 XXIII"$"2° Hist. 760 XXIII"$"2° Hist. 760"$"2° Hist. 760"$"Hist. 760 XXIII"$"Histor. 760 XXIII"$"Hist. 760"$"Histor. 760"$"2° Cod. Ms. hist. 760"$"2° Cod. Ms. hist. 760 XXIII"$"2° Cod. Ms. hist. 760 : 23"$"Hist. 760, Bd. 23"$"Histor. 760, Bd. 23"
"Göttingen"$"4021477-1"$"Niedersächsische Staats- und Universitätsbibliothek Göttingen"$"2020450-4"$"2 Cod. Ms. hist. 760 : 24"$"2 Cod. Ms. hist. 760"$"2o Hist. 760 XXIV"$"2° Hist. 760 XXIV"$"2° Hist. 760 XXIV"$"2° Hist. 760"$"2° Hist. 760"$"Hist. 760 XXIV"$"Histor. 760 XXIV"$"Hist. 760"$"Histor. 760"$"2° Cod. Ms. hist. 760"$"2° Cod. Ms. hist. 760 XXIV"$"2° Cod. Ms. hist. 760 : 24"$"Hist. 760, Bd. 24"$"Histor. 760, Bd. 24"
"Göttingen"$"4021477-1"$"Niedersächsische Staats- und Universitätsbibliothek Göttingen"$"2020450-4"$"2 Cod. Ms. hist. 760 : 25"$"2 Cod. Ms. hist. 760"$"2o Hist. 760 XXV"$"2° Hist. 760 XXV"$"2° Hist. 760 XXV"$"2° Hist. 760"$"2° Hist. 760"$"Hist. 760 XXV"$"Histor. 760 XXV"$"Hist. 760"$"Histor. 760"$"2° Cod. Ms. hist. 760"$"2° Cod. Ms. hist. 760 XXV"$"2° Cod. Ms. hist. 760 : 25"$"Hist. 760, Bd. 25"$"Histor. 760, Bd. 25"
"Göttingen"$"4021477-1"$"Niedersächsische Staats- und Universitätsbibliothek Göttingen"$"2020450-4"$"2 Cod. Ms. hist. 760 : 26"$"2 Cod. Ms. hist. 760"$"2o Hist. 760 XXVI"$"2° Hist. 760 XXVI"$"2° Hist. 760 XXVI"$"2° Hist. 760"$"2° Hist. 760"$"Hist. 760 XXVI"$"Histor. 760 XXVI"$"Hist. 760"$"Histor. 760"$"2° Cod. Ms. hist. 760"$"2° Cod. Ms. hist. 760 XXVI"$"2° Cod. Ms. hist. 760 : 26"$"Hist. 760, Bd. 26"$"Histor. 760, Bd. 26"
"Göttingen"$"4021477-1"$"Niedersächsische Staats- und Universitätsbibliothek Göttingen"$"2020450-4"$"2 Cod. Ms. hist. 760 : 27"$"2 Cod. Ms. hist. 760"$"2o Hist. 760 XXVII"$"2° Hist. 760 XXVII"$"2° Hist. 760 XXVII"$"2° Hist. 760"$"2° Hist. 760"$"Hist. 760 XXVII"$"Histor. 760 XXVII"$"Hist. 760"$"Histor. 760"$"2° Cod. Ms. hist. 760"$"2° Cod. Ms. hist. 760 XXVII"$"2° Cod. Ms. hist. 760 : 27"$"Hist. 760, Bd. 27"$"Histor. 760, Bd. 27"
"Göttingen"$"4021477-1"$"Niedersächsische Staats- und Universitätsbibliothek Göttingen"$"2020450-4"$"2 Cod. Ms. hist. 760 : 28"$"2 Cod. Ms. hist. 760"$"2o Hist. 760 XXVIII"$"2° Hist. 760 XXVIII"$"2° Hist. 760 XXVIII"$"2° Hist. 760"$"2° Hist. 760"$"Hist. 760 XXVIII"$"Histor. 760 XXVIII"$"Hist. 760"$"Histor. 760"$"2° Cod. Ms. hist. 760"$"2° Cod. Ms. hist. 760 XXVIII"$"2° Cod. Ms. hist. 760 : 28"$"Hist. 760, Bd. 28"$"Histor. 760, Bd. 28"
"Göttingen"$"4021477-1"$"Niedersächsische Staats- und Universitätsbibliothek Göttingen"$"2020450-4"$"2 Cod. Ms. hist. 760 : 29"$"2 Cod. Ms. hist. 760"$"2o Hist. 760 XXIX"$"2° Hist. 760 XXIX"$"2° Hist. 760 XXIX"$"2° Hist. 760"$"2° Hist. 760"$"Hist. 760 XXIX"$"Histor. 760 XXIX"$"Hist. 760"$"Histor. 760"$"2° Cod. Ms. hist. 760"$"2° Cod. Ms. hist. 760 XXIX"$"2° Cod. Ms. hist. 760 : 29"$"Hist. 760, Bd. 29"$"Histor. 760, Bd. 29"
"Göttingen"$"4021477-1"$"Niedersächsische Staats- und Universitätsbibliothek Göttingen"$"2020450-4"$"2 Cod. Ms. hist. 760 : 3"$"2 Cod. Ms. hist. 760"$"2o Hist. 760 III"$"2° Hist. 760 III"$"2° Hist. 760 III"$"2° Hist. 760"$"2° Hist. 760"$"Hist. 760 III"$"Histor. 760 III"$"Hist. 760"$"Histor. 760"$"2° Cod. Ms. hist. 760"$"2° Cod. Ms. hist. 760 III"$"2° Cod. Ms. hist. 760 : 3"$"Hist. 760, Bd. 3"$"Histor. 760, Bd. 3"
"Göttingen"$"4021477-1"$"Niedersächsische Staats- und Universitätsbibliothek Göttingen"$"2020450-4"$"2 Cod. Ms. hist. 760 : 30"$"2 Cod. Ms. hist. 760"$"2o Hist. 760 XXX"$"2° Hist. 760 XXX"$"2° Hist. 760 XXX"$"2° Hist. 760"$"2° Hist. 760"$"Hist. 760 XXX"$"Histor. 760 XXX"$"Hist. 760"$"Histor. 760"$"2° Cod. Ms. hist. 760"$"2° Cod. Ms. hist. 760 XXX"$"2° Cod. Ms. hist. 760 : 30"$"Hist. 760, Bd. 30"$"Histor. 760, Bd. 30"
"Göttingen"$"4021477-1"$"Niedersächsische Staats- und Universitätsbibliothek Göttingen"$"2020450-4"$"2 Cod. Ms. hist. 760 : 31"$"2 Cod. Ms. hist. 760"$"2o Hist. 760 XXXI"$"2° Hist. 760 XXXI"$"2° Hist. 760 XXXI"$"2° Hist. 760"$"2° Hist. 760"$"Hist. 760 XXXI"$"Histor. 760 XXXI"$"Hist. 760"$"Histor. 760"$"2° Cod. Ms. hist. 760"$"2° Cod. Ms. hist. 760 XXXI"$"2° Cod. Ms. hist. 760 : 31"$"Hist. 760, Bd. 31"$"Histor. 760, Bd. 31"
"Göttingen"$"4021477-1"$"Niedersächsische Staats- und Universitätsbibliothek Göttingen"$"2020450-4"$"2 Cod. Ms. hist. 760 : 32"$"2 Cod. Ms. hist. 760"$"2o Hist. 760 XXXII"$"2° Hist. 760 XXXII"$"2° Hist. 760 XXXII"$"2° Hist. 760"$"2° Hist. 760"$"Hist. 760 XXXII"$"Histor. 760 XXXII"$"Hist. 760"$"Histor. 760"$"2° Cod. Ms. hist. 760"$"2° Cod. Ms. hist. 760 XXXII"$"2° Cod. Ms. hist. 760 : 32"$"Hist. 760, Bd. 32"$"Histor. 760, Bd. 32"
"Göttingen"$"4021477-1"$"Niedersächsische Staats- und Universitätsbibliothek Göttingen"$"2020450-4"$"2 Cod. Ms. hist. 760 : 33"$"2 Cod. Ms. hist. 760"$"2o Hist. 760 XXXIII"$"2° Hist. 760 XXXIII"$"2° Hist. 760 XXXIII"$"2° Hist. 760"$"2° Hist. 760"$"Hist. 760 XXXIII"$"Histor. 760 XXXIII"$"Hist. 760"$"Histor. 760"$"2° Cod. Ms. hist. 760"$"2° Cod. Ms. hist. 760 XXXIII"$"2° Cod. Ms. hist. 760 : 33"$"Hist. 760, Bd. 33"$"Histor. 760, Bd. 33"
"Göttingen"$"4021477-1"$"Niedersächsische Staats- und Universitätsbibliothek Göttingen"$"2020450-4"$"2 Cod. Ms. hist. 760 : 34"$"2 Cod. Ms. hist. 760"$"2o Hist. 760 XXXIV"$"2° Hist. 760 XXXIV"$"2° Hist. 760 XXXIV"$"2° Hist. 760"$"2° Hist. 760"$"Hist. 760 XXXIV"$"Histor. 760 XXXIV"$"Hist. 760"$"Histor. 760"$"2° Cod. Ms. hist. 760"$"2° Cod. Ms. hist. 760 XXXIV"$"2° Cod. Ms. hist. 760 : 34"$"Hist. 760, Bd. 34"$"Histor. 760, Bd. 34"
"Göttingen"$"4021477-1"$"Niedersächsische Staats- und Universitätsbibliothek Göttingen"$"2020450-4"$"2 Cod. Ms. hist. 760 : 35"$"2 Cod. Ms. hist. 760"$"2o Hist. 760 XXXV"$"2° Hist. 760 XXXV"$"2° Hist. 760 XXXV"$"2° Hist. 760"$"2° Hist. 760"$"Hist. 760 XXXV"$"Histor. 760 XXXV"$"Hist. 760"$"Histor. 760"$"2° Cod. Ms. hist. 760"$"2° Cod. Ms. hist. 760 XXXV"$"2° Cod. Ms. hist. 760 : 35"$"Hist. 760, Bd. 35"$"Histor. 760, Bd. 35"
"Göttingen"$"4021477-1"$"Niedersächsische Staats- und Universitätsbibliothek Göttingen"$"2020450-4"$"2 Cod. Ms. hist. 760 : 36"$"2 Cod. Ms. hist. 760"$"2o Hist. 760 XXXVI"$"2° Hist. 760 XXXVI"$"2° Hist. 760 XXXVI"$"2° Hist. 760"$"2° Hist. 760"$"Hist. 760 XXXVI"$"Histor. 760 XXXVI"$"Hist. 760"$"Histor. 760"$"2° Cod. Ms. hist. 760"$"2° Cod. Ms. hist. 760 XXXVI"$"2° Cod. Ms. hist. 760 : 36"$"Hist. 760, Bd. 36"$"Histor. 760, Bd. 36"
"Göttingen"$"4021477-1"$"Niedersächsische Staats- und Universitätsbibliothek Göttingen"$"2020450-4"$"2 Cod. Ms. hist. 760 : 37"$"2 Cod. Ms. hist. 760"$"2o Hist. 760 XXXVII"$"2° Hist. 760 XXXVII"$"2° Hist. 760 XXXVII"$"2° Hist. 760"$"2° Hist. 760"$"Hist. 760 XXXVII"$"Histor. 760 XXXVII"$"Hist. 760"$"Histor. 760"$"2° Cod. Ms. hist. 760"$"2° Cod. Ms. hist. 760 XXXVII"$"2° Cod. Ms. hist. 760 : 37"$"Hist. 760, Bd. 37"$"Histor. 760, Bd. 37"
"Göttingen"$"4021477-1"$"Niedersächsische Staats- und Universitätsbibliothek Göttingen"$"2020450-4"$"2 Cod. Ms. hist. 760 : 38"$"2 Cod. Ms. hist. 760"$"2o Hist. 760 XXXVIII"$"2° Hist. 760 XXXVIII"$"2° Hist. 760 XXXVIII"$"2° Hist. 760"$"2° Hist. 760"$"Hist. 760 XXXVIII"$"Histor. 760 XXXVIII"$"Hist. 760"$"Histor. 760"$"2° Cod. Ms. hist. 760"$"2° Cod. Ms. hist. 760 XXXVIII"$"2° Cod. Ms. hist. 760 : 38"$"Hist. 760, Bd. 38"$"Histor. 760, Bd. 38"
"Göttingen"$"4021477-1"$"Niedersächsische Staats- und Universitätsbibliothek Göttingen"$"2020450-4"$"2 Cod. Ms. hist. 760 : 39"$"2 Cod. Ms. hist. 760"$"2o Hist. 760 XXXIX"$"2° Hist. 760 XXXIX"$"2° Hist. 760 XXXIX"$"2° Hist. 760"$"2° Hist. 760"$"Hist. 760 XXXIX"$"Histor. 760 XXXIX"$"Hist. 760"$"Histor. 760"$"2° Cod. Ms. hist. 760"$"2° Cod. Ms. hist. 760 XXXIX"$"2° Cod. Ms. hist. 760 : 39"$"Hist. 760, Bd. 39"$"Histor. 760, Bd. 39"
"Göttingen"$"4021477-1"$"Niedersächsische Staats- und Universitätsbibliothek Göttingen"$"2020450-4"$"2 Cod. Ms. hist. 760 : 4"$"2 Cod. Ms. hist. 760"$"2o Hist. 760 IV"$"2° Hist. 760 IV"$"2° Hist. 760 IV"$"2° Hist. 760"$"2° Hist. 760"$"Hist. 760 IV"$"Histor. 760 IV"$"Hist. 760"$"Histor. 760"$"2° Cod. Ms. hist. 760"$"2° Cod. Ms. hist. 760 IV"$"2° Cod. Ms. hist. 760 : 4"$"Hist. 760, Bd. 4"$"Histor. 760, Bd. 4"
"Göttingen"$"4021477-1"$"Niedersächsische Staats- und Universitätsbibliothek Göttingen"$"2020450-4"$"2 Cod. Ms. hist. 760 : 40"$"2 Cod. Ms. hist. 760"$"2o Hist. 760 XL"$"2° Hist. 760 XL"$"2° Hist. 760 XL"$"2° Hist. 760"$"2° Hist. 760"$"Hist. 760 XL"$"Histor. 760 XL"$"Hist. 760"$"Histor. 760"$"2° Cod. Ms. hist. 760"$"2° Cod. Ms. hist. 760 XL"$"2° Cod. Ms. hist. 760 : 40"$"Hist. 760, Bd. 40"$"Histor. 760, Bd. 40"
"Göttingen"$"4021477-1"$"Niedersächsische Staats- und Universitätsbibliothek Göttingen"$"2020450-4"$"2 Cod. Ms. hist. 760 : 41"$"2 Cod. Ms. hist. 760"$"2o Hist. 760 XLI"$"2° Hist. 760 XLI"$"2° Hist. 760 XLI"$"2° Hist. 760"$"2° Hist. 760"$"Hist. 760 XLI"$"Histor. 760 XLI"$"Hist. 760"$"Histor. 760"$"2° Cod. Ms. hist. 760"$"2° Cod. Ms. hist. 760 XLI"$"2° Cod. Ms. hist. 760 : 41"$"Hist. 760, Bd. 41"$"Histor. 760, Bd. 41"
"Göttingen"$"4021477-1"$"Niedersächsische Staats- und Universitätsbibliothek Göttingen"$"2020450-4"$"2 Cod. Ms. hist. 760 : 42"$"2 Cod. Ms. hist. 760"$"2o Hist. 760 XLII"$"2° Hist. 760 XLII"$"2° Hist. 760 XLII"$"2° Hist. 760"$"2° Hist. 760"$"Hist. 760 XLII"$"Histor. 760 XLII"$"Hist. 760"$"Histor. 760"$"2° Cod. Ms. hist. 760"$"2° Cod. Ms. hist. 760 XLII"$"2° Cod. Ms. hist. 760 : 42"$"Hist. 760, Bd. 42"$"Histor. 760, Bd. 42"
"Göttingen"$"4021477-1"$"Niedersächsische Staats- und Universitätsbibliothek Göttingen"$"2020450-4"$"2 Cod. Ms. hist. 760 : 43"$"2 Cod. Ms. hist. 760"$"2o Hist. 760 XLIII"$"2° Hist. 760 XLIII"$"2° Hist. 760 XLIII"$"2° Hist. 760"$"2° Hist. 760"$"Hist. 760 XLIII"$"Histor. 760 XLIII"$"Hist. 760"$"Histor. 760"$"2° Cod. Ms. hist. 760"$"2° Cod. Ms. hist. 760 XLIII"$"2° Cod. Ms. hist. 760 : 43"$"Hist. 760, Bd. 43"$"Histor. 760, Bd. 43"
"Göttingen"$"4021477-1"$"Niedersächsische Staats- und Universitätsbibliothek Göttingen"$"2020450-4"$"2 Cod. Ms. hist. 760 : 44"$"2 Cod. Ms. hist. 760"$"2o Hist. 760 XLIV"$"2° Hist. 760 XLIV"$"2° Hist. 760 XLIV"$"2° Hist. 760"$"2° Hist. 760"$"Hist. 760 XLIV"$"Histor. 760 XLIV"$"Hist. 760"$"Histor. 760"$"2° Cod. Ms. hist. 760"$"2° Cod. Ms. hist. 760 XLIV"$"2° Cod. Ms. hist. 760 : 44"$"Hist. 760, Bd. 44"$"Histor. 760, Bd. 44"
"Göttingen"$"4021477-1"$"Niedersächsische Staats- und Universitätsbibliothek Göttingen"$"2020450-4"$"2 Cod. Ms. hist. 760 : 45"$"2 Cod. Ms. hist. 760"$"2o Hist. 760 XLV"$"2° Hist. 760 XLV"$"2° Hist. 760 XLV"$"2° Hist. 760"$"2° Hist. 760"$"Hist. 760 XLV"$"Histor. 760 XLV"$"Hist. 760"$"Histor. 760"$"2° Cod. Ms. hist. 760"$"2° Cod. Ms. hist. 760 XLV"$"2° Cod. Ms. hist. 760 : 45"$"Hist. 760, Bd. 45"$"Histor. 760, Bd. 45"
"Göttingen"$"4021477-1"$"Niedersächsische Staats- und Universitätsbibliothek Göttingen"$"2020450-4"$"2 Cod. Ms. hist. 760 : 46"$"2 Cod. Ms. hist. 760"$"2o Hist. 760 XLVI"$"2° Hist. 760 XLVI"$"2° Hist. 760 XLVI"$"2° Hist. 760"$"2° Hist. 760"$"Hist. 760 XLVI"$"Histor. 760 XLVI"$"Hist. 760"$"Histor. 760"$"2° Cod. Ms. hist. 760"$"2° Cod. Ms. hist. 760 XLVI"$"2° Cod. Ms. hist. 760 : 46"$"Hist. 760, Bd. 46"$"Histor. 760, Bd. 46"
"Göttingen"$"4021477-1"$"Niedersächsische Staats- und Universitätsbibliothek Göttingen"$"2020450-4"$"2 Cod. Ms. hist. 760 : 47"$"2 Cod. Ms. hist. 760"$"2o Hist. 760 XLVII"$"2° Hist. 760 XLVII"$"2° Hist. 760 XLVII"$"2° Hist. 760"$"2° Hist. 760"$"Hist. 760 XLVII"$"Histor. 760 XLVII"$"Hist. 760"$"Histor. 760"$"2° Cod. Ms. hist. 760"$"2° Cod. Ms. hist. 760 XLVII"$"2° Cod. Ms. hist. 760 : 47"$"Hist. 760, Bd. 47"$"Histor. 760, Bd. 47"
"Göttingen"$"4021477-1"$"Niedersächsische Staats- und Universitätsbibliothek Göttingen"$"2020450-4"$"2 Cod. Ms. hist. 760 : 48"$"2 Cod. Ms. hist. 760"$"2o Hist. 760 XLVIII"$"2° Hist. 760 XLVIII"$"2° Hist. 760 XLVIII"$"2° Hist. 760"$"2° Hist. 760"$"Hist. 760 XLVIII"$"Histor. 760 XLVIII"$"Hist. 760"$"Histor. 760"$"2° Cod. Ms. hist. 760"$"2° Cod. Ms. hist. 760 XLVIII"$"2° Cod. Ms. hist. 760 : 48"$"Hist. 760, Bd. 48"$"Histor. 760, Bd. 48"
"Göttingen"$"4021477-1"$"Niedersächsische Staats- und Universitätsbibliothek Göttingen"$"2020450-4"$"2 Cod. Ms. hist. 760 : 49"$"2 Cod. Ms. hist. 760"$"2o Hist. 760 XLIX"$"2° Hist. 760 XLIX"$"2° Hist. 760 XLIX"$"2° Hist. 760"$"2° Hist. 760"$"Hist. 760 XLIX"$"Histor. 760 XLIX"$"Hist. 760"$"Histor. 760"$"2° Cod. Ms. hist. 760"$"2° Cod. Ms. hist. 760 XLIX"$"2° Cod. Ms. hist. 760 : 49"$"Hist. 760, Bd. 49"$"Histor. 760, Bd. 49"
"Göttingen"$"4021477-1"$"Niedersächsische Staats- und Universitätsbibliothek Göttingen"$"2020450-4"$"2 Cod. Ms. hist. 760 : 5"$"2 Cod. Ms. hist. 760"$"2o Hist. 760 V"$"2° Hist. 760 V"$"2° Hist. 760 V"$"2° Hist. 760"$"2° Hist. 760"$"Hist. 760 V"$"Histor. 760 V"$"Hist. 760"$"Histor. 760"$"2° Cod. Ms. hist. 760"$"2° Cod. Ms. hist. 760 V"$"2° Cod. Ms. hist. 760 : 5"$"Hist. 760, Bd. 5"$"Histor. 760, Bd. 5"
"Göttingen"$"4021477-1"$"Niedersächsische Staats- und Universitätsbibliothek Göttingen"$"2020450-4"$"2 Cod. Ms. hist. 760 : 50"$"2 Cod. Ms. hist. 760"$"2o Hist. 760 L"$"2° Hist. 760 L"$"2° Hist. 760 L"$"2° Hist. 760"$"2° Hist. 760"$"Hist. 760 L"$"Histor. 760 L"$"Hist. 760"$"Histor. 760"$"2° Cod. Ms. hist. 760"$"2° Cod. Ms. hist. 760 L"$"2° Cod. Ms. hist. 760 : 50"$"Hist. 760, Bd. 50"$"Histor. 760, Bd. 50"
"Göttingen"$"4021477-1"$"Niedersächsische Staats- und Universitätsbibliothek Göttingen"$"2020450-4"$"2 Cod. Ms. hist. 760 : 51"$"2 Cod. Ms. hist. 760"$"2o Hist. 760 LI"$"2° Hist. 760 LI"$"2° Hist. 760 LI"$"2° Hist. 760"$"2° Hist. 760"$"Hist. 760 LI"$"Histor. 760 LI"$"Hist. 760"$"Histor. 760"$"2° Cod. Ms. hist. 760"$"2° Cod. Ms. hist. 760 LI"$"2° Cod. Ms. hist. 760 : 51"$"Hist. 760, Bd. 51"$"Histor. 760, Bd. 51"
"Göttingen"$"4021477-1"$"Niedersächsische Staats- und Universitätsbibliothek Göttingen"$"2020450-4"$"2 Cod. Ms. hist. 760 : 52"$"2 Cod. Ms. hist. 760"$"2o Hist. 760 LII"$"2° Hist. 760 LII"$"2° Hist. 760 LII"$"2° Hist. 760"$"2° Hist. 760"$"Hist. 760 LII"$"Histor. 760 LII"$"Hist. 760"$"Histor. 760"$"2° Cod. Ms. hist. 760"$"2° Cod. Ms. hist. 760 LII"$"2° Cod. Ms. hist. 760 : 52"$"Hist. 760, Bd. 52"$"Histor. 760, Bd. 52"
"Göttingen"$"4021477-1"$"Niedersächsische Staats- und Universitätsbibliothek Göttingen"$"2020450-4"$"2 Cod. Ms. hist. 760 : 53"$"2 Cod. Ms. hist. 760"$"2o Hist. 760 LIII"$"2° Hist. 760 LIII"$"2° Hist. 760 LIII"$"2° Hist. 760"$"2° Hist. 760"$"Hist. 760 LIII"$"Histor. 760 LIII"$"Hist. 760"$"Histor. 760"$"2° Cod. Ms. hist. 760"$"2° Cod. Ms. hist. 760 LIII"$"2° Cod. Ms. hist. 760 : 53"$"Hist. 760, Bd. 53"$"Histor. 760, Bd. 53"
"Göttingen"$"4021477-1"$"Niedersächsische Staats- und Universitätsbibliothek Göttingen"$"2020450-4"$"2 Cod. Ms. hist. 760 : 54"$"2 Cod. Ms. hist. 760"$"2o Hist. 760 LIV"$"2° Hist. 760 LIV"$"2° Hist. 760 LIV"$"2° Hist. 760"$"2° Hist. 760"$"Hist. 760 LIV"$"Histor. 760 LIV"$"Hist. 760"$"Histor. 760"$"2° Cod. Ms. hist. 760"$"2° Cod. Ms. hist. 760 LIV"$"2° Cod. Ms. hist. 760 : 54"$"Hist. 760, Bd. 54"$"Histor. 760, Bd. 54"
"Göttingen"$"4021477-1"$"Niedersächsische Staats- und Universitätsbibliothek Göttingen"$"2020450-4"$"2 Cod. Ms. hist. 760 : 55"$"2 Cod. Ms. hist. 760"$"2o Hist. 760 LV"$"2° Hist. 760 LV"$"2° Hist. 760 LV"$"2° Hist. 760"$"2° Hist. 760"$"Hist. 760 LV"$"Histor. 760 LV"$"Hist. 760"$"Histor. 760"$"2° Cod. Ms. hist. 760"$"2° Cod. Ms. hist. 760 LV"$"2° Cod. Ms. hist. 760 : 55"$"Hist. 760, Bd. 55"$"Histor. 760, Bd. 55"
"Göttingen"$"4021477-1"$"Niedersächsische Staats- und Universitätsbibliothek Göttingen"$"2020450-4"$"2 Cod. Ms. hist. 760 : 56"$"2 Cod. Ms. hist. 760"$"2o Hist. 760 LVI"$"2° Hist. 760 LVI"$"2° Hist. 760 LVI"$"2° Hist. 760"$"2° Hist. 760"$"Hist. 760 LVI"$"Histor. 760 LVI"$"Hist. 760"$"Histor. 760"$"2° Cod. Ms. hist. 760"$"2° Cod. Ms. hist. 760 LVI"$"2° Cod. Ms. hist. 760 : 56"$"Hist. 760, Bd. 56"$"Histor. 760, Bd. 56"
"Göttingen"$"4021477-1"$"Niedersächsische Staats- und Universitätsbibliothek Göttingen"$"2020450-4"$"2 Cod. Ms. hist. 760 : 57"$"2 Cod. Ms. hist. 760"$"2o Hist. 760 LVII"$"2° Hist. 760 LVII"$"2° Hist. 760 LVII"$"2° Hist. 760"$"2° Hist. 760"$"Hist. 760 LVII"$"Histor. 760 LVII"$"Hist. 760"$"Histor. 760"$"2° Cod. Ms. hist. 760"$"2° Cod. Ms. hist. 760 LVII"$"2° Cod. Ms. hist. 760 : 57"$"Hist. 760, Bd. 57"$"Histor. 760, Bd. 57"
"Göttingen"$"4021477-1"$"Niedersächsische Staats- und Universitätsbibliothek Göttingen"$"2020450-4"$"2 Cod. Ms. hist. 760 : 58"$"2 Cod. Ms. hist. 760"$"2o Hist. 760 LVIII"$"2° Hist. 760 LVIII"$"2° Hist. 760 LVIII"$"2° Hist. 760"$"2° Hist. 760"$"Hist. 760 LVIII"$"Histor. 760 LVIII"$"Hist. 760"$"Histor. 760"$"2° Cod. Ms. hist. 760"$"2° Cod. Ms. hist. 760 LVIII"$"2° Cod. Ms. hist. 760 : 58"$"Hist. 760, Bd. 58"$"Histor. 760, Bd. 58"
"Göttingen"$"4021477-1"$"Niedersächsische Staats- und Universitätsbibliothek Göttingen"$"2020450-4"$"2 Cod. Ms. hist. 760 : 59"$"2 Cod. Ms. hist. 760"$"2o Hist. 760 LIX"$"2° Hist. 760 LIX"$"2° Hist. 760 LIX"$"2° Hist. 760"$"2° Hist. 760"$"Hist. 760 LIX"$"Histor. 760 LIX"$"Hist. 760"$"Histor. 760"$"2° Cod. Ms. hist. 760"$"2° Cod. Ms. hist. 760 LIX"$"2° Cod. Ms. hist. 760 : 59"$"Hist. 760, Bd. 59"$"Histor. 760, Bd. 59"
"Göttingen"$"4021477-1"$"Niedersächsische Staats- und Universitätsbibliothek Göttingen"$"2020450-4"$"2 Cod. Ms. hist. 760 : 6"$"2 Cod. Ms. hist. 760"$"2o Hist. 760 VI"$"2° Hist. 760 VI"$"2° Hist. 760 VI"$"2° Hist. 760"$"2° Hist. 760"$"Hist. 760 VI"$"Histor. 760 VI"$"Hist. 760"$"Histor. 760"$"2° Cod. Ms. hist. 760"$"2° Cod. Ms. hist. 760 VI"$"2° Cod. Ms. hist. 760 : 6"$"Hist. 760, Bd. 6"$"Histor. 760, Bd. 6"
"Göttingen"$"4021477-1"$"Niedersächsische Staats- und Universitätsbibliothek Göttingen"$"2020450-4"$"2 Cod. Ms. hist. 760 : 60"$"2 Cod. Ms. hist. 760"$"2o Hist. 760 LX"$"2° Hist. 760 LX"$"2° Hist. 760 LX"$"2° Hist. 760"$"2° Hist. 760"$"Hist. 760 LX"$"Histor. 760 LX"$"Hist. 760"$"Histor. 760"$"2° Cod. Ms. hist. 760"$"2° Cod. Ms. hist. 760 LX"$"2° Cod. Ms. hist. 760 : 60"$"Hist. 760, Bd. 60"$"Histor. 760, Bd. 60"
"Göttingen"$"4021477-1"$"Niedersächsische Staats- und Universitätsbibliothek Göttingen"$"2020450-4"$"2 Cod. Ms. hist. 760 : 61"$"2 Cod. Ms. hist. 760"$"2o Hist. 760 LXI"$"2° Hist. 760 LXI"$"2° Hist. 760 LXI"$"2° Hist. 760"$"2° Hist. 760"$"Hist. 760 LXI"$"Histor. 760 LXI"$"Hist. 760"$"Histor. 760"$"2° Cod. Ms. hist. 760"$"2° Cod. Ms. hist. 760 LXI"$"2° Cod. Ms. hist. 760 : 61"$"Hist. 760, Bd. 61"$"Histor. 760, Bd. 61"
"Göttingen"$"4021477-1"$"Niedersächsische Staats- und Universitätsbibliothek Göttingen"$"2020450-4"$"2 Cod. Ms. hist. 760 : 62"$"2 Cod. Ms. hist. 760"$"2o Hist. 760 LXII"$"2° Hist. 760 LXII"$"2° Hist. 760 LXII"$"2° Hist. 760"$"2° Hist. 760"$"Hist. 760 LXII"$"Histor. 760 LXII"$"Hist. 760"$"Histor. 760"$"2° Cod. Ms. hist. 760"$"2° Cod. Ms. hist. 760 LXII"$"2° Cod. Ms. hist. 760 : 62"$"Hist. 760, Bd. 62"$"Histor. 760, Bd. 62"
"Göttingen"$"4021477-1"$"Niedersächsische Staats- und Universitätsbibliothek Göttingen"$"2020450-4"$"2 Cod. Ms. hist. 760 : 63"$"2 Cod. Ms. hist. 760"$"2o Hist. 760 LXIII"$"2° Hist. 760 LXIII"$"2° Hist. 760 LXIII"$"2° Hist. 760"$"2° Hist. 760"$"Hist. 760 LXIII"$"Histor. 760 LXIII"$"Hist. 760"$"Histor. 760"$"2° Cod. Ms. hist. 760"$"2° Cod. Ms. hist. 760 LXIII"$"2° Cod. Ms. hist. 760 : 63"$"Hist. 760, Bd. 63"$"Histor. 760, Bd. 63"
"Göttingen"$"4021477-1"$"Niedersächsische Staats- und Universitätsbibliothek Göttingen"$"2020450-4"$"2 Cod. Ms. hist. 760 : 64"$"2 Cod. Ms. hist. 760"$"2o Hist. 760 LXIV"$"2° Hist. 760 LXIV"$"2° Hist. 760 LXIV"$"2° Hist. 760"$"2° Hist. 760"$"Hist. 760 LXIV"$"Histor. 760 LXIV"$"Hist. 760"$"Histor. 760"$"2° Cod. Ms. hist. 760"$"2° Cod. Ms. hist. 760 LXIV"$"2° Cod. Ms. hist. 760 : 64"$"Hist. 760, Bd. 64"$"Histor. 760, Bd. 64"
"Göttingen"$"4021477-1"$"Niedersächsische Staats- und Universitätsbibliothek Göttingen"$"2020450-4"$"2 Cod. Ms. hist. 760 : 65"$"2 Cod. Ms. hist. 760"$"2o Hist. 760 LXV"$"2° Hist. 760 LXV"$"2° Hist. 760 LXV"$"2° Hist. 760"$"2° Hist. 760"$"Hist. 760 LXV"$"Histor. 760 LXV"$"Hist. 760"$"Histor. 760"$"2° Cod. Ms. hist. 760"$"2° Cod. Ms. hist. 760 LXV"$"2° Cod. Ms. hist. 760 : 65"$"Hist. 760, Bd. 65"$"Histor. 760, Bd. 65"
"Göttingen"$"4021477-1"$"Niedersächsische Staats- und Universitätsbibliothek Göttingen"$"2020450-4"$"2 Cod. Ms. hist. 760 : 66"$"2 Cod. Ms. hist. 760"$"2o Hist. 760 LXVI"$"2° Hist. 760 LXVI"$"2° Hist. 760 LXVI"$"2° Hist. 760"$"2° Hist. 760"$"Hist. 760 LXVI"$"Histor. 760 LXVI"$"Hist. 760"$"Histor. 760"$"2° Cod. Ms. hist. 760"$"2° Cod. Ms. hist. 760 LXVI"$"2° Cod. Ms. hist. 760 : 66"$"Hist. 760, Bd. 66"$"Histor. 760, Bd. 66"
"Göttingen"$"4021477-1"$"Niedersächsische Staats- und Universitätsbibliothek Göttingen"$"2020450-4"$"2 Cod. Ms. hist. 760 : 67"$"2 Cod. Ms. hist. 760"$"2o Hist. 760 LXVII"$"2° Hist. 760 LXVII"$"2° Hist. 760 LXVII"$"2° Hist. 760"$"2° Hist. 760"$"Hist. 760 LXVII"$"Histor. 760 LXVII"$"Hist. 760"$"Histor. 760"$"2° Cod. Ms. hist. 760"$"2° Cod. Ms. hist. 760 LXVII"$"2° Cod. Ms. hist. 760 : 67"$"Hist. 760, Bd. 67"$"Histor. 760, Bd. 67"
"Göttingen"$"4021477-1"$"Niedersächsische Staats- und Universitätsbibliothek Göttingen"$"2020450-4"$"2 Cod. Ms. hist. 760 : 68"$"2 Cod. Ms. hist. 760"$"2o Hist. 760 LXVIII"$"2° Hist. 760 LXVIII"$"2° Hist. 760 LXVIII"$"2° Hist. 760"$"2° Hist. 760"$"Hist. 760 LXVIII"$"Histor. 760 LXVIII"$"Hist. 760"$"Histor. 760"$"2° Cod. Ms. hist. 760"$"2° Cod. Ms. hist. 760 LXVIII"$"2° Cod. Ms. hist. 760 : 68"$"Hist. 760, Bd. 68"$"Histor. 760, Bd. 68"
"Göttingen"$"4021477-1"$"Niedersächsische Staats- und Universitätsbibliothek Göttingen"$"2020450-4"$"2 Cod. Ms. hist. 760 : 69"$"2 Cod. Ms. hist. 760"$"2o Hist. 760 LXIX"$"2° Hist. 760 LXIX"$"2° Hist. 760 LXIX"$"2° Hist. 760"$"2° Hist. 760"$"Hist. 760 LXIX"$"Histor. 760 LXIX"$"Hist. 760"$"Histor. 760"$"2° Cod. Ms. hist. 760"$"2° Cod. Ms. hist. 760 LXIX"$"2° Cod. Ms. hist. 760 : 69"$"Hist. 760, Bd. 69"$"Histor. 760, Bd. 69"
"Göttingen"$"4021477-1"$"Niedersächsische Staats- und Universitätsbibliothek Göttingen"$"2020450-4"$"2 Cod. Ms. hist. 760 : 7"$"2 Cod. Ms. hist. 760"$"2o Hist. 760 VII"$"2° Hist. 760 VII"$"2° Hist. 760 VII"$"2° Hist. 760"$"2° Hist. 760"$"Hist. 760 VII"$"Histor. 760 VII"$"Hist. 760"$"Histor. 760"$"2° Cod. Ms. hist. 760"$"2° Cod. Ms. hist. 760 VII"$"2° Cod. Ms. hist. 760 : 7"$"Hist. 760, Bd. 7"$"Histor. 760, Bd. 7"
"Göttingen"$"4021477-1"$"Niedersächsische Staats- und Universitätsbibliothek Göttingen"$"2020450-4"$"2 Cod. Ms. hist. 760 : 70"$"2 Cod. Ms. hist. 760"$"2o Hist. 760 LXX"$"2° Hist. 760 LXX"$"2° Hist. 760 LXX"$"2° Hist. 760"$"2° Hist. 760"$"Hist. 760 LXX"$"Histor. 760 LXX"$"Hist. 760"$"Histor. 760"$"2° Cod. Ms. hist. 760"$"2° Cod. Ms. hist. 760 LXX"$"2° Cod. Ms. hist. 760 : 70"$"Hist. 760, Bd. 70"$"Histor. 760, Bd. 70"
"Göttingen"$"4021477-1"$"Niedersächsische Staats- und Universitätsbibliothek Göttingen"$"2020450-4"$"2 Cod. Ms. hist. 760 : 71"$"2 Cod. Ms. hist. 760"$"2o Hist. 760 LXXI"$"2° Hist. 760 LXXI"$"2° Hist. 760 LXXI"$"2° Hist. 760"$"2° Hist. 760"$"Hist. 760 LXXI"$"Histor. 760 LXXI"$"Hist. 760"$"Histor. 760"$"2° Cod. Ms. hist. 760"$"2° Cod. Ms. hist. 760 LXXI"$"2° Cod. Ms. hist. 760 : 71"$"Hist. 760, Bd. 71"$"Histor. 760, Bd. 71"
"Göttingen"$"4021477-1"$"Niedersächsische Staats- und Universitätsbibliothek Göttingen"$"2020450-4"$"2 Cod. Ms. hist. 760 : 72"$"2 Cod. Ms. hist. 760"$"2o Hist. 760 LXXII"$"2° Hist. 760 LXXII"$"2° Hist. 760 LXXII"$"2° Hist. 760"$"2° Hist. 760"$"Hist. 760 LXXII"$"Histor. 760 LXXII"$"Hist. 760"$"Histor. 760"$"2° Cod. Ms. hist. 760"$"2° Cod. Ms. hist. 760 LXXII"$"2° Cod. Ms. hist. 760 : 72"$"Hist. 760, Bd. 72"$"Histor. 760, Bd. 72"
"Göttingen"$"4021477-1"$"Niedersächsische Staats- und Universitätsbibliothek Göttingen"$"2020450-4"$"2 Cod. Ms. hist. 760 : 73"$"2 Cod. Ms. hist. 760"$"2o Hist. 760 LXXIII"$"2° Hist. 760 LXXIII"$"2° Hist. 760 LXXIII"$"2° Hist. 760"$"2° Hist. 760"$"Hist. 760 LXXIII"$"Histor. 760 LXXIII"$"Hist. 760"$"Histor. 760"$"2° Cod. Ms. hist. 760"$"2° Cod. Ms. hist. 760 LXXIII"$"2° Cod. Ms. hist. 760 : 73"$"Hist. 760, Bd. 73"$"Histor. 760, Bd. 73"
"Göttingen"$"4021477-1"$"Niedersächsische Staats- und Universitätsbibliothek Göttingen"$"2020450-4"$"2 Cod. Ms. hist. 760 : 74"$"2 Cod. Ms. hist. 760"$"2o Hist. 760 LXXIV"$"2° Hist. 760 LXXIV"$"2° Hist. 760 LXXIV"$"2° Hist. 760"$"2° Hist. 760"$"Hist. 760 LXXIV"$"Histor. 760 LXXIV"$"Hist. 760"$"Histor. 760"$"2° Cod. Ms. hist. 760"$"2° Cod. Ms. hist. 760 LXXIV"$"2° Cod. Ms. hist. 760 : 74"$"Hist. 760, Bd. 74"$"Histor. 760, Bd. 74"
"Göttingen"$"4021477-1"$"Niedersächsische Staats- und Universitätsbibliothek Göttingen"$"2020450-4"$"2 Cod. Ms. hist. 760 : 75"$"2 Cod. Ms. hist. 760"$"2o Hist. 760 LXXV"$"2° Hist. 760 LXXV"$"2° Hist. 760 LXXV"$"2° Hist. 760"$"2° Hist. 760"$"Hist. 760 LXXV"$"Histor. 760 LXXV"$"Hist. 760"$"Histor. 760"$"2° Cod. Ms. hist. 760"$"2° Cod. Ms. hist. 760 LXXV"$"2° Cod. Ms. hist. 760 : 75"$"Hist. 760, Bd. 75"$"Histor. 760, Bd. 75"
"Göttingen"$"4021477-1"$"Niedersächsische Staats- und Universitätsbibliothek Göttingen"$"2020450-4"$"2 Cod. Ms. hist. 760 : 76"$"2 Cod. Ms. hist. 760"$"2o Hist. 760 LXXVI"$"2° Hist. 760 LXXVI"$"2° Hist. 760 LXXVI"$"2° Hist. 760"$"2° Hist. 760"$"Hist. 760 LXXVI"$"Histor. 760 LXXVI"$"Hist. 760"$"Histor. 760"$"2° Cod. Ms. hist. 760"$"2° Cod. Ms. hist. 760 LXXVI"$"2° Cod. Ms. hist. 760 : 76"$"Hist. 760, Bd. 76"$"Histor. 760, Bd. 76"
"Göttingen"$"4021477-1"$"Niedersächsische Staats- und Universitätsbibliothek Göttingen"$"2020450-4"$"2 Cod. Ms. hist. 760 : 77"$"2 Cod. Ms. hist. 760"$"2o Hist. 760 LXXVII"$"2° Hist. 760 LXXVII"$"2° Hist. 760 LXXVII"$"2° Hist. 760"$"2° Hist. 760"$"Hist. 760 LXXVII"$"Histor. 760 LXXVII"$"Hist. 760"$"Histor. 760"$"2° Cod. Ms. hist. 760"$"2° Cod. Ms. hist. 760 LXXVII"$"2° Cod. Ms. hist. 760 : 77"$"Hist. 760, Bd. 77"$"Histor. 760, Bd. 77"
"Göttingen"$"4021477-1"$"Niedersächsische Staats- und Universitätsbibliothek Göttingen"$"2020450-4"$"2 Cod. Ms. hist. 760 : 78"$"2 Cod. Ms. hist. 760"$"2o Hist. 760 LXXVIII"$"2° Hist. 760 LXXVIII"$"2° Hist. 760 LXXVIII"$"2° Hist. 760"$"2° Hist. 760"$"Hist. 760 LXXVIII"$"Histor. 760 LXXVIII"$"Hist. 760"$"Histor. 760"$"2° Cod. Ms. hist. 760"$"2° Cod. Ms. hist. 760 LXXVIII"$"2° Cod. Ms. hist. 760 : 78"$"Hist. 760, Bd. 78"$"Histor. 760, Bd. 78"
"Göttingen"$"4021477-1"$"Niedersächsische Staats- und Universitätsbibliothek Göttingen"$"2020450-4"$"2 Cod. Ms. hist. 760 : 79"$"2 Cod. Ms. hist. 760"$"2o Hist. 760 LXXIX"$"2° Hist. 760 LXXIX"$"2° Hist. 760 LXXIX"$"2° Hist. 760"$"2° Hist. 760"$"Hist. 760 LXXIX"$"Histor. 760 LXXIX"$"Hist. 760"$"Histor. 760"$"2° Cod. Ms. hist. 760"$"2° Cod. Ms. hist. 760 LXXIX"$"2° Cod. Ms. hist. 760 : 79"$"Hist. 760, Bd. 79"$"Histor. 760, Bd. 79"
"Göttingen"$"4021477-1"$"Niedersächsische Staats- und Universitätsbibliothek Göttingen"$"2020450-4"$"2 Cod. Ms. hist. 760 : 8"$"2 Cod. Ms. hist. 760"$"2o Hist. 760 VIII"$"2° Hist. 760 VIII"$"2° Hist. 760 VIII"$"2° Hist. 760"$"2° Hist. 760"$"Hist. 760 VIII"$"Histor. 760 VIII"$"Hist. 760"$"Histor. 760"$"2° Cod. Ms. hist. 760"$"2° Cod. Ms. hist. 760 VIII"$"2° Cod. Ms. hist. 760 : 8"$"Hist. 760, Bd. 8"$"Histor. 760, Bd. 8"
"Göttingen"$"4021477-1"$"Niedersächsische Staats- und Universitätsbibliothek Göttingen"$"2020450-4"$"2 Cod. Ms. hist. 760 : 80"$"2 Cod. Ms. hist. 760"$"2o Hist. 760 LXXX"$"2° Hist. 760 LXXX"$"2° Hist. 760 LXXX"$"2° Hist. 760"$"2° Hist. 760"$"Hist. 760 LXXX"$"Histor. 760 LXXX"$"Hist. 760"$"Histor. 760"$"2° Cod. Ms. hist. 760"$"2° Cod. Ms. hist. 760 LXXX"$"2° Cod. Ms. hist. 760 : 80"$"Hist. 760, Bd. 80"$"Histor. 760, Bd. 80"
"Göttingen"$"4021477-1"$"Niedersächsische Staats- und Universitätsbibliothek Göttingen"$"2020450-4"$"2 Cod. Ms. hist. 760 : 81"$"2 Cod. Ms. hist. 760"$"2o Hist. 760 LXXXI"$"2° Hist. 760 LXXXI"$"2° Hist. 760 LXXXI"$"2° Hist. 760"$"2° Hist. 760"$"Hist. 760 LXXXI"$"Histor. 760 LXXXI"$"Hist. 760"$"Histor. 760"$"2° Cod. Ms. hist. 760"$"2° Cod. Ms. hist. 760 LXXXI"$"2° Cod. Ms. hist. 760 : 81"$"Hist. 760, Bd. 81"$"Histor. 760, Bd. 81"
"Göttingen"$"4021477-1"$"Niedersächsische Staats- und Universitätsbibliothek Göttingen"$"2020450-4"$"2 Cod. Ms. hist. 760 : 82"$"2 Cod. Ms. hist. 760"$"2o Hist. 760 LXXXII"$"2° Hist. 760 LXXXII"$"2° Hist. 760 LXXXII"$"2° Hist. 760"$"2° Hist. 760"$"Hist. 760 LXXXII"$"Histor. 760 LXXXII"$"Hist. 760"$"Histor. 760"$"2° Cod. Ms. hist. 760"$"2° Cod. Ms. hist. 760 LXXXII"$"2° Cod. Ms. hist. 760 : 82"$"Hist. 760, Bd. 82"$"Histor. 760, Bd. 82"
"Göttingen"$"4021477-1"$"Niedersächsische Staats- und Universitätsbibliothek Göttingen"$"2020450-4"$"2 Cod. Ms. hist. 760 : 83"$"2 Cod. Ms. hist. 760"$"2o Hist. 760 LXXXIII"$"2° Hist. 760 LXXXIII"$"2° Hist. 760 LXXXIII"$"2° Hist. 760"$"2° Hist. 760"$"Hist. 760 LXXXIII"$"Histor. 760 LXXXIII"$"Hist. 760"$"Histor. 760"$"2° Cod. Ms. hist. 760"$"2° Cod. Ms. hist. 760 LXXXIII"$"2° Cod. Ms. hist. 760 : 83"$"Hist. 760, Bd. 83"$"Histor. 760, Bd. 83"
"Göttingen"$"4021477-1"$"Niedersächsische Staats- und Universitätsbibliothek Göttingen"$"2020450-4"$"2 Cod. Ms. hist. 760 : 84"$"2 Cod. Ms. hist. 760"$"2o Hist. 760 LXXXIV"$"2° Hist. 760 LXXXIV"$"2° Hist. 760 LXXXIV"$"2° Hist. 760"$"2° Hist. 760"$"Hist. 760 LXXXIV"$"Histor. 760 LXXXIV"$"Hist. 760"$"Histor. 760"$"2° Cod. Ms. hist. 760"$"2° Cod. Ms. hist. 760 LXXXIV"$"2° Cod. Ms. hist. 760 : 84"$"Hist. 760, Bd. 84"$"Histor. 760, Bd. 84"
"Göttingen"$"4021477-1"$"Niedersächsische Staats- und Universitätsbibliothek Göttingen"$"2020450-4"$"2 Cod. Ms. hist. 760 : 85"$"2 Cod. Ms. hist. 760"$"2o Hist. 760 LXXXV"$"2° Hist. 760 LXXXV"$"2° Hist. 760 LXXXV"$"2° Hist. 760"$"2° Hist. 760"$"Hist. 760 LXXXV"$"Histor. 760 LXXXV"$"Hist. 760"$"Histor. 760"$"2° Cod. Ms. hist. 760"$"2° Cod. Ms. hist. 760 LXXXV"$"2° Cod. Ms. hist. 760 : 85"$"Hist. 760, Bd. 85"$"Histor. 760, Bd. 85"
"Göttingen"$"4021477-1"$"Niedersächsische Staats- und Universitätsbibliothek Göttingen"$"2020450-4"$"2 Cod. Ms. hist. 760 : 86"$"2 Cod. Ms. hist. 760"$"2o Hist. 760 LXXXVI"$"2° Hist. 760 LXXXVI"$"2° Hist. 760 LXXXVI"$"2° Hist. 760"$"2° Hist. 760"$"Hist. 760 LXXXVI"$"Histor. 760 LXXXVI"$"Hist. 760"$"Histor. 760"$"2° Cod. Ms. hist. 760"$"2° Cod. Ms. hist. 760 LXXXVI"$"2° Cod. Ms. hist. 760 : 86"$"Hist. 760, Bd. 86"$"Histor. 760, Bd. 86"
"Göttingen"$"4021477-1"$"Niedersächsische Staats- und Universitätsbibliothek Göttingen"$"2020450-4"$"2 Cod. Ms. hist. 760 : 87"$"2 Cod. Ms. hist. 760"$"2o Hist. 760 LXXXVII"$"2° Hist. 760 LXXXVII"$"2° Hist. 760 LXXXVII"$"2° Hist. 760"$"2° Hist. 760"$"Hist. 760 LXXXVII"$"Histor. 760 LXXXVII"$"Hist. 760"$"Histor. 760"$"2° Cod. Ms. hist. 760"$"2° Cod. Ms. hist. 760 LXXXVII"$"2° Cod. Ms. hist. 760 : 87"$"Hist. 760, Bd. 87"$"Histor. 760, Bd. 87"
"Göttingen"$"4021477-1"$"Niedersächsische Staats- und Universitätsbibliothek Göttingen"$"2020450-4"$"2 Cod. Ms. hist. 760 : 88"$"2 Cod. Ms. hist. 760"$"2o Hist. 760 LXXXVIII"$"2° Hist. 760 LXXXVIII"$"2° Hist. 760 LXXXVIII"$"2° Hist. 760"$"2° Hist. 760"$"Hist. 760 LXXXVIII"$"Histor. 760 LXXXVIII"$"Hist. 760"$"Histor. 760"$"2° Cod. Ms. hist. 760"$"2° Cod. Ms. hist. 760 LXXXVIII"$"2° Cod. Ms. hist. 760 : 88"$"Hist. 760, Bd. 88"$"Histor. 760, Bd. 88"
"Göttingen"$"4021477-1"$"Niedersächsische Staats- und Universitätsbibliothek Göttingen"$"2020450-4"$"2 Cod. Ms. hist. 760 : 89"$"2 Cod. Ms. hist. 760"$"2o Hist. 760 LXXXIX"$"2° Hist. 760 LXXXIX"$"2° Hist. 760 LXXXIX"$"2° Hist. 760"$"2° Hist. 760"$"Hist. 760 LXXXIX"$"Histor. 760 LXXXIX"$"Hist. 760"$"Histor. 760"$"2° Cod. Ms. hist. 760"$"2° Cod. Ms. hist. 760 LXXXIX"$"2° Cod. Ms. hist. 760 : 89"$"Hist. 760, Bd. 89"$"Histor. 760, Bd. 89"
"Göttingen"$"4021477-1"$"Niedersächsische Staats- und Universitätsbibliothek Göttingen"$"2020450-4"$"2 Cod. Ms. hist. 760 : 9"$"2 Cod. Ms. hist. 760"$"2o Hist. 760 IX"$"2° Hist. 760 IX"$"2° Hist. 760 IX"$"2° Hist. 760"$"2° Hist. 760"$"Hist. 760 IX"$"Histor. 760 IX"$"Hist. 760"$"Histor. 760"$"2° Cod. Ms. hist. 760"$"2° Cod. Ms. hist. 760 IX"$"2° Cod. Ms. hist. 760 : 9"$"Hist. 760, Bd. 9"$"Histor. 760, Bd. 9"
"Göttingen"$"4021477-1"$"Niedersächsische Staats- und Universitätsbibliothek Göttingen"$"2020450-4"$"2 Cod. Ms. hist. 760 : 90"$"2 Cod. Ms. hist. 760"$"2o Hist. 760 XC"$"2° Hist. 760 XC"$"2° Hist. 760 XC"$"2° Hist. 760"$"2° Hist. 760"$"Hist. 760 XC"$"Histor. 760 XC"$"Hist. 760"$"Histor. 760"$"2° Cod. Ms. hist. 760"$"2° Cod. Ms. hist. 760 XC"$"2° Cod. Ms. hist. 760 : 90"$"Hist. 760, Bd. 90"$"Histor. 760, Bd. 90"
"Göttingen"$"4021477-1"$"Niedersächsische Staats- und Universitätsbibliothek Göttingen"$"2020450-4"$"2 Cod. Ms. hist. 760 : 91"$"2 Cod. Ms. hist. 760"$"2o Hist. 760 XCI"$"2° Hist. 760 XCI"$"2° Hist. 760 XCI"$"2° Hist. 760"$"2° Hist. 760"$"Hist. 760 XCI"$"Histor. 760 XCI"$"Hist. 760"$"Histor. 760"$"2° Cod. Ms. hist. 760"$"2° Cod. Ms. hist. 760 XCI"$"2° Cod. Ms. hist. 760 : 91"$"Hist. 760, Bd. 91"$"Histor. 760, Bd. 91"
"Göttingen"$"4021477-1"$"Niedersächsische Staats- und Universitätsbibliothek Göttingen"$"2020450-4"$"2 Cod. Ms. hist. 760 : 92"$"2 Cod. Ms. hist. 760"$"2o Hist. 760 XCII"$"2° Hist. 760 XCII"$"2° Hist. 760 XCII"$"2° Hist. 760"$"2° Hist. 760"$"Hist. 760 XCII"$"Histor. 760 XCII"$"Hist. 760"$"Histor. 760"$"2° Cod. Ms. hist. 760"$"2° Cod. Ms. hist. 760 XCII"$"2° Cod. Ms. hist. 760 : 92"$"Hist. 760, Bd. 92"$"Histor. 760, Bd. 92"
"Göttingen"$"4021477-1"$"Niedersächsische Staats- und Universitätsbibliothek Göttingen"$"2020450-4"$"2 Cod. Ms. hist. 760 : 93"$"2 Cod. Ms. hist. 760"$"2o Hist. 760 XCIII"$"2° Hist. 760 XCIII"$"2° Hist. 760 XCIII"$"2° Hist. 760"$"2° Hist. 760"$"Hist. 760 XCIII"$"Histor. 760 XCIII"$"Hist. 760"$"Histor. 760"$"2° Cod. Ms. hist. 760"$"2° Cod. Ms. hist. 760 XCIII"$"2° Cod. Ms. hist. 760 : 93"$"Hist. 760, Bd. 93"$"Histor. 760, Bd. 93"
"Göttingen"$"4021477-1"$"Niedersächsische Staats- und Universitätsbibliothek Göttingen"$"2020450-4"$"2 Cod. Ms. hist. 760 : 94"$"2 Cod. Ms. hist. 760"$"2o Hist. 760 XCIV"$"2° Hist. 760 XCIV"$"2° Hist. 760 XCIV"$"2° Hist. 760"$"2° Hist. 760"$"Hist. 760 XCIV"$"Histor. 760 XCIV"$"Hist. 760"$"Histor. 760"$"2° Cod. Ms. hist. 760"$"2° Cod. Ms. hist. 760 XCIV"$"2° Cod. Ms. hist. 760 : 94"$"Hist. 760, Bd. 94"$"Histor. 760, Bd. 94"
"Göttingen"$"4021477-1"$"Niedersächsische Staats- und Universitätsbibliothek Göttingen"$"2020450-4"$"2 Cod. Ms. hist. 760 : 95"$"2 Cod. Ms. hist. 760"$"2o Hist. 760 XCV"$"2° Hist. 760 XCV"$"2° Hist. 760 XCV"$"2° Hist. 760"$"2° Hist. 760"$"Hist. 760 XCV"$"Histor. 760 XCV"$"Hist. 760"$"Histor. 760"$"2° Cod. Ms. hist. 760"$"2° Cod. Ms. hist. 760 XCV"$"2° Cod. Ms. hist. 760 : 95"$"Hist. 760, Bd. 95"$"Histor. 760, Bd. 95"
"Göttingen"$"4021477-1"$"Niedersächsische Staats- und Universitätsbibliothek Göttingen"$"2020450-4"$"2 Cod. Ms. hist. 760 : 96"$"2 Cod. Ms. hist. 760"$"2o Hist. 760 XCVI"$"2° Hist. 760 XCVI"$"2° Hist. 760 XCVI"$"2° Hist. 760"$"2° Hist. 760"$"Hist. 760 XCVI"$"Histor. 760 XCVI"$"Hist. 760"$"Histor. 760"$"2° Cod. Ms. hist. 760"$"2° Cod. Ms. hist. 760 XCVI"$"2° Cod. Ms. hist. 760 : 96"$"Hist. 760, Bd. 96"$"Histor. 760, Bd. 96"
"Göttingen"$"4021477-1"$"Niedersächsische Staats- und Universitätsbibliothek Göttingen"$"2020450-4"$"2 Cod. Ms. hist. 760 : 97"$"2 Cod. Ms. hist. 760"$"2o Hist. 760 XCVII"$"2° Hist. 760 XCVII"$"2° Hist. 760 XCVII"$"2° Hist. 760"$"2° Hist. 760"$"Hist. 760 XCVII"$"Histor. 760 XCVII"$"Hist. 760"$"Histor. 760"$"2° Cod. Ms. hist. 760"$"2° Cod. Ms. hist. 760 XCVII"$"2° Cod. Ms. hist. 760 : 97"$"Hist. 760, Bd. 97"$"Histor. 760, Bd. 97"
"Göttingen"$"4021477-1"$"Niedersächsische Staats- und Universitätsbibliothek Göttingen"$"2020450-4"$"2 Cod. Ms. hist. 760 : 98"$"2 Cod. Ms. hist. 760"$"2o Hist. 760 XCVIII"$"2° Hist. 760 XCVIII"$"2° Hist. 760 XCVIII"$"2° Hist. 760"$"2° Hist. 760"$"Hist. 760 XCVIII"$"Histor. 760 XCVIII"$"Hist. 760"$"Histor. 760"$"2° Cod. Ms. hist. 760"$"2° Cod. Ms. hist. 760 XCVIII"$"2° Cod. Ms. hist. 760 : 98"$"Hist. 760, Bd. 98"$"Histor. 760, Bd. 98"
"Göttingen"$"4021477-1"$"Niedersächsische Staats- und Universitätsbibliothek Göttingen"$"2020450-4"$"2 Cod. Ms. hist. 760 : 99"$"2 Cod. Ms. hist. 760"$"2o Hist. 760 XCIX"$"2° Hist. 760 XCIX"$"2° Hist. 760 XCIX"$"2° Hist. 760"$"2° Hist. 760"$"Hist. 760 XCIX"$"Histor. 760 XCIX"$"Hist. 760"$"Histor. 760"$"2° Cod. Ms. hist. 760"$"2° Cod. Ms. hist. 760 XCIX"$"2° Cod. Ms. hist. 760 : 99"$"Hist. 760, Bd. 99"$"Histor. 760, Bd. 99"
"Göttingen"$"4021477-1"$"Niedersächsische Staats- und Universitätsbibliothek Göttingen"$"2020450-4"$"2 Cod. Ms. hist. 774"$"2o Hist. 774"$"2° Hist. 774"$"2º Hist. 774"$"Hist. 774"$"Histor. 774"$"2° Cod. Ms. hist. 774"
"Göttingen"$"4021477-1"$"Niedersächsische Staats- und Universitätsbibliothek Göttingen"$"2020450-4"$"2 Cod. Ms. hist. 785 : 1"$"2 Cod. Ms. hist. 785"$"2o Hist. 785 I"$"2° Hist. 785 I"$"2° Hist. 785 I"$"2° Hist. 785"$"2° Hist. 785"$"Hist. 785 I"$"Histor. 785 I"$"Hist. 785"$"Histor. 785"$"2° Cod. Ms. hist. 785"$"2° Cod. Ms. hist. 785 I"$"2° Cod. Ms. hist. 785 : 1"$"Hist. 785, Bd. 1"$"Histor. 785, Bd. 1"$"Hist. 785, Mappe 1"$"Histor. 785, Mappe 1"
"Göttingen"$"4021477-1"$"Niedersächsische Staats- und Universitätsbibliothek Göttingen"$"2020450-4"$"2 Cod. Ms. hist. 785 : 2"$"2 Cod. Ms. hist. 785"$"2o Hist. 785 II"$"2° Hist. 785 II"$"2° Hist. 785 II"$"2° Hist. 785"$"2° Hist. 785"$"Hist. 785 II"$"Histor. 785 II"$"Hist. 785"$"Histor. 785"$"2° Cod. Ms. hist. 785"$"2° Cod. Ms. hist. 785 II"$"2° Cod. Ms. hist. 785 : 2"$"Hist. 785, Bd. 2"$"Histor. 785, Bd. 2"$"Hist. 785, Mappe 2"$"Histor. 785, Mappe 2"
"Göttingen"$"4021477-1"$"Niedersächsische Staats- und Universitätsbibliothek Göttingen"$"2020450-4"$"2 Cod. Ms. hist. 785 : 3"$"2 Cod. Ms. hist. 785"$"2o Hist. 785 III"$"2° Hist. 785 III"$"2° Hist. 785 III"$"2° Hist. 785"$"2° Hist. 785"$"Hist. 785 III"$"Histor. 785 III"$"Hist. 785"$"Histor. 785"$"2° Cod. Ms. hist. 785"$"2° Cod. Ms. hist. 785 III"$"2° Cod. Ms. hist. 785 : 3"$"Hist. 785, Bd. 3"$"Histor. 785, Bd. 3"$"Hist. 785, Mappe 3"$"Histor. 785, Mappe 3"
"Göttingen"$"4021477-1"$"Niedersächsische Staats- und Universitätsbibliothek Göttingen"$"2020450-4"$"2 Cod. Ms. hist. 789"$"2o Hist. 789"$"2° Hist. 789"$"2º Hist. 789"$"Hist. 789"$"Histor. 789"$"2° Cod. Ms. hist. 789"
"Göttingen"$"4021477-1"$"Niedersächsische Staats- und Universitätsbibliothek Göttingen"$"2020450-4"$"2 Cod. Ms. hist. 798"$"2o Hist. 798"$"2° Hist. 798"$"2º Hist. 798"$"Hist. 798"$"Histor. 798"$"2° Cod. Ms. hist. 798"
"Göttingen"$"4021477-1"$"Niedersächsische Staats- und Universitätsbibliothek Göttingen"$"2020450-4"$"2 Cod. Ms. hist. 799"$"2o Hist. 799"$"2° Hist. 799"$"2º Hist. 799"$"Hist. 799"$"Histor. 799"$"2° Cod. Ms. hist. 799"
"Göttingen"$"4021477-1"$"Niedersächsische Staats- und Universitätsbibliothek Göttingen"$"2020450-4"$"2 Cod. Ms. hist. 800"$"2o Hist. 800"$"2° Hist. 800"$"2º Hist. 800"$"Hist. 800"$"Histor. 800"$"2° Cod. Ms. hist. 800"
"Göttingen"$"4021477-1"$"Niedersächsische Staats- und Universitätsbibliothek Göttingen"$"2020450-4"$"2 Cod. Ms. hist. 801 : 1"$"2 Cod. Ms. hist. 801"$"2o Hist. 801 I"$"2° Hist. 801 I"$"2° Hist. 801 I"$"2° Hist. 801"$"2° Hist. 801"$"Hist. 801 I"$"Histor. 801 I"$"Hist. 801"$"Histor. 801"$"2° Cod. Ms. hist. 801"$"2° Cod. Ms. hist. 801 I"$"2° Cod. Ms. hist. 801 : 1"$"Hist. 801, Bd. 1"$"Histor. 801, Bd. 1"$"Hist. 801, Bd. I"$"Histor. 801, Bd. I"$"2 Cod. Ms. hist. 801 : I"$"2 Cod. Ms. hist. 801 : Bd. I"
"Göttingen"$"4021477-1"$"Niedersächsische Staats- und Universitätsbibliothek Göttingen"$"2020450-4"$"2 Cod. Ms. hist. 801 : 2"$"2 Cod. Ms. hist. 801"$"2o Hist. 801 II"$"2° Hist. 801 II"$"2° Hist. 801 II"$"2° Hist. 801"$"2° Hist. 801"$"Hist. 801 II"$"Histor. 801 II"$"Hist. 801"$"Histor. 801"$"2° Cod. Ms. hist. 801"$"2° Cod. Ms. hist. 801 II"$"2° Cod. Ms. hist. 801 : 2"$"Hist. 801, Bd. 2"$"Histor. 801, Bd. 2"$"Hist. 801, Bd. II"$"Histor. 801, Bd. II"$"2 Cod. Ms. hist. 801 : II"$"2 Cod. Ms. hist. 801 : Bd. II"
"Göttingen"$"4021477-1"$"Niedersächsische Staats- und Universitätsbibliothek Göttingen"$"2020450-4"$"2 Cod. Ms. hist. 808"$"2o Hist. 808"$"2° Hist. 808"$"2º Hist. 808"$"Hist. 808"$"Histor. 808"$"2° Cod. Ms. hist. 808"
"Göttingen"$"4021477-1"$"Niedersächsische Staats- und Universitätsbibliothek Göttingen"$"2020450-4"$"2 Cod. Ms. hist. 809 Cim."$"2o Hist. 809"$"2° Hist. 809"$"2º Hist. 809"$"Hist. 809"$"Histor. 809"$"2° Cod. Ms. hist. 809 Cim."$"2° Cod. Ms. hist. 809"$"2 Cod. Ms. hist. 809"
"Göttingen"$"4021477-1"$"Niedersächsische Staats- und Universitätsbibliothek Göttingen"$"2020450-4"$"2 Cod. Ms. hist. 811"$"2o Hist. 811"$"2° Hist. 811"$"2º Hist. 811"$"Hist. 811"$"Histor. 811"$"2° Cod. Ms. hist. 811"
"Göttingen"$"4021477-1"$"Niedersächsische Staats- und Universitätsbibliothek Göttingen"$"2020450-4"$"2 Cod. Ms. hist. 812"$"2o Hist. 812"$"2° Hist. 812"$"2º Hist. 812"$"Hist. 812"$"Histor. 812"$"2° Cod. Ms. hist. 812"
"Göttingen"$"4021477-1"$"Niedersächsische Staats- und Universitätsbibliothek Göttingen"$"2020450-4"$"2 Cod. Ms. hist. 815"$"2o Hist. 815"$"2° Hist. 815"$"2º Hist. 815"$"Hist. 815"$"Histor. 815"$"2° Cod. Ms. hist. 815"
"Göttingen"$"4021477-1"$"Niedersächsische Staats- und Universitätsbibliothek Göttingen"$"2020450-4"$"2 Cod. Ms. hist. 816"$"2o Hist. 816"$"2° Hist. 816"$"2º Hist. 816"$"Hist. 816"$"Histor. 816"$"2° Cod. Ms. hist. 816"
"Göttingen"$"4021477-1"$"Niedersächsische Staats- und Universitätsbibliothek Göttingen"$"2020450-4"$"2 Cod. Ms. hist. 89 : 1"$"2 Cod. Ms. hist. 89"$"2o Hist. 89 I"$"2° Hist. 89 I"$"2° Hist. 89 I"$"2° Hist. 89"$"2° Hist. 89"$"Hist. 89 I"$"Histor. 89 I"$"Hist. 89"$"Histor. 89"$"2° Cod. Ms. hist. 89"$"2° Cod. Ms. hist. 89 I"$"2° Cod. Ms. hist. 89 : 1"$"Hist. 89, Bd. 1"$"Histor. 89, Bd. 1"$"Hist. 89, Bd. I"$"Histor. 89, Bd. I"$"2 Cod. Ms. hist. 89 : I"$"2 Cod. Ms. hist. 89 : Bd. I"
"Göttingen"$"4021477-1"$"Niedersächsische Staats- und Universitätsbibliothek Göttingen"$"2020450-4"$"2 Cod. Ms. hist. 89 : 2"$"2 Cod. Ms. hist. 89"$"2o Hist. 89 II"$"2° Hist. 89 II"$"2° Hist. 89 II"$"2° Hist. 89"$"2° Hist. 89"$"Hist. 89 II"$"Histor. 89 II"$"Hist. 89"$"Histor. 89"$"2° Cod. Ms. hist. 89"$"2° Cod. Ms. hist. 89 II"$"2° Cod. Ms. hist. 89 : 2"$"Hist. 89, Bd. 2"$"Histor. 89, Bd. 2"$"Hist. 89, Bd. II"$"Histor. 89, Bd. II"$"2 Cod. Ms. hist. 89 : II"$"2 Cod. Ms. hist. 89 : Bd. II"
"Göttingen"$"4021477-1"$"Niedersächsische Staats- und Universitätsbibliothek Göttingen"$"2020450-4"$"2 Cod. Ms. hist. 92"$"2o Hist. 92"$"2° Hist. 92"$"2º Hist. 92"$"Hist. 92"$"Histor. 92"$"2° Cod. Ms. hist. 92"
"Göttingen"$"4021477-1"$"Niedersächsische Staats- und Universitätsbibliothek Göttingen"$"2020450-4"$"2 Cod. Ms. hist. 96 f"$"2o Hist. 96f"$"2° Hist. 96f"$"2º Hist. 96f"$"Hist. 96f"$"Hist. 96 f"$"Histor. 96f"$"Histor. 96 f"$"2° Cod. Ms. hist. 96f"$"2° Cod. Ms. hist. 96 f"
"Göttingen"$"4021477-1"$"Niedersächsische Staats- und Universitätsbibliothek Göttingen"$"2020450-4"$"2 Cod. Ms. hist. 97 b"$"2o Hist. 97b"$"2° Hist. 97b"$"2º Hist. 97b"$"Hist. 97b"$"Hist. 97 b"$"Histor. 97b"$"Histor. 97 b"$"2° Cod. Ms. hist. 97b"$"2° Cod. Ms. hist. 97 b"
"Göttingen"$"4021477-1"$"Niedersächsische Staats- und Universitätsbibliothek Göttingen"$"2020450-4"$"2 Cod. Ms. hist. 97 c"$"2o Hist. 97c"$"2° Hist. 97c"$"2º Hist. 97c"$"Hist. 97c"$"Hist. 97 c"$"Histor. 97c"$"Histor. 97 c"$"2° Cod. Ms. hist. 97c"$"2° Cod. Ms. hist. 97 c"
"Göttingen"$"4021477-1"$"Niedersächsische Staats- und Universitätsbibliothek Göttingen"$"2020450-4"$"2 Cod. Ms. hist. 98 i"$"2o Hist. 98i"$"2° Hist. 98i"$"2º Hist. 98i"$"Hist. 98i"$"Hist. 98 i"$"Histor. 98i"$"Histor. 98 i"$"2° Cod. Ms. hist. 98i"$"2° Cod. Ms. hist. 98 i"
"Göttingen"$"4021477-1"$"Niedersächsische Staats- und Universitätsbibliothek Göttingen"$"2020450-4"$"2 Cod. Ms. hist. nat. 102 : 1"$"2 Cod. Ms. hist. nat. 102"$"2o Hist. nat. 102 I"$"2° Hist. nat. 102 I"$"2° Hist. nat. 102 I"$"2° Hist. nat. 102"$"2° Hist. nat. 102"$"Hist. nat. 102 I"$"Hist. nat. 102"$"2° Cod. Ms. hist. nat. 102"$"2° Cod. Ms. hist. nat. 102 I"$"2° Cod. Ms. hist. nat. 102 : 1"$"Hist. nat. 102, Bd. 1"
"Göttingen"$"4021477-1"$"Niedersächsische Staats- und Universitätsbibliothek Göttingen"$"2020450-4"$"2 Cod. Ms. hist. nat. 102 : 2"$"2 Cod. Ms. hist. nat. 102"$"2o Hist. nat. 102 II"$"2° Hist. nat. 102 II"$"2° Hist. nat. 102 II"$"2° Hist. nat. 102"$"2° Hist. nat. 102"$"Hist. nat. 102 II"$"Hist. nat. 102"$"2° Cod. Ms. hist. nat. 102"$"2° Cod. Ms. hist. nat. 102 II"$"2° Cod. Ms. hist. nat. 102 : 2"$"Hist. nat. 102, Bd. 2"
"Göttingen"$"4021477-1"$"Niedersächsische Staats- und Universitätsbibliothek Göttingen"$"2020450-4"$"2 Cod. Ms. hist. nat. 12 Cim."$"2o Hist. nat. 12"$"2° Hist. nat. 12"$"2º Hist. nat. 12"$"Hist. nat. 12"$"2° Cod. Ms. hist. nat. 12"$"2° Cod. Ms. hist. nat. 12 Cim."
"Göttingen"$"4021477-1"$"Niedersächsische Staats- und Universitätsbibliothek Göttingen"$"2020450-4"$"2 Cod. Ms. hist. nat. 89"$"2o Hist. nat. 89"$"2° Hist. nat. 89"$"2º Hist. nat. 89"$"Hist. nat. 89"$"2° Cod. Ms. hist. nat. 89"
"Göttingen"$"4021477-1"$"Niedersächsische Staats- und Universitätsbibliothek Göttingen"$"2020450-4"$"2 Cod. Ms. hist. nat. 90"$"2o Hist. nat. 90"$"2° Hist. nat. 90"$"2º Hist. nat. 90"$"Hist. nat. 90"$"2° Cod. Ms. hist. nat. 90"
"Göttingen"$"4021477-1"$"Niedersächsische Staats- und Universitätsbibliothek Göttingen"$"2020450-4"$"2 Cod. Ms. hist. nat. 91 Cim."$"2o Hist. nat. 91"$"2° Hist. nat. 91"$"2º Hist. nat. 91"$"Hist. nat. 91"$"2° Cod. Ms. hist. nat. 91"$"2° Cod. Ms. hist. nat. 91 Cim."
"Göttingen"$"4021477-1"$"Niedersächsische Staats- und Universitätsbibliothek Göttingen"$"2020450-4"$"2 Cod. Ms. hist. nat. 94 : 13"$"2 Cod. Ms. hist. nat. 94"$"2o Histor. nat 94 XIII"$"2° Histor. nat 94 XIII"$"2° Histor. nat 94 XIII"$"2° Histor. nat 94"$"2° Histor. nat 94"$"Histor. nat. 94 XIII"$"Histor. nat. 94"$"2° Cod. Ms. hist. nat. XIII"$"2° Cod. Ms. hist. nat. 94 XIII"$"2° Cod. Ms. hist. nat. 94 : XIII"$"Histor. nat. 94, Bd. XIII"
"Göttingen"$"4021477-1"$"Niedersächsische Staats- und Universitätsbibliothek Göttingen"$"2020450-4"$"2 Cod. Ms. Luneb. 1"$"2o Luneb. 1"$"2° Luneb. 1"$"2º Luneb. 1"$"Luneb. 1"$"2° Cod. Ms. Luneb. 1"
"Göttingen"$"4021477-1"$"Niedersächsische Staats- und Universitätsbibliothek Göttingen"$"2020450-4"$"2 Cod. Ms. Luneb. 10"$"2o Luneb. 10"$"2° Luneb. 10"$"2º Luneb. 10"$"Luneb. 10"$"2° Cod. Ms. Luneb. 10"
"Göttingen"$"4021477-1"$"Niedersächsische Staats- und Universitätsbibliothek Göttingen"$"2020450-4"$"2 Cod. Ms. Luneb. 101"$"2o Luneb. 101"$"2° Luneb. 101"$"2º Luneb. 101"$"Luneb. 101"$"2° Cod. Ms. Luneb. 101"
"Göttingen"$"4021477-1"$"Niedersächsische Staats- und Universitätsbibliothek Göttingen"$"2020450-4"$"2 Cod. Ms. Luneb. 105"$"2o Luneb. 105"$"2° Luneb. 105"$"2º Luneb. 105"$"Luneb. 105"$"2° Cod. Ms. Luneb. 105"
"Göttingen"$"4021477-1"$"Niedersächsische Staats- und Universitätsbibliothek Göttingen"$"2020450-4"$"2 Cod. Ms. Luneb. 116"$"2o Luneb. 116"$"2° Luneb. 116"$"2º Luneb. 116"$"Luneb. 116"$"2° Cod. Ms. Luneb. 116"
"Göttingen"$"4021477-1"$"Niedersächsische Staats- und Universitätsbibliothek Göttingen"$"2020450-4"$"2 Cod. Ms. Luneb. 12"$"2o Luneb. 12"$"2° Luneb. 12"$"2º Luneb. 12"$"Luneb. 12"$"2° Cod. Ms. Luneb. 12"
"Göttingen"$"4021477-1"$"Niedersächsische Staats- und Universitätsbibliothek Göttingen"$"2020450-4"$"2 Cod. Ms. Luneb. 121 a"$"2o Luneb. 121a"$"2° Luneb. 121a"$"2º Luneb. 121a"$"Luneb. 121a"$"Luneb. 121 a"$"2° Cod. Ms. Luneb. 121a"$"2° Cod. Ms. Luneb. 121 a"
"Göttingen"$"4021477-1"$"Niedersächsische Staats- und Universitätsbibliothek Göttingen"$"2020450-4"$"2 Cod. Ms. Luneb. 14"$"2o Luneb. 14"$"2° Luneb. 14"$"2º Luneb. 14"$"Luneb. 14"$"2° Cod. Ms. Luneb. 14"
"Göttingen"$"4021477-1"$"Niedersächsische Staats- und Universitätsbibliothek Göttingen"$"2020450-4"$"2 Cod. Ms. Luneb. 15"$"2o Luneb. 15"$"2° Luneb. 15"$"2º Luneb. 15"$"Luneb. 15"$"2° Cod. Ms. Luneb. 15"
"Göttingen"$"4021477-1"$"Niedersächsische Staats- und Universitätsbibliothek Göttingen"$"2020450-4"$"2 Cod. Ms. Luneb. 17"$"2o Luneb. 17"$"2° Luneb. 17"$"2º Luneb. 17"$"Luneb. 17"$"2° Cod. Ms. Luneb. 17"
"Göttingen"$"4021477-1"$"Niedersächsische Staats- und Universitätsbibliothek Göttingen"$"2020450-4"$"2 Cod. Ms. Luneb. 18"$"2o Luneb. 18"$"2° Luneb. 18"$"2º Luneb. 18"$"Luneb. 18"$"2° Cod. Ms. Luneb. 18"
"Göttingen"$"4021477-1"$"Niedersächsische Staats- und Universitätsbibliothek Göttingen"$"2020450-4"$"2 Cod. Ms. Luneb. 19"$"2o Luneb. 19"$"2° Luneb. 19"$"2º Luneb. 19"$"Luneb. 19"$"2° Cod. Ms. Luneb. 19"
"Göttingen"$"4021477-1"$"Niedersächsische Staats- und Universitätsbibliothek Göttingen"$"2020450-4"$"2 Cod. Ms. Luneb. 2"$"2o Luneb. 2"$"2° Luneb. 2"$"2º Luneb. 2"$"Luneb. 2"$"2° Cod. Ms. Luneb. 2"
"Göttingen"$"4021477-1"$"Niedersächsische Staats- und Universitätsbibliothek Göttingen"$"2020450-4"$"2 Cod. Ms. Luneb. 20"$"2o Luneb. 20"$"2° Luneb. 20"$"2º Luneb. 20"$"Luneb. 20"$"2° Cod. Ms. Luneb. 20"
"Göttingen"$"4021477-1"$"Niedersächsische Staats- und Universitätsbibliothek Göttingen"$"2020450-4"$"2 Cod. Ms. Luneb. 21"$"2o Luneb. 21"$"2° Luneb. 21"$"2º Luneb. 21"$"Luneb. 21"$"2° Cod. Ms. Luneb. 21"
"Göttingen"$"4021477-1"$"Niedersächsische Staats- und Universitätsbibliothek Göttingen"$"2020450-4"$"2 Cod. Ms. Luneb. 22"$"2o Luneb. 22"$"2° Luneb. 22"$"2º Luneb. 22"$"Luneb. 22"$"2° Cod. Ms. Luneb. 22"
"Göttingen"$"4021477-1"$"Niedersächsische Staats- und Universitätsbibliothek Göttingen"$"2020450-4"$"2 Cod. Ms. Luneb. 24"$"2o Luneb. 24"$"2° Luneb. 24"$"2º Luneb. 24"$"Luneb. 24"$"2° Cod. Ms. Luneb. 24"
"Göttingen"$"4021477-1"$"Niedersächsische Staats- und Universitätsbibliothek Göttingen"$"2020450-4"$"2 Cod. Ms. Luneb. 25"$"2o Luneb. 25"$"2° Luneb. 25"$"2º Luneb. 25"$"Luneb. 25"$"2° Cod. Ms. Luneb. 25"
"Göttingen"$"4021477-1"$"Niedersächsische Staats- und Universitätsbibliothek Göttingen"$"2020450-4"$"2 Cod. Ms. Luneb. 26"$"2o Luneb. 26"$"2° Luneb. 26"$"2º Luneb. 26"$"Luneb. 26"$"2° Cod. Ms. Luneb. 26"
"Göttingen"$"4021477-1"$"Niedersächsische Staats- und Universitätsbibliothek Göttingen"$"2020450-4"$"2 Cod. Ms. Luneb. 27"$"2o Luneb. 27"$"2° Luneb. 27"$"2º Luneb. 27"$"Luneb. 27"$"2° Cod. Ms. Luneb. 27"
"Göttingen"$"4021477-1"$"Niedersächsische Staats- und Universitätsbibliothek Göttingen"$"2020450-4"$"2 Cod. Ms. Luneb. 28"$"2o Luneb. 28"$"2° Luneb. 28"$"2º Luneb. 28"$"Luneb. 28"$"2° Cod. Ms. Luneb. 28"
"Göttingen"$"4021477-1"$"Niedersächsische Staats- und Universitätsbibliothek Göttingen"$"2020450-4"$"2 Cod. Ms. Luneb. 29"$"2o Luneb. 29"$"2° Luneb. 29"$"2º Luneb. 29"$"Luneb. 29"$"2° Cod. Ms. Luneb. 29"
"Göttingen"$"4021477-1"$"Niedersächsische Staats- und Universitätsbibliothek Göttingen"$"2020450-4"$"2 Cod. Ms. Luneb. 30"$"2o Luneb. 30"$"2° Luneb. 30"$"2º Luneb. 30"$"Luneb. 30"$"2° Cod. Ms. Luneb. 30"
"Göttingen"$"4021477-1"$"Niedersächsische Staats- und Universitätsbibliothek Göttingen"$"2020450-4"$"2 Cod. Ms. Luneb. 31"$"2o Luneb. 31"$"2° Luneb. 31"$"2º Luneb. 31"$"Luneb. 31"$"2° Cod. Ms. Luneb. 31"
"Göttingen"$"4021477-1"$"Niedersächsische Staats- und Universitätsbibliothek Göttingen"$"2020450-4"$"2 Cod. Ms. Luneb. 32"$"2o Luneb. 32"$"2° Luneb. 32"$"2º Luneb. 32"$"Luneb. 32"$"2° Cod. Ms. Luneb. 32"
"Göttingen"$"4021477-1"$"Niedersächsische Staats- und Universitätsbibliothek Göttingen"$"2020450-4"$"2 Cod. Ms. Luneb. 33"$"2o Luneb. 33"$"2° Luneb. 33"$"2º Luneb. 33"$"Luneb. 33"$"2° Cod. Ms. Luneb. 33"
"Göttingen"$"4021477-1"$"Niedersächsische Staats- und Universitätsbibliothek Göttingen"$"2020450-4"$"2 Cod. Ms. Luneb. 34 Cim."$"2o Luneb. 34"$"2° Luneb. 34"$"2º Luneb. 34"$"Luneb. 34"$"2° Cod. Ms. Luneb. 34"$"2° Cod. Ms. Luneb. 34 Cim."
"Göttingen"$"4021477-1"$"Niedersächsische Staats- und Universitätsbibliothek Göttingen"$"2020450-4"$"2 Cod. Ms. Luneb. 36"$"2o Luneb. 36"$"2° Luneb. 36"$"2º Luneb. 36"$"Luneb. 36"$"2° Cod. Ms. Luneb. 36"
"Göttingen"$"4021477-1"$"Niedersächsische Staats- und Universitätsbibliothek Göttingen"$"2020450-4"$"2 Cod. Ms. Luneb. 37"$"2o Luneb. 37"$"2° Luneb. 37"$"2º Luneb. 37"$"Luneb. 37"$"2° Cod. Ms. Luneb. 37"
"Göttingen"$"4021477-1"$"Niedersächsische Staats- und Universitätsbibliothek Göttingen"$"2020450-4"$"2 Cod. Ms. Luneb. 38"$"2o Luneb. 38"$"2° Luneb. 38"$"2º Luneb. 38"$"Luneb. 38"$"2° Cod. Ms. Luneb. 38"
"Göttingen"$"4021477-1"$"Niedersächsische Staats- und Universitätsbibliothek Göttingen"$"2020450-4"$"2 Cod. Ms. Luneb. 39"$"2o Luneb. 39"$"2° Luneb. 39"$"2º Luneb. 39"$"Luneb. 39"$"2° Cod. Ms. Luneb. 39"
"Göttingen"$"4021477-1"$"Niedersächsische Staats- und Universitätsbibliothek Göttingen"$"2020450-4"$"2 Cod. Ms. Luneb. 40"$"2o Luneb. 40"$"2° Luneb. 40"$"2º Luneb. 40"$"Luneb. 40"$"2° Cod. Ms. Luneb. 40"
"Göttingen"$"4021477-1"$"Niedersächsische Staats- und Universitätsbibliothek Göttingen"$"2020450-4"$"2 Cod. Ms. Luneb. 41"$"2o Luneb. 41"$"2° Luneb. 41"$"2º Luneb. 41"$"Luneb. 41"$"2° Cod. Ms. Luneb. 41"
"Göttingen"$"4021477-1"$"Niedersächsische Staats- und Universitätsbibliothek Göttingen"$"2020450-4"$"2 Cod. Ms. Luneb. 45"$"2o Luneb. 45"$"2° Luneb. 45"$"2º Luneb. 45"$"Luneb. 45"$"2° Cod. Ms. Luneb. 45"
"Göttingen"$"4021477-1"$"Niedersächsische Staats- und Universitätsbibliothek Göttingen"$"2020450-4"$"2 Cod. Ms. Luneb. 46"$"2o Luneb. 46"$"2° Luneb. 46"$"2º Luneb. 46"$"Luneb. 46"$"2° Cod. Ms. Luneb. 46"
"Göttingen"$"4021477-1"$"Niedersächsische Staats- und Universitätsbibliothek Göttingen"$"2020450-4"$"2 Cod. Ms. Luneb. 47"$"2o Luneb. 47"$"2° Luneb. 47"$"2º Luneb. 47"$"Luneb. 47"$"2° Cod. Ms. Luneb. 47"
"Göttingen"$"4021477-1"$"Niedersächsische Staats- und Universitätsbibliothek Göttingen"$"2020450-4"$"2 Cod. Ms. Luneb. 48"$"2o Luneb. 48"$"2° Luneb. 48"$"2º Luneb. 48"$"Luneb. 48"$"2° Cod. Ms. Luneb. 48"
"Göttingen"$"4021477-1"$"Niedersächsische Staats- und Universitätsbibliothek Göttingen"$"2020450-4"$"2 Cod. Ms. Luneb. 5"$"2o Luneb. 5"$"2° Luneb. 5"$"2º Luneb. 5"$"Luneb. 5"$"2° Cod. Ms. Luneb. 5"
"Göttingen"$"4021477-1"$"Niedersächsische Staats- und Universitätsbibliothek Göttingen"$"2020450-4"$"2 Cod. Ms. Luneb. 50"$"2o Luneb. 50"$"2° Luneb. 50"$"2º Luneb. 50"$"Luneb. 50"$"2° Cod. Ms. Luneb. 50"
"Göttingen"$"4021477-1"$"Niedersächsische Staats- und Universitätsbibliothek Göttingen"$"2020450-4"$"2 Cod. Ms. Luneb. 51"$"2o Luneb. 51"$"2° Luneb. 51"$"2º Luneb. 51"$"Luneb. 51"$"2° Cod. Ms. Luneb. 51"
"Göttingen"$"4021477-1"$"Niedersächsische Staats- und Universitätsbibliothek Göttingen"$"2020450-4"$"2 Cod. Ms. Luneb. 52"$"2o Luneb. 52"$"2° Luneb. 52"$"2º Luneb. 52"$"Luneb. 52"$"2° Cod. Ms. Luneb. 52"
"Göttingen"$"4021477-1"$"Niedersächsische Staats- und Universitätsbibliothek Göttingen"$"2020450-4"$"2 Cod. Ms. Luneb. 53"$"2o Luneb. 53"$"2° Luneb. 53"$"2º Luneb. 53"$"Luneb. 53"$"2° Cod. Ms. Luneb. 53"
"Göttingen"$"4021477-1"$"Niedersächsische Staats- und Universitätsbibliothek Göttingen"$"2020450-4"$"2 Cod. Ms. Luneb. 54"$"2o Luneb. 54"$"2° Luneb. 54"$"2º Luneb. 54"$"Luneb. 54"$"2° Cod. Ms. Luneb. 54"
"Göttingen"$"4021477-1"$"Niedersächsische Staats- und Universitätsbibliothek Göttingen"$"2020450-4"$"2 Cod. Ms. Luneb. 55"$"2o Luneb. 55"$"2° Luneb. 55"$"2º Luneb. 55"$"Luneb. 55"$"2° Cod. Ms. Luneb. 55"
"Göttingen"$"4021477-1"$"Niedersächsische Staats- und Universitätsbibliothek Göttingen"$"2020450-4"$"2 Cod. Ms. Luneb. 56"$"2o Luneb. 56"$"2° Luneb. 56"$"2º Luneb. 56"$"Luneb. 56"$"2° Cod. Ms. Luneb. 56"
"Göttingen"$"4021477-1"$"Niedersächsische Staats- und Universitätsbibliothek Göttingen"$"2020450-4"$"2 Cod. Ms. Luneb. 57"$"2o Luneb. 57"$"2° Luneb. 57"$"2º Luneb. 57"$"Luneb. 57"$"2° Cod. Ms. Luneb. 57"
"Göttingen"$"4021477-1"$"Niedersächsische Staats- und Universitätsbibliothek Göttingen"$"2020450-4"$"2 Cod. Ms. Luneb. 58"$"2o Luneb. 58"$"2° Luneb. 58"$"2º Luneb. 58"$"Luneb. 58"$"2° Cod. Ms. Luneb. 58"
"Göttingen"$"4021477-1"$"Niedersächsische Staats- und Universitätsbibliothek Göttingen"$"2020450-4"$"2 Cod. Ms. Luneb. 59"$"2o Luneb. 59"$"2° Luneb. 59"$"2º Luneb. 59"$"Luneb. 59"$"2° Cod. Ms. Luneb. 59"
"Göttingen"$"4021477-1"$"Niedersächsische Staats- und Universitätsbibliothek Göttingen"$"2020450-4"$"2 Cod. Ms. Luneb. 6"$"2o Luneb. 6"$"2° Luneb. 6"$"2º Luneb. 6"$"Luneb. 6"$"2° Cod. Ms. Luneb. 6"
"Göttingen"$"4021477-1"$"Niedersächsische Staats- und Universitätsbibliothek Göttingen"$"2020450-4"$"2 Cod. Ms. Luneb. 60"$"2o Luneb. 60"$"2° Luneb. 60"$"2º Luneb. 60"$"Luneb. 60"$"2° Cod. Ms. Luneb. 60"
"Göttingen"$"4021477-1"$"Niedersächsische Staats- und Universitätsbibliothek Göttingen"$"2020450-4"$"2 Cod. Ms. Luneb. 62"$"2o Luneb. 62"$"2° Luneb. 62"$"2º Luneb. 62"$"Luneb. 62"$"2° Cod. Ms. Luneb. 62"
"Göttingen"$"4021477-1"$"Niedersächsische Staats- und Universitätsbibliothek Göttingen"$"2020450-4"$"2 Cod. Ms. Luneb. 7"$"2o Luneb. 7"$"2° Luneb. 7"$"2º Luneb. 7"$"Luneb. 7"$"2° Cod. Ms. Luneb. 7"
"Göttingen"$"4021477-1"$"Niedersächsische Staats- und Universitätsbibliothek Göttingen"$"2020450-4"$"2 Cod. Ms. Luneb. 8"$"2o Luneb. 8"$"2° Luneb. 8"$"2º Luneb. 8"$"Luneb. 8"$"2° Cod. Ms. Luneb. 8"
"Göttingen"$"4021477-1"$"Niedersächsische Staats- und Universitätsbibliothek Göttingen"$"2020450-4"$"2 Cod. Ms. Luneb. 98"$"2o Luneb. 98"$"2° Luneb. 98"$"2º Luneb. 98"$"Luneb. 98"$"2° Cod. Ms. Luneb. 98"
"Göttingen"$"4021477-1"$"Niedersächsische Staats- und Universitätsbibliothek Göttingen"$"2020450-4"$"2 Cod. Ms. theol. 18"$"2o Theol. 18"$"2° Theol. 18"$"2º Theol. 18"$"Theol. 18"$"2° Cod. Ms. theol. 18"
"Göttingen"$"4021477-1"$"Niedersächsische Staats- und Universitätsbibliothek Göttingen"$"2020450-4"$"2 Cod. Ms. theol. 10"$"2o Theol. 10"$"2° Theol. 10"$"2º Theol. 10"$"Theol. 10"$"2° Cod. Ms. theol. 10"
"Göttingen"$"4021477-1"$"Niedersächsische Staats- und Universitätsbibliothek Göttingen"$"2020450-4"$"2 Cod. Ms. theol. 118"$"2o Theol. 118"$"2° Theol. 118"$"2º Theol. 118"$"Theol. 118"$"2° Cod. Ms. theol. 118"
"Göttingen"$"4021477-1"$"Niedersächsische Staats- und Universitätsbibliothek Göttingen"$"2020450-4"$"2 Cod. Ms. theol. 119"$"2o Theol. 119"$"2° Theol. 119"$"2º Theol. 119"$"Theol. 119"$"2° Cod. Ms. theol. 119"
"Göttingen"$"4021477-1"$"Niedersächsische Staats- und Universitätsbibliothek Göttingen"$"2020450-4"$"2 Cod. Ms. theol. 14 : 1"$"2 Cod. Ms. theol. 14"$"2o Theol 14 I"$"2° Theol 14 I"$"2° Theol 14 I"$"2° Theol 14"$"2° Theol 14"$"Theol. 14 I"$"Theol. 14"$"2° Cod. Ms. theol. I"$"2° Cod. Ms. theol. 14 I"$"2° Cod. Ms. theol. 14 : I"$"Theol. 14, Bd. I"
"Göttingen"$"4021477-1"$"Niedersächsische Staats- und Universitätsbibliothek Göttingen"$"2020450-4"$"2 Cod. Ms. theol. 14 : 2"$"2 Cod. Ms. theol. 14"$"2o Theol 14 II"$"2° Theol 14 II"$"2° Theol 14 II"$"2° Theol 14"$"2° Theol 14"$"Theol. 14 II"$"Theol. 14"$"2° Cod. Ms. theol. II"$"2° Cod. Ms. theol. 14 II"$"2° Cod. Ms. theol. 14 : II"$"Theol. 14, Bd. II"
"Göttingen"$"4021477-1"$"Niedersächsische Staats- und Universitätsbibliothek Göttingen"$"2020450-4"$"2 Cod. Ms. theol. 157 Cim."$"2o Theol. 157"$"2° Theol. 157"$"2º Theol. 157"$"Theol. 157"$"2° Cod. Ms. theol. 157"$"2° Cod. Ms. theol. 157 Cim."
"Göttingen"$"4021477-1"$"Niedersächsische Staats- und Universitätsbibliothek Göttingen"$"2020450-4"$"2 Cod. Ms. theol. 161"$"2o Theol. 161"$"2° Theol. 161"$"2º Theol. 161"$"Theol. 161"$"2° Cod. Ms. theol. 161"
"Göttingen"$"4021477-1"$"Niedersächsische Staats- und Universitätsbibliothek Göttingen"$"2020450-4"$"2 Cod. Ms. theol. 169"$"2o Theol. 169"$"2° Theol. 169"$"2º Theol. 169"$"Theol. 169"$"2° Cod. Ms. theol. 169"
"Göttingen"$"4021477-1"$"Niedersächsische Staats- und Universitätsbibliothek Göttingen"$"2020450-4"$"2 Cod. Ms. theol. 170"$"2o Theol. 170"$"2° Theol. 170"$"2º Theol. 170"$"Theol. 170"$"2° Cod. Ms. theol. 170"
"Göttingen"$"4021477-1"$"Niedersächsische Staats- und Universitätsbibliothek Göttingen"$"2020450-4"$"2 Cod. Ms. theol. 173"$"2o Theol. 173"$"2° Theol. 173"$"2º Theol. 173"$"Theol. 173"$"2° Cod. Ms. theol. 173"
"Göttingen"$"4021477-1"$"Niedersächsische Staats- und Universitätsbibliothek Göttingen"$"2020450-4"$"2 Cod. Ms. theol. 174"$"2o Theol. 174"$"2° Theol. 174"$"2º Theol. 174"$"Theol. 174"$"2° Cod. Ms. theol. 174"
"Göttingen"$"4021477-1"$"Niedersächsische Staats- und Universitätsbibliothek Göttingen"$"2020450-4"$"2 Cod. Ms. theol. 179"$"2o Theol. 179"$"2° Theol. 179"$"2º Theol. 179"$"Theol. 179"$"2° Cod. Ms. theol. 179"
"Göttingen"$"4021477-1"$"Niedersächsische Staats- und Universitätsbibliothek Göttingen"$"2020450-4"$"2 Cod. Ms. theol. 185"$"2o Theol. 185"$"2° Theol. 185"$"2º Theol. 185"$"Theol. 185"$"2° Cod. Ms. theol. 185"
"Göttingen"$"4021477-1"$"Niedersächsische Staats- und Universitätsbibliothek Göttingen"$"2020450-4"$"2 Cod. Ms. theol. 192"$"2o Theol. 192"$"2° Theol. 192"$"2º Theol. 192"$"Theol. 192"$"2° Cod. Ms. theol. 192"
"Göttingen"$"4021477-1"$"Niedersächsische Staats- und Universitätsbibliothek Göttingen"$"2020450-4"$"2 Cod. Ms. theol. 224"$"2o Theol. 224"$"2° Theol. 224"$"2º Theol. 224"$"Theol. 224"$"2° Cod. Ms. theol. 224"
"Göttingen"$"4021477-1"$"Niedersächsische Staats- und Universitätsbibliothek Göttingen"$"2020450-4"$"2 Cod. Ms. theol. 231 Cim."$"2o Theol. 231"$"2° Theol. 231"$"2º Theol. 231"$"Theol. 231"$"2° Cod. Ms. theol. 231"$"2° Cod. Ms. theol. 231 Cim."
"Göttingen"$"4021477-1"$"Niedersächsische Staats- und Universitätsbibliothek Göttingen"$"2020450-4"$"2 Cod. Ms. theol. 250 : I"$"2 Cod. Ms. theol. 250"$"2o Theol 250 I"$"2° Theol 250 I"$"2° Theol 250"$"Theol. 250 I"$"Theol. 250"$"2° Cod. Ms. theol. I"$"2° Cod. Ms. theol. 250 I"$"2° Cod. Ms. theol. 250 : I"$"Theol. 250, Bd. I"
"Göttingen"$"4021477-1"$"Niedersächsische Staats- und Universitätsbibliothek Göttingen"$"2020450-4"$"2 Cod. Ms. theol. 250 : II,1"$"2 Cod. Ms. theol. 250"$"2o Theol 250 II,1"$"2° Theol 250 II,1"$"2° Theol 250 II,1"$"Theol. 250 II,1"$"Theol. 250"$"2° Cod. Ms. theol. II,1"$"2° Cod. Ms. theol. 250 II,1"$"2° Cod. Ms. theol. 250 : II,1"$"Theol. 250, Bd. II,1"
"Göttingen"$"4021477-1"$"Niedersächsische Staats- und Universitätsbibliothek Göttingen"$"2020450-4"$"2 Cod. Ms. theol. 250 : II,2"$"2 Cod. Ms. theol. 250"$"2o Theol 250 II,2"$"2° Theol 250 II,2"$"2° Theol 250 II,2"$"2° Theol 250"$"Theol. 250 II,2"$"Theol. 250"$"2° Cod. Ms. theol. II,2"$"2° Cod. Ms. theol. 250 II,2"$"2° Cod. Ms. theol. 250 : II,2"$"Theol. 250, Bd. II,2"
"Göttingen"$"4021477-1"$"Niedersächsische Staats- und Universitätsbibliothek Göttingen"$"2020450-4"$"2 Cod. Ms. theol. 250 : III,1"$"2 Cod. Ms. theol. 250"$"2o Theol 250 III,1"$"2° Theol 250 III,1"$"2° Theol 250 III,1"$"2° Theol 250"$"Theol. 250 III,1"$"Theol. 250"$"2° Cod. Ms. theol. III,1"$"2° Cod. Ms. theol. 250 III,1"$"2° Cod. Ms. theol. 250 : III,1"$"Theol. 250, Bd. III,1"
"Göttingen"$"4021477-1"$"Niedersächsische Staats- und Universitätsbibliothek Göttingen"$"2020450-4"$"2 Cod. Ms. theol. 250 : III,2"$"2 Cod. Ms. theol. 250"$"2o Theol 250 III,2"$"2° Theol 250 III,2"$"2° Theol 250 III,2"$"2° Theol 250"$"Theol. 250 III,2"$"Theol. 250"$"2° Cod. Ms. theol. III,2"$"2° Cod. Ms. theol. 250 III,2"$"2° Cod. Ms. theol. 250 : III,2"$"Theol. 250, Bd. III,2"
"Göttingen"$"4021477-1"$"Niedersächsische Staats- und Universitätsbibliothek Göttingen"$"2020450-4"$"2 Cod. Ms. theol. 266"$"2o Theol. 266"$"2° Theol. 266"$"2º Theol. 266"$"Theol. 266"$"2° Cod. Ms. theol. 266"
"Göttingen"$"4021477-1"$"Niedersächsische Staats- und Universitätsbibliothek Göttingen"$"2020450-4"$"2 Cod. Ms. theol. 267"$"2o Theol. 267"$"2° Theol. 267"$"2º Theol. 267"$"Theol. 267"$"2° Cod. Ms. theol. 267"
"Göttingen"$"4021477-1"$"Niedersächsische Staats- und Universitätsbibliothek Göttingen"$"2020450-4"$"2 Cod. Ms. theol. 274"$"2o Theol. 274"$"2° Theol. 274"$"2º Theol. 274"$"Theol. 274"$"2° Cod. Ms. theol. 274"
"Göttingen"$"4021477-1"$"Niedersächsische Staats- und Universitätsbibliothek Göttingen"$"2020450-4"$"2 Cod. Ms. theol. 276"$"2o Theol. 276"$"2° Theol. 276"$"2º Theol. 276"$"Theol. 276"$"2° Cod. Ms. theol. 276"
"Göttingen"$"4021477-1"$"Niedersächsische Staats- und Universitätsbibliothek Göttingen"$"2020450-4"$"2 Cod. Ms. theol. 277"$"2o Theol. 277"$"2° Theol. 277"$"2º Theol. 277"$"Theol. 277"$"2° Cod. Ms. theol. 277"
"Göttingen"$"4021477-1"$"Niedersächsische Staats- und Universitätsbibliothek Göttingen"$"2020450-4"$"2 Cod. Ms. theol. 279"$"2o Theol. 279"$"2° Theol. 279"$"2º Theol. 279"$"Theol. 279"$"2° Cod. Ms. theol. 279"
"Göttingen"$"4021477-1"$"Niedersächsische Staats- und Universitätsbibliothek Göttingen"$"2020450-4"$"2 Cod. Ms. theol. 297"$"2o Theol. 297"$"2° Theol. 297"$"2º Theol. 297"$"Theol. 297"$"2° Cod. Ms. theol. 297"
"Göttingen"$"4021477-1"$"Niedersächsische Staats- und Universitätsbibliothek Göttingen"$"2020450-4"$"2 Cod. Ms. theol. 299"$"2o Theol. 299"$"2° Theol. 299"$"2º Theol. 299"$"Theol. 299"$"2° Cod. Ms. theol. 299"
"Göttingen"$"4021477-1"$"Niedersächsische Staats- und Universitätsbibliothek Göttingen"$"2020450-4"$"2 Cod. Ms. theol. 300"$"2o Theol. 300"$"2° Theol. 300"$"2º Theol. 300"$"Theol. 300"$"2° Cod. Ms. theol. 300"
"Göttingen"$"4021477-1"$"Niedersächsische Staats- und Universitätsbibliothek Göttingen"$"2020450-4"$"2 Cod. Ms. theol. 308"$"2o Theol. 308"$"2° Theol. 308"$"2º Theol. 308"$"Theol. 308"$"2° Cod. Ms. theol. 308"
"Göttingen"$"4021477-1"$"Niedersächsische Staats- und Universitätsbibliothek Göttingen"$"2020450-4"$"2 Cod. Ms. theol. 309"$"2o Theol. 309"$"2° Theol. 309"$"2º Theol. 309"$"Theol. 309"$"2° Cod. Ms. theol. 309"
"Göttingen"$"4021477-1"$"Niedersächsische Staats- und Universitätsbibliothek Göttingen"$"2020450-4"$"2 Cod. Ms. theol. 312"$"2o Theol. 312"$"2° Theol. 312"$"2º Theol. 312"$"Theol. 312"$"2° Cod. Ms. theol. 312"
"Göttingen"$"4021477-1"$"Niedersächsische Staats- und Universitätsbibliothek Göttingen"$"2020450-4"$"2 Cod. Ms. theol. 313"$"2o Theol. 313"$"2° Theol. 313"$"2º Theol. 313"$"Theol. 313"$"2° Cod. Ms. theol. 313"
"Göttingen"$"4021477-1"$"Niedersächsische Staats- und Universitätsbibliothek Göttingen"$"2020450-4"$"2 Cod. Ms. theol. 38 Cim."$"2o Theol. 38"$"2° Theol. 38"$"2º Theol. 38"$"Theol. 38"$"2° Cod. Ms. theol. 38"$"2° Cod. Ms. theol. 38 Cim."
"Göttingen"$"4021477-1"$"Niedersächsische Staats- und Universitätsbibliothek Göttingen"$"2020450-4"$"2 Cod. Ms. theol. 6 Cim."$"2o Theol. 6"$"2° Theol. 6"$"2º Theol. 6"$"Theol. 6"$"2° Cod. Ms. theol. 6"$"2° Cod. Ms. theol. 6 Cim."
"Göttingen"$"4021477-1"$"Niedersächsische Staats- und Universitätsbibliothek Göttingen"$"2020450-4"$"2 Cod. Ms. theol. 63"$"2o Theol. 63"$"2° Theol. 63"$"2º Theol. 63"$"Theol. 63"$"2° Cod. Ms. theol. 63"
"Göttingen"$"4021477-1"$"Niedersächsische Staats- und Universitätsbibliothek Göttingen"$"2020450-4"$"2 Cod. Ms. theol. 75"$"2o Theol. 75"$"2° Theol. 75"$"2º Theol. 75"$"Theol. 75"$"2° Cod. Ms. theol. 75"
"Göttingen"$"4021477-1"$"Niedersächsische Staats- und Universitätsbibliothek Göttingen"$"2020450-4"$"2 Cod. Ms. theol. 76"$"2o Theol. 76"$"2° Theol. 76"$"2º Theol. 76"$"Theol. 76"$"2° Cod. Ms. theol. 76"
"Göttingen"$"4021477-1"$"Niedersächsische Staats- und Universitätsbibliothek Göttingen"$"2020450-4"$"2 Cod. Ms. theol. 83"$"2o Theol. 83"$"2° Theol. 83"$"2º Theol. 83"$"Theol. 83"$"2° Cod. Ms. theol. 83"
"Göttingen"$"4021477-1"$"Niedersächsische Staats- und Universitätsbibliothek Göttingen"$"2020450-4"$"4 Cod. Ms. hist. 100"$"4o Hist. 100"$"4° Hist. 100"$"4º Hist. 100"$"Hist. 100"$"Histor. 100"$"4° Cod. Ms. hist. 100"
"Göttingen"$"4021477-1"$"Niedersächsische Staats- und Universitätsbibliothek Göttingen"$"2020450-4"$"4 Cod. Ms. hist. 102"$"4o Hist. 102"$"4° Hist. 102"$"4º Hist. 102"$"Hist. 102"$"Histor. 102"$"4° Cod. Ms. hist. 102"
"Göttingen"$"4021477-1"$"Niedersächsische Staats- und Universitätsbibliothek Göttingen"$"2020450-4"$"4 Cod. Ms. hist. 104"$"4o Hist. 104"$"4° Hist. 104"$"4º Hist. 104"$"Hist. 104"$"Histor. 104"$"4° Cod. Ms. hist. 104"
"Göttingen"$"4021477-1"$"Niedersächsische Staats- und Universitätsbibliothek Göttingen"$"2020450-4"$"4 Cod. Ms. hist. 105"$"4o Hist. 105"$"4° Hist. 105"$"4º Hist. 105"$"Hist. 105"$"Histor. 105"$"4° Cod. Ms. hist. 105"
"Göttingen"$"4021477-1"$"Niedersächsische Staats- und Universitätsbibliothek Göttingen"$"2020450-4"$"4 Cod. Ms. hist. 106"$"4o Hist. 106"$"4° Hist. 106"$"4º Hist. 106"$"Hist. 106"$"Histor. 106"$"4° Cod. Ms. hist. 106"
"Göttingen"$"4021477-1"$"Niedersächsische Staats- und Universitätsbibliothek Göttingen"$"2020450-4"$"4 Cod. Ms. hist. 107"$"4o Hist. 107"$"4° Hist. 107"$"4º Hist. 107"$"Hist. 107"$"Histor. 107"$"4° Cod. Ms. hist. 107"
"Göttingen"$"4021477-1"$"Niedersächsische Staats- und Universitätsbibliothek Göttingen"$"2020450-4"$"4 Cod. Ms. hist. 107 d"$"4o Hist. 107d"$"4° Hist. 107d"$"4º Hist. 107d"$"Hist. 107d"$"Hist. 107 d"$"Histor. 107d"$"Histor. 107 d"$"4° Cod. Ms. hist. 107d"$"4° Cod. Ms. hist. 107 d"
"Göttingen"$"4021477-1"$"Niedersächsische Staats- und Universitätsbibliothek Göttingen"$"2020450-4"$"4 Cod. Ms. hist. 110"$"4o Hist. 110"$"4° Hist. 110"$"4º Hist. 110"$"Hist. 110"$"Histor. 110"$"4° Cod. Ms. hist. 110"
"Göttingen"$"4021477-1"$"Niedersächsische Staats- und Universitätsbibliothek Göttingen"$"2020450-4"$"4 Cod. Ms. hist. 111"$"4o Hist. 111"$"4° Hist. 111"$"4º Hist. 111"$"Hist. 111"$"Histor. 111"$"4° Cod. Ms. hist. 111"
"Göttingen"$"4021477-1"$"Niedersächsische Staats- und Universitätsbibliothek Göttingen"$"2020450-4"$"4 Cod. Ms. hist. 112"$"4o Hist. 112"$"4° Hist. 112"$"4º Hist. 112"$"Hist. 112"$"Histor. 112"$"4° Cod. Ms. hist. 112"
"Göttingen"$"4021477-1"$"Niedersächsische Staats- und Universitätsbibliothek Göttingen"$"2020450-4"$"4 Cod. Ms. hist. 113"$"4o Hist. 113"$"4° Hist. 113"$"4º Hist. 113"$"Hist. 113"$"Histor. 113"$"4° Cod. Ms. hist. 113"
"Göttingen"$"4021477-1"$"Niedersächsische Staats- und Universitätsbibliothek Göttingen"$"2020450-4"$"4 Cod. Ms. hist. 114"$"4o Hist. 114"$"4° Hist. 114"$"4º Hist. 114"$"Hist. 114"$"Histor. 114"$"4° Cod. Ms. hist. 114"
"Göttingen"$"4021477-1"$"Niedersächsische Staats- und Universitätsbibliothek Göttingen"$"2020450-4"$"4 Cod. Ms. hist. 115"$"4o Hist. 115"$"4° Hist. 115"$"4º Hist. 115"$"Hist. 115"$"Histor. 115"$"4° Cod. Ms. hist. 115"
"Göttingen"$"4021477-1"$"Niedersächsische Staats- und Universitätsbibliothek Göttingen"$"2020450-4"$"4 Cod. Ms. hist. 116"$"4o Hist. 116"$"4° Hist. 116"$"4º Hist. 116"$"Hist. 116"$"Histor. 116"$"4° Cod. Ms. hist. 116"
"Göttingen"$"4021477-1"$"Niedersächsische Staats- und Universitätsbibliothek Göttingen"$"2020450-4"$"4 Cod. Ms. hist. 121"$"4o Hist. 121"$"4° Hist. 121"$"4º Hist. 121"$"Hist. 121"$"Histor. 121"$"4° Cod. Ms. hist. 121"
"Göttingen"$"4021477-1"$"Niedersächsische Staats- und Universitätsbibliothek Göttingen"$"2020450-4"$"4 Cod. Ms. hist. 124"$"4o Hist. 124"$"4° Hist. 124"$"4º Hist. 124"$"Hist. 124"$"Histor. 124"$"4° Cod. Ms. hist. 124"
"Göttingen"$"4021477-1"$"Niedersächsische Staats- und Universitätsbibliothek Göttingen"$"2020450-4"$"4 Cod. Ms. hist. 126 m"$"4o Hist. 126m"$"4° Hist. 126m"$"4º Hist. 126m"$"Hist. 126m"$"Hist. 126 m"$"Histor. 126m"$"Histor. 126 m"$"4° Cod. Ms. hist. 126m"$"4° Cod. Ms. hist. 126 m"
"Göttingen"$"4021477-1"$"Niedersächsische Staats- und Universitätsbibliothek Göttingen"$"2020450-4"$"4 Cod. Ms. hist. 127"$"4o Hist. 127"$"4° Hist. 127"$"4º Hist. 127"$"Hist. 127"$"Histor. 127"$"4° Cod. Ms. hist. 127"
"Göttingen"$"4021477-1"$"Niedersächsische Staats- und Universitätsbibliothek Göttingen"$"2020450-4"$"4 Cod. Ms. hist. 128"$"4o Hist. 128"$"4° Hist. 128"$"4º Hist. 128"$"Hist. 128"$"Histor. 128"$"4° Cod. Ms. hist. 128"
"Göttingen"$"4021477-1"$"Niedersächsische Staats- und Universitätsbibliothek Göttingen"$"2020450-4"$"4 Cod. Ms. hist. 131"$"4o Hist. 131"$"4° Hist. 131"$"4º Hist. 131"$"Hist. 131"$"Histor. 131"$"4° Cod. Ms. hist. 131"
"Göttingen"$"4021477-1"$"Niedersächsische Staats- und Universitätsbibliothek Göttingen"$"2020450-4"$"4 Cod. Ms. hist. 132"$"4o Hist. 132"$"4° Hist. 132"$"4º Hist. 132"$"Hist. 132"$"Histor. 132"$"4° Cod. Ms. hist. 132"
"Göttingen"$"4021477-1"$"Niedersächsische Staats- und Universitätsbibliothek Göttingen"$"2020450-4"$"4 Cod. Ms. hist. 133"$"4o Hist. 133"$"4° Hist. 133"$"4º Hist. 133"$"Hist. 133"$"Histor. 133"$"4° Cod. Ms. hist. 133"
"Göttingen"$"4021477-1"$"Niedersächsische Staats- und Universitätsbibliothek Göttingen"$"2020450-4"$"4 Cod. Ms. hist. 135"$"4o Hist. 135"$"4° Hist. 135"$"4º Hist. 135"$"Hist. 135"$"Histor. 135"$"4° Cod. Ms. hist. 135"
"Göttingen"$"4021477-1"$"Niedersächsische Staats- und Universitätsbibliothek Göttingen"$"2020450-4"$"4 Cod. Ms. hist. 136"$"4o Hist. 136"$"4° Hist. 136"$"4º Hist. 136"$"Hist. 136"$"Histor. 136"$"4° Cod. Ms. hist. 136"
"Göttingen"$"4021477-1"$"Niedersächsische Staats- und Universitätsbibliothek Göttingen"$"2020450-4"$"4 Cod. Ms. hist. 137"$"4o Hist. 137"$"4° Hist. 137"$"4º Hist. 137"$"Hist. 137"$"Histor. 137"$"4° Cod. Ms. hist. 137"
"Göttingen"$"4021477-1"$"Niedersächsische Staats- und Universitätsbibliothek Göttingen"$"2020450-4"$"4 Cod. Ms. hist. 142"$"4o Hist. 142"$"4° Hist. 142"$"4º Hist. 142"$"Hist. 142"$"Histor. 142"$"4° Cod. Ms. hist. 142"
"Göttingen"$"4021477-1"$"Niedersächsische Staats- und Universitätsbibliothek Göttingen"$"2020450-4"$"4 Cod. Ms. hist. 143"$"4o Hist. 143"$"4° Hist. 143"$"4º Hist. 143"$"Hist. 143"$"Histor. 143"$"4° Cod. Ms. hist. 143"
"Göttingen"$"4021477-1"$"Niedersächsische Staats- und Universitätsbibliothek Göttingen"$"2020450-4"$"4 Cod. Ms. hist. 145"$"4o Hist. 145"$"4° Hist. 145"$"4º Hist. 145"$"Hist. 145"$"Histor. 145"$"4° Cod. Ms. hist. 145"
"Göttingen"$"4021477-1"$"Niedersächsische Staats- und Universitätsbibliothek Göttingen"$"2020450-4"$"4 Cod. Ms. hist. 146"$"4o Hist. 146"$"4° Hist. 146"$"4º Hist. 146"$"Hist. 146"$"Histor. 146"$"4° Cod. Ms. hist. 146"
"Göttingen"$"4021477-1"$"Niedersächsische Staats- und Universitätsbibliothek Göttingen"$"2020450-4"$"4 Cod. Ms. hist. 149"$"4o Hist. 149"$"4° Hist. 149"$"4º Hist. 149"$"Hist. 149"$"Histor. 149"$"4° Cod. Ms. hist. 149"
"Göttingen"$"4021477-1"$"Niedersächsische Staats- und Universitätsbibliothek Göttingen"$"2020450-4"$"4 Cod. Ms. hist. 150"$"4o Hist. 150"$"4° Hist. 150"$"4º Hist. 150"$"Hist. 150"$"Histor. 150"$"4° Cod. Ms. hist. 150"
"Göttingen"$"4021477-1"$"Niedersächsische Staats- und Universitätsbibliothek Göttingen"$"2020450-4"$"4 Cod. Ms. hist. 151"$"4o Hist. 151"$"4° Hist. 151"$"4º Hist. 151"$"Hist. 151"$"Histor. 151"$"4° Cod. Ms. hist. 151"
"Göttingen"$"4021477-1"$"Niedersächsische Staats- und Universitätsbibliothek Göttingen"$"2020450-4"$"4 Cod. Ms. hist. 152"$"4o Hist. 152"$"4° Hist. 152"$"4º Hist. 152"$"Hist. 152"$"Histor. 152"$"4° Cod. Ms. hist. 152"
"Göttingen"$"4021477-1"$"Niedersächsische Staats- und Universitätsbibliothek Göttingen"$"2020450-4"$"4 Cod. Ms. hist. 153"$"4o Hist. 153"$"4° Hist. 153"$"4º Hist. 153"$"Hist. 153"$"Histor. 153"$"4° Cod. Ms. hist. 153"
"Göttingen"$"4021477-1"$"Niedersächsische Staats- und Universitätsbibliothek Göttingen"$"2020450-4"$"4 Cod. Ms. hist. 154"$"4o Hist. 154"$"4° Hist. 154"$"4º Hist. 154"$"Hist. 154"$"Histor. 154"$"4° Cod. Ms. hist. 154"
"Göttingen"$"4021477-1"$"Niedersächsische Staats- und Universitätsbibliothek Göttingen"$"2020450-4"$"4 Cod. Ms. hist. 157"$"4o Hist. 157"$"4° Hist. 157"$"4º Hist. 157"$"Hist. 157"$"Histor. 157"$"4° Cod. Ms. hist. 157"
"Göttingen"$"4021477-1"$"Niedersächsische Staats- und Universitätsbibliothek Göttingen"$"2020450-4"$"4 Cod. Ms. hist. 161"$"4o Hist. 161"$"4° Hist. 161"$"4º Hist. 161"$"Hist. 161"$"Histor. 161"$"4° Cod. Ms. hist. 161"
"Göttingen"$"4021477-1"$"Niedersächsische Staats- und Universitätsbibliothek Göttingen"$"2020450-4"$"4 Cod. Ms. hist. 162"$"4o Hist. 162"$"4° Hist. 162"$"4º Hist. 162"$"Hist. 162"$"Histor. 162"$"4° Cod. Ms. hist. 162"
"Göttingen"$"4021477-1"$"Niedersächsische Staats- und Universitätsbibliothek Göttingen"$"2020450-4"$"4 Cod. Ms. hist. 163"$"4o Hist. 163"$"4° Hist. 163"$"4º Hist. 163"$"Hist. 163"$"Histor. 163"$"4° Cod. Ms. hist. 163"
"Göttingen"$"4021477-1"$"Niedersächsische Staats- und Universitätsbibliothek Göttingen"$"2020450-4"$"4 Cod. Ms. hist. 164"$"4o Hist. 164"$"4° Hist. 164"$"4º Hist. 164"$"Hist. 164"$"Histor. 164"$"4° Cod. Ms. hist. 164"
"Göttingen"$"4021477-1"$"Niedersächsische Staats- und Universitätsbibliothek Göttingen"$"2020450-4"$"4 Cod. Ms. hist. 165"$"4o Hist. 165"$"4° Hist. 165"$"4º Hist. 165"$"Hist. 165"$"Histor. 165"$"4° Cod. Ms. hist. 165"
"Göttingen"$"4021477-1"$"Niedersächsische Staats- und Universitätsbibliothek Göttingen"$"2020450-4"$"4 Cod. Ms. hist. 167"$"4o Hist. 167"$"4° Hist. 167"$"4º Hist. 167"$"Hist. 167"$"Histor. 167"$"4° Cod. Ms. hist. 167"
"Göttingen"$"4021477-1"$"Niedersächsische Staats- und Universitätsbibliothek Göttingen"$"2020450-4"$"4 Cod. Ms. hist. 174"$"4o Hist. 174"$"4° Hist. 174"$"4º Hist. 174"$"Hist. 174"$"Histor. 174"$"4° Cod. Ms. hist. 174"
"Göttingen"$"4021477-1"$"Niedersächsische Staats- und Universitätsbibliothek Göttingen"$"2020450-4"$"4 Cod. Ms. hist. 177"$"4o Hist. 177"$"4° Hist. 177"$"4º Hist. 177"$"Hist. 177"$"Histor. 177"$"4° Cod. Ms. hist. 177"
"Göttingen"$"4021477-1"$"Niedersächsische Staats- und Universitätsbibliothek Göttingen"$"2020450-4"$"4 Cod. Ms. hist. 178"$"4o Hist. 178"$"4° Hist. 178"$"4º Hist. 178"$"Hist. 178"$"Histor. 178"$"4° Cod. Ms. hist. 178"
"Göttingen"$"4021477-1"$"Niedersächsische Staats- und Universitätsbibliothek Göttingen"$"2020450-4"$"4 Cod. Ms. hist. 179"$"4o Hist. 179"$"4° Hist. 179"$"4º Hist. 179"$"Hist. 179"$"Histor. 179"$"4° Cod. Ms. hist. 179"
"Göttingen"$"4021477-1"$"Niedersächsische Staats- und Universitätsbibliothek Göttingen"$"2020450-4"$"4 Cod. Ms. hist. 180"$"4o Hist. 180"$"4° Hist. 180"$"4º Hist. 180"$"Hist. 180"$"Histor. 180"$"4° Cod. Ms. hist. 180"
"Göttingen"$"4021477-1"$"Niedersächsische Staats- und Universitätsbibliothek Göttingen"$"2020450-4"$"4 Cod. Ms. hist. 181"$"4o Hist. 181"$"4° Hist. 181"$"4º Hist. 181"$"Hist. 181"$"Histor. 181"$"4° Cod. Ms. hist. 181"
"Göttingen"$"4021477-1"$"Niedersächsische Staats- und Universitätsbibliothek Göttingen"$"2020450-4"$"4 Cod. Ms. hist. 182"$"4o Hist. 182"$"4° Hist. 182"$"4º Hist. 182"$"Hist. 182"$"Histor. 182"$"4° Cod. Ms. hist. 182"
"Göttingen"$"4021477-1"$"Niedersächsische Staats- und Universitätsbibliothek Göttingen"$"2020450-4"$"4 Cod. Ms. hist. 183"$"4o Hist. 183"$"4° Hist. 183"$"4º Hist. 183"$"Hist. 183"$"Histor. 183"$"4° Cod. Ms. hist. 183"
"Göttingen"$"4021477-1"$"Niedersächsische Staats- und Universitätsbibliothek Göttingen"$"2020450-4"$"4 Cod. Ms. hist. 184"$"4o Hist. 184"$"4° Hist. 184"$"4º Hist. 184"$"Hist. 184"$"Histor. 184"$"4° Cod. Ms. hist. 184"
"Göttingen"$"4021477-1"$"Niedersächsische Staats- und Universitätsbibliothek Göttingen"$"2020450-4"$"4 Cod. Ms. hist. 185 m"$"4o Hist. 185m"$"4° Hist. 185m"$"4º Hist. 185m"$"Hist. 185m"$"Hist. 185 m"$"Histor. 185m"$"Histor. 185 m"$"4° Cod. Ms. hist. 185m"$"4° Cod. Ms. hist. 185 m"
"Göttingen"$"4021477-1"$"Niedersächsische Staats- und Universitätsbibliothek Göttingen"$"2020450-4"$"4 Cod. Ms. hist. 186"$"4o Hist. 186"$"4° Hist. 186"$"4º Hist. 186"$"Hist. 186"$"Histor. 186"$"4° Cod. Ms. hist. 186"
"Göttingen"$"4021477-1"$"Niedersächsische Staats- und Universitätsbibliothek Göttingen"$"2020450-4"$"4 Cod. Ms. hist. 196"$"4o Hist. 196"$"4° Hist. 196"$"4º Hist. 196"$"Hist. 196"$"Histor. 196"$"4° Cod. Ms. hist. 196"
"Göttingen"$"4021477-1"$"Niedersächsische Staats- und Universitätsbibliothek Göttingen"$"2020450-4"$"4 Cod. Ms. hist. 197"$"4o Hist. 197"$"4° Hist. 197"$"4º Hist. 197"$"Hist. 197"$"Histor. 197"$"4° Cod. Ms. hist. 197"
"Göttingen"$"4021477-1"$"Niedersächsische Staats- und Universitätsbibliothek Göttingen"$"2020450-4"$"4 Cod. Ms. hist. 198"$"4o Hist. 198"$"4° Hist. 198"$"4º Hist. 198"$"Hist. 198"$"Histor. 198"$"4° Cod. Ms. hist. 198"
"Göttingen"$"4021477-1"$"Niedersächsische Staats- und Universitätsbibliothek Göttingen"$"2020450-4"$"4 Cod. Ms. hist. 198 i"$"4o Hist. 198i"$"4° Hist. 198i"$"4º Hist. 198i"$"Hist. 198i"$"Hist. 198 i"$"Histor. 198i"$"Histor. 198 i"$"4° Cod. Ms. hist. 198i"$"4° Cod. Ms. hist. 198 i"
"Göttingen"$"4021477-1"$"Niedersächsische Staats- und Universitätsbibliothek Göttingen"$"2020450-4"$"4 Cod. Ms. hist. 203"$"4o Hist. 203"$"4° Hist. 203"$"4º Hist. 203"$"Hist. 203"$"Histor. 203"$"4° Cod. Ms. hist. 203"
"Göttingen"$"4021477-1"$"Niedersächsische Staats- und Universitätsbibliothek Göttingen"$"2020450-4"$"4 Cod. Ms. hist. 204"$"4o Hist. 204"$"4° Hist. 204"$"4º Hist. 204"$"Hist. 204"$"Histor. 204"$"4° Cod. Ms. hist. 204"
"Göttingen"$"4021477-1"$"Niedersächsische Staats- und Universitätsbibliothek Göttingen"$"2020450-4"$"4 Cod. Ms. hist. 205"$"4o Hist. 205"$"4° Hist. 205"$"4º Hist. 205"$"Hist. 205"$"Histor. 205"$"4° Cod. Ms. hist. 205"
"Göttingen"$"4021477-1"$"Niedersächsische Staats- und Universitätsbibliothek Göttingen"$"2020450-4"$"4 Cod. Ms. hist. 206"$"4o Hist. 206"$"4° Hist. 206"$"4º Hist. 206"$"Hist. 206"$"Histor. 206"$"4° Cod. Ms. hist. 206"
"Göttingen"$"4021477-1"$"Niedersächsische Staats- und Universitätsbibliothek Göttingen"$"2020450-4"$"4 Cod. Ms. hist. 207"$"4o Hist. 207"$"4° Hist. 207"$"4º Hist. 207"$"Hist. 207"$"Histor. 207"$"4° Cod. Ms. hist. 207"
"Göttingen"$"4021477-1"$"Niedersächsische Staats- und Universitätsbibliothek Göttingen"$"2020450-4"$"4 Cod. Ms. hist. 209"$"4o Hist. 209"$"4° Hist. 209"$"4º Hist. 209"$"Hist. 209"$"Histor. 209"$"4° Cod. Ms. hist. 209"
"Göttingen"$"4021477-1"$"Niedersächsische Staats- und Universitätsbibliothek Göttingen"$"2020450-4"$"4 Cod. Ms. hist. 210"$"4o Hist. 210"$"4° Hist. 210"$"4º Hist. 210"$"Hist. 210"$"Histor. 210"$"4° Cod. Ms. hist. 210"
"Göttingen"$"4021477-1"$"Niedersächsische Staats- und Universitätsbibliothek Göttingen"$"2020450-4"$"4 Cod. Ms. hist. 210 i"$"4o Hist. 210i"$"4° Hist. 210i"$"4º Hist. 210i"$"Hist. 210i"$"Hist. 210 i"$"Histor. 210i"$"Histor. 210 i"$"4° Cod. Ms. hist. 210i"$"4° Cod. Ms. hist. 210 i"
"Göttingen"$"4021477-1"$"Niedersächsische Staats- und Universitätsbibliothek Göttingen"$"2020450-4"$"4 Cod. Ms. hist. 213"$"4o Hist. 213"$"4° Hist. 213"$"4º Hist. 213"$"Hist. 213"$"Histor. 213"$"4° Cod. Ms. hist. 213"
"Göttingen"$"4021477-1"$"Niedersächsische Staats- und Universitätsbibliothek Göttingen"$"2020450-4"$"4 Cod. Ms. hist. 214"$"4o Hist. 214"$"4° Hist. 214"$"4º Hist. 214"$"Hist. 214"$"Histor. 214"$"4° Cod. Ms. hist. 214"
"Göttingen"$"4021477-1"$"Niedersächsische Staats- und Universitätsbibliothek Göttingen"$"2020450-4"$"4 Cod. Ms. hist. 215"$"4o Hist. 215"$"4° Hist. 215"$"4º Hist. 215"$"Hist. 215"$"Histor. 215"$"4° Cod. Ms. hist. 215"
"Göttingen"$"4021477-1"$"Niedersächsische Staats- und Universitätsbibliothek Göttingen"$"2020450-4"$"4 Cod. Ms. hist. 216"$"4o Hist. 216"$"4° Hist. 216"$"4º Hist. 216"$"Hist. 216"$"Histor. 216"$"4° Cod. Ms. hist. 216"
"Göttingen"$"4021477-1"$"Niedersächsische Staats- und Universitätsbibliothek Göttingen"$"2020450-4"$"4 Cod. Ms. hist. 218"$"4o Hist. 218"$"4° Hist. 218"$"4º Hist. 218"$"Hist. 218"$"Histor. 218"$"4° Cod. Ms. hist. 218"
"Göttingen"$"4021477-1"$"Niedersächsische Staats- und Universitätsbibliothek Göttingen"$"2020450-4"$"4 Cod. Ms. hist. 219"$"4o Hist. 219"$"4° Hist. 219"$"4º Hist. 219"$"Hist. 219"$"Histor. 219"$"4° Cod. Ms. hist. 219"
"Göttingen"$"4021477-1"$"Niedersächsische Staats- und Universitätsbibliothek Göttingen"$"2020450-4"$"4 Cod. Ms. hist. 221"$"4o Hist. 221"$"4° Hist. 221"$"4º Hist. 221"$"Hist. 221"$"Histor. 221"$"4° Cod. Ms. hist. 221"
"Göttingen"$"4021477-1"$"Niedersächsische Staats- und Universitätsbibliothek Göttingen"$"2020450-4"$"4 Cod. Ms. hist. 223"$"4o Hist. 223"$"4° Hist. 223"$"4º Hist. 223"$"Hist. 223"$"4° Cod. Ms. hist. 223"
"Göttingen"$"4021477-1"$"Niedersächsische Staats- und Universitätsbibliothek Göttingen"$"2020450-4"$"4 Cod. Ms. hist. 224"$"4o Hist. 224"$"4° Hist. 224"$"4º Hist. 224"$"Hist. 224"$"4° Cod. Ms. hist. 224"
"Göttingen"$"4021477-1"$"Niedersächsische Staats- und Universitätsbibliothek Göttingen"$"2020450-4"$"4 Cod. Ms. hist. 225"$"4o Hist. 225"$"4° Hist. 225"$"4º Hist. 225"$"Hist. 225"$"4° Cod. Ms. hist. 225"
"Göttingen"$"4021477-1"$"Niedersächsische Staats- und Universitätsbibliothek Göttingen"$"2020450-4"$"4 Cod. Ms. hist. 226"$"4o Hist. 226"$"4° Hist. 226"$"4º Hist. 226"$"Hist. 226"$"Histor. 226"$"4° Cod. Ms. hist. 226"
"Göttingen"$"4021477-1"$"Niedersächsische Staats- und Universitätsbibliothek Göttingen"$"2020450-4"$"4 Cod. Ms. hist. 226 e"$"4o Hist. 226e"$"4° Hist. 226e"$"4º Hist. 226e"$"Hist. 226e"$"Hist. 226 e"$"Histor. 226e"$"Histor. 226 e"$"4° Cod. Ms. hist. 226e"$"4° Cod. Ms. hist. 226 e"
"Göttingen"$"4021477-1"$"Niedersächsische Staats- und Universitätsbibliothek Göttingen"$"2020450-4"$"4 Cod. Ms. hist. 226 i"$"4o Hist. 226i"$"4° Hist. 226i"$"4º Hist. 226i"$"Hist. 226i"$"Hist. 226 i"$"Histor. 226i"$"Histor. 226 i"$"4° Cod. Ms. hist. 226i"$"4° Cod. Ms. hist. 226 i"
"Göttingen"$"4021477-1"$"Niedersächsische Staats- und Universitätsbibliothek Göttingen"$"2020450-4"$"4 Cod. Ms. hist. 227"$"4o Hist. 227"$"4° Hist. 227"$"4º Hist. 227"$"Hist. 227"$"Histor. 227"$"4° Cod. Ms. hist. 227"
"Göttingen"$"4021477-1"$"Niedersächsische Staats- und Universitätsbibliothek Göttingen"$"2020450-4"$"4 Cod. Ms. hist. 228"$"4o Hist. 228"$"4° Hist. 228"$"4º Hist. 228"$"Hist. 228"$"Histor. 228"$"4° Cod. Ms. hist. 228"
"Göttingen"$"4021477-1"$"Niedersächsische Staats- und Universitätsbibliothek Göttingen"$"2020450-4"$"4 Cod. Ms. hist. 229"$"4o Hist. 229"$"4° Hist. 229"$"4º Hist. 229"$"Hist. 229"$"Histor. 229"$"4° Cod. Ms. hist. 229"
"Göttingen"$"4021477-1"$"Niedersächsische Staats- und Universitätsbibliothek Göttingen"$"2020450-4"$"4 Cod. Ms. hist. 230"$"4o Hist. 230"$"4° Hist. 230"$"4º Hist. 230"$"Hist. 230"$"Histor. 230"$"4° Cod. Ms. hist. 230"
"Göttingen"$"4021477-1"$"Niedersächsische Staats- und Universitätsbibliothek Göttingen"$"2020450-4"$"4 Cod. Ms. hist. 231"$"4o Hist. 231"$"4° Hist. 231"$"4º Hist. 231"$"Hist. 231"$"Histor. 231"$"4° Cod. Ms. hist. 231"
"Göttingen"$"4021477-1"$"Niedersächsische Staats- und Universitätsbibliothek Göttingen"$"2020450-4"$"4 Cod. Ms. hist. 233"$"4o Hist. 233"$"4° Hist. 233"$"4º Hist. 233"$"Hist. 233"$"Histor. 233"$"4° Cod. Ms. hist. 233"
"Göttingen"$"4021477-1"$"Niedersächsische Staats- und Universitätsbibliothek Göttingen"$"2020450-4"$"4 Cod. Ms. hist. 234"$"4o Hist. 234"$"4° Hist. 234"$"4º Hist. 234"$"Hist. 234"$"Histor. 234"$"4° Cod. Ms. hist. 234"
"Göttingen"$"4021477-1"$"Niedersächsische Staats- und Universitätsbibliothek Göttingen"$"2020450-4"$"4 Cod. Ms. hist. 236"$"4o Hist. 236"$"4° Hist. 236"$"4º Hist. 236"$"Hist. 236"$"Histor. 236"$"4° Cod. Ms. hist. 236"
"Göttingen"$"4021477-1"$"Niedersächsische Staats- und Universitätsbibliothek Göttingen"$"2020450-4"$"4 Cod. Ms. hist. 239"$"4o Hist. 239"$"4° Hist. 239"$"4º Hist. 239"$"Hist. 239"$"Histor. 239"$"4° Cod. Ms. hist. 239"
"Göttingen"$"4021477-1"$"Niedersächsische Staats- und Universitätsbibliothek Göttingen"$"2020450-4"$"4 Cod. Ms. hist. 24"$"4o Hist. 24"$"4° Hist. 24"$"4º Hist. 24"$"Hist. 24"$"Histor. 24"$"4° Cod. Ms. hist. 24"
"Göttingen"$"4021477-1"$"Niedersächsische Staats- und Universitätsbibliothek Göttingen"$"2020450-4"$"4 Cod. Ms. hist. 240"$"4o Hist. 240"$"4° Hist. 240"$"4º Hist. 240"$"Hist. 240"$"Histor. 240"$"4° Cod. Ms. hist. 240"
"Göttingen"$"4021477-1"$"Niedersächsische Staats- und Universitätsbibliothek Göttingen"$"2020450-4"$"4 Cod. Ms. hist. 241"$"4o Hist. 241"$"4° Hist. 241"$"4º Hist. 241"$"Hist. 241"$"Histor. 241"$"4° Cod. Ms. hist. 241"
"Göttingen"$"4021477-1"$"Niedersächsische Staats- und Universitätsbibliothek Göttingen"$"2020450-4"$"4 Cod. Ms. hist. 242"$"4o Hist. 242"$"4° Hist. 242"$"4º Hist. 242"$"Hist. 242"$"Histor. 242"$"4° Cod. Ms. hist. 242"
"Göttingen"$"4021477-1"$"Niedersächsische Staats- und Universitätsbibliothek Göttingen"$"2020450-4"$"4 Cod. Ms. hist. 243"$"4o Hist. 243"$"4° Hist. 243"$"4º Hist. 243"$"Hist. 243"$"Histor. 243"$"4° Cod. Ms. hist. 243"
"Göttingen"$"4021477-1"$"Niedersächsische Staats- und Universitätsbibliothek Göttingen"$"2020450-4"$"4 Cod. Ms. hist. 244"$"4o Hist. 244"$"4° Hist. 244"$"4º Hist. 244"$"Hist. 244"$"Histor. 244"$"4° Cod. Ms. hist. 244"
"Göttingen"$"4021477-1"$"Niedersächsische Staats- und Universitätsbibliothek Göttingen"$"2020450-4"$"4 Cod. Ms. hist. 245"$"4o Hist. 245"$"4° Hist. 245"$"4º Hist. 245"$"Hist. 245"$"Histor. 245"$"4° Cod. Ms. hist. 245"
"Göttingen"$"4021477-1"$"Niedersächsische Staats- und Universitätsbibliothek Göttingen"$"2020450-4"$"4 Cod. Ms. hist. 246"$"4o Hist. 246"$"4° Hist. 246"$"4º Hist. 246"$"Hist. 246"$"Histor. 246"$"4° Cod. Ms. hist. 246"
"Göttingen"$"4021477-1"$"Niedersächsische Staats- und Universitätsbibliothek Göttingen"$"2020450-4"$"4 Cod. Ms. hist. 247"$"4o Hist. 247"$"4° Hist. 247"$"4º Hist. 247"$"Hist. 247"$"Histor. 247"$"4° Cod. Ms. hist. 247"
"Göttingen"$"4021477-1"$"Niedersächsische Staats- und Universitätsbibliothek Göttingen"$"2020450-4"$"4 Cod. Ms. hist. 249 : 1"$"4 Cod. Ms. hist. 249"$"4o Hist. 249 I"$"4° Hist. 249 I"$"4° Hist. 249 I"$"4° Hist. 249"$"4° Hist. 249"$"Hist. 249 I"$"Histor. 249 I"$"Hist. 249"$"Histor. 249"$"4° Cod. Ms. hist. 249"$"4° Cod. Ms. hist. 249 I"$"4° Cod. Ms. hist. 249 : 1"$"Hist. 249, Bd. 1"$"Histor. 249, Bd. 1"$"Hist. 249, Bd. I"$"Histor. 249, Bd. I"$"4 Cod. Ms. hist. 249 : I"$"4 Cod. Ms. hist. 249 : Bd. I"
"Göttingen"$"4021477-1"$"Niedersächsische Staats- und Universitätsbibliothek Göttingen"$"2020450-4"$"4 Cod. Ms. hist. 249 : 2"$"4 Cod. Ms. hist. 249"$"4o Hist. 249 II"$"4° Hist. 249 II"$"4° Hist. 249 II"$"4° Hist. 249"$"4° Hist. 249"$"Hist. 249 II"$"Histor. 249 II"$"Hist. 249"$"Histor. 249"$"4° Cod. Ms. hist. 249"$"4° Cod. Ms. hist. 249 II"$"4° Cod. Ms. hist. 249 : 2"$"Hist. 249, Bd. 2"$"Histor. 249, Bd. 2"$"Hist. 249, Bd. II"$"Histor. 249, Bd. II"$"4 Cod. Ms. hist. 249 : II"$"4 Cod. Ms. hist. 249 : Bd. II"
"Göttingen"$"4021477-1"$"Niedersächsische Staats- und Universitätsbibliothek Göttingen"$"2020450-4"$"4 Cod. Ms. hist. 25"$"4o Hist. 25"$"4° Hist. 25"$"4º Hist. 25"$"Hist. 25"$"Histor. 25"$"4° Cod. Ms. hist. 25"
"Göttingen"$"4021477-1"$"Niedersächsische Staats- und Universitätsbibliothek Göttingen"$"2020450-4"$"4 Cod. Ms. hist. 255"$"4o Hist. 255"$"4° Hist. 255"$"4º Hist. 255"$"Hist. 255"$"Histor. 255"$"4° Cod. Ms. hist. 255"
"Göttingen"$"4021477-1"$"Niedersächsische Staats- und Universitätsbibliothek Göttingen"$"2020450-4"$"4 Cod. Ms. hist. 260"$"4o Hist. 260"$"4° Hist. 260"$"4º Hist. 260"$"Hist. 260"$"Histor. 260"$"4° Cod. Ms. hist. 260"
"Göttingen"$"4021477-1"$"Niedersächsische Staats- und Universitätsbibliothek Göttingen"$"2020450-4"$"4 Cod. Ms. hist. 261"$"4o Hist. 261"$"4° Hist. 261"$"4º Hist. 261"$"Hist. 261"$"Histor. 261"$"4° Cod. Ms. hist. 261"
"Göttingen"$"4021477-1"$"Niedersächsische Staats- und Universitätsbibliothek Göttingen"$"2020450-4"$"4 Cod. Ms. hist. 262"$"4o Hist. 262"$"4° Hist. 262"$"4º Hist. 262"$"Hist. 262"$"Histor. 262"$"4° Cod. Ms. hist. 262"
"Göttingen"$"4021477-1"$"Niedersächsische Staats- und Universitätsbibliothek Göttingen"$"2020450-4"$"4 Cod. Ms. hist. 263"$"4o Hist. 263"$"4° Hist. 263"$"4º Hist. 263"$"Hist. 263"$"Histor. 263"$"4° Cod. Ms. hist. 263"
"Göttingen"$"4021477-1"$"Niedersächsische Staats- und Universitätsbibliothek Göttingen"$"2020450-4"$"4 Cod. Ms. hist. 265"$"4o Hist. 265"$"4° Hist. 265"$"4º Hist. 265"$"Hist. 265"$"Histor. 265"$"4° Cod. Ms. hist. 265"
"Göttingen"$"4021477-1"$"Niedersächsische Staats- und Universitätsbibliothek Göttingen"$"2020450-4"$"4 Cod. Ms. hist. 268 : 1"$"4 Cod. Ms. hist. 268"$"4o Hist. 268 I"$"4° Hist. 268 I"$"4° Hist. 268 I"$"4° Hist. 268"$"4° Hist. 268"$"Hist. 268 I"$"Histor. 268 I"$"Hist. 268"$"Histor. 268"$"4° Cod. Ms. hist. 268"$"4° Cod. Ms. hist. 268 I"$"4° Cod. Ms. hist. 268 : 1"$"Hist. 268, Bd. 1"$"Histor. 268, Bd. 1"$"Hist. 268, Bd. I"$"Histor. 268, Bd. I"$"4 Cod. Ms. hist. 268 : I"$"4 Cod. Ms. hist. 268 : Bd. I"
"Göttingen"$"4021477-1"$"Niedersächsische Staats- und Universitätsbibliothek Göttingen"$"2020450-4"$"4 Cod. Ms. hist. 268 : 2"$"4 Cod. Ms. hist. 268"$"4o Hist. 268 II"$"4° Hist. 268 II"$"4° Hist. 268 II"$"4° Hist. 268"$"4° Hist. 268"$"Hist. 268 II"$"Histor. 268 II"$"Hist. 268"$"Histor. 268"$"4° Cod. Ms. hist. 268"$"4° Cod. Ms. hist. 268 II"$"4° Cod. Ms. hist. 268 : 2"$"Hist. 268, Bd. 2"$"Histor. 268, Bd. 2"$"Hist. 268, Bd. II"$"Histor. 268, Bd. II"$"4 Cod. Ms. hist. 268 : II"$"4 Cod. Ms. hist. 268 : Bd. II"
"Göttingen"$"4021477-1"$"Niedersächsische Staats- und Universitätsbibliothek Göttingen"$"2020450-4"$"4 Cod. Ms. hist. 268 : 3"$"4 Cod. Ms. hist. 268"$"4o Hist. 268 III"$"4° Hist. 268 III"$"4° Hist. 268 III"$"4° Hist. 268"$"4° Hist. 268"$"Hist. 268 III"$"Histor. 268 III"$"Hist. 268"$"Histor. 268"$"4° Cod. Ms. hist. 268"$"4° Cod. Ms. hist. 268 III"$"4° Cod. Ms. hist. 268 : 3"$"Hist. 268, Bd. 3"$"Histor. 268, Bd. 3"$"Hist. 268, Bd. III"$"Histor. 268, Bd. III"$"4 Cod. Ms. hist. 268 : III"$"4 Cod. Ms. hist. 268 : Bd. III"
"Göttingen"$"4021477-1"$"Niedersächsische Staats- und Universitätsbibliothek Göttingen"$"2020450-4"$"4 Cod. Ms. hist. 271"$"4o Hist. 271"$"4° Hist. 271"$"4º Hist. 271"$"Hist. 271"$"Histor. 271"$"4° Cod. Ms. hist. 271"
"Göttingen"$"4021477-1"$"Niedersächsische Staats- und Universitätsbibliothek Göttingen"$"2020450-4"$"4 Cod. Ms. hist. 272"$"4o Hist. 272"$"4° Hist. 272"$"4º Hist. 272"$"Hist. 272"$"Histor. 272"$"4° Cod. Ms. hist. 272"
"Göttingen"$"4021477-1"$"Niedersächsische Staats- und Universitätsbibliothek Göttingen"$"2020450-4"$"4 Cod. Ms. hist. 273"$"4o Hist. 273"$"4° Hist. 273"$"4º Hist. 273"$"Hist. 273"$"Histor. 273"$"4° Cod. Ms. hist. 273"
"Göttingen"$"4021477-1"$"Niedersächsische Staats- und Universitätsbibliothek Göttingen"$"2020450-4"$"4 Cod. Ms. hist. 275"$"4o Hist. 275"$"4° Hist. 275"$"4º Hist. 275"$"Hist. 275"$"Histor. 275"$"4° Cod. Ms. hist. 275"
"Göttingen"$"4021477-1"$"Niedersächsische Staats- und Universitätsbibliothek Göttingen"$"2020450-4"$"4 Cod. Ms. hist. 277"$"4o Hist. 277"$"4° Hist. 277"$"4º Hist. 277"$"Hist. 277"$"Histor. 277"$"4° Cod. Ms. hist. 277"
"Göttingen"$"4021477-1"$"Niedersächsische Staats- und Universitätsbibliothek Göttingen"$"2020450-4"$"4 Cod. Ms. hist. 278"$"4o Hist. 278"$"4° Hist. 278"$"4º Hist. 278"$"Hist. 278"$"Histor. 278"$"4° Cod. Ms. hist. 278"
"Göttingen"$"4021477-1"$"Niedersächsische Staats- und Universitätsbibliothek Göttingen"$"2020450-4"$"4 Cod. Ms. hist. 279"$"4o Hist. 279"$"4° Hist. 279"$"4º Hist. 279"$"Hist. 279"$"Histor. 279"$"4° Cod. Ms. hist. 279"
"Göttingen"$"4021477-1"$"Niedersächsische Staats- und Universitätsbibliothek Göttingen"$"2020450-4"$"4 Cod. Ms. hist. 280"$"4o Hist. 280"$"4° Hist. 280"$"4º Hist. 280"$"Hist. 280"$"Histor. 280"$"4° Cod. Ms. hist. 280"
"Göttingen"$"4021477-1"$"Niedersächsische Staats- und Universitätsbibliothek Göttingen"$"2020450-4"$"4 Cod. Ms. hist. 281"$"4o Hist. 281"$"4° Hist. 281"$"4º Hist. 281"$"Hist. 281"$"Histor. 281"$"4° Cod. Ms. hist. 281"
"Göttingen"$"4021477-1"$"Niedersächsische Staats- und Universitätsbibliothek Göttingen"$"2020450-4"$"4 Cod. Ms. hist. 282"$"4o Hist. 282"$"4° Hist. 282"$"4º Hist. 282"$"Hist. 282"$"Histor. 282"$"4° Cod. Ms. hist. 282"
"Göttingen"$"4021477-1"$"Niedersächsische Staats- und Universitätsbibliothek Göttingen"$"2020450-4"$"4 Cod. Ms. hist. 283"$"4o Hist. 283"$"4° Hist. 283"$"4º Hist. 283"$"Hist. 283"$"Histor. 283"$"4° Cod. Ms. hist. 283"
"Göttingen"$"4021477-1"$"Niedersächsische Staats- und Universitätsbibliothek Göttingen"$"2020450-4"$"4 Cod. Ms. hist. 284"$"4o Hist. 284"$"4° Hist. 284"$"4º Hist. 284"$"Hist. 284"$"Histor. 284"$"4° Cod. Ms. hist. 284"
"Göttingen"$"4021477-1"$"Niedersächsische Staats- und Universitätsbibliothek Göttingen"$"2020450-4"$"4 Cod. Ms. hist. 287"$"4o Hist. 287"$"4° Hist. 287"$"4º Hist. 287"$"Hist. 287"$"Histor. 287"$"4° Cod. Ms. hist. 287"
"Göttingen"$"4021477-1"$"Niedersächsische Staats- und Universitätsbibliothek Göttingen"$"2020450-4"$"4 Cod. Ms. hist. 289"$"4o Hist. 289"$"4° Hist. 289"$"4º Hist. 289"$"Hist. 289"$"Histor. 289"$"4° Cod. Ms. hist. 289"
"Göttingen"$"4021477-1"$"Niedersächsische Staats- und Universitätsbibliothek Göttingen"$"2020450-4"$"4 Cod. Ms. hist. 291"$"4o Hist. 291"$"4° Hist. 291"$"4º Hist. 291"$"Hist. 291"$"Histor. 291"$"4° Cod. Ms. hist. 291"
"Göttingen"$"4021477-1"$"Niedersächsische Staats- und Universitätsbibliothek Göttingen"$"2020450-4"$"4 Cod. Ms. hist. 292"$"4o Hist. 292"$"4° Hist. 292"$"4º Hist. 292"$"Hist. 292"$"Histor. 292"$"4° Cod. Ms. hist. 292"
"Göttingen"$"4021477-1"$"Niedersächsische Staats- und Universitätsbibliothek Göttingen"$"2020450-4"$"4 Cod. Ms. hist. 294"$"4o Hist. 294"$"4° Hist. 294"$"4º Hist. 294"$"Hist. 294"$"Histor. 294"$"4° Cod. Ms. hist. 294"
"Göttingen"$"4021477-1"$"Niedersächsische Staats- und Universitätsbibliothek Göttingen"$"2020450-4"$"4 Cod. Ms. hist. 295"$"4o Hist. 295"$"4° Hist. 295"$"4º Hist. 295"$"Hist. 295"$"Histor. 295"$"4° Cod. Ms. hist. 295"
"Göttingen"$"4021477-1"$"Niedersächsische Staats- und Universitätsbibliothek Göttingen"$"2020450-4"$"4 Cod. Ms. hist. 296 : 1"$"4 Cod. Ms. hist. 296"$"4o Hist. 296 I"$"4° Hist. 296 I"$"4° Hist. 296 I"$"4° Hist. 296"$"4° Hist. 296"$"Hist. 296 I"$"Histor. 296 I"$"Hist. 296"$"Histor. 296"$"4° Cod. Ms. hist. 296"$"4° Cod. Ms. hist. 296 I"$"4° Cod. Ms. hist. 296 : 1"$"Hist. 296, Bd. 1"$"Histor. 296, Bd. 1"
"Göttingen"$"4021477-1"$"Niedersächsische Staats- und Universitätsbibliothek Göttingen"$"2020450-4"$"4 Cod. Ms. hist. 296 : 2"$"4 Cod. Ms. hist. 296"$"4o Hist. 296 II"$"4° Hist. 296 II"$"4° Hist. 296 II"$"4° Hist. 296"$"4° Hist. 296"$"Hist. 296 II"$"Histor. 296 II"$"Hist. 296"$"Histor. 296"$"4° Cod. Ms. hist. 296"$"4° Cod. Ms. hist. 296 II"$"4° Cod. Ms. hist. 296 : 2"$"Hist. 296, Bd. 2"$"Histor. 296, Bd. 2"
"Göttingen"$"4021477-1"$"Niedersächsische Staats- und Universitätsbibliothek Göttingen"$"2020450-4"$"4 Cod. Ms. hist. 298"$"4o Hist. 298"$"4° Hist. 298"$"4º Hist. 298"$"Hist. 298"$"Histor. 298"$"4° Cod. Ms. hist. 298"
"Göttingen"$"4021477-1"$"Niedersächsische Staats- und Universitätsbibliothek Göttingen"$"2020450-4"$"4 Cod. Ms. hist. 299"$"4o Hist. 299"$"4° Hist. 299"$"4º Hist. 299"$"Hist. 299"$"Histor. 299"$"4° Cod. Ms. hist. 299"
"Göttingen"$"4021477-1"$"Niedersächsische Staats- und Universitätsbibliothek Göttingen"$"2020450-4"$"4 Cod. Ms. hist. 30"$"4o Hist. 30"$"4° Hist. 30"$"4º Hist. 30"$"Hist. 30"$"Histor. 30"$"4° Cod. Ms. hist. 30"
"Göttingen"$"4021477-1"$"Niedersächsische Staats- und Universitätsbibliothek Göttingen"$"2020450-4"$"4 Cod. Ms. hist. 300"$"4o Hist. 300"$"4° Hist. 300"$"4º Hist. 300"$"Hist. 300"$"Histor. 300"$"4° Cod. Ms. hist. 300"
"Göttingen"$"4021477-1"$"Niedersächsische Staats- und Universitätsbibliothek Göttingen"$"2020450-4"$"4 Cod. Ms. hist. 301"$"4o Hist. 301"$"4° Hist. 301"$"4º Hist. 301"$"Hist. 301"$"Histor. 301"$"4° Cod. Ms. hist. 301"
"Göttingen"$"4021477-1"$"Niedersächsische Staats- und Universitätsbibliothek Göttingen"$"2020450-4"$"4 Cod. Ms. hist. 302"$"4o Hist. 302"$"4° Hist. 302"$"4º Hist. 302"$"Hist. 302"$"Histor. 302"$"4° Cod. Ms. hist. 302"
"Göttingen"$"4021477-1"$"Niedersächsische Staats- und Universitätsbibliothek Göttingen"$"2020450-4"$"4 Cod. Ms. hist. 303"$"4o Hist. 303"$"4° Hist. 303"$"4º Hist. 303"$"Hist. 303"$"Histor. 303"$"4° Cod. Ms. hist. 303"
"Göttingen"$"4021477-1"$"Niedersächsische Staats- und Universitätsbibliothek Göttingen"$"2020450-4"$"4 Cod. Ms. hist. 304"$"4o Hist. 304"$"4° Hist. 304"$"4º Hist. 304"$"Hist. 304"$"Histor. 304"$"4° Cod. Ms. hist. 304"
"Göttingen"$"4021477-1"$"Niedersächsische Staats- und Universitätsbibliothek Göttingen"$"2020450-4"$"4 Cod. Ms. hist. 306"$"4o Hist. 306"$"4° Hist. 306"$"4º Hist. 306"$"Hist. 306"$"Histor. 306"$"4° Cod. Ms. hist. 306"
"Göttingen"$"4021477-1"$"Niedersächsische Staats- und Universitätsbibliothek Göttingen"$"2020450-4"$"4 Cod. Ms. hist. 309 : 1"$"4 Cod. Ms. hist. 309"$"4o Hist. 309 I"$"4° Hist. 309 I"$"4° Hist. 309 I"$"4° Hist. 309"$"4° Hist. 309"$"Hist. 309 I"$"Histor. 309 I"$"Hist. 309"$"Histor. 309"$"4° Cod. Ms. hist. 309"$"4° Cod. Ms. hist. 309 I"$"4° Cod. Ms. hist. 309 : 1"$"Hist. 309, Bd. 1"$"Histor. 309, Bd. 1"$"Hist. 309, Bd. I"$"Histor. 309, Bd. I"$"4 Cod. Ms. hist. 309 : I"$"4 Cod. Ms. hist. 309 : Bd. I"
"Göttingen"$"4021477-1"$"Niedersächsische Staats- und Universitätsbibliothek Göttingen"$"2020450-4"$"4 Cod. Ms. hist. 309 : 2"$"4 Cod. Ms. hist. 309"$"4o Hist. 309 II"$"4° Hist. 309 II"$"4° Hist. 309 II"$"4° Hist. 309"$"4° Hist. 309"$"Hist. 309 II"$"Histor. 309 II"$"Hist. 309"$"Histor. 309"$"4° Cod. Ms. hist. 309"$"4° Cod. Ms. hist. 309 II"$"4° Cod. Ms. hist. 309 : 2"$"Hist. 309, Bd. 2"$"Histor. 309, Bd. 2"$"Hist. 309, Bd. II"$"Histor. 309, Bd. II"$"4 Cod. Ms. hist. 309 : II"$"4 Cod. Ms. hist. 309 : Bd. II"
"Göttingen"$"4021477-1"$"Niedersächsische Staats- und Universitätsbibliothek Göttingen"$"2020450-4"$"4 Cod. Ms. hist. 309 : 3"$"4 Cod. Ms. hist. 309"$"4o Hist. 309 III"$"4° Hist. 309 III"$"4° Hist. 309 III"$"4° Hist. 309"$"4° Hist. 309"$"Hist. 309 III"$"Histor. 309 III"$"Hist. 309"$"Histor. 309"$"4° Cod. Ms. hist. 309"$"4° Cod. Ms. hist. 309 III"$"4° Cod. Ms. hist. 309 : 3"$"Hist. 309, Bd. 3"$"Histor. 309, Bd. 3"$"Hist. 309, Bd. III"$"Histor. 309, Bd. III"$"4 Cod. Ms. hist. 309 : III"$"4 Cod. Ms. hist. 309 : Bd. III"
"Göttingen"$"4021477-1"$"Niedersächsische Staats- und Universitätsbibliothek Göttingen"$"2020450-4"$"4 Cod. Ms. hist. 309 : 4"$"4 Cod. Ms. hist. 309"$"4o Hist. 309 IV"$"4° Hist. 309 IV"$"4° Hist. 309 IV"$"4° Hist. 309"$"4° Hist. 309"$"Hist. 309 IV"$"Histor. 309 IV"$"Hist. 309"$"Histor. 309"$"4° Cod. Ms. hist. 309"$"4° Cod. Ms. hist. 309 IV"$"4° Cod. Ms. hist. 309 : 4"$"Hist. 309, Bd. 4"$"Histor. 309, Bd. 4"$"Hist. 309, Bd. IV"$"Histor. 309, Bd. IV"$"4 Cod. Ms. hist. 309 : IV"$"4 Cod. Ms. hist. 309 : Bd. IV"
"Göttingen"$"4021477-1"$"Niedersächsische Staats- und Universitätsbibliothek Göttingen"$"2020450-4"$"4 Cod. Ms. hist. 309 : 5"$"4 Cod. Ms. hist. 309"$"4o Hist. 309 V"$"4° Hist. 309 V"$"4° Hist. 309 V"$"4° Hist. 309"$"4° Hist. 309"$"Hist. 309 V"$"Histor. 309 V"$"Hist. 309"$"Histor. 309"$"4° Cod. Ms. hist. 309"$"4° Cod. Ms. hist. 309 V"$"4° Cod. Ms. hist. 309 : 5"$"Hist. 309, Bd. 5"$"Histor. 309, Bd. 5"$"Hist. 309, Bd. V"$"Histor. 309, Bd. V"$"4 Cod. Ms. hist. 309 : V"$"4 Cod. Ms. hist. 309 : Bd. V"
"Göttingen"$"4021477-1"$"Niedersächsische Staats- und Universitätsbibliothek Göttingen"$"2020450-4"$"4 Cod. Ms. hist. 313"$"4o Hist. 313"$"4° Hist. 313"$"4º Hist. 313"$"Hist. 313"$"Histor. 313"$"4° Cod. Ms. hist. 313"
"Göttingen"$"4021477-1"$"Niedersächsische Staats- und Universitätsbibliothek Göttingen"$"2020450-4"$"4 Cod. Ms. hist. 314"$"4o Hist. 314"$"4° Hist. 314"$"4º Hist. 314"$"Hist. 314"$"Histor. 314"$"4° Cod. Ms. hist. 314"
"Göttingen"$"4021477-1"$"Niedersächsische Staats- und Universitätsbibliothek Göttingen"$"2020450-4"$"4 Cod. Ms. hist. 315"$"4o Hist. 315"$"4° Hist. 315"$"4º Hist. 315"$"Hist. 315"$"Histor. 315"$"4° Cod. Ms. hist. 315"
"Göttingen"$"4021477-1"$"Niedersächsische Staats- und Universitätsbibliothek Göttingen"$"2020450-4"$"4 Cod. Ms. hist. 316"$"4o Hist. 316"$"4° Hist. 316"$"4º Hist. 316"$"Hist. 316"$"Histor. 316"$"4° Cod. Ms. hist. 316"
"Göttingen"$"4021477-1"$"Niedersächsische Staats- und Universitätsbibliothek Göttingen"$"2020450-4"$"4 Cod. Ms. hist. 316 f"$"4o Hist. 316f"$"4° Hist. 316f"$"4º Hist. 316f"$"Hist. 316f"$"Hist. 316 f"$"Histor. 316f"$"Histor. 316 f"$"4° Cod. Ms. hist. 316f"$"4° Cod. Ms. hist. 316 f"
"Göttingen"$"4021477-1"$"Niedersächsische Staats- und Universitätsbibliothek Göttingen"$"2020450-4"$"4 Cod. Ms. hist. 316 k"$"4o Hist. 316k"$"4° Hist. 316k"$"4º Hist. 316k"$"Hist. 316k"$"Hist. 316 k"$"Histor. 316k"$"Histor. 316 k"$"4° Cod. Ms. hist. 316k"$"4° Cod. Ms. hist. 316 k"
"Göttingen"$"4021477-1"$"Niedersächsische Staats- und Universitätsbibliothek Göttingen"$"2020450-4"$"4 Cod. Ms. hist. 317"$"4o Hist. 317"$"4° Hist. 317"$"4º Hist. 317"$"Hist. 317"$"Histor. 317"$"4° Cod. Ms. hist. 317"
"Göttingen"$"4021477-1"$"Niedersächsische Staats- und Universitätsbibliothek Göttingen"$"2020450-4"$"4 Cod. Ms. hist. 317 i"$"4o Hist. 317i"$"4° Hist. 317i"$"4º Hist. 317i"$"Hist. 317i"$"Hist. 317 i"$"Histor. 317i"$"Histor. 317 i"$"4° Cod. Ms. hist. 317i"$"4° Cod. Ms. hist. 317 i"
"Göttingen"$"4021477-1"$"Niedersächsische Staats- und Universitätsbibliothek Göttingen"$"2020450-4"$"4 Cod. Ms. hist. 318"$"4o Hist. 318"$"4° Hist. 318"$"4º Hist. 318"$"Hist. 318"$"Histor. 318"$"4° Cod. Ms. hist. 318"
"Göttingen"$"4021477-1"$"Niedersächsische Staats- und Universitätsbibliothek Göttingen"$"2020450-4"$"4 Cod. Ms. hist. 319 b"$"4o Hist. 319b"$"4° Hist. 319b"$"4º Hist. 319b"$"Hist. 319b"$"Hist. 319 b"$"Histor. 319b"$"Histor. 319 b"$"4° Cod. Ms. hist. 319b"$"4° Cod. Ms. hist. 319 b"
"Göttingen"$"4021477-1"$"Niedersächsische Staats- und Universitätsbibliothek Göttingen"$"2020450-4"$"4 Cod. Ms. hist. 320"$"4o Hist. 320"$"4° Hist. 320"$"4º Hist. 320"$"Hist. 320"$"Histor. 320"$"4° Cod. Ms. hist. 320"
"Göttingen"$"4021477-1"$"Niedersächsische Staats- und Universitätsbibliothek Göttingen"$"2020450-4"$"4 Cod. Ms. hist. 323"$"4o Hist. 323"$"4° Hist. 323"$"4º Hist. 323"$"Hist. 323"$"Histor. 323"$"4° Cod. Ms. hist. 323"
"Göttingen"$"4021477-1"$"Niedersächsische Staats- und Universitätsbibliothek Göttingen"$"2020450-4"$"4 Cod. Ms. hist. 324"$"4o Hist. 324"$"4° Hist. 324"$"4º Hist. 324"$"Hist. 324"$"Histor. 324"$"4° Cod. Ms. hist. 324"
"Göttingen"$"4021477-1"$"Niedersächsische Staats- und Universitätsbibliothek Göttingen"$"2020450-4"$"4 Cod. Ms. hist. 325"$"4o Hist. 325"$"4° Hist. 325"$"4º Hist. 325"$"Hist. 325"$"Histor. 325"$"4° Cod. Ms. hist. 325"
"Göttingen"$"4021477-1"$"Niedersächsische Staats- und Universitätsbibliothek Göttingen"$"2020450-4"$"4 Cod. Ms. hist. 326"$"4o Hist. 326"$"4° Hist. 326"$"4º Hist. 326"$"Hist. 326"$"Histor. 326"$"4° Cod. Ms. hist. 326"
"Göttingen"$"4021477-1"$"Niedersächsische Staats- und Universitätsbibliothek Göttingen"$"2020450-4"$"4 Cod. Ms. hist. 330"$"4o Hist. 330"$"4° Hist. 330"$"4º Hist. 330"$"Hist. 330"$"Histor. 330"$"4° Cod. Ms. hist. 330"
"Göttingen"$"4021477-1"$"Niedersächsische Staats- und Universitätsbibliothek Göttingen"$"2020450-4"$"4 Cod. Ms. hist. 331"$"4o Hist. 331"$"4° Hist. 331"$"4º Hist. 331"$"Hist. 331"$"Histor. 331"$"4° Cod. Ms. hist. 331"
"Göttingen"$"4021477-1"$"Niedersächsische Staats- und Universitätsbibliothek Göttingen"$"2020450-4"$"4 Cod. Ms. hist. 332"$"4o Hist. 332"$"4° Hist. 332"$"4º Hist. 332"$"Hist. 332"$"Histor. 332"$"4° Cod. Ms. hist. 332"
"Göttingen"$"4021477-1"$"Niedersächsische Staats- und Universitätsbibliothek Göttingen"$"2020450-4"$"4 Cod. Ms. hist. 334"$"4o Hist. 334"$"4° Hist. 334"$"4º Hist. 334"$"Hist. 334"$"Histor. 334"$"4° Cod. Ms. hist. 334"
"Göttingen"$"4021477-1"$"Niedersächsische Staats- und Universitätsbibliothek Göttingen"$"2020450-4"$"4 Cod. Ms. hist. 336"$"4o Hist. 336"$"4° Hist. 336"$"4º Hist. 336"$"Hist. 336"$"Histor. 336"$"4° Cod. Ms. hist. 336"
"Göttingen"$"4021477-1"$"Niedersächsische Staats- und Universitätsbibliothek Göttingen"$"2020450-4"$"4 Cod. Ms. hist. 338"$"4o Hist. 338"$"4° Hist. 338"$"4º Hist. 338"$"Hist. 338"$"Histor. 338"$"4° Cod. Ms. hist. 338"
"Göttingen"$"4021477-1"$"Niedersächsische Staats- und Universitätsbibliothek Göttingen"$"2020450-4"$"4 Cod. Ms. hist. 339"$"4o Hist. 339"$"4° Hist. 339"$"4º Hist. 339"$"Hist. 339"$"Histor. 339"$"4° Cod. Ms. hist. 339"
"Göttingen"$"4021477-1"$"Niedersächsische Staats- und Universitätsbibliothek Göttingen"$"2020450-4"$"4 Cod. Ms. hist. 347"$"4o Hist. 347"$"4° Hist. 347"$"4º Hist. 347"$"Hist. 347"$"Histor. 347"$"4° Cod. Ms. hist. 347"
"Göttingen"$"4021477-1"$"Niedersächsische Staats- und Universitätsbibliothek Göttingen"$"2020450-4"$"4 Cod. Ms. hist. 350"$"4o Hist. 350"$"4° Hist. 350"$"4º Hist. 350"$"Hist. 350"$"Histor. 350"$"4° Cod. Ms. hist. 350"
"Göttingen"$"4021477-1"$"Niedersächsische Staats- und Universitätsbibliothek Göttingen"$"2020450-4"$"4 Cod. Ms. hist. 351"$"4o Hist. 351"$"4° Hist. 351"$"4º Hist. 351"$"Hist. 351"$"Histor. 351"$"4° Cod. Ms. hist. 351"
"Göttingen"$"4021477-1"$"Niedersächsische Staats- und Universitätsbibliothek Göttingen"$"2020450-4"$"4 Cod. Ms. hist. 352"$"4o Hist. 352"$"4° Hist. 352"$"4º Hist. 352"$"Hist. 352"$"Histor. 352"$"4° Cod. Ms. hist. 352"
"Göttingen"$"4021477-1"$"Niedersächsische Staats- und Universitätsbibliothek Göttingen"$"2020450-4"$"4 Cod. Ms. hist. 353"$"4o Hist. 353"$"4° Hist. 353"$"4º Hist. 353"$"Hist. 353"$"Histor. 353"$"4° Cod. Ms. hist. 353"
"Göttingen"$"4021477-1"$"Niedersächsische Staats- und Universitätsbibliothek Göttingen"$"2020450-4"$"4 Cod. Ms. hist. 354"$"4o Hist. 354"$"4° Hist. 354"$"4º Hist. 354"$"Hist. 354"$"Histor. 354"$"4° Cod. Ms. hist. 354"
"Göttingen"$"4021477-1"$"Niedersächsische Staats- und Universitätsbibliothek Göttingen"$"2020450-4"$"4 Cod. Ms. hist. 355"$"4o Hist. 355"$"4° Hist. 355"$"4º Hist. 355"$"Hist. 355"$"Histor. 355"$"4° Cod. Ms. hist. 355"
"Göttingen"$"4021477-1"$"Niedersächsische Staats- und Universitätsbibliothek Göttingen"$"2020450-4"$"4 Cod. Ms. hist. 356"$"4o Hist. 356"$"4° Hist. 356"$"4º Hist. 356"$"Hist. 356"$"Histor. 356"$"4° Cod. Ms. hist. 356"
"Göttingen"$"4021477-1"$"Niedersächsische Staats- und Universitätsbibliothek Göttingen"$"2020450-4"$"4 Cod. Ms. hist. 358 : 1"$"4 Cod. Ms. hist. 358"$"4o Hist. 358 I"$"4° Hist. 358 I"$"4° Hist. 358 I"$"4° Hist. 358"$"4° Hist. 358"$"Hist. 358 I"$"Histor. 358 I"$"Hist. 358"$"Histor. 358"$"4° Cod. Ms. hist. 358"$"4° Cod. Ms. hist. 358 I"$"4° Cod. Ms. hist. 358 : 1"$"Hist. 358, Bd. 1"$"Histor. 358, Bd. 1"$"Hist. 358, Bd. I"$"Histor. 358, Bd. I"$"4 Cod. Ms. hist. 358 : I"$"4 Cod. Ms. hist. 358 : Bd. I"
"Göttingen"$"4021477-1"$"Niedersächsische Staats- und Universitätsbibliothek Göttingen"$"2020450-4"$"4 Cod. Ms. hist. 358 : 2"$"4 Cod. Ms. hist. 358"$"4o Hist. 358 II"$"4° Hist. 358 II"$"4° Hist. 358 II"$"4° Hist. 358"$"4° Hist. 358"$"Hist. 358 II"$"Histor. 358 II"$"Hist. 358"$"Histor. 358"$"4° Cod. Ms. hist. 358"$"4° Cod. Ms. hist. 358 II"$"4° Cod. Ms. hist. 358 : 2"$"Hist. 358, Bd. 2"$"Histor. 358, Bd. 2"$"Hist. 358, Bd. II"$"Histor. 358, Bd. II"$"4 Cod. Ms. hist. 358 : II"$"4 Cod. Ms. hist. 358 : Bd. II"
"Göttingen"$"4021477-1"$"Niedersächsische Staats- und Universitätsbibliothek Göttingen"$"2020450-4"$"4 Cod. Ms. hist. 358 : 3"$"4 Cod. Ms. hist. 358"$"4o Hist. 358 III"$"4° Hist. 358 III"$"4° Hist. 358 III"$"4° Hist. 358"$"4° Hist. 358"$"Hist. 358 III"$"Histor. 358 III"$"Hist. 358"$"Histor. 358"$"4° Cod. Ms. hist. 358"$"4° Cod. Ms. hist. 358 III"$"4° Cod. Ms. hist. 358 : 3"$"Hist. 358, Bd. 3"$"Histor. 358, Bd. 3"$"Hist. 358, Bd. III"$"Histor. 358, Bd. III"$"4 Cod. Ms. hist. 358 : III"$"4 Cod. Ms. hist. 358 : Bd. III"
"Göttingen"$"4021477-1"$"Niedersächsische Staats- und Universitätsbibliothek Göttingen"$"2020450-4"$"4 Cod. Ms. hist. 359"$"4o Hist. 359"$"4° Hist. 359"$"4º Hist. 359"$"Hist. 359"$"Histor. 359"$"4° Cod. Ms. hist. 359"
"Göttingen"$"4021477-1"$"Niedersächsische Staats- und Universitätsbibliothek Göttingen"$"2020450-4"$"4 Cod. Ms. hist. 360"$"4o Hist. 360"$"4° Hist. 360"$"4º Hist. 360"$"Hist. 360"$"Histor. 360"$"4° Cod. Ms. hist. 360"
"Göttingen"$"4021477-1"$"Niedersächsische Staats- und Universitätsbibliothek Göttingen"$"2020450-4"$"4 Cod. Ms. hist. 361"$"4o Hist. 361"$"4° Hist. 361"$"4º Hist. 361"$"Hist. 361"$"Histor. 361"$"4° Cod. Ms. hist. 361"
"Göttingen"$"4021477-1"$"Niedersächsische Staats- und Universitätsbibliothek Göttingen"$"2020450-4"$"4 Cod. Ms. hist. 362"$"4o Hist. 362"$"4° Hist. 362"$"4º Hist. 362"$"Hist. 362"$"Histor. 362"$"4° Cod. Ms. hist. 362"
"Göttingen"$"4021477-1"$"Niedersächsische Staats- und Universitätsbibliothek Göttingen"$"2020450-4"$"4 Cod. Ms. hist. 363"$"4o Hist. 363"$"4° Hist. 363"$"4º Hist. 363"$"Hist. 363"$"Histor. 363"$"4° Cod. Ms. hist. 363"
"Göttingen"$"4021477-1"$"Niedersächsische Staats- und Universitätsbibliothek Göttingen"$"2020450-4"$"4 Cod. Ms. hist. 365"$"4o Hist. 365"$"4° Hist. 365"$"4º Hist. 365"$"Hist. 365"$"Histor. 365"$"4° Cod. Ms. hist. 365"
"Göttingen"$"4021477-1"$"Niedersächsische Staats- und Universitätsbibliothek Göttingen"$"2020450-4"$"4 Cod. Ms. hist. 367"$"4o Hist. 367"$"4° Hist. 367"$"4º Hist. 367"$"Hist. 367"$"Histor. 367"$"4° Cod. Ms. hist. 367"
"Göttingen"$"4021477-1"$"Niedersächsische Staats- und Universitätsbibliothek Göttingen"$"2020450-4"$"4 Cod. Ms. hist. 368"$"4o Hist. 368"$"4° Hist. 368"$"4º Hist. 368"$"Hist. 368"$"Histor. 368"$"4° Cod. Ms. hist. 368"
"Göttingen"$"4021477-1"$"Niedersächsische Staats- und Universitätsbibliothek Göttingen"$"2020450-4"$"4 Cod. Ms. hist. 369"$"4o Hist. 369"$"4° Hist. 369"$"4º Hist. 369"$"Hist. 369"$"Histor. 369"$"4° Cod. Ms. hist. 369"
"Göttingen"$"4021477-1"$"Niedersächsische Staats- und Universitätsbibliothek Göttingen"$"2020450-4"$"4 Cod. Ms. hist. 370"$"4o Hist. 370"$"4° Hist. 370"$"4º Hist. 370"$"Hist. 370"$"Histor. 370"$"4° Cod. Ms. hist. 370"
"Göttingen"$"4021477-1"$"Niedersächsische Staats- und Universitätsbibliothek Göttingen"$"2020450-4"$"4 Cod. Ms. hist. 371"$"4o Hist. 371"$"4° Hist. 371"$"4º Hist. 371"$"Hist. 371"$"Histor. 371"$"4° Cod. Ms. hist. 371"
"Göttingen"$"4021477-1"$"Niedersächsische Staats- und Universitätsbibliothek Göttingen"$"2020450-4"$"4 Cod. Ms. hist. 372"$"4o Hist. 372"$"4° Hist. 372"$"4º Hist. 372"$"Hist. 372"$"Histor. 372"$"4° Cod. Ms. hist. 372"
"Göttingen"$"4021477-1"$"Niedersächsische Staats- und Universitätsbibliothek Göttingen"$"2020450-4"$"4 Cod. Ms. hist. 373"$"4o Hist. 373"$"4° Hist. 373"$"4º Hist. 373"$"Hist. 373"$"Histor. 373"$"4° Cod. Ms. hist. 373"
"Göttingen"$"4021477-1"$"Niedersächsische Staats- und Universitätsbibliothek Göttingen"$"2020450-4"$"4 Cod. Ms. hist. 374"$"4o Hist. 374"$"4° Hist. 374"$"4º Hist. 374"$"Hist. 374"$"Histor. 374"$"4° Cod. Ms. hist. 374"
"Göttingen"$"4021477-1"$"Niedersächsische Staats- und Universitätsbibliothek Göttingen"$"2020450-4"$"4 Cod. Ms. hist. 375"$"4o Hist. 375"$"4° Hist. 375"$"4º Hist. 375"$"Hist. 375"$"Histor. 375"$"4° Cod. Ms. hist. 375"
"Göttingen"$"4021477-1"$"Niedersächsische Staats- und Universitätsbibliothek Göttingen"$"2020450-4"$"4 Cod. Ms. hist. 378"$"4o Hist. 378"$"4° Hist. 378"$"4º Hist. 378"$"Hist. 378"$"Histor. 378"$"4° Cod. Ms. hist. 378"
"Göttingen"$"4021477-1"$"Niedersächsische Staats- und Universitätsbibliothek Göttingen"$"2020450-4"$"4 Cod. Ms. hist. 379"$"4o Hist. 379"$"4° Hist. 379"$"4º Hist. 379"$"Hist. 379"$"Histor. 379"$"4° Cod. Ms. hist. 379"
"Göttingen"$"4021477-1"$"Niedersächsische Staats- und Universitätsbibliothek Göttingen"$"2020450-4"$"4 Cod. Ms. hist. 380"$"4o Hist. 380"$"4° Hist. 380"$"4º Hist. 380"$"Hist. 380"$"Histor. 380"$"4° Cod. Ms. hist. 380"
"Göttingen"$"4021477-1"$"Niedersächsische Staats- und Universitätsbibliothek Göttingen"$"2020450-4"$"4 Cod. Ms. hist. 381"$"4o Hist. 381"$"4° Hist. 381"$"4º Hist. 381"$"Hist. 381"$"Histor. 381"$"4° Cod. Ms. hist. 381"
"Göttingen"$"4021477-1"$"Niedersächsische Staats- und Universitätsbibliothek Göttingen"$"2020450-4"$"4 Cod. Ms. hist. 382"$"4o Hist. 382"$"4° Hist. 382"$"4º Hist. 382"$"Hist. 382"$"Histor. 382"$"4° Cod. Ms. hist. 382"
"Göttingen"$"4021477-1"$"Niedersächsische Staats- und Universitätsbibliothek Göttingen"$"2020450-4"$"4 Cod. Ms. hist. 385"$"4o Hist. 385"$"4° Hist. 385"$"4º Hist. 385"$"Hist. 385"$"Histor. 385"$"4° Cod. Ms. hist. 385"
"Göttingen"$"4021477-1"$"Niedersächsische Staats- und Universitätsbibliothek Göttingen"$"2020450-4"$"4 Cod. Ms. hist. 386"$"4o Hist. 386"$"4° Hist. 386"$"4º Hist. 386"$"Hist. 386"$"Histor. 386"$"4° Cod. Ms. hist. 386"
"Göttingen"$"4021477-1"$"Niedersächsische Staats- und Universitätsbibliothek Göttingen"$"2020450-4"$"4 Cod. Ms. hist. 388 : 1"$"4 Cod. Ms. hist. 388"$"4o Hist. 388 I"$"4° Hist. 388 I"$"4° Hist. 388 I"$"4° Hist. 388"$"4° Hist. 388"$"Hist. 388 I"$"Histor. 388 I"$"Hist. 388"$"Histor. 388"$"4° Cod. Ms. hist. 388"$"4° Cod. Ms. hist. 388 I"$"4° Cod. Ms. hist. 388 : 1"$"Hist. 388, Bd. 1"$"Histor. 388, Bd. 1"$"Hist. 388, Bd. I"$"Histor. 388, Bd. I"$"4 Cod. Ms. hist. 388 : I"$"4 Cod. Ms. hist. 388 : Bd. I"
"Göttingen"$"4021477-1"$"Niedersächsische Staats- und Universitätsbibliothek Göttingen"$"2020450-4"$"4 Cod. Ms. hist. 388 : 2"$"4 Cod. Ms. hist. 388"$"4o Hist. 388 II"$"4° Hist. 388 II"$"4° Hist. 388 II"$"4° Hist. 388"$"4° Hist. 388"$"Hist. 388 II"$"Histor. 388 II"$"Hist. 388"$"Histor. 388"$"4° Cod. Ms. hist. 388"$"4° Cod. Ms. hist. 388 II"$"4° Cod. Ms. hist. 388 : 2"$"Hist. 388, Bd. 2"$"Histor. 388, Bd. 2"$"Hist. 388, Bd. II"$"Histor. 388, Bd. II"$"4 Cod. Ms. hist. 388 : II"$"4 Cod. Ms. hist. 388 : Bd. II"
"Göttingen"$"4021477-1"$"Niedersächsische Staats- und Universitätsbibliothek Göttingen"$"2020450-4"$"4 Cod. Ms. hist. 392"$"4o Hist. 392"$"4° Hist. 392"$"4º Hist. 392"$"Hist. 392"$"Histor. 392"$"4° Cod. Ms. hist. 392"
"Göttingen"$"4021477-1"$"Niedersächsische Staats- und Universitätsbibliothek Göttingen"$"2020450-4"$"4 Cod. Ms. hist. 393"$"4o Hist. 393"$"4° Hist. 393"$"4º Hist. 393"$"Hist. 393"$"Histor. 393"$"4° Cod. Ms. hist. 393"
"Göttingen"$"4021477-1"$"Niedersächsische Staats- und Universitätsbibliothek Göttingen"$"2020450-4"$"4 Cod. Ms. hist. 394"$"4o Hist. 394"$"4° Hist. 394"$"4º Hist. 394"$"Hist. 394"$"Histor. 394"$"4° Cod. Ms. hist. 394"
"Göttingen"$"4021477-1"$"Niedersächsische Staats- und Universitätsbibliothek Göttingen"$"2020450-4"$"4 Cod. Ms. hist. 395"$"4o Hist. 395"$"4° Hist. 395"$"4º Hist. 395"$"Hist. 395"$"Histor. 395"$"4° Cod. Ms. hist. 395"
"Göttingen"$"4021477-1"$"Niedersächsische Staats- und Universitätsbibliothek Göttingen"$"2020450-4"$"4 Cod. Ms. hist. 398"$"4o Hist. 398"$"4° Hist. 398"$"4º Hist. 398"$"Hist. 398"$"Histor. 398"$"4° Cod. Ms. hist. 398"
"Göttingen"$"4021477-1"$"Niedersächsische Staats- und Universitätsbibliothek Göttingen"$"2020450-4"$"4 Cod. Ms. hist. 400"$"4o Hist. 400"$"4° Hist. 400"$"4º Hist. 400"$"Hist. 400"$"Histor. 400"$"4° Cod. Ms. hist. 400"
"Göttingen"$"4021477-1"$"Niedersächsische Staats- und Universitätsbibliothek Göttingen"$"2020450-4"$"4 Cod. Ms. hist. 402 : 1"$"4 Cod. Ms. hist. 402"$"4o Hist. 402 I"$"4° Hist. 402 I"$"4° Hist. 402 I"$"4° Hist. 402"$"4° Hist. 402"$"Hist. 402 I"$"Histor. 402 I"$"Hist. 402"$"Histor. 402"$"4° Cod. Ms. hist. 402"$"4° Cod. Ms. hist. 402 I"$"4° Cod. Ms. hist. 402 : 1"$"Hist. 402, Bd. 1"$"Histor. 402, Bd. 1"$"Hist. 402, Bd. I"$"Histor. 402, Bd. I"$"4 Cod. Ms. hist. 402 : I"$"4 Cod. Ms. hist. 402 : Bd. I"
"Göttingen"$"4021477-1"$"Niedersächsische Staats- und Universitätsbibliothek Göttingen"$"2020450-4"$"4 Cod. Ms. hist. 402 : 2"$"4 Cod. Ms. hist. 402"$"4o Hist. 402 II"$"4° Hist. 402 II"$"4° Hist. 402 II"$"4° Hist. 402"$"4° Hist. 402"$"Hist. 402 II"$"Histor. 402 II"$"Hist. 402"$"Histor. 402"$"4° Cod. Ms. hist. 402"$"4° Cod. Ms. hist. 402 II"$"4° Cod. Ms. hist. 402 : 2"$"Hist. 402, Bd. 2"$"Histor. 402, Bd. 2"$"Hist. 402, Bd. II"$"Histor. 402, Bd. II"$"4 Cod. Ms. hist. 402 : II"$"4 Cod. Ms. hist. 402 : Bd. II"
"Göttingen"$"4021477-1"$"Niedersächsische Staats- und Universitätsbibliothek Göttingen"$"2020450-4"$"4 Cod. Ms. hist. 403"$"4o Hist. 403"$"4° Hist. 403"$"4º Hist. 403"$"Hist. 403"$"Histor. 403"$"4° Cod. Ms. hist. 403"
"Göttingen"$"4021477-1"$"Niedersächsische Staats- und Universitätsbibliothek Göttingen"$"2020450-4"$"4 Cod. Ms. hist. 404"$"4o Hist. 404"$"4° Hist. 404"$"4º Hist. 404"$"Hist. 404"$"Histor. 404"$"4° Cod. Ms. hist. 404"
"Göttingen"$"4021477-1"$"Niedersächsische Staats- und Universitätsbibliothek Göttingen"$"2020450-4"$"4 Cod. Ms. hist. 405"$"4o Hist. 405"$"4° Hist. 405"$"4º Hist. 405"$"Hist. 405"$"Histor. 405"$"4° Cod. Ms. hist. 405"
"Göttingen"$"4021477-1"$"Niedersächsische Staats- und Universitätsbibliothek Göttingen"$"2020450-4"$"4 Cod. Ms. hist. 405 c"$"4o Hist. 405c"$"4° Hist. 405c"$"4º Hist. 405c"$"Hist. 405c"$"Hist. 405 c"$"Histor. 405c"$"Histor. 405 c"$"4° Cod. Ms. hist. 405c"$"4° Cod. Ms. hist. 405 c"
"Göttingen"$"4021477-1"$"Niedersächsische Staats- und Universitätsbibliothek Göttingen"$"2020450-4"$"4 Cod. Ms. hist. 406"$"4o Hist. 406"$"4° Hist. 406"$"4º Hist. 406"$"Hist. 406"$"Histor. 406"$"4° Cod. Ms. hist. 406"
"Göttingen"$"4021477-1"$"Niedersächsische Staats- und Universitätsbibliothek Göttingen"$"2020450-4"$"4 Cod. Ms. hist. 41 i"$"4o Hist. 41i"$"4° Hist. 41i"$"4º Hist. 41i"$"Hist. 41i"$"Hist. 41 i"$"Histor. 41i"$"Histor. 41 i"$"4° Cod. Ms. hist. 41i"$"4° Cod. Ms. hist. 41 i"
"Göttingen"$"4021477-1"$"Niedersächsische Staats- und Universitätsbibliothek Göttingen"$"2020450-4"$"4 Cod. Ms. hist. 410"$"4o Hist. 410"$"4° Hist. 410"$"4º Hist. 410"$"Hist. 410"$"Histor. 410"$"4° Cod. Ms. hist. 410"
"Göttingen"$"4021477-1"$"Niedersächsische Staats- und Universitätsbibliothek Göttingen"$"2020450-4"$"4 Cod. Ms. hist. 411"$"4o Hist. 411"$"4° Hist. 411"$"4º Hist. 411"$"Hist. 411"$"Histor. 411"$"4° Cod. Ms. hist. 411"
"Göttingen"$"4021477-1"$"Niedersächsische Staats- und Universitätsbibliothek Göttingen"$"2020450-4"$"4 Cod. Ms. hist. 412"$"4o Hist. 412"$"4° Hist. 412"$"4º Hist. 412"$"Hist. 412"$"Histor. 412"$"4° Cod. Ms. hist. 412"
"Göttingen"$"4021477-1"$"Niedersächsische Staats- und Universitätsbibliothek Göttingen"$"2020450-4"$"4 Cod. Ms. hist. 415"$"4o Hist. 415"$"4° Hist. 415"$"4º Hist. 415"$"Hist. 415"$"Histor. 415"$"4° Cod. Ms. hist. 415"
"Göttingen"$"4021477-1"$"Niedersächsische Staats- und Universitätsbibliothek Göttingen"$"2020450-4"$"4 Cod. Ms. hist. 416"$"4o Hist. 416"$"4° Hist. 416"$"4º Hist. 416"$"Hist. 416"$"Histor. 416"$"4° Cod. Ms. hist. 416"
"Göttingen"$"4021477-1"$"Niedersächsische Staats- und Universitätsbibliothek Göttingen"$"2020450-4"$"4 Cod. Ms. hist. 419"$"4o Hist. 419"$"4° Hist. 419"$"4º Hist. 419"$"Hist. 419"$"Histor. 419"$"4° Cod. Ms. hist. 419"
"Göttingen"$"4021477-1"$"Niedersächsische Staats- und Universitätsbibliothek Göttingen"$"2020450-4"$"4 Cod. Ms. hist. 42"$"4o Hist. 42"$"4° Hist. 42"$"4º Hist. 42"$"Hist. 42"$"Histor. 42"$"4° Cod. Ms. hist. 42"
"Göttingen"$"4021477-1"$"Niedersächsische Staats- und Universitätsbibliothek Göttingen"$"2020450-4"$"4 Cod. Ms. hist. 421"$"4o Hist. 421"$"4° Hist. 421"$"4º Hist. 421"$"Hist. 421"$"Histor. 421"$"4° Cod. Ms. hist. 421"
"Göttingen"$"4021477-1"$"Niedersächsische Staats- und Universitätsbibliothek Göttingen"$"2020450-4"$"4 Cod. Ms. hist. 423"$"4o Hist. 423"$"4° Hist. 423"$"4º Hist. 423"$"Hist. 423"$"Histor. 423"$"4° Cod. Ms. hist. 423"
"Göttingen"$"4021477-1"$"Niedersächsische Staats- und Universitätsbibliothek Göttingen"$"2020450-4"$"4 Cod. Ms. hist. 426"$"4o Hist. 426"$"4° Hist. 426"$"4º Hist. 426"$"Hist. 426"$"Histor. 426"$"4° Cod. Ms. hist. 426"
"Göttingen"$"4021477-1"$"Niedersächsische Staats- und Universitätsbibliothek Göttingen"$"2020450-4"$"4 Cod. Ms. hist. 428"$"4o Hist. 428"$"4° Hist. 428"$"4º Hist. 428"$"Hist. 428"$"Histor. 428"$"4° Cod. Ms. hist. 428"
"Göttingen"$"4021477-1"$"Niedersächsische Staats- und Universitätsbibliothek Göttingen"$"2020450-4"$"4 Cod. Ms. hist. 429"$"4o Hist. 429"$"4° Hist. 429"$"4º Hist. 429"$"Hist. 429"$"Histor. 429"$"4° Cod. Ms. hist. 429"
"Göttingen"$"4021477-1"$"Niedersächsische Staats- und Universitätsbibliothek Göttingen"$"2020450-4"$"4 Cod. Ms. hist. 430"$"4o Hist. 430"$"4° Hist. 430"$"4º Hist. 430"$"Hist. 430"$"Histor. 430"$"4° Cod. Ms. hist. 430"
"Göttingen"$"4021477-1"$"Niedersächsische Staats- und Universitätsbibliothek Göttingen"$"2020450-4"$"4 Cod. Ms. hist. 431"$"4o Hist. 431"$"4° Hist. 431"$"4º Hist. 431"$"Hist. 431"$"Histor. 431"$"4° Cod. Ms. hist. 431"
"Göttingen"$"4021477-1"$"Niedersächsische Staats- und Universitätsbibliothek Göttingen"$"2020450-4"$"4 Cod. Ms. hist. 432"$"4o Hist. 432"$"4° Hist. 432"$"4º Hist. 432"$"Hist. 432"$"Histor. 432"$"4° Cod. Ms. hist. 432"
"Göttingen"$"4021477-1"$"Niedersächsische Staats- und Universitätsbibliothek Göttingen"$"2020450-4"$"4 Cod. Ms. hist. 433"$"4o Hist. 433"$"4° Hist. 433"$"4º Hist. 433"$"Hist. 433"$"Histor. 433"$"4° Cod. Ms. hist. 433"
"Göttingen"$"4021477-1"$"Niedersächsische Staats- und Universitätsbibliothek Göttingen"$"2020450-4"$"4 Cod. Ms. hist. 434"$"4o Hist. 434"$"4° Hist. 434"$"4º Hist. 434"$"Hist. 434"$"Histor. 434"$"4° Cod. Ms. hist. 434"
"Göttingen"$"4021477-1"$"Niedersächsische Staats- und Universitätsbibliothek Göttingen"$"2020450-4"$"4 Cod. Ms. hist. 437"$"4o Hist. 437"$"4° Hist. 437"$"4º Hist. 437"$"Hist. 437"$"Histor. 437"$"4° Cod. Ms. hist. 437"
"Göttingen"$"4021477-1"$"Niedersächsische Staats- und Universitätsbibliothek Göttingen"$"2020450-4"$"4 Cod. Ms. hist. 438"$"4o Hist. 438"$"4° Hist. 438"$"4º Hist. 438"$"Hist. 438"$"Histor. 438"$"4° Cod. Ms. hist. 438"
"Göttingen"$"4021477-1"$"Niedersächsische Staats- und Universitätsbibliothek Göttingen"$"2020450-4"$"4 Cod. Ms. hist. 439"$"4o Hist. 439"$"4° Hist. 439"$"4º Hist. 439"$"Hist. 439"$"Histor. 439"$"4° Cod. Ms. hist. 439"
"Göttingen"$"4021477-1"$"Niedersächsische Staats- und Universitätsbibliothek Göttingen"$"2020450-4"$"4 Cod. Ms. hist. 443"$"4o Hist. 443"$"4° Hist. 443"$"4º Hist. 443"$"Hist. 443"$"Histor. 443"$"4° Cod. Ms. hist. 443"
"Göttingen"$"4021477-1"$"Niedersächsische Staats- und Universitätsbibliothek Göttingen"$"2020450-4"$"4 Cod. Ms. hist. 444"$"4o Hist. 444"$"4° Hist. 444"$"4º Hist. 444"$"Hist. 444"$"Histor. 444"$"4° Cod. Ms. hist. 444"
"Göttingen"$"4021477-1"$"Niedersächsische Staats- und Universitätsbibliothek Göttingen"$"2020450-4"$"4 Cod. Ms. hist. 448"$"4o Hist. 448"$"4° Hist. 448"$"4º Hist. 448"$"Hist. 448"$"Histor. 448"$"4° Cod. Ms. hist. 448"
"Göttingen"$"4021477-1"$"Niedersächsische Staats- und Universitätsbibliothek Göttingen"$"2020450-4"$"4 Cod. Ms. hist. 451"$"4o Hist. 451"$"4° Hist. 451"$"4º Hist. 451"$"Hist. 451"$"Histor. 451"$"4° Cod. Ms. hist. 451"
"Göttingen"$"4021477-1"$"Niedersächsische Staats- und Universitätsbibliothek Göttingen"$"2020450-4"$"4 Cod. Ms. hist. 452"$"4o Hist. 452"$"4° Hist. 452"$"4º Hist. 452"$"Hist. 452"$"Histor. 452"$"4° Cod. Ms. hist. 452"
"Göttingen"$"4021477-1"$"Niedersächsische Staats- und Universitätsbibliothek Göttingen"$"2020450-4"$"4 Cod. Ms. hist. 453"$"4o Hist. 453"$"4° Hist. 453"$"4º Hist. 453"$"Hist. 453"$"Histor. 453"$"4° Cod. Ms. hist. 453"
"Göttingen"$"4021477-1"$"Niedersächsische Staats- und Universitätsbibliothek Göttingen"$"2020450-4"$"4 Cod. Ms. hist. 454"$"4o Hist. 454"$"4° Hist. 454"$"4º Hist. 454"$"Hist. 454"$"Histor. 454"$"4° Cod. Ms. hist. 454"
"Göttingen"$"4021477-1"$"Niedersächsische Staats- und Universitätsbibliothek Göttingen"$"2020450-4"$"4 Cod. Ms. hist. 455"$"4o Hist. 455"$"4° Hist. 455"$"4º Hist. 455"$"Hist. 455"$"Histor. 455"$"4° Cod. Ms. hist. 455"
"Göttingen"$"4021477-1"$"Niedersächsische Staats- und Universitätsbibliothek Göttingen"$"2020450-4"$"4 Cod. Ms. hist. 456"$"4o Histor. 456"$"4° Histor. 456"$"4º Histor. 456"$"Histor. 456"$"4° Cod. Ms. hist. 456"
"Göttingen"$"4021477-1"$"Niedersächsische Staats- und Universitätsbibliothek Göttingen"$"2020450-4"$"4 Cod. Ms. hist. 457"$"4o Hist. 457"$"4° Hist. 457"$"4º Hist. 457"$"Hist. 457"$"Histor. 457"$"4° Cod. Ms. hist. 457"
"Göttingen"$"4021477-1"$"Niedersächsische Staats- und Universitätsbibliothek Göttingen"$"2020450-4"$"4 Cod. Ms. hist. 458"$"4o Hist. 458"$"4° Hist. 458"$"4º Hist. 458"$"Hist. 458"$"Histor. 458"$"4° Cod. Ms. hist. 458"
"Göttingen"$"4021477-1"$"Niedersächsische Staats- und Universitätsbibliothek Göttingen"$"2020450-4"$"4 Cod. Ms. hist. 46 b"$"4o Hist. 46b"$"4° Hist. 46b"$"4º Hist. 46b"$"Hist. 46b"$"Hist. 46 b"$"Histor. 46b"$"Histor. 46 b"$"4° Cod. Ms. hist. 46b"$"4° Cod. Ms. hist. 46 b"
"Göttingen"$"4021477-1"$"Niedersächsische Staats- und Universitätsbibliothek Göttingen"$"2020450-4"$"4 Cod. Ms. hist. 460"$"4o Hist. 460"$"4° Hist. 460"$"4º Hist. 460"$"Hist. 460"$"Histor. 460"$"4° Cod. Ms. hist. 460"
"Göttingen"$"4021477-1"$"Niedersächsische Staats- und Universitätsbibliothek Göttingen"$"2020450-4"$"4 Cod. Ms. hist. 461"$"4o Hist. 461"$"4° Hist. 461"$"4º Hist. 461"$"Hist. 461"$"Histor. 461"$"4° Cod. Ms. hist. 461"
"Göttingen"$"4021477-1"$"Niedersächsische Staats- und Universitätsbibliothek Göttingen"$"2020450-4"$"4 Cod. Ms. hist. 462"$"4o Hist. 462"$"4° Hist. 462"$"4º Hist. 462"$"Hist. 462"$"Histor. 462"$"4° Cod. Ms. hist. 462"
"Göttingen"$"4021477-1"$"Niedersächsische Staats- und Universitätsbibliothek Göttingen"$"2020450-4"$"4 Cod. Ms. hist. 479"$"4o Hist. 479"$"4° Hist. 479"$"4º Hist. 479"$"Hist. 479"$"Histor. 479"$"4° Cod. Ms. hist. 479"
"Göttingen"$"4021477-1"$"Niedersächsische Staats- und Universitätsbibliothek Göttingen"$"2020450-4"$"4 Cod. Ms. hist. 48"$"4o Hist. 48"$"4° Hist. 48"$"4º Hist. 48"$"Hist. 48"$"Histor. 48"$"4° Cod. Ms. hist. 48"
"Göttingen"$"4021477-1"$"Niedersächsische Staats- und Universitätsbibliothek Göttingen"$"2020450-4"$"4 Cod. Ms. hist. 481"$"4o Hist. 481"$"4° Hist. 481"$"4º Hist. 481"$"Hist. 481"$"Histor. 481"$"4° Cod. Ms. hist. 481"
"Göttingen"$"4021477-1"$"Niedersächsische Staats- und Universitätsbibliothek Göttingen"$"2020450-4"$"4 Cod. Ms. hist. 482"$"4o Hist. 482"$"4° Hist. 482"$"4º Hist. 482"$"Hist. 482"$"Histor. 482"$"4° Cod. Ms. hist. 482"
"Göttingen"$"4021477-1"$"Niedersächsische Staats- und Universitätsbibliothek Göttingen"$"2020450-4"$"4 Cod. Ms. hist. 490"$"4o Hist. 490"$"4° Hist. 490"$"4º Hist. 490"$"Hist. 490"$"Histor. 490"$"4° Cod. Ms. hist. 490"
"Göttingen"$"4021477-1"$"Niedersächsische Staats- und Universitätsbibliothek Göttingen"$"2020450-4"$"4 Cod. Ms. hist. 492"$"4o Hist. 492"$"4° Hist. 492"$"4º Hist. 492"$"Hist. 492"$"Histor. 492"$"4° Cod. Ms. hist. 492"
"Göttingen"$"4021477-1"$"Niedersächsische Staats- und Universitätsbibliothek Göttingen"$"2020450-4"$"4 Cod. Ms. hist. 50"$"4o Hist. 50"$"4° Hist. 50"$"4º Hist. 50"$"Hist. 50"$"Histor. 50"$"4° Cod. Ms. hist. 50"
"Göttingen"$"4021477-1"$"Niedersächsische Staats- und Universitätsbibliothek Göttingen"$"2020450-4"$"4 Cod. Ms. hist. 502"$"4o Hist. 502"$"4° Hist. 502"$"4º Hist. 502"$"Hist. 502"$"Histor. 502"$"4° Cod. Ms. hist. 502"
"Göttingen"$"4021477-1"$"Niedersächsische Staats- und Universitätsbibliothek Göttingen"$"2020450-4"$"4 Cod. Ms. hist. 503"$"4o Hist. 503"$"4° Hist. 503"$"4º Hist. 503"$"Hist. 503"$"Histor. 503"$"4° Cod. Ms. hist. 503"
"Göttingen"$"4021477-1"$"Niedersächsische Staats- und Universitätsbibliothek Göttingen"$"2020450-4"$"4 Cod. Ms. hist. 504"$"4o Hist. 504"$"4° Hist. 504"$"4º Hist. 504"$"Hist. 504"$"Histor. 504"$"4° Cod. Ms. hist. 504"
"Göttingen"$"4021477-1"$"Niedersächsische Staats- und Universitätsbibliothek Göttingen"$"2020450-4"$"4 Cod. Ms. hist. 505"$"4o Hist. 505"$"4° Hist. 505"$"4º Hist. 505"$"Hist. 505"$"Histor. 505"$"4° Cod. Ms. hist. 505"
"Göttingen"$"4021477-1"$"Niedersächsische Staats- und Universitätsbibliothek Göttingen"$"2020450-4"$"4 Cod. Ms. hist. 508"$"4o Hist. 508"$"4° Hist. 508"$"4º Hist. 508"$"Hist. 508"$"Histor. 508"$"4° Cod. Ms. hist. 508"
"Göttingen"$"4021477-1"$"Niedersächsische Staats- und Universitätsbibliothek Göttingen"$"2020450-4"$"4 Cod. Ms. hist. 509"$"4o Hist. 509"$"4° Hist. 509"$"4º Hist. 509"$"Hist. 509"$"Histor. 509"$"4° Cod. Ms. hist. 509"
"Göttingen"$"4021477-1"$"Niedersächsische Staats- und Universitätsbibliothek Göttingen"$"2020450-4"$"4 Cod. Ms. hist. 51"$"4o Hist. 51"$"4° Hist. 51"$"4º Hist. 51"$"Hist. 51"$"Histor. 51"$"4° Cod. Ms. hist. 51"
"Göttingen"$"4021477-1"$"Niedersächsische Staats- und Universitätsbibliothek Göttingen"$"2020450-4"$"4 Cod. Ms. hist. 511"$"4o Hist. 511"$"4° Hist. 511"$"4º Hist. 511"$"Hist. 511"$"Histor. 511"$"4° Cod. Ms. hist. 511"
"Göttingen"$"4021477-1"$"Niedersächsische Staats- und Universitätsbibliothek Göttingen"$"2020450-4"$"4 Cod. Ms. hist. 512"$"4o Hist. 512"$"4° Hist. 512"$"4º Hist. 512"$"Hist. 512"$"Histor. 512"$"4° Cod. Ms. hist. 512"
"Göttingen"$"4021477-1"$"Niedersächsische Staats- und Universitätsbibliothek Göttingen"$"2020450-4"$"4 Cod. Ms. hist. 513"$"4o Hist. 513"$"4° Hist. 513"$"4º Hist. 513"$"Hist. 513"$"Histor. 513"$"4° Cod. Ms. hist. 513"
"Göttingen"$"4021477-1"$"Niedersächsische Staats- und Universitätsbibliothek Göttingen"$"2020450-4"$"4 Cod. Ms. hist. 519"$"4o Hist. 519"$"4° Hist. 519"$"4º Hist. 519"$"Hist. 519"$"Histor. 519"$"4° Cod. Ms. hist. 519"
"Göttingen"$"4021477-1"$"Niedersächsische Staats- und Universitätsbibliothek Göttingen"$"2020450-4"$"4 Cod. Ms. hist. 520"$"4o Hist. 520"$"4° Hist. 520"$"4º Hist. 520"$"Hist. 520"$"Histor. 520"$"4° Cod. Ms. hist. 520"
"Göttingen"$"4021477-1"$"Niedersächsische Staats- und Universitätsbibliothek Göttingen"$"2020450-4"$"4 Cod. Ms. hist. 521"$"4o Hist. 521"$"4° Hist. 521"$"4º Hist. 521"$"Hist. 521"$"Histor. 521"$"4° Cod. Ms. hist. 521"
"Göttingen"$"4021477-1"$"Niedersächsische Staats- und Universitätsbibliothek Göttingen"$"2020450-4"$"4 Cod. Ms. hist. 522"$"4o Hist. 522"$"4° Hist. 522"$"4º Hist. 522"$"Hist. 522"$"Histor. 522"$"4° Cod. Ms. hist. 522"
"Göttingen"$"4021477-1"$"Niedersächsische Staats- und Universitätsbibliothek Göttingen"$"2020450-4"$"4 Cod. Ms. hist. 525"$"4o Hist. 525"$"4° Hist. 525"$"4º Hist. 525"$"Hist. 525"$"Histor. 525"$"4° Cod. Ms. hist. 525"
"Göttingen"$"4021477-1"$"Niedersächsische Staats- und Universitätsbibliothek Göttingen"$"2020450-4"$"4 Cod. Ms. hist. 526"$"4o Hist. 526"$"4° Hist. 526"$"4º Hist. 526"$"Hist. 526"$"Histor. 526"$"4° Cod. Ms. hist. 526"
"Göttingen"$"4021477-1"$"Niedersächsische Staats- und Universitätsbibliothek Göttingen"$"2020450-4"$"4 Cod. Ms. hist. 527"$"4o Hist. 527"$"4° Hist. 527"$"4º Hist. 527"$"Hist. 527"$"Histor. 527"$"4° Cod. Ms. hist. 527"
"Göttingen"$"4021477-1"$"Niedersächsische Staats- und Universitätsbibliothek Göttingen"$"2020450-4"$"4 Cod. Ms. hist. 528"$"4o Hist. 528"$"4° Hist. 528"$"4º Hist. 528"$"Hist. 528"$"Histor. 528"$"4° Cod. Ms. hist. 528"
"Göttingen"$"4021477-1"$"Niedersächsische Staats- und Universitätsbibliothek Göttingen"$"2020450-4"$"4 Cod. Ms. hist. 53"$"4o Hist. 53"$"4° Hist. 53"$"4º Hist. 53"$"Hist. 53"$"Histor. 53"$"4° Cod. Ms. hist. 53"
"Göttingen"$"4021477-1"$"Niedersächsische Staats- und Universitätsbibliothek Göttingen"$"2020450-4"$"4 Cod. Ms. hist. 530"$"4o Hist. 530"$"4° Hist. 530"$"4º Hist. 530"$"Hist. 530"$"Histor. 530"$"4° Cod. Ms. hist. 530"
"Göttingen"$"4021477-1"$"Niedersächsische Staats- und Universitätsbibliothek Göttingen"$"2020450-4"$"4 Cod. Ms. hist. 531"$"4o Hist. 531"$"4° Hist. 531"$"4º Hist. 531"$"Hist. 531"$"Histor. 531"$"4° Cod. Ms. hist. 531"
"Göttingen"$"4021477-1"$"Niedersächsische Staats- und Universitätsbibliothek Göttingen"$"2020450-4"$"4 Cod. Ms. hist. 532"$"4o Hist. 532"$"4° Hist. 532"$"4º Hist. 532"$"Hist. 532"$"Histor. 532"$"4° Cod. Ms. hist. 532"
"Göttingen"$"4021477-1"$"Niedersächsische Staats- und Universitätsbibliothek Göttingen"$"2020450-4"$"4 Cod. Ms. hist. 533"$"4o Hist. 533"$"4° Hist. 533"$"4º Hist. 533"$"Hist. 533"$"Histor. 533"$"4° Cod. Ms. hist. 533"
"Göttingen"$"4021477-1"$"Niedersächsische Staats- und Universitätsbibliothek Göttingen"$"2020450-4"$"4 Cod. Ms. hist. 534"$"4o Hist. 534"$"4° Hist. 534"$"4º Hist. 534"$"Hist. 534"$"Histor. 534"$"4° Cod. Ms. hist. 534"
"Göttingen"$"4021477-1"$"Niedersächsische Staats- und Universitätsbibliothek Göttingen"$"2020450-4"$"4 Cod. Ms. hist. 536"$"4o Hist. 536"$"4° Hist. 536"$"4º Hist. 536"$"Hist. 536"$"Histor. 536"$"4° Cod. Ms. hist. 536"
"Göttingen"$"4021477-1"$"Niedersächsische Staats- und Universitätsbibliothek Göttingen"$"2020450-4"$"4 Cod. Ms. hist. 538"$"4o Hist. 538"$"4° Hist. 538"$"4º Hist. 538"$"Hist. 538"$"Histor. 538"$"4° Cod. Ms. hist. 538"
"Göttingen"$"4021477-1"$"Niedersächsische Staats- und Universitätsbibliothek Göttingen"$"2020450-4"$"4 Cod. Ms. hist. 539"$"4o Hist. 539"$"4° Hist. 539"$"4º Hist. 539"$"Hist. 539"$"Histor. 539"$"4° Cod. Ms. hist. 539"
"Göttingen"$"4021477-1"$"Niedersächsische Staats- und Universitätsbibliothek Göttingen"$"2020450-4"$"4 Cod. Ms. hist. 54"$"4o Hist. 54"$"4° Hist. 54"$"4º Hist. 54"$"Hist. 54"$"Histor. 54"$"4° Cod. Ms. hist. 54"
"Göttingen"$"4021477-1"$"Niedersächsische Staats- und Universitätsbibliothek Göttingen"$"2020450-4"$"4 Cod. Ms. hist. 541"$"4o Hist. 541"$"4° Hist. 541"$"4º Hist. 541"$"Hist. 541"$"Histor. 541"$"4° Cod. Ms. hist. 541"
"Göttingen"$"4021477-1"$"Niedersächsische Staats- und Universitätsbibliothek Göttingen"$"2020450-4"$"4 Cod. Ms. hist. 542 : 1"$"4 Cod. Ms. hist. 542"$"4o Hist. 542 I"$"4° Hist. 542 I"$"4° Hist. 542 I"$"4° Hist. 542"$"4° Hist. 542"$"Hist. 542 I"$"Histor. 542 I"$"Hist. 542"$"Histor. 542"$"4° Cod. Ms. hist. 542"$"4° Cod. Ms. hist. 542 I"$"4° Cod. Ms. hist. 542 : 1"$"Hist. 542, Bd. 1"$"Histor. 542, Bd. 1"
"Göttingen"$"4021477-1"$"Niedersächsische Staats- und Universitätsbibliothek Göttingen"$"2020450-4"$"4 Cod. Ms. hist. 542 : 2"$"4 Cod. Ms. hist. 542"$"4o Hist. 542 II"$"4° Hist. 542 II"$"4° Hist. 542 II"$"4° Hist. 542"$"4° Hist. 542"$"Hist. 542 II"$"Histor. 542 II"$"Hist. 542"$"Histor. 542"$"4° Cod. Ms. hist. 542"$"4° Cod. Ms. hist. 542 II"$"4° Cod. Ms. hist. 542 : 2"$"Hist. 542, Bd. 2"$"Histor. 542, Bd. 2"
"Göttingen"$"4021477-1"$"Niedersächsische Staats- und Universitätsbibliothek Göttingen"$"2020450-4"$"4 Cod. Ms. hist. 542 : 3"$"4 Cod. Ms. hist. 542"$"4o Hist. 542 III"$"4° Hist. 542 III"$"4° Hist. 542 III"$"4° Hist. 542"$"4° Hist. 542"$"Hist. 542 III"$"Histor. 542 III"$"Hist. 542"$"Histor. 542"$"4° Cod. Ms. hist. 542"$"4° Cod. Ms. hist. 542 III"$"4° Cod. Ms. hist. 542 : 3"$"Hist. 542, Bd. 3"$"Histor. 542, Bd. 3"
"Göttingen"$"4021477-1"$"Niedersächsische Staats- und Universitätsbibliothek Göttingen"$"2020450-4"$"4 Cod. Ms. hist. 542 : 4"$"4 Cod. Ms. hist. 542"$"4o Hist. 542 IV"$"4° Hist. 542 IV"$"4° Hist. 542 IV"$"4° Hist. 542"$"4° Hist. 542"$"Hist. 542 IV"$"Histor. 542 IV"$"Hist. 542"$"Histor. 542"$"4° Cod. Ms. hist. 542"$"4° Cod. Ms. hist. 542 IV"$"4° Cod. Ms. hist. 542 : 4"$"Hist. 542, Bd. 4"$"Histor. 542, Bd. 4"
"Göttingen"$"4021477-1"$"Niedersächsische Staats- und Universitätsbibliothek Göttingen"$"2020450-4"$"4 Cod. Ms. hist. 544"$"4o Hist. 544"$"4° Hist. 544"$"4º Hist. 544"$"Hist. 544"$"Histor. 544"$"4° Cod. Ms. hist. 544"
"Göttingen"$"4021477-1"$"Niedersächsische Staats- und Universitätsbibliothek Göttingen"$"2020450-4"$"4 Cod. Ms. hist. 549"$"4o Hist. 549"$"4° Hist. 549"$"4º Hist. 549"$"Hist. 549"$"Histor. 549"$"4° Cod. Ms. hist. 549"
"Göttingen"$"4021477-1"$"Niedersächsische Staats- und Universitätsbibliothek Göttingen"$"2020450-4"$"4 Cod. Ms. hist. 550"$"4o Hist. 550"$"4° Hist. 550"$"4º Hist. 550"$"Hist. 550"$"Histor. 550"$"4° Cod. Ms. hist. 550"
"Göttingen"$"4021477-1"$"Niedersächsische Staats- und Universitätsbibliothek Göttingen"$"2020450-4"$"4 Cod. Ms. hist. 551"$"4o Hist. 551"$"4° Hist. 551"$"4º Hist. 551"$"Hist. 551"$"Histor. 551"$"4° Cod. Ms. hist. 551"
"Göttingen"$"4021477-1"$"Niedersächsische Staats- und Universitätsbibliothek Göttingen"$"2020450-4"$"4 Cod. Ms. hist. 552 c"$"4o Hist. 552c"$"4° Hist. 552c"$"4º Hist. 552c"$"Hist. 552c"$"Hist. 552 c"$"Histor. 552c"$"Histor. 552 c"$"4° Cod. Ms. hist. 552c"$"4° Cod. Ms. hist. 552 c"
"Göttingen"$"4021477-1"$"Niedersächsische Staats- und Universitätsbibliothek Göttingen"$"2020450-4"$"4 Cod. Ms. hist. 557"$"4o Hist. 557"$"4° Hist. 557"$"4º Hist. 557"$"Hist. 557"$"Histor. 557"$"4° Cod. Ms. hist. 557"
"Göttingen"$"4021477-1"$"Niedersächsische Staats- und Universitätsbibliothek Göttingen"$"2020450-4"$"4 Cod. Ms. hist. 558"$"4o Hist. 558"$"4° Hist. 558"$"4º Hist. 558"$"Hist. 558"$"Histor. 558"$"4° Cod. Ms. hist. 558"
"Göttingen"$"4021477-1"$"Niedersächsische Staats- und Universitätsbibliothek Göttingen"$"2020450-4"$"4 Cod. Ms. hist. 559"$"4o Hist. 559"$"4° Hist. 559"$"4º Hist. 559"$"Hist. 559"$"Histor. 559"$"4° Cod. Ms. hist. 559"
"Göttingen"$"4021477-1"$"Niedersächsische Staats- und Universitätsbibliothek Göttingen"$"2020450-4"$"4 Cod. Ms. hist. 561"$"4o Hist. 561"$"4° Hist. 561"$"4º Hist. 561"$"Hist. 561"$"Histor. 561"$"4° Cod. Ms. hist. 561"
"Göttingen"$"4021477-1"$"Niedersächsische Staats- und Universitätsbibliothek Göttingen"$"2020450-4"$"4 Cod. Ms. hist. 562"$"4o Hist. 562"$"4° Hist. 562"$"4º Hist. 562"$"Hist. 562"$"Histor. 562"$"4° Cod. Ms. hist. 562"
"Göttingen"$"4021477-1"$"Niedersächsische Staats- und Universitätsbibliothek Göttingen"$"2020450-4"$"4 Cod. Ms. hist. 563"$"4o Hist. 563"$"4° Hist. 563"$"4º Hist. 563"$"Hist. 563"$"Histor. 563"$"4° Cod. Ms. hist. 563"
"Göttingen"$"4021477-1"$"Niedersächsische Staats- und Universitätsbibliothek Göttingen"$"2020450-4"$"4 Cod. Ms. hist. 564"$"4o Hist. 564"$"4° Hist. 564"$"4º Hist. 564"$"Hist. 564"$"Histor. 564"$"4° Cod. Ms. hist. 564"
"Göttingen"$"4021477-1"$"Niedersächsische Staats- und Universitätsbibliothek Göttingen"$"2020450-4"$"4 Cod. Ms. hist. 565"$"4o Hist. 565"$"4° Hist. 565"$"4º Hist. 565"$"Hist. 565"$"Histor. 565"$"4° Cod. Ms. hist. 565"
"Göttingen"$"4021477-1"$"Niedersächsische Staats- und Universitätsbibliothek Göttingen"$"2020450-4"$"4 Cod. Ms. hist. 566"$"4o Hist. 566"$"4° Hist. 566"$"4º Hist. 566"$"Hist. 566"$"Histor. 566"$"4° Cod. Ms. hist. 566"
"Göttingen"$"4021477-1"$"Niedersächsische Staats- und Universitätsbibliothek Göttingen"$"2020450-4"$"4 Cod. Ms. hist. 567"$"4o Hist. 567"$"4° Hist. 567"$"4º Hist. 567"$"Hist. 567"$"Histor. 567"$"4° Cod. Ms. hist. 567"
"Göttingen"$"4021477-1"$"Niedersächsische Staats- und Universitätsbibliothek Göttingen"$"2020450-4"$"4 Cod. Ms. hist. 568"$"4o Hist. 568"$"4° Hist. 568"$"4º Hist. 568"$"Hist. 568"$"Histor. 568"$"4° Cod. Ms. hist. 568"
"Göttingen"$"4021477-1"$"Niedersächsische Staats- und Universitätsbibliothek Göttingen"$"2020450-4"$"4 Cod. Ms. hist. 569"$"4o Hist. 569"$"4° Hist. 569"$"4º Hist. 569"$"Hist. 569"$"Histor. 569"$"4° Cod. Ms. hist. 569"
"Göttingen"$"4021477-1"$"Niedersächsische Staats- und Universitätsbibliothek Göttingen"$"2020450-4"$"4 Cod. Ms. hist. 570"$"4o Hist. 570"$"4° Hist. 570"$"4º Hist. 570"$"Hist. 570"$"Histor. 570"$"4° Cod. Ms. hist. 570"
"Göttingen"$"4021477-1"$"Niedersächsische Staats- und Universitätsbibliothek Göttingen"$"2020450-4"$"4 Cod. Ms. hist. 571"$"4o Hist. 571"$"4° Hist. 571"$"4º Hist. 571"$"Hist. 571"$"Histor. 571"$"4° Cod. Ms. hist. 571"
"Göttingen"$"4021477-1"$"Niedersächsische Staats- und Universitätsbibliothek Göttingen"$"2020450-4"$"4 Cod. Ms. hist. 573"$"4o Hist. 573"$"4° Hist. 573"$"4º Hist. 573"$"Hist. 573"$"Histor. 573"$"4° Cod. Ms. hist. 573"
"Göttingen"$"4021477-1"$"Niedersächsische Staats- und Universitätsbibliothek Göttingen"$"2020450-4"$"4 Cod. Ms. hist. 585"$"4o Hist. 585"$"4° Hist. 585"$"4º Hist. 585"$"Hist. 585"$"Histor. 585"$"4° Cod. Ms. hist. 585"
"Göttingen"$"4021477-1"$"Niedersächsische Staats- und Universitätsbibliothek Göttingen"$"2020450-4"$"4 Cod. Ms. hist. 588"$"4o Hist. 588"$"4° Hist. 588"$"4º Hist. 588"$"Hist. 588"$"Histor. 588"$"4° Cod. Ms. hist. 588"
"Göttingen"$"4021477-1"$"Niedersächsische Staats- und Universitätsbibliothek Göttingen"$"2020450-4"$"4 Cod. Ms. hist. 589"$"4o Hist. 589"$"4° Hist. 589"$"4º Hist. 589"$"Hist. 589"$"Histor. 589"$"4° Cod. Ms. hist. 589"
"Göttingen"$"4021477-1"$"Niedersächsische Staats- und Universitätsbibliothek Göttingen"$"2020450-4"$"4 Cod. Ms. hist. 591"$"4o Hist. 591"$"4° Hist. 591"$"4º Hist. 591"$"Hist. 591"$"Histor. 591"$"4° Cod. Ms. hist. 591"
"Göttingen"$"4021477-1"$"Niedersächsische Staats- und Universitätsbibliothek Göttingen"$"2020450-4"$"4 Cod. Ms. hist. 594"$"4o Hist. 594"$"4° Hist. 594"$"4º Hist. 594"$"Hist. 594"$"Histor. 594"$"4° Cod. Ms. hist. 594"
"Göttingen"$"4021477-1"$"Niedersächsische Staats- und Universitätsbibliothek Göttingen"$"2020450-4"$"4 Cod. Ms. hist. 596"$"4o Hist. 596"$"4° Hist. 596"$"4º Hist. 596"$"Hist. 596"$"Histor. 596"$"4° Cod. Ms. hist. 596"
"Göttingen"$"4021477-1"$"Niedersächsische Staats- und Universitätsbibliothek Göttingen"$"2020450-4"$"4 Cod. Ms. hist. 600 : 1"$"4 Cod. Ms. hist. 600"$"4o Hist. 600 I"$"4° Hist. 600 I"$"4° Hist. 600 I"$"4° Hist. 600"$"4° Hist. 600"$"Hist. 600 I"$"Histor. 600 I"$"Hist. 600"$"Histor. 600"$"4° Cod. Ms. hist. 600"$"4° Cod. Ms. hist. 600 I"$"4° Cod. Ms. hist. 600 : 1"$"Hist. 600, Bd. 1"$"Histor. 600, Bd. 1"$"Hist. 600, Bd. I"$"Histor. 600, Bd. I"$"4 Cod. Ms. hist. 600 : I"$"4 Cod. Ms. hist. 600 : Bd. I"
"Göttingen"$"4021477-1"$"Niedersächsische Staats- und Universitätsbibliothek Göttingen"$"2020450-4"$"4 Cod. Ms. hist. 600 : 2"$"4 Cod. Ms. hist. 600"$"4o Hist. 600 II"$"4° Hist. 600 II"$"4° Hist. 600 II"$"4° Hist. 600"$"4° Hist. 600"$"Hist. 600 II"$"Histor. 600 II"$"Hist. 600"$"Histor. 600"$"4° Cod. Ms. hist. 600"$"4° Cod. Ms. hist. 600 II"$"4° Cod. Ms. hist. 600 : 2"$"Hist. 600, Bd. 2"$"Histor. 600, Bd. 2"$"Hist. 600, Bd. II"$"Histor. 600, Bd. II"$"4 Cod. Ms. hist. 600 : II"$"4 Cod. Ms. hist. 600 : Bd. II"
"Göttingen"$"4021477-1"$"Niedersächsische Staats- und Universitätsbibliothek Göttingen"$"2020450-4"$"4 Cod. Ms. hist. 600 : 3"$"4 Cod. Ms. hist. 600"$"4o Hist. 600 III"$"4° Hist. 600 III"$"4° Hist. 600 III"$"4° Hist. 600"$"4° Hist. 600"$"Hist. 600 III"$"Histor. 600 III"$"Hist. 600"$"Histor. 600"$"4° Cod. Ms. hist. 600"$"4° Cod. Ms. hist. 600 III"$"4° Cod. Ms. hist. 600 : 3"$"Hist. 600, Bd. 3"$"Histor. 600, Bd. 3"$"Hist. 600, Bd. III"$"Histor. 600, Bd. III"$"4 Cod. Ms. hist. 600 : III"$"4 Cod. Ms. hist. 600 : Bd. III"
"Göttingen"$"4021477-1"$"Niedersächsische Staats- und Universitätsbibliothek Göttingen"$"2020450-4"$"4 Cod. Ms. hist. 600 : 4"$"4 Cod. Ms. hist. 600"$"4o Hist. 600 IV"$"4° Hist. 600 IV"$"4° Hist. 600 IV"$"4° Hist. 600"$"4° Hist. 600"$"Hist. 600 IV"$"Histor. 600 IV"$"Hist. 600"$"Histor. 600"$"4° Cod. Ms. hist. 600"$"4° Cod. Ms. hist. 600 IV"$"4° Cod. Ms. hist. 600 : 4"$"Hist. 600, Bd. 4"$"Histor. 600, Bd. 4"$"Hist. 600, Bd. IV"$"Histor. 600, Bd. IV"$"4 Cod. Ms. hist. 600 : IV"$"4 Cod. Ms. hist. 600 : Bd. IV"
"Göttingen"$"4021477-1"$"Niedersächsische Staats- und Universitätsbibliothek Göttingen"$"2020450-4"$"4 Cod. Ms. hist. 600 : 5"$"4 Cod. Ms. hist. 600"$"4o Hist. 600 V"$"4° Hist. 600 V"$"4° Hist. 600 V"$"4° Hist. 600"$"4° Hist. 600"$"Hist. 600 V"$"Histor. 600 V"$"Hist. 600"$"Histor. 600"$"4° Cod. Ms. hist. 600"$"4° Cod. Ms. hist. 600 V"$"4° Cod. Ms. hist. 600 : 5"$"Hist. 600, Bd. 5"$"Histor. 600, Bd. 5"$"Hist. 600, Bd. V"$"Histor. 600, Bd. V"$"4 Cod. Ms. hist. 600 : V"$"4 Cod. Ms. hist. 600 : Bd. V"
"Göttingen"$"4021477-1"$"Niedersächsische Staats- und Universitätsbibliothek Göttingen"$"2020450-4"$"4 Cod. Ms. hist. 600 : 6"$"4 Cod. Ms. hist. 600"$"4o Hist. 600 VI"$"4° Hist. 600 VI"$"4° Hist. 600 VI"$"4° Hist. 600"$"4° Hist. 600"$"Hist. 600 VI"$"Histor. 600 VI"$"Hist. 600"$"Histor. 600"$"4° Cod. Ms. hist. 600"$"4° Cod. Ms. hist. 600 VI"$"4° Cod. Ms. hist. 600 : 6"$"Hist. 600, Bd. 6"$"Histor. 600, Bd. 6"$"Hist. 600, Bd. VI"$"Histor. 600, Bd. VI"$"4 Cod. Ms. hist. 600 : VI"$"4 Cod. Ms. hist. 600 : Bd. VI"
"Göttingen"$"4021477-1"$"Niedersächsische Staats- und Universitätsbibliothek Göttingen"$"2020450-4"$"4 Cod. Ms. hist. 600 : 7"$"4 Cod. Ms. hist. 600"$"4o Hist. 600 VII"$"4° Hist. 600 VII"$"4° Hist. 600 VII"$"4° Hist. 600"$"4° Hist. 600"$"Hist. 600 VII"$"Histor. 600 VII"$"Hist. 600"$"Histor. 600"$"4° Cod. Ms. hist. 600"$"4° Cod. Ms. hist. 600 VII"$"4° Cod. Ms. hist. 600 : 7"$"Hist. 600, Bd. 7"$"Histor. 600, Bd. 7"$"Hist. 600, Bd. VII"$"Histor. 600, Bd. VII"$"4 Cod. Ms. hist. 600 : VII"$"4 Cod. Ms. hist. 600 : Bd. VII"
"Göttingen"$"4021477-1"$"Niedersächsische Staats- und Universitätsbibliothek Göttingen"$"2020450-4"$"4 Cod. Ms. hist. 600 : 8"$"4 Cod. Ms. hist. 600"$"4o Hist. 600 VIII"$"4° Hist. 600 VIII"$"4° Hist. 600 VIII"$"4° Hist. 600"$"4° Hist. 600"$"Hist. 600 VIII"$"Histor. 600 VIII"$"Hist. 600"$"Histor. 600"$"4° Cod. Ms. hist. 600"$"4° Cod. Ms. hist. 600 VIII"$"4° Cod. Ms. hist. 600 : 8"$"Hist. 600, Bd. 8"$"Histor. 600, Bd. 8"$"Hist. 600, Bd. VIII"$"Histor. 600, Bd. VIII"$"4 Cod. Ms. hist. 600 : VIII"$"4 Cod. Ms. hist. 600 : Bd. VIII"
"Göttingen"$"4021477-1"$"Niedersächsische Staats- und Universitätsbibliothek Göttingen"$"2020450-4"$"4 Cod. Ms. hist. 600 : 9"$"4 Cod. Ms. hist. 600"$"4o Hist. 600 IX"$"4° Hist. 600 IX"$"4° Hist. 600 IX"$"4° Hist. 600"$"4° Hist. 600"$"Hist. 600 IX"$"Histor. 600 IX"$"Hist. 600"$"Histor. 600"$"4° Cod. Ms. hist. 600"$"4° Cod. Ms. hist. 600 IX"$"4° Cod. Ms. hist. 600 : 9"$"Hist. 600, Bd. 9"$"Histor. 600, Bd. 9"$"Hist. 600, Bd. IX"$"Histor. 600, Bd. IX"$"4 Cod. Ms. hist. 600 : IX"$"4 Cod. Ms. hist. 600 : Bd. IX"
"Göttingen"$"4021477-1"$"Niedersächsische Staats- und Universitätsbibliothek Göttingen"$"2020450-4"$"4 Cod. Ms. hist. 603"$"4o Hist. 603"$"4° Hist. 603"$"4º Hist. 603"$"Hist. 603"$"Histor. 603"$"4° Cod. Ms. hist. 603"
"Göttingen"$"4021477-1"$"Niedersächsische Staats- und Universitätsbibliothek Göttingen"$"2020450-4"$"4 Cod. Ms. hist. 604"$"4o Hist. 604"$"4° Hist. 604"$"4º Hist. 604"$"Hist. 604"$"Histor. 604"$"4° Cod. Ms. hist. 604"
"Göttingen"$"4021477-1"$"Niedersächsische Staats- und Universitätsbibliothek Göttingen"$"2020450-4"$"4 Cod. Ms. hist. 605"$"4o Hist. 605"$"4° Hist. 605"$"4º Hist. 605"$"Hist. 605"$"Histor. 605"$"4° Cod. Ms. hist. 605"
"Göttingen"$"4021477-1"$"Niedersächsische Staats- und Universitätsbibliothek Göttingen"$"2020450-4"$"4 Cod. Ms. hist. 607"$"4o Hist. 607"$"4° Hist. 607"$"4º Hist. 607"$"Hist. 607"$"Histor. 607"$"4° Cod. Ms. hist. 607"
"Göttingen"$"4021477-1"$"Niedersächsische Staats- und Universitätsbibliothek Göttingen"$"2020450-4"$"4 Cod. Ms. hist. 608"$"4o Hist. 608"$"4° Hist. 608"$"4º Hist. 608"$"Hist. 608"$"Histor. 608"$"4° Cod. Ms. hist. 608"
"Göttingen"$"4021477-1"$"Niedersächsische Staats- und Universitätsbibliothek Göttingen"$"2020450-4"$"4 Cod. Ms. hist. 61"$"4o Hist. 61"$"4° Hist. 61"$"4º Hist. 61"$"Hist. 61"$"Histor. 61"$"4° Cod. Ms. hist. 61"
"Göttingen"$"4021477-1"$"Niedersächsische Staats- und Universitätsbibliothek Göttingen"$"2020450-4"$"4 Cod. Ms. hist. 614"$"4o Hist. 614"$"4° Hist. 614"$"4º Hist. 614"$"Hist. 614"$"Histor. 614"$"4° Cod. Ms. hist. 614"
"Göttingen"$"4021477-1"$"Niedersächsische Staats- und Universitätsbibliothek Göttingen"$"2020450-4"$"4 Cod. Ms. hist. 615 : 1"$"4 Cod. Ms. hist. 615"$"4o Hist. 615 I"$"4° Hist. 615 I"$"4° Hist. 615 I"$"4° Hist. 615"$"4° Hist. 615"$"Hist. 615 I"$"Histor. 615 I"$"Hist. 615"$"Histor. 615"$"4° Cod. Ms. hist. 615"$"4° Cod. Ms. hist. 615 I"$"4° Cod. Ms. hist. 615 : 1"$"Hist. 615, Bd. 1"$"Histor. 615, Bd. 1"$"Hist. 615, Bd. I"$"Histor. 615, Bd. I"$"4 Cod. Ms. hist. 615 : I"$"4 Cod. Ms. hist. 615 : Bd. I"
"Göttingen"$"4021477-1"$"Niedersächsische Staats- und Universitätsbibliothek Göttingen"$"2020450-4"$"4 Cod. Ms. hist. 615 : 2"$"4 Cod. Ms. hist. 615"$"4o Hist. 615 II"$"4° Hist. 615 II"$"4° Hist. 615 II"$"4° Hist. 615"$"4° Hist. 615"$"Hist. 615 II"$"Histor. 615 II"$"Hist. 615"$"Histor. 615"$"4° Cod. Ms. hist. 615"$"4° Cod. Ms. hist. 615 II"$"4° Cod. Ms. hist. 615 : 2"$"Hist. 615, Bd. 2"$"Histor. 615, Bd. 2"$"Hist. 615, Bd. II"$"Histor. 615, Bd. II"$"4 Cod. Ms. hist. 615 : II"$"4 Cod. Ms. hist. 615 : Bd. II"
"Göttingen"$"4021477-1"$"Niedersächsische Staats- und Universitätsbibliothek Göttingen"$"2020450-4"$"4 Cod. Ms. hist. 616"$"4o Hist. 616"$"4° Hist. 616"$"4º Hist. 616"$"Hist. 616"$"Histor. 616"$"4° Cod. Ms. hist. 616"
"Göttingen"$"4021477-1"$"Niedersächsische Staats- und Universitätsbibliothek Göttingen"$"2020450-4"$"4 Cod. Ms. hist. 617"$"4o Hist. 617"$"4° Hist. 617"$"4º Hist. 617"$"Hist. 617"$"Histor. 617"$"4° Cod. Ms. hist. 617"
"Göttingen"$"4021477-1"$"Niedersächsische Staats- und Universitätsbibliothek Göttingen"$"2020450-4"$"4 Cod. Ms. hist. 624"$"4o Hist. 624"$"4° Hist. 624"$"4º Hist. 624"$"Hist. 624"$"Histor. 624"$"4° Cod. Ms. hist. 624"
"Göttingen"$"4021477-1"$"Niedersächsische Staats- und Universitätsbibliothek Göttingen"$"2020450-4"$"4 Cod. Ms. hist. 630"$"4o Hist. 630"$"4° Hist. 630"$"4º Hist. 630"$"Hist. 630"$"Histor. 630"$"4° Cod. Ms. hist. 630"
"Göttingen"$"4021477-1"$"Niedersächsische Staats- und Universitätsbibliothek Göttingen"$"2020450-4"$"4 Cod. Ms. hist. 631"$"4o Hist. 631"$"4° Hist. 631"$"4º Hist. 631"$"Hist. 631"$"Histor. 631"$"4° Cod. Ms. hist. 631"
"Göttingen"$"4021477-1"$"Niedersächsische Staats- und Universitätsbibliothek Göttingen"$"2020450-4"$"4 Cod. Ms. hist. 631 i"$"4o Hist. 631i"$"4° Hist. 631i"$"4º Hist. 631i"$"Hist. 631i"$"Hist. 631 i"$"Histor. 631i"$"Histor. 631 i"$"4° Cod. Ms. hist. 631i"$"4° Cod. Ms. hist. 631 i"
"Göttingen"$"4021477-1"$"Niedersächsische Staats- und Universitätsbibliothek Göttingen"$"2020450-4"$"4 Cod. Ms. hist. 633"$"4o Hist. 633"$"4° Hist. 633"$"4º Hist. 633"$"Hist. 633"$"Histor. 633"$"4° Cod. Ms. hist. 633"
"Göttingen"$"4021477-1"$"Niedersächsische Staats- und Universitätsbibliothek Göttingen"$"2020450-4"$"4 Cod. Ms. hist. 65"$"4o Hist. 65"$"4° Hist. 65"$"4º Hist. 65"$"Hist. 65"$"Histor. 65"$"4° Cod. Ms. hist. 65"
"Göttingen"$"4021477-1"$"Niedersächsische Staats- und Universitätsbibliothek Göttingen"$"2020450-4"$"4 Cod. Ms. hist. 65 a"$"4o Histor. 65a"$"4° Histor. 65a"$"4º Histor. 65a"$"Histor. 65a"$"Histor. 65 a"$"4° Cod. Ms. hist. 65a"$"4° Cod. Ms. hist. 65 a"
"Göttingen"$"4021477-1"$"Niedersächsische Staats- und Universitätsbibliothek Göttingen"$"2020450-4"$"4 Cod. Ms. hist. 657 : 1"$"4 Cod. Ms. hist. 657"$"4o Hist. 657 I"$"4° Hist. 657 I"$"4° Hist. 657 I"$"4° Hist. 657"$"4° Hist. 657"$"Hist. 657 I"$"Histor. 657 I"$"Hist. 657"$"Histor. 657"$"4° Cod. Ms. hist. 657"$"4° Cod. Ms. hist. 657 I"$"4° Cod. Ms. hist. 657 : 1"$"Hist. 657, Bd. 1"$"Histor. 657, Bd. 1"$"Hist. 657, Bd. I"$"Histor. 657, Bd. I"$"4 Cod. Ms. hist. 657 : I"$"4 Cod. Ms. hist. 657 : Bd. I"
"Göttingen"$"4021477-1"$"Niedersächsische Staats- und Universitätsbibliothek Göttingen"$"2020450-4"$"4 Cod. Ms. hist. 657 : 10"$"4 Cod. Ms. hist. 657"$"4o Hist. 657 X"$"4° Hist. 657 X"$"4° Hist. 657 X"$"4° Hist. 657"$"4° Hist. 657"$"Hist. 657 X"$"Histor. 657 X"$"Hist. 657"$"Histor. 657"$"4° Cod. Ms. hist. 657"$"4° Cod. Ms. hist. 657 X"$"4° Cod. Ms. hist. 657 : 10"$"Hist. 657, Bd. 10"$"Histor. 657, Bd. 10"$"Hist. 657, Bd. X"$"Histor. 657, Bd. X"$"4 Cod. Ms. hist. 657 : X"$"4 Cod. Ms. hist. 657 : Bd. X"
"Göttingen"$"4021477-1"$"Niedersächsische Staats- und Universitätsbibliothek Göttingen"$"2020450-4"$"4 Cod. Ms. hist. 657 : 11"$"4 Cod. Ms. hist. 657"$"4o Hist. 657 XI"$"4° Hist. 657 XI"$"4° Hist. 657 XI"$"4° Hist. 657"$"4° Hist. 657"$"Hist. 657 XI"$"Histor. 657 XI"$"Hist. 657"$"Histor. 657"$"4° Cod. Ms. hist. 657"$"4° Cod. Ms. hist. 657 XI"$"4° Cod. Ms. hist. 657 : 11"$"Hist. 657, Bd. 11"$"Histor. 657, Bd. 11"$"Hist. 657, Bd. XI"$"Histor. 657, Bd. XI"$"4 Cod. Ms. hist. 657 : XI"$"4 Cod. Ms. hist. 657 : Bd. XI"
"Göttingen"$"4021477-1"$"Niedersächsische Staats- und Universitätsbibliothek Göttingen"$"2020450-4"$"4 Cod. Ms. hist. 657 : 12"$"4 Cod. Ms. hist. 657"$"4o Hist. 657 XII"$"4° Hist. 657 XII"$"4° Hist. 657 XII"$"4° Hist. 657"$"4° Hist. 657"$"Hist. 657 XII"$"Histor. 657 XII"$"Hist. 657"$"Histor. 657"$"4° Cod. Ms. hist. 657"$"4° Cod. Ms. hist. 657 XII"$"4° Cod. Ms. hist. 657 : 12"$"Hist. 657, Bd. 12"$"Histor. 657, Bd. 12"$"Hist. 657, Bd. XII"$"Histor. 657, Bd. XII"$"4 Cod. Ms. hist. 657 : XII"$"4 Cod. Ms. hist. 657 : Bd. XII"
"Göttingen"$"4021477-1"$"Niedersächsische Staats- und Universitätsbibliothek Göttingen"$"2020450-4"$"4 Cod. Ms. hist. 657 : 13"$"4 Cod. Ms. hist. 657"$"4o Hist. 657 XIII"$"4° Hist. 657 XIII"$"4° Hist. 657 XIII"$"4° Hist. 657"$"4° Hist. 657"$"Hist. 657 XIII"$"Histor. 657 XIII"$"Hist. 657"$"Histor. 657"$"4° Cod. Ms. hist. 657"$"4° Cod. Ms. hist. 657 XIII"$"4° Cod. Ms. hist. 657 : 13"$"Hist. 657, Bd. 13"$"Histor. 657, Bd. 13"$"Hist. 657, Bd. XIII"$"Histor. 657, Bd. XIII"$"4 Cod. Ms. hist. 657 : XIII"$"4 Cod. Ms. hist. 657 : Bd. XIII"
"Göttingen"$"4021477-1"$"Niedersächsische Staats- und Universitätsbibliothek Göttingen"$"2020450-4"$"4 Cod. Ms. hist. 657 : 14"$"4 Cod. Ms. hist. 657"$"4o Hist. 657 XIV"$"4° Hist. 657 XIV"$"4° Hist. 657 XIV"$"4° Hist. 657"$"4° Hist. 657"$"Hist. 657 XIV"$"Histor. 657 XIV"$"Hist. 657"$"Histor. 657"$"4° Cod. Ms. hist. 657"$"4° Cod. Ms. hist. 657 XIV"$"4° Cod. Ms. hist. 657 : 14"$"Hist. 657, Bd. 14"$"Histor. 657, Bd. 14"$"Hist. 657, Bd. XIV"$"Histor. 657, Bd. XIV"$"4 Cod. Ms. hist. 657 : XIV"$"4 Cod. Ms. hist. 657 : Bd. XIV"
"Göttingen"$"4021477-1"$"Niedersächsische Staats- und Universitätsbibliothek Göttingen"$"2020450-4"$"4 Cod. Ms. hist. 657 : 15"$"4 Cod. Ms. hist. 657"$"4o Hist. 657 XV"$"4° Hist. 657 XV"$"4° Hist. 657 XV"$"4° Hist. 657"$"4° Hist. 657"$"Hist. 657 XV"$"Histor. 657 XV"$"Hist. 657"$"Histor. 657"$"4° Cod. Ms. hist. 657"$"4° Cod. Ms. hist. 657 XV"$"4° Cod. Ms. hist. 657 : 15"$"Hist. 657, Bd. 15"$"Histor. 657, Bd. 15"$"Hist. 657, Bd. XV"$"Histor. 657, Bd. XV"$"4 Cod. Ms. hist. 657 : XV"$"4 Cod. Ms. hist. 657 : Bd. XV"
"Göttingen"$"4021477-1"$"Niedersächsische Staats- und Universitätsbibliothek Göttingen"$"2020450-4"$"4 Cod. Ms. hist. 657 : 16"$"4 Cod. Ms. hist. 657"$"4o Hist. 657 XVI"$"4° Hist. 657 XVI"$"4° Hist. 657 XVI"$"4° Hist. 657"$"4° Hist. 657"$"Hist. 657 XVI"$"Histor. 657 XVI"$"Hist. 657"$"Histor. 657"$"4° Cod. Ms. hist. 657"$"4° Cod. Ms. hist. 657 XVI"$"4° Cod. Ms. hist. 657 : 16"$"Hist. 657, Bd. 16"$"Histor. 657, Bd. 16"$"Hist. 657, Bd. XVI"$"Histor. 657, Bd. XVI"$"4 Cod. Ms. hist. 657 : XVI"$"4 Cod. Ms. hist. 657 : Bd. XVI"
"Göttingen"$"4021477-1"$"Niedersächsische Staats- und Universitätsbibliothek Göttingen"$"2020450-4"$"4 Cod. Ms. hist. 657 : 17"$"4 Cod. Ms. hist. 657"$"4o Hist. 657 XVII"$"4° Hist. 657 XVII"$"4° Hist. 657 XVII"$"4° Hist. 657"$"4° Hist. 657"$"Hist. 657 XVII"$"Histor. 657 XVII"$"Hist. 657"$"Histor. 657"$"4° Cod. Ms. hist. 657"$"4° Cod. Ms. hist. 657 XVII"$"4° Cod. Ms. hist. 657 : 17"$"Hist. 657, Bd. 17"$"Histor. 657, Bd. 17"$"Hist. 657, Bd. XVII"$"Histor. 657, Bd. XVII"$"4 Cod. Ms. hist. 657 : XVII"$"4 Cod. Ms. hist. 657 : Bd. XVII"
"Göttingen"$"4021477-1"$"Niedersächsische Staats- und Universitätsbibliothek Göttingen"$"2020450-4"$"4 Cod. Ms. hist. 657 : 18"$"4 Cod. Ms. hist. 657"$"4o Hist. 657 XVIII"$"4° Hist. 657 XVIII"$"4° Hist. 657 XVIII"$"4° Hist. 657"$"4° Hist. 657"$"Hist. 657 XVIII"$"Histor. 657 XVIII"$"Hist. 657"$"Histor. 657"$"4° Cod. Ms. hist. 657"$"4° Cod. Ms. hist. 657 XVIII"$"4° Cod. Ms. hist. 657 : 18"$"Hist. 657, Bd. 18"$"Histor. 657, Bd. 18"$"Hist. 657, Bd. XVIII"$"Histor. 657, Bd. XVIII"$"4 Cod. Ms. hist. 657 : XVIII"$"4 Cod. Ms. hist. 657 : Bd. XVIII"
"Göttingen"$"4021477-1"$"Niedersächsische Staats- und Universitätsbibliothek Göttingen"$"2020450-4"$"4 Cod. Ms. hist. 657 : 19"$"4 Cod. Ms. hist. 657"$"4o Hist. 657 XIX"$"4° Hist. 657 XIX"$"4° Hist. 657 XIX"$"4° Hist. 657"$"4° Hist. 657"$"Hist. 657 XIX"$"Histor. 657 XIX"$"Hist. 657"$"Histor. 657"$"4° Cod. Ms. hist. 657"$"4° Cod. Ms. hist. 657 XIX"$"4° Cod. Ms. hist. 657 : 19"$"Hist. 657, Bd. 19"$"Histor. 657, Bd. 19"$"Hist. 657, Bd. XIX"$"Histor. 657, Bd. XIX"$"4 Cod. Ms. hist. 657 : XIX"$"4 Cod. Ms. hist. 657 : Bd. XIX"
"Göttingen"$"4021477-1"$"Niedersächsische Staats- und Universitätsbibliothek Göttingen"$"2020450-4"$"4 Cod. Ms. hist. 657 : 2"$"4 Cod. Ms. hist. 657"$"4o Hist. 657 II"$"4° Hist. 657 II"$"4° Hist. 657 II"$"4° Hist. 657"$"4° Hist. 657"$"Hist. 657 II"$"Histor. 657 II"$"Hist. 657"$"Histor. 657"$"4° Cod. Ms. hist. 657"$"4° Cod. Ms. hist. 657 II"$"4° Cod. Ms. hist. 657 : 2"$"Hist. 657, Bd. 2"$"Histor. 657, Bd. 2"$"Hist. 657, Bd. II"$"Histor. 657, Bd. II"$"4 Cod. Ms. hist. 657 : II"$"4 Cod. Ms. hist. 657 : Bd. II"
"Göttingen"$"4021477-1"$"Niedersächsische Staats- und Universitätsbibliothek Göttingen"$"2020450-4"$"4 Cod. Ms. hist. 657 : 20"$"4 Cod. Ms. hist. 657"$"4o Hist. 657 XX"$"4° Hist. 657 XX"$"4° Hist. 657 XX"$"4° Hist. 657"$"4° Hist. 657"$"Hist. 657 XX"$"Histor. 657 XX"$"Hist. 657"$"Histor. 657"$"4° Cod. Ms. hist. 657"$"4° Cod. Ms. hist. 657 XX"$"4° Cod. Ms. hist. 657 : 20"$"Hist. 657, Bd. 20"$"Histor. 657, Bd. 20"$"Hist. 657, Bd. XX"$"Histor. 657, Bd. XX"$"4 Cod. Ms. hist. 657 : XX"$"4 Cod. Ms. hist. 657 : Bd. XX"
"Göttingen"$"4021477-1"$"Niedersächsische Staats- und Universitätsbibliothek Göttingen"$"2020450-4"$"4 Cod. Ms. hist. 657 : 21"$"4 Cod. Ms. hist. 657"$"4o Hist. 657 XXI"$"4° Hist. 657 XXI"$"4° Hist. 657 XXI"$"4° Hist. 657"$"4° Hist. 657"$"Hist. 657 XXI"$"Histor. 657 XXI"$"Hist. 657"$"Histor. 657"$"4° Cod. Ms. hist. 657"$"4° Cod. Ms. hist. 657 XXI"$"4° Cod. Ms. hist. 657 : 21"$"Hist. 657, Bd. 21"$"Histor. 657, Bd. 21"$"Hist. 657, Bd. XXI"$"Histor. 657, Bd. XXI"$"4 Cod. Ms. hist. 657 : XXI"$"4 Cod. Ms. hist. 657 : Bd. XXI"
"Göttingen"$"4021477-1"$"Niedersächsische Staats- und Universitätsbibliothek Göttingen"$"2020450-4"$"4 Cod. Ms. hist. 657 : 22"$"4 Cod. Ms. hist. 657"$"4o Hist. 657 XXII"$"4° Hist. 657 XXII"$"4° Hist. 657 XXII"$"4° Hist. 657"$"4° Hist. 657"$"Hist. 657 XXII"$"Histor. 657 XXII"$"Hist. 657"$"Histor. 657"$"4° Cod. Ms. hist. 657"$"4° Cod. Ms. hist. 657 XXII"$"4° Cod. Ms. hist. 657 : 22"$"Hist. 657, Bd. 22"$"Histor. 657, Bd. 22"$"Hist. 657, Bd. XXII"$"Histor. 657, Bd. XXII"$"4 Cod. Ms. hist. 657 : XXII"$"4 Cod. Ms. hist. 657 : Bd. XXII"
"Göttingen"$"4021477-1"$"Niedersächsische Staats- und Universitätsbibliothek Göttingen"$"2020450-4"$"4 Cod. Ms. hist. 657 : 3"$"4 Cod. Ms. hist. 657"$"4o Hist. 657 III"$"4° Hist. 657 III"$"4° Hist. 657 III"$"4° Hist. 657"$"4° Hist. 657"$"Hist. 657 III"$"Histor. 657 III"$"Hist. 657"$"Histor. 657"$"4° Cod. Ms. hist. 657"$"4° Cod. Ms. hist. 657 III"$"4° Cod. Ms. hist. 657 : 3"$"Hist. 657, Bd. 3"$"Histor. 657, Bd. 3"$"Hist. 657, Bd. III"$"Histor. 657, Bd. III"$"4 Cod. Ms. hist. 657 : III"$"4 Cod. Ms. hist. 657 : Bd. III"
"Göttingen"$"4021477-1"$"Niedersächsische Staats- und Universitätsbibliothek Göttingen"$"2020450-4"$"4 Cod. Ms. hist. 657 : 4"$"4 Cod. Ms. hist. 657"$"4o Hist. 657 IV"$"4° Hist. 657 IV"$"4° Hist. 657 IV"$"4° Hist. 657"$"4° Hist. 657"$"Hist. 657 IV"$"Histor. 657 IV"$"Hist. 657"$"Histor. 657"$"4° Cod. Ms. hist. 657"$"4° Cod. Ms. hist. 657 IV"$"4° Cod. Ms. hist. 657 : 4"$"Hist. 657, Bd. 4"$"Histor. 657, Bd. 4"$"Hist. 657, Bd. IV"$"Histor. 657, Bd. IV"$"4 Cod. Ms. hist. 657 : IV"$"4 Cod. Ms. hist. 657 : Bd. IV"
"Göttingen"$"4021477-1"$"Niedersächsische Staats- und Universitätsbibliothek Göttingen"$"2020450-4"$"4 Cod. Ms. hist. 657 : 5"$"4 Cod. Ms. hist. 657"$"4o Hist. 657 V"$"4° Hist. 657 V"$"4° Hist. 657 V"$"4° Hist. 657"$"4° Hist. 657"$"Hist. 657 V"$"Histor. 657 V"$"Hist. 657"$"Histor. 657"$"4° Cod. Ms. hist. 657"$"4° Cod. Ms. hist. 657 V"$"4° Cod. Ms. hist. 657 : 5"$"Hist. 657, Bd. 5"$"Histor. 657, Bd. 5"$"Hist. 657, Bd. V"$"Histor. 657, Bd. V"$"4 Cod. Ms. hist. 657 : V"$"4 Cod. Ms. hist. 657 : Bd. V"
"Göttingen"$"4021477-1"$"Niedersächsische Staats- und Universitätsbibliothek Göttingen"$"2020450-4"$"4 Cod. Ms. hist. 657 : 6"$"4 Cod. Ms. hist. 657"$"4o Hist. 657 VI"$"4° Hist. 657 VI"$"4° Hist. 657 VI"$"4° Hist. 657"$"4° Hist. 657"$"Hist. 657 VI"$"Histor. 657 VI"$"Hist. 657"$"Histor. 657"$"4° Cod. Ms. hist. 657"$"4° Cod. Ms. hist. 657 VI"$"4° Cod. Ms. hist. 657 : 6"$"Hist. 657, Bd. 6"$"Histor. 657, Bd. 6"$"Hist. 657, Bd. VI"$"Histor. 657, Bd. VI"$"4 Cod. Ms. hist. 657 : VI"$"4 Cod. Ms. hist. 657 : Bd. VI"
"Göttingen"$"4021477-1"$"Niedersächsische Staats- und Universitätsbibliothek Göttingen"$"2020450-4"$"4 Cod. Ms. hist. 657 : 7"$"4 Cod. Ms. hist. 657"$"4o Hist. 657 VII"$"4° Hist. 657 VII"$"4° Hist. 657 VII"$"4° Hist. 657"$"4° Hist. 657"$"Hist. 657 VII"$"Histor. 657 VII"$"Hist. 657"$"Histor. 657"$"4° Cod. Ms. hist. 657"$"4° Cod. Ms. hist. 657 VII"$"4° Cod. Ms. hist. 657 : 7"$"Hist. 657, Bd. 7"$"Histor. 657, Bd. 7"$"Hist. 657, Bd. VII"$"Histor. 657, Bd. VII"$"4 Cod. Ms. hist. 657 : VII"$"4 Cod. Ms. hist. 657 : Bd. VII"
"Göttingen"$"4021477-1"$"Niedersächsische Staats- und Universitätsbibliothek Göttingen"$"2020450-4"$"4 Cod. Ms. hist. 657 : 8"$"4 Cod. Ms. hist. 657"$"4o Hist. 657 VIII"$"4° Hist. 657 VIII"$"4° Hist. 657 VIII"$"4° Hist. 657"$"4° Hist. 657"$"Hist. 657 VIII"$"Histor. 657 VIII"$"Hist. 657"$"Histor. 657"$"4° Cod. Ms. hist. 657"$"4° Cod. Ms. hist. 657 VIII"$"4° Cod. Ms. hist. 657 : 8"$"Hist. 657, Bd. 8"$"Histor. 657, Bd. 8"$"Hist. 657, Bd. VIII"$"Histor. 657, Bd. VIII"$"4 Cod. Ms. hist. 657 : VIII"$"4 Cod. Ms. hist. 657 : Bd. VIII"
"Göttingen"$"4021477-1"$"Niedersächsische Staats- und Universitätsbibliothek Göttingen"$"2020450-4"$"4 Cod. Ms. hist. 657 : 9"$"4 Cod. Ms. hist. 657"$"4o Hist. 657 IX"$"4° Hist. 657 IX"$"4° Hist. 657 IX"$"4° Hist. 657"$"4° Hist. 657"$"Hist. 657 IX"$"Histor. 657 IX"$"Hist. 657"$"Histor. 657"$"4° Cod. Ms. hist. 657"$"4° Cod. Ms. hist. 657 IX"$"4° Cod. Ms. hist. 657 : 9"$"Hist. 657, Bd. 9"$"Histor. 657, Bd. 9"$"Hist. 657, Bd. IX"$"Histor. 657, Bd. IX"$"4 Cod. Ms. hist. 657 : IX"$"4 Cod. Ms. hist. 657 : Bd. IX"
"Göttingen"$"4021477-1"$"Niedersächsische Staats- und Universitätsbibliothek Göttingen"$"2020450-4"$"4 Cod. Ms. hist. 66"$"4o Histor. 66"$"4° Histor. 66"$"4º Histor. 66"$"Histor. 66"$"4° Cod. Ms. hist. 66"
"Göttingen"$"4021477-1"$"Niedersächsische Staats- und Universitätsbibliothek Göttingen"$"2020450-4"$"4 Cod. Ms. hist. 660"$"4o Hist. 660"$"4° Hist. 660"$"4º Hist. 660"$"Hist. 660"$"Histor. 660"$"4° Cod. Ms. hist. 660"
"Göttingen"$"4021477-1"$"Niedersächsische Staats- und Universitätsbibliothek Göttingen"$"2020450-4"$"4 Cod. Ms. hist. 663"$"4o Hist. 663"$"4° Hist. 663"$"4º Hist. 663"$"Hist. 663"$"Histor. 663"$"4° Cod. Ms. hist. 663"
"Göttingen"$"4021477-1"$"Niedersächsische Staats- und Universitätsbibliothek Göttingen"$"2020450-4"$"4 Cod. Ms. hist. 69"$"4o Hist. 69"$"4° Hist. 69"$"4º Hist. 69"$"Hist. 69"$"Histor. 69"$"4° Cod. Ms. hist. 69"
"Göttingen"$"4021477-1"$"Niedersächsische Staats- und Universitätsbibliothek Göttingen"$"2020450-4"$"4 Cod. Ms. hist. 72 : 1"$"4 Cod. Ms. hist. 72"$"4o Hist. 72 I"$"4° Hist. 72 I"$"4° Hist. 72 I"$"4° Hist. 72"$"4° Hist. 72"$"Hist. 72 I"$"Histor. 72 I"$"Hist. 72"$"Histor. 72"$"4° Cod. Ms. hist. 72"$"4° Cod. Ms. hist. 72 I"$"4° Cod. Ms. hist. 72 : 1"$"Hist. 72, Bd. 1"$"Histor. 72, Bd. 1"$"Hist. 72, Bd. I"$"Histor. 72, Bd. I"$"4 Cod. Ms. hist. 72 : I"$"4 Cod. Ms. hist. 72 : Bd. I"
"Göttingen"$"4021477-1"$"Niedersächsische Staats- und Universitätsbibliothek Göttingen"$"2020450-4"$"4 Cod. Ms. hist. 72 : 2"$"4 Cod. Ms. hist. 72"$"4o Hist. 72 II"$"4° Hist. 72 II"$"4° Hist. 72 II"$"4° Hist. 72"$"4° Hist. 72"$"Hist. 72 II"$"Histor. 72 II"$"Hist. 72"$"Histor. 72"$"4° Cod. Ms. hist. 72"$"4° Cod. Ms. hist. 72 II"$"4° Cod. Ms. hist. 72 : 2"$"Hist. 72, Bd. 2"$"Histor. 72, Bd. 2"$"Hist. 72, Bd. II"$"Histor. 72, Bd. II"$"4 Cod. Ms. hist. 72 : II"$"4 Cod. Ms. hist. 72 : Bd. II"
"Göttingen"$"4021477-1"$"Niedersächsische Staats- und Universitätsbibliothek Göttingen"$"2020450-4"$"4 Cod. Ms. hist. 72 : 3"$"4 Cod. Ms. hist. 72"$"4o Hist. 72 III"$"4° Hist. 72 III"$"4° Hist. 72 III"$"4° Hist. 72"$"4° Hist. 72"$"Hist. 72 III"$"Histor. 72 III"$"Hist. 72"$"Histor. 72"$"4° Cod. Ms. hist. 72"$"4° Cod. Ms. hist. 72 III"$"4° Cod. Ms. hist. 72 : 3"$"Hist. 72, Bd. 3"$"Histor. 72, Bd. 3"$"Hist. 72, Bd. III"$"Histor. 72, Bd. III"$"4 Cod. Ms. hist. 72 : III"$"4 Cod. Ms. hist. 72 : Bd. III"
"Göttingen"$"4021477-1"$"Niedersächsische Staats- und Universitätsbibliothek Göttingen"$"2020450-4"$"4 Cod. Ms. hist. 72 : 4"$"4 Cod. Ms. hist. 72"$"4o Hist. 72 IV"$"4° Hist. 72 IV"$"4° Hist. 72 IV"$"4° Hist. 72"$"4° Hist. 72"$"Hist. 72 IV"$"Histor. 72 IV"$"Hist. 72"$"Histor. 72"$"4° Cod. Ms. hist. 72"$"4° Cod. Ms. hist. 72 IV"$"4° Cod. Ms. hist. 72 : 4"$"Hist. 72, Bd. 4"$"Histor. 72, Bd. 4"$"Hist. 72, Bd. IV"$"Histor. 72, Bd. IV"$"4 Cod. Ms. hist. 72 : IV"$"4 Cod. Ms. hist. 72 : Bd. IV"
"Göttingen"$"4021477-1"$"Niedersächsische Staats- und Universitätsbibliothek Göttingen"$"2020450-4"$"4 Cod. Ms. hist. 72 : 5"$"4 Cod. Ms. hist. 72"$"4o Hist. 72 V"$"4° Hist. 72 V"$"4° Hist. 72 V"$"4° Hist. 72"$"4° Hist. 72"$"Hist. 72 V"$"Histor. 72 V"$"Hist. 72"$"Histor. 72"$"4° Cod. Ms. hist. 72"$"4° Cod. Ms. hist. 72 V"$"4° Cod. Ms. hist. 72 : 5"$"Hist. 72, Bd. 5"$"Histor. 72, Bd. 5"$"Hist. 72, Bd. V"$"Histor. 72, Bd. V"$"4 Cod. Ms. hist. 72 : V"$"4 Cod. Ms. hist. 72 : Bd. V"
"Göttingen"$"4021477-1"$"Niedersächsische Staats- und Universitätsbibliothek Göttingen"$"2020450-4"$"4 Cod. Ms. hist. 74"$"4o Hist. 74"$"4° Hist. 74"$"4º Hist. 74"$"Hist. 74"$"Histor. 74"$"4° Cod. Ms. hist. 74"
"Göttingen"$"4021477-1"$"Niedersächsische Staats- und Universitätsbibliothek Göttingen"$"2020450-4"$"4 Cod. Ms. hist. 75"$"4o Hist. 75"$"4° Hist. 75"$"4º Hist. 75"$"Hist. 75"$"Histor. 75"$"4° Cod. Ms. hist. 75"
"Göttingen"$"4021477-1"$"Niedersächsische Staats- und Universitätsbibliothek Göttingen"$"2020450-4"$"4 Cod. Ms. hist. 76"$"4o Hist. 76"$"4° Hist. 76"$"4º Hist. 76"$"Hist. 76"$"Histor. 76"$"4° Cod. Ms. hist. 76"
"Göttingen"$"4021477-1"$"Niedersächsische Staats- und Universitätsbibliothek Göttingen"$"2020450-4"$"4 Cod. Ms. hist. 77"$"4o Hist. 77"$"4° Hist. 77"$"4º Hist. 77"$"Hist. 77"$"Histor. 77"$"4° Cod. Ms. hist. 77"
"Göttingen"$"4021477-1"$"Niedersächsische Staats- und Universitätsbibliothek Göttingen"$"2020450-4"$"4 Cod. Ms. hist. 771"$"4o Hist. 771"$"4° Hist. 771"$"4º Hist. 771"$"Hist. 771"$"Histor. 771"$"4° Cod. Ms. hist. 771"
"Göttingen"$"4021477-1"$"Niedersächsische Staats- und Universitätsbibliothek Göttingen"$"2020450-4"$"4 Cod. Ms. hist. 775 m"$"4o Hist. 775m"$"4° Hist. 775m"$"4º Hist. 775m"$"Hist. 775m"$"Hist. 775 m"$"Histor. 775m"$"Histor. 775 m"$"4° Cod. Ms. hist. 775m"$"4° Cod. Ms. hist. 775 m"
"Göttingen"$"4021477-1"$"Niedersächsische Staats- und Universitätsbibliothek Göttingen"$"2020450-4"$"4 Cod. Ms. hist. 776"$"4o Hist. 776"$"4° Hist. 776"$"4º Hist. 776"$"Hist. 776"$"Histor. 776"$"4° Cod. Ms. hist. 776"
"Göttingen"$"4021477-1"$"Niedersächsische Staats- und Universitätsbibliothek Göttingen"$"2020450-4"$"4 Cod. Ms. hist. 781"$"4o Hist. 781"$"4° Hist. 781"$"4º Hist. 781"$"Hist. 781"$"Histor. 781"$"4° Cod. Ms. hist. 781"
"Göttingen"$"4021477-1"$"Niedersächsische Staats- und Universitätsbibliothek Göttingen"$"2020450-4"$"4 Cod. Ms. hist. 787"$"4o Hist. 787"$"4° Hist. 787"$"4º Hist. 787"$"Hist. 787"$"Histor. 787"$"4° Cod. Ms. hist. 787"
"Göttingen"$"4021477-1"$"Niedersächsische Staats- und Universitätsbibliothek Göttingen"$"2020450-4"$"4 Cod. Ms. hist. 788"$"4o Hist. 788"$"4° Hist. 788"$"4º Hist. 788"$"Hist. 788"$"Histor. 788"$"4° Cod. Ms. hist. 788"
"Göttingen"$"4021477-1"$"Niedersächsische Staats- und Universitätsbibliothek Göttingen"$"2020450-4"$"4 Cod. Ms. hist. 790"$"4o Hist. 790"$"4° Hist. 790"$"4º Hist. 790"$"Hist. 790"$"Histor. 790"$"4° Cod. Ms. hist. 790"
"Göttingen"$"4021477-1"$"Niedersächsische Staats- und Universitätsbibliothek Göttingen"$"2020450-4"$"4 Cod. Ms. hist. 791"$"4o Hist. 791"$"4° Hist. 791"$"4º Hist. 791"$"Hist. 791"$"Histor. 791"$"4° Cod. Ms. hist. 791"
"Göttingen"$"4021477-1"$"Niedersächsische Staats- und Universitätsbibliothek Göttingen"$"2020450-4"$"4 Cod. Ms. hist. 793"$"4o Hist. 793"$"4° Hist. 793"$"4º Hist. 793"$"Hist. 793"$"Histor. 793"$"4° Cod. Ms. hist. 793"
"Göttingen"$"4021477-1"$"Niedersächsische Staats- und Universitätsbibliothek Göttingen"$"2020450-4"$"4 Cod. Ms. hist. 794"$"4o Hist. 794"$"4° Hist. 794"$"4º Hist. 794"$"Hist. 794"$"Histor. 794"$"4° Cod. Ms. hist. 794"
"Göttingen"$"4021477-1"$"Niedersächsische Staats- und Universitätsbibliothek Göttingen"$"2020450-4"$"4 Cod. Ms. hist. 795"$"4o Hist. 795"$"4° Hist. 795"$"4º Hist. 795"$"Hist. 795"$"Histor. 795"$"4° Cod. Ms. hist. 795"
"Göttingen"$"4021477-1"$"Niedersächsische Staats- und Universitätsbibliothek Göttingen"$"2020450-4"$"4 Cod. Ms. hist. 796"$"4o Hist. 796"$"4° Hist. 796"$"4º Hist. 796"$"Hist. 796"$"Histor. 796"$"4° Cod. Ms. hist. 796"
"Göttingen"$"4021477-1"$"Niedersächsische Staats- und Universitätsbibliothek Göttingen"$"2020450-4"$"4 Cod. Ms. hist. 797"$"4o Hist. 797"$"4° Hist. 797"$"4º Hist. 797"$"Hist. 797"$"Histor. 797"$"4° Cod. Ms. hist. 797"
"Göttingen"$"4021477-1"$"Niedersächsische Staats- und Universitätsbibliothek Göttingen"$"2020450-4"$"4 Cod. Ms. hist. 804"$"4o Hist. 804"$"4° Hist. 804"$"4º Hist. 804"$"Hist. 804"$"Histor. 804"$"4° Cod. Ms. hist. 804"
"Göttingen"$"4021477-1"$"Niedersächsische Staats- und Universitätsbibliothek Göttingen"$"2020450-4"$"4 Cod. Ms. hist. 805"$"4o Hist. 805"$"4° Hist. 805"$"4º Hist. 805"$"Hist. 805"$"Histor. 805"$"4° Cod. Ms. hist. 805"
"Göttingen"$"4021477-1"$"Niedersächsische Staats- und Universitätsbibliothek Göttingen"$"2020450-4"$"4 Cod. Ms. hist. 810"$"4o Hist. 810"$"4° Hist. 810"$"4º Hist. 810"$"Hist. 810"$"Histor. 810"$"4° Cod. Ms. hist. 810"
"Göttingen"$"4021477-1"$"Niedersächsische Staats- und Universitätsbibliothek Göttingen"$"2020450-4"$"4 Cod. Ms. hist. 813"$"4o Hist. 813"$"4° Hist. 813"$"4º Hist. 813"$"Hist. 813"$"Histor. 813"$"4° Cod. Ms. hist. 813"
"Göttingen"$"4021477-1"$"Niedersächsische Staats- und Universitätsbibliothek Göttingen"$"2020450-4"$"4 Cod. Ms. hist. 814"$"4o Hist. 814"$"4° Hist. 814"$"4º Hist. 814"$"Hist. 814"$"Histor. 814"$"4° Cod. Ms. hist. 814"
"Göttingen"$"4021477-1"$"Niedersächsische Staats- und Universitätsbibliothek Göttingen"$"2020450-4"$"4 Cod. Ms. hist. 815 f"$"4o Hist. 815f"$"4° Hist. 815f"$"4º Hist. 815f"$"Hist. 815f"$"Hist. 815 f"$"Histor. 815f"$"Histor. 815 f"$"4° Cod. Ms. hist. 815f"$"4° Cod. Ms. hist. 815 f"
"Göttingen"$"4021477-1"$"Niedersächsische Staats- und Universitätsbibliothek Göttingen"$"2020450-4"$"4 Cod. Ms. hist. 815 i: 1"$"4 Cod. Ms. hist. 815 i"$"4o Hist. 815i I"$"4° Hist. 815i I"$"4° Hist. 815i I"$"4° Hist. 815i"$"4° Hist. 815i"$"Hist. 815i I"$"Histor. 815i I"$"Hist. 815i"$"Histor. 815i"$"Hist. 815 i"$"Histor. 815 i"$"4° Cod. Ms. hist. 815i"$"4° Cod. Ms. hist. 815 i"$"4° Cod. Ms. hist. 815i I"$"4° Cod. Ms. hist. 815 i : 1"$"Hist. 815i, Bd. 1"$"Histor. 815 i, Bd. 1"$"Hist. 815i, Bd. I"$"Histor. 815 i, Bd. I"$"4 Cod. Ms. hist. 815i : I"$"4 Cod. Ms. hist. 815i : Bd. I"$"4 Cod. Ms. hist. 815 i : I"$"4 Cod. Ms. hist. 815 i : Bd. I"
"Göttingen"$"4021477-1"$"Niedersächsische Staats- und Universitätsbibliothek Göttingen"$"2020450-4"$"4 Cod. Ms. hist. 815 i: 2"$"4 Cod. Ms. hist. 815 i"$"4o Hist. 815i II"$"4° Hist. 815i II"$"4° Hist. 815i II"$"4° Hist. 815i"$"4° Hist. 815i"$"Hist. 815i II"$"Histor. 815i II"$"Hist. 815i"$"Histor. 815i"$"Hist. 815 i"$"Histor. 815 i"$"4° Cod. Ms. hist. 815i"$"4° Cod. Ms. hist. 815 i"$"4° Cod. Ms. hist. 815i II"$"4° Cod. Ms. hist. 815 i : 2"$"Hist. 815i, Bd. 2"$"Histor. 815 i, Bd. 2"$"Hist. 815i, Bd. II"$"Histor. 815 i, Bd. II"$"4 Cod. Ms. hist. 815i : II"$"4 Cod. Ms. hist. 815i : Bd. II"$"4 Cod. Ms. hist. 815 i : II"$"4 Cod. Ms. hist. 815 i : Bd. II"
"Göttingen"$"4021477-1"$"Niedersächsische Staats- und Universitätsbibliothek Göttingen"$"2020450-4"$"4 Cod. Ms. hist. 818"$"4o Hist. 818"$"4° Hist. 818"$"4º Hist. 818"$"Hist. 818"$"Histor. 818"$"4° Cod. Ms. hist. 818"
"Göttingen"$"4021477-1"$"Niedersächsische Staats- und Universitätsbibliothek Göttingen"$"2020450-4"$"4 Cod. Ms. hist. 819"$"4o Hist. 819"$"4° Hist. 819"$"4º Hist. 819"$"Hist. 819"$"Histor. 819"$"4° Cod. Ms. hist. 819"
"Göttingen"$"4021477-1"$"Niedersächsische Staats- und Universitätsbibliothek Göttingen"$"2020450-4"$"4 Cod. Ms. hist. 820"$"4o Hist. 820"$"4° Hist. 820"$"4º Hist. 820"$"Hist. 820"$"Histor. 820"$"4° Cod. Ms. hist. 820"
"Göttingen"$"4021477-1"$"Niedersächsische Staats- und Universitätsbibliothek Göttingen"$"2020450-4"$"4 Cod. Ms. hist. 821"$"4o Hist. 821"$"4° Hist. 821"$"4º Hist. 821"$"Hist. 821"$"Histor. 821"$"4° Cod. Ms. hist. 821"
"Göttingen"$"4021477-1"$"Niedersächsische Staats- und Universitätsbibliothek Göttingen"$"2020450-4"$"4 Cod. Ms. hist. 83"$"4o Hist. 83"$"4° Hist. 83"$"4º Hist. 83"$"Hist. 83"$"Histor. 83"$"4° Cod. Ms. hist. 83"
"Göttingen"$"4021477-1"$"Niedersächsische Staats- und Universitätsbibliothek Göttingen"$"2020450-4"$"4 Cod. Ms. hist. 835"$"4o Hist. 835"$"4° Hist. 835"$"4º Hist. 835"$"Hist. 835"$"Histor. 835"$"4° Cod. Ms. hist. 835"
"Göttingen"$"4021477-1"$"Niedersächsische Staats- und Universitätsbibliothek Göttingen"$"2020450-4"$"4 Cod. Ms. hist. 836"$"4o Hist. 836"$"4° Hist. 836"$"4º Hist. 836"$"Hist. 836"$"Histor. 836"$"4° Cod. Ms. hist. 836"
"Göttingen"$"4021477-1"$"Niedersächsische Staats- und Universitätsbibliothek Göttingen"$"2020450-4"$"4 Cod. Ms. hist. 837"$"4o Hist. 837"$"4° Hist. 837"$"4º Hist. 837"$"Hist. 837"$"Histor. 837"$"4° Cod. Ms. hist. 837"
"Göttingen"$"4021477-1"$"Niedersächsische Staats- und Universitätsbibliothek Göttingen"$"2020450-4"$"4 Cod. Ms. hist. 838"$"4o Hist. 838"$"4° Hist. 838"$"4º Hist. 838"$"Hist. 838"$"Histor. 838"$"4° Cod. Ms. hist. 838"
"Göttingen"$"4021477-1"$"Niedersächsische Staats- und Universitätsbibliothek Göttingen"$"2020450-4"$"4 Cod. Ms. hist. 84"$"4o Hist. 84"$"4° Hist. 84"$"4º Hist. 84"$"Hist. 84"$"Histor. 84"$"4° Cod. Ms. hist. 84"
"Göttingen"$"4021477-1"$"Niedersächsische Staats- und Universitätsbibliothek Göttingen"$"2020450-4"$"4 Cod. Ms. hist. 840"$"4o Hist. 840"$"4° Hist. 840"$"4º Hist. 840"$"Hist. 840"$"Histor. 840"$"4° Cod. Ms. hist. 840"
"Göttingen"$"4021477-1"$"Niedersächsische Staats- und Universitätsbibliothek Göttingen"$"2020450-4"$"4 Cod. Ms. hist. 842"$"4o Hist. 842"$"4° Hist. 842"$"4º Hist. 842"$"Hist. 842"$"Histor. 842"$"4° Cod. Ms. hist. 842"
"Göttingen"$"4021477-1"$"Niedersächsische Staats- und Universitätsbibliothek Göttingen"$"2020450-4"$"4 Cod. Ms. hist. 844"$"4o Hist. 844"$"4° Hist. 844"$"4º Hist. 844"$"Hist. 844"$"Histor. 844"$"4° Cod. Ms. hist. 844"
"Göttingen"$"4021477-1"$"Niedersächsische Staats- und Universitätsbibliothek Göttingen"$"2020450-4"$"4 Cod. Ms. hist. 846"$"4o Hist. 846"$"4° Hist. 846"$"4º Hist. 846"$"Hist. 846"$"Histor. 846"$"4° Cod. Ms. hist. 846"
"Göttingen"$"4021477-1"$"Niedersächsische Staats- und Universitätsbibliothek Göttingen"$"2020450-4"$"4 Cod. Ms. hist. 87"$"4o Hist. 87"$"4° Hist. 87"$"4º Hist. 87"$"Hist. 87"$"Histor. 87"$"4° Cod. Ms. hist. 87"
"Göttingen"$"4021477-1"$"Niedersächsische Staats- und Universitätsbibliothek Göttingen"$"2020450-4"$"4 Cod. Ms. hist. 88"$"4o Hist. 88"$"4° Hist. 88"$"4º Hist. 88"$"Hist. 88"$"Histor. 88"$"4° Cod. Ms. hist. 88"
"Göttingen"$"4021477-1"$"Niedersächsische Staats- und Universitätsbibliothek Göttingen"$"2020450-4"$"4 Cod. Ms. hist. 95"$"4o Hist. 95"$"4° Hist. 95"$"4º Hist. 95"$"Hist. 95"$"Histor. 95"$"4° Cod. Ms. hist. 95"
"Göttingen"$"4021477-1"$"Niedersächsische Staats- und Universitätsbibliothek Göttingen"$"2020450-4"$"4 Cod. Ms. hist. nat. 101"$"4o Hist. nat. 101"$"4° Hist. nat. 101"$"4º Hist. nat. 101"$"Hist. nat. 101"$"4° Cod. Ms. hist. nat. 101"
"Göttingen"$"4021477-1"$"Niedersächsische Staats- und Universitätsbibliothek Göttingen"$"2020450-4"$"4 Cod. Ms. hist. nat. 103"$"4o Hist. nat. 103"$"4° Hist. nat. 103"$"4º Hist. nat. 103"$"Hist. nat. 103"$"4° Cod. Ms. hist. nat. 103"
"Göttingen"$"4021477-1"$"Niedersächsische Staats- und Universitätsbibliothek Göttingen"$"2020450-4"$"4 Cod. Ms. hist. nat. 107"$"4o Hist. nat. 107"$"4° Hist. nat. 107"$"4º Hist. nat. 107"$"Hist. nat. 107"$"4° Cod. Ms. hist. nat. 107"
"Göttingen"$"4021477-1"$"Niedersächsische Staats- und Universitätsbibliothek Göttingen"$"2020450-4"$"4 Cod. Ms. hist. nat. 108"$"4o Hist. nat. 108"$"4° Hist. nat. 108"$"4º Hist. nat. 108"$"Hist. nat. 108"$"4° Cod. Ms. hist. nat. 108"
"Göttingen"$"4021477-1"$"Niedersächsische Staats- und Universitätsbibliothek Göttingen"$"2020450-4"$"4 Cod. Ms. hist. nat. 13"$"4o Hist. nat. 13"$"4° Hist. nat. 13"$"4º Hist. nat. 13"$"Hist. nat. 13"$"4° Cod. Ms. hist. nat. 13"
"Göttingen"$"4021477-1"$"Niedersächsische Staats- und Universitätsbibliothek Göttingen"$"2020450-4"$"4 Cod. Ms. hist. nat. 15"$"4o Hist. nat. 15"$"4° Hist. nat. 15"$"4º Hist. nat. 15"$"Hist. nat. 15"$"4° Cod. Ms. hist. nat. 15"
"Göttingen"$"4021477-1"$"Niedersächsische Staats- und Universitätsbibliothek Göttingen"$"2020450-4"$"4 Cod. Ms. hist. nat. 22"$"4o Hist. nat. 22"$"4° Hist. nat. 22"$"4º Hist. nat. 22"$"Hist. nat. 22"$"4° Cod. Ms. hist. nat. 22"
"Göttingen"$"4021477-1"$"Niedersächsische Staats- und Universitätsbibliothek Göttingen"$"2020450-4"$"4 Cod. Ms. hist. nat. 3"$"4o Hist. nat. 3"$"4° Hist. nat. 3"$"4º Hist. nat. 3"$"Hist. nat. 3"$"4° Cod. Ms. hist. nat. 3"
"Göttingen"$"4021477-1"$"Niedersächsische Staats- und Universitätsbibliothek Göttingen"$"2020450-4"$"4 Cod. Ms. hist. nat. 31 s"$"4o Hist. nat. 31s"$"4° Hist. nat. 31s"$"4º Hist. nat. 31s"$"Hist. nat. 31s"$"Hist. nat. 31 s"$"4° Cod. Ms. hist. nat. 31s"$"4° Cod. Ms. hist. nat. 31 s"
"Göttingen"$"4021477-1"$"Niedersächsische Staats- und Universitätsbibliothek Göttingen"$"2020450-4"$"4 Cod. Ms. hist. nat. 32"$"4o Hist. nat. 32"$"4° Hist. nat. 32"$"4º Hist. nat. 32"$"Hist. nat. 32"$"4° Cod. Ms. hist. nat. 32"
"Göttingen"$"4021477-1"$"Niedersächsische Staats- und Universitätsbibliothek Göttingen"$"2020450-4"$"4 Cod. Ms. hist. nat. 35"$"4o Hist. nat. 35"$"4° Hist. nat. 35"$"4º Hist. nat. 35"$"Hist. nat. 35"$"4° Cod. Ms. hist. nat. 35"
"Göttingen"$"4021477-1"$"Niedersächsische Staats- und Universitätsbibliothek Göttingen"$"2020450-4"$"4 Cod. Ms. hist. nat. 39"$"4o Hist. nat. 39"$"4° Hist. nat. 39"$"4º Hist. nat. 39"$"Hist. nat. 39"$"4° Cod. Ms. hist. nat. 39"
"Göttingen"$"4021477-1"$"Niedersächsische Staats- und Universitätsbibliothek Göttingen"$"2020450-4"$"4 Cod. Ms. hist. nat. 4"$"4o Hist. nat. 4"$"4° Hist. nat. 4"$"4º Hist. nat. 4"$"Hist. nat. 4"$"4° Cod. Ms. hist. nat. 4"
"Göttingen"$"4021477-1"$"Niedersächsische Staats- und Universitätsbibliothek Göttingen"$"2020450-4"$"4 Cod. Ms. hist. nat. 40"$"4o Hist. nat. 40"$"4° Hist. nat. 40"$"4º Hist. nat. 40"$"Hist. nat. 40"$"4° Cod. Ms. hist. nat. 40"
"Göttingen"$"4021477-1"$"Niedersächsische Staats- und Universitätsbibliothek Göttingen"$"2020450-4"$"4 Cod. Ms. hist. nat. 5"$"4o Hist. nat. 5"$"4° Hist. nat. 5"$"4º Hist. nat. 5"$"Hist. nat. 5"$"4° Cod. Ms. hist. nat. 5"
"Göttingen"$"4021477-1"$"Niedersächsische Staats- und Universitätsbibliothek Göttingen"$"2020450-4"$"4 Cod. Ms. hist. nat. 50"$"4o Hist. nat. 50"$"4° Hist. nat. 50"$"4º Hist. nat. 50"$"Hist. nat. 50"$"4° Cod. Ms. hist. nat. 50"
"Göttingen"$"4021477-1"$"Niedersächsische Staats- und Universitätsbibliothek Göttingen"$"2020450-4"$"4 Cod. Ms. hist. nat. 7 h"$"4o Hist. nat. 7h"$"4° Hist. nat. 7h"$"4º Hist. nat. 7h"$"Hist. nat. 7h"$"Hist. nat. 7 h"$"4° Cod. Ms. hist. nat. 7h"$"4° Cod. Ms. hist. nat. 7 h"
"Göttingen"$"4021477-1"$"Niedersächsische Staats- und Universitätsbibliothek Göttingen"$"2020450-4"$"4 Cod. Ms. hist. nat. 79"$"4o Hist. nat. 79"$"4° Hist. nat. 79"$"4º Hist. nat. 79"$"Hist. nat. 79"$"4° Cod. Ms. hist. nat. 79"
"Göttingen"$"4021477-1"$"Niedersächsische Staats- und Universitätsbibliothek Göttingen"$"2020450-4"$"4 Cod. Ms. hist. nat. 86"$"4o Hist. nat. 86"$"4° Hist. nat. 86"$"4º Hist. nat. 86"$"Hist. nat. 86"$"4° Cod. Ms. hist. nat. 86"
"Göttingen"$"4021477-1"$"Niedersächsische Staats- und Universitätsbibliothek Göttingen"$"2020450-4"$"4 Cod. Ms. hist. nat. 87"$"4o Hist. nat. 87"$"4° Hist. nat. 87"$"4º Hist. nat. 87"$"Hist. nat. 87"$"4° Cod. Ms. hist. nat. 87"
"Göttingen"$"4021477-1"$"Niedersächsische Staats- und Universitätsbibliothek Göttingen"$"2020450-4"$"4 Cod. Ms. hist. nat. 93 b : 1"$"4 Cod. Ms. hist. nat. 93 b"$"4o Histor. nat. 93b I"$"4° Histor. nat. 93b I"$"4° Histor. nat. 93b I"$"4° Histor. nat. 93b"$"4° Histor. nat. 93b"$"Histor. nat. 93b I"$"Histor. nat. 93b"$"Histor. nat. 93 b"$"4° Cod. Ms. hist. nat. 93b"$"4° Cod. Ms. hist. nat. 93 b"$"4° Cod. Ms. hist. nat. 93b I"$"4° Cod. Ms. hist. nat. 93 b I"$"4° Cod. Ms. hist. nat. 93b : 1"$"4° Cod. Ms. hist. nat. 93 b : 1"$"4 Cod. Ms. hist. nat. 93b : 1"$"Histor. nat. 93 b, Bd. 1"$"Histor. nat. 93b, Bd. 1"
"Göttingen"$"4021477-1"$"Niedersächsische Staats- und Universitätsbibliothek Göttingen"$"2020450-4"$"4 Cod. Ms. hist. nat. 93 b : 2"$"4 Cod. Ms. hist. nat. 93 b"$"4o Histor. nat. 93b II"$"4° Histor. nat. 93b II"$"4° Histor. nat. 93b II"$"4° Histor. nat. 93b"$"4° Histor. nat. 93b"$"Histor. nat. 93b II"$"Histor. nat. 93b"$"Histor. nat. 93 b"$"4° Cod. Ms. hist. nat. 93b"$"4° Cod. Ms. hist. nat. 93 b"$"4° Cod. Ms. hist. nat. 93b II"$"4° Cod. Ms. hist. nat. 93 b II"$"4° Cod. Ms. hist. nat. 93b : 2"$"4° Cod. Ms. hist. nat. 93 b : 2"$"4 Cod. Ms. hist. nat. 93b : 2"$"Histor. nat. 93 b, Bd. 2"$"Histor. nat. 93b, Bd. 2"
"Göttingen"$"4021477-1"$"Niedersächsische Staats- und Universitätsbibliothek Göttingen"$"2020450-4"$"4 Cod. Ms. hist. nat. 93 b : 3"$"4 Cod. Ms. hist. nat. 93 b"$"4o Histor. nat. 93b III"$"4° Histor. nat. 93b III"$"4° Histor. nat. 93b III"$"4° Histor. nat. 93b"$"4° Histor. nat. 93b"$"Histor. nat. 93b III"$"Histor. nat. 93b"$"Histor. nat. 93 b"$"4° Cod. Ms. hist. nat. 93b"$"4° Cod. Ms. hist. nat. 93 b"$"4° Cod. Ms. hist. nat. 93b III"$"4° Cod. Ms. hist. nat. 93 b III"$"4° Cod. Ms. hist. nat. 93b : 3"$"4° Cod. Ms. hist. nat. 93 b : 3"$"4 Cod. Ms. hist. nat. 93b : 3"$"Histor. nat. 93 b, Bd. 3"$"Histor. nat. 93b, Bd. 3"
"Göttingen"$"4021477-1"$"Niedersächsische Staats- und Universitätsbibliothek Göttingen"$"2020450-4"$"4 Cod. Ms. hist. nat. 93 b : 4"$"4 Cod. Ms. hist. nat. 93 b"$"4o Histor. nat. 93b IV"$"4° Histor. nat. 93b IV"$"4° Histor. nat. 93b IV"$"4° Histor. nat. 93b"$"4° Histor. nat. 93b"$"Histor. nat. 93b IV"$"Histor. nat. 93b"$"Histor. nat. 93 b"$"4° Cod. Ms. hist. nat. 93b"$"4° Cod. Ms. hist. nat. 93 b"$"4° Cod. Ms. hist. nat. 93b IV"$"4° Cod. Ms. hist. nat. 93 b IV"$"4° Cod. Ms. hist. nat. 93b : 4"$"4° Cod. Ms. hist. nat. 93 b : 4"$"4 Cod. Ms. hist. nat. 93b : 4"$"Histor. nat. 93 b, Bd. 4"$"Histor. nat. 93b, Bd. 4"
"Göttingen"$"4021477-1"$"Niedersächsische Staats- und Universitätsbibliothek Göttingen"$"2020450-4"$"4 Cod. Ms. hist. nat. 94 : 1"$"4 Cod. Ms. hist. nat. 94"$"4o Histor. nat 94 I"$"4° Histor. nat 94 I"$"4° Histor. nat 94 I"$"4° Histor. nat 94"$"4° Histor. nat 94"$"Histor. nat. 94 I"$"Histor. nat. 94"$"4° Cod. Ms. hist. nat. I"$"4° Cod. Ms. hist. nat. 94 I"$"4° Cod. Ms. hist. nat. 94 : I"$"Histor. nat. 94, Bd. I"
"Göttingen"$"4021477-1"$"Niedersächsische Staats- und Universitätsbibliothek Göttingen"$"2020450-4"$"4 Cod. Ms. hist. nat. 94 : 11"$"4 Cod. Ms. hist. nat. 94"$"4o Histor. nat 94 XI"$"4° Histor. nat 94 XI"$"4° Histor. nat 94 XI"$"4° Histor. nat 94"$"4° Histor. nat 94"$"Histor. nat. 94 XI"$"Histor. nat. 94"$"4° Cod. Ms. hist. nat. XI"$"4° Cod. Ms. hist. nat. 94 XI"$"4° Cod. Ms. hist. nat. 94 : XI"$"Histor. nat. 94, Bd. XI"
"Göttingen"$"4021477-1"$"Niedersächsische Staats- und Universitätsbibliothek Göttingen"$"2020450-4"$"4 Cod. Ms. hist. nat. 94 : 17"$"4 Cod. Ms. hist. nat. 94"$"4o Histor. nat 94 XVII"$"4° Histor. nat 94 XVII"$"4° Histor. nat 94 XVII"$"4° Histor. nat 94"$"4° Histor. nat 94"$"Histor. nat. 94 XVII"$"Histor. nat. 94"$"4° Cod. Ms. hist. nat. XVII"$"4° Cod. Ms. hist. nat. 94 XVII"$"4° Cod. Ms. hist. nat. 94 : XVII"$"Histor. nat. 94, Bd. XVII"
"Göttingen"$"4021477-1"$"Niedersächsische Staats- und Universitätsbibliothek Göttingen"$"2020450-4"$"4 Cod. Ms. hist. nat. 94 : 2"$"4 Cod. Ms. hist. nat. 94"$"4o Histor. nat 94 II"$"4° Histor. nat 94 II"$"4° Histor. nat 94 II"$"4° Histor. nat 94"$"4° Histor. nat 94"$"Histor. nat. 94 II"$"Histor. nat. 94"$"4° Cod. Ms. hist. nat. II"$"4° Cod. Ms. hist. nat. 94 II"$"4° Cod. Ms. hist. nat. 94 : II"$"Histor. nat. 94, Bd. II"
"Göttingen"$"4021477-1"$"Niedersächsische Staats- und Universitätsbibliothek Göttingen"$"2020450-4"$"4 Cod. Ms. hist. nat. 94 : 3"$"4 Cod. Ms. hist. nat. 94"$"4o Histor. nat 94 III"$"4° Histor. nat 94 III"$"4° Histor. nat 94 III"$"4° Histor. nat 94"$"4° Histor. nat 94"$"Histor. nat. 94 III"$"Histor. nat. 94"$"4° Cod. Ms. hist. nat. III"$"4° Cod. Ms. hist. nat. 94 III"$"4° Cod. Ms. hist. nat. 94 : III"$"Histor. nat. 94, Bd. III"
"Göttingen"$"4021477-1"$"Niedersächsische Staats- und Universitätsbibliothek Göttingen"$"2020450-4"$"4 Cod. Ms. hist. nat. 95"$"4o Hist. nat. 95"$"4° Hist. nat. 95"$"4º Hist. nat. 95"$"Hist. nat. 95"$"4° Cod. Ms. hist. nat. 95"
"Göttingen"$"4021477-1"$"Niedersächsische Staats- und Universitätsbibliothek Göttingen"$"2020450-4"$"4 Cod. Ms. hist. nat. 99"$"4o Hist. nat. 99"$"4° Hist. nat. 99"$"4º Hist. nat. 99"$"Hist. nat. 99"$"4° Cod. Ms. hist. nat. 99"
"Göttingen"$"4021477-1"$"Niedersächsische Staats- und Universitätsbibliothek Göttingen"$"2020450-4"$"4 Cod. Ms. Luneb. 16"$"4o Luneb. 16"$"4° Luneb. 16"$"4º Luneb. 16"$"Luneb. 16"$"4° Cod. Ms. Luneb. 16"
"Göttingen"$"4021477-1"$"Niedersächsische Staats- und Universitätsbibliothek Göttingen"$"2020450-4"$"4 Cod. Ms. Luneb. 3"$"4o Luneb. 3"$"4° Luneb. 3"$"4º Luneb. 3"$"Luneb. 3"$"4° Cod. Ms. Luneb. 3"
"Göttingen"$"4021477-1"$"Niedersächsische Staats- und Universitätsbibliothek Göttingen"$"2020450-4"$"4 Cod. Ms. Luneb. 63"$"4o Luneb. 63"$"4° Luneb. 63"$"4º Luneb. 63"$"Luneb. 63"$"4° Cod. Ms. Luneb. 63"
"Göttingen"$"4021477-1"$"Niedersächsische Staats- und Universitätsbibliothek Göttingen"$"2020450-4"$"4 Cod. Ms. Mapp. 25"$"4o Mapp. 25"$"4° Mapp. 25"$"4º Mapp. 25"$"Mapp. 25"$"4° Cod. Ms. Mapp. 25"
"Göttingen"$"4021477-1"$"Niedersächsische Staats- und Universitätsbibliothek Göttingen"$"2020450-4"$"4 Cod. Ms. theol. 106"$"4o Theol. 106"$"4° Theol. 106"$"4º Theol. 106"$"Theol. 106"$"4° Cod. Ms. theol. 106"
"Göttingen"$"4021477-1"$"Niedersächsische Staats- und Universitätsbibliothek Göttingen"$"2020450-4"$"4 Cod. Ms. theol. 101"$"4o Theol. 101"$"4° Theol. 101"$"4º Theol. 101"$"Theol. 101"$"4° Cod. Ms. theol. 101"
"Göttingen"$"4021477-1"$"Niedersächsische Staats- und Universitätsbibliothek Göttingen"$"2020450-4"$"4 Cod. Ms. theol. 101 i"$"4o Theol. 101i"$"4° Theol. 101i"$"4º Theol. 101i"$"Theol. 101i"$"Theol. 101 i"$"4° Cod. Ms. theol. 101i"$"4° Cod. Ms. theol. 101 i"
"Göttingen"$"4021477-1"$"Niedersächsische Staats- und Universitätsbibliothek Göttingen"$"2020450-4"$"4 Cod. Ms. theol. 102"$"4o Theol. 102"$"4° Theol. 102"$"4º Theol. 102"$"Theol. 102"$"4° Cod. Ms. theol. 102"
"Göttingen"$"4021477-1"$"Niedersächsische Staats- und Universitätsbibliothek Göttingen"$"2020450-4"$"4 Cod. Ms. theol. 104"$"4o Theol. 104"$"4° Theol. 104"$"4º Theol. 104"$"Theol. 104"$"4° Cod. Ms. theol. 104"
"Göttingen"$"4021477-1"$"Niedersächsische Staats- und Universitätsbibliothek Göttingen"$"2020450-4"$"4 Cod. Ms. theol. 105 k"$"4o Theol. 105k"$"4° Theol. 105k"$"4º Theol. 105k"$"Theol. 105k"$"Theol. 105 k"$"4° Cod. Ms. theol. 105k"$"4° Cod. Ms. theol. 105 k"
"Göttingen"$"4021477-1"$"Niedersächsische Staats- und Universitätsbibliothek Göttingen"$"2020450-4"$"4 Cod. Ms. theol. 110"$"4o Theol. 110"$"4° Theol. 110"$"4º Theol. 110"$"Theol. 110"$"4° Cod. Ms. theol. 110"
"Göttingen"$"4021477-1"$"Niedersächsische Staats- und Universitätsbibliothek Göttingen"$"2020450-4"$"4 Cod. Ms. theol. 113"$"4o Theol. 113"$"4° Theol. 113"$"4º Theol. 113"$"Theol. 113"$"4° Cod. Ms. theol. 113"
"Göttingen"$"4021477-1"$"Niedersächsische Staats- und Universitätsbibliothek Göttingen"$"2020450-4"$"4 Cod. Ms. theol. 115"$"4o Theol. 115"$"4° Theol. 115"$"4º Theol. 115"$"Theol. 115"$"4° Cod. Ms. theol. 115"
"Göttingen"$"4021477-1"$"Niedersächsische Staats- und Universitätsbibliothek Göttingen"$"2020450-4"$"4 Cod. Ms. theol. 117"$"4o Theol. 117"$"4° Theol. 117"$"4º Theol. 117"$"Theol. 117"$"4° Cod. Ms. theol. 117"
"Göttingen"$"4021477-1"$"Niedersächsische Staats- und Universitätsbibliothek Göttingen"$"2020450-4"$"4 Cod. Ms. theol. 120 : 1"$"4 Cod. Ms. theol. 120"$"4o Theol. 120 I"$"4° Theol. 120 I"$"4° Theol. 120 I"$"4° Theol. 120"$"4° Theol. 120"$"Theol. 120 I"$"Theol. 120"$"4° Cod. Ms. theol. 120"$"4° Cod. Ms. theol. 120 I"$"4° Cod. Ms. theol. 120 : 1"$"Theol. 120, Bd. 1"
"Göttingen"$"4021477-1"$"Niedersächsische Staats- und Universitätsbibliothek Göttingen"$"2020450-4"$"4 Cod. Ms. theol. 120 : 2"$"4 Cod. Ms. theol. 120"$"4o Theol. 120 II"$"4° Theol. 120 II"$"4° Theol. 120 II"$"4° Theol. 120"$"4° Theol. 120"$"Theol. 120 II"$"Theol. 120"$"4° Cod. Ms. theol. 120"$"4° Cod. Ms. theol. 120 II"$"4° Cod. Ms. theol. 120 : 2"$"Theol. 120, Bd. 2"
"Göttingen"$"4021477-1"$"Niedersächsische Staats- und Universitätsbibliothek Göttingen"$"2020450-4"$"4 Cod. Ms. theol. 122"$"4o Theol. 122"$"4° Theol. 122"$"4º Theol. 122"$"Theol. 122"$"4° Cod. Ms. theol. 122"
"Göttingen"$"4021477-1"$"Niedersächsische Staats- und Universitätsbibliothek Göttingen"$"2020450-4"$"4 Cod. Ms. theol. 124"$"4o Theol. 124"$"4° Theol. 124"$"4º Theol. 124"$"Theol. 124"$"4° Cod. Ms. theol. 124"
"Göttingen"$"4021477-1"$"Niedersächsische Staats- und Universitätsbibliothek Göttingen"$"2020450-4"$"4 Cod. Ms. theol. 126"$"4o Theol. 126"$"4° Theol. 126"$"4º Theol. 126"$"Theol. 126"$"4° Cod. Ms. theol. 126"
"Göttingen"$"4021477-1"$"Niedersächsische Staats- und Universitätsbibliothek Göttingen"$"2020450-4"$"4 Cod. Ms. theol. 127"$"4o Theol. 127"$"4° Theol. 127"$"4º Theol. 127"$"Theol. 127"$"4° Cod. Ms. theol. 127"
"Göttingen"$"4021477-1"$"Niedersächsische Staats- und Universitätsbibliothek Göttingen"$"2020450-4"$"4 Cod. Ms. theol. 128"$"4o Theol. 128"$"4° Theol. 128"$"4º Theol. 128"$"Theol. 128"$"4° Cod. Ms. theol. 128"
"Göttingen"$"4021477-1"$"Niedersächsische Staats- und Universitätsbibliothek Göttingen"$"2020450-4"$"4 Cod. Ms. theol. 133"$"4o Theol. 133"$"4° Theol. 133"$"4º Theol. 133"$"Theol. 133"$"4° Cod. Ms. theol. 133"
"Göttingen"$"4021477-1"$"Niedersächsische Staats- und Universitätsbibliothek Göttingen"$"2020450-4"$"4 Cod. Ms. theol. 134"$"4o Theol. 134"$"4° Theol. 134"$"4º Theol. 134"$"Theol. 134"$"4° Cod. Ms. theol. 134"
"Göttingen"$"4021477-1"$"Niedersächsische Staats- und Universitätsbibliothek Göttingen"$"2020450-4"$"4 Cod. Ms. theol. 135"$"4o Theol. 135"$"4° Theol. 135"$"4º Theol. 135"$"Theol. 135"$"4° Cod. Ms. theol. 135"
"Göttingen"$"4021477-1"$"Niedersächsische Staats- und Universitätsbibliothek Göttingen"$"2020450-4"$"4 Cod. Ms. theol. 136 Cim."$"4o Theol. 136"$"4° Theol. 136"$"4º Theol. 136"$"Theol. 136"$"4° Cod. Ms. theol. 136"$"4° Cod. Ms. theol. 136 Cim."
"Göttingen"$"4021477-1"$"Niedersächsische Staats- und Universitätsbibliothek Göttingen"$"2020450-4"$"4 Cod. Ms. theol. 138"$"4o Theol. 138"$"4° Theol. 138"$"4º Theol. 138"$"Theol. 138"$"4° Cod. Ms. theol. 138"
"Göttingen"$"4021477-1"$"Niedersächsische Staats- und Universitätsbibliothek Göttingen"$"2020450-4"$"4 Cod. Ms. theol. 139"$"4o Theol. 139"$"4° Theol. 139"$"4º Theol. 139"$"Theol. 139"$"4° Cod. Ms. theol. 139"
"Göttingen"$"4021477-1"$"Niedersächsische Staats- und Universitätsbibliothek Göttingen"$"2020450-4"$"4 Cod. Ms. theol. 140"$"4o Theol. 140"$"4° Theol. 140"$"4º Theol. 140"$"Theol. 140"$"4° Cod. Ms. theol. 140"
"Göttingen"$"4021477-1"$"Niedersächsische Staats- und Universitätsbibliothek Göttingen"$"2020450-4"$"4 Cod. Ms. theol. 142"$"4o Theol. 142"$"4° Theol. 142"$"4º Theol. 142"$"Theol. 142"$"4° Cod. Ms. theol. 142"
"Göttingen"$"4021477-1"$"Niedersächsische Staats- und Universitätsbibliothek Göttingen"$"2020450-4"$"4 Cod. Ms. theol. 143"$"4o Theol. 143"$"4° Theol. 143"$"4º Theol. 143"$"Theol. 143"$"4° Cod. Ms. theol. 143"
"Göttingen"$"4021477-1"$"Niedersächsische Staats- und Universitätsbibliothek Göttingen"$"2020450-4"$"4 Cod. Ms. theol. 144"$"4o Theol. 144"$"4° Theol. 144"$"4º Theol. 144"$"Theol. 144"$"4° Cod. Ms. theol. 144"
"Göttingen"$"4021477-1"$"Niedersächsische Staats- und Universitätsbibliothek Göttingen"$"2020450-4"$"4 Cod. Ms. theol. 148"$"4o Theol. 148"$"4° Theol. 148"$"4º Theol. 148"$"Theol. 148"$"4° Cod. Ms. theol. 148"
"Göttingen"$"4021477-1"$"Niedersächsische Staats- und Universitätsbibliothek Göttingen"$"2020450-4"$"4 Cod. Ms. theol. 149"$"4o Theol. 149"$"4° Theol. 149"$"4º Theol. 149"$"Theol. 149"$"4° Cod. Ms. theol. 149"
"Göttingen"$"4021477-1"$"Niedersächsische Staats- und Universitätsbibliothek Göttingen"$"2020450-4"$"4 Cod. Ms. theol. 151"$"4o Theol. 151"$"4° Theol. 151"$"4º Theol. 151"$"Theol. 151"$"4° Cod. Ms. theol. 151"
"Göttingen"$"4021477-1"$"Niedersächsische Staats- und Universitätsbibliothek Göttingen"$"2020450-4"$"4 Cod. Ms. theol. 152"$"4o Theol. 152"$"4° Theol. 152"$"4º Theol. 152"$"Theol. 152"$"4° Cod. Ms. theol. 152"
"Göttingen"$"4021477-1"$"Niedersächsische Staats- und Universitätsbibliothek Göttingen"$"2020450-4"$"4 Cod. Ms. theol. 153"$"4o Theol. 153"$"4° Theol. 153"$"4º Theol. 153"$"Theol. 153"$"4° Cod. Ms. theol. 153"
"Göttingen"$"4021477-1"$"Niedersächsische Staats- und Universitätsbibliothek Göttingen"$"2020450-4"$"4 Cod. Ms. theol. 155"$"4o Theol. 155"$"4° Theol. 155"$"4º Theol. 155"$"Theol. 155"$"4° Cod. Ms. theol. 155"
"Göttingen"$"4021477-1"$"Niedersächsische Staats- und Universitätsbibliothek Göttingen"$"2020450-4"$"4 Cod. Ms. theol. 158"$"4o Theol. 158"$"4° Theol. 158"$"4º Theol. 158"$"Theol. 158"$"4° Cod. Ms. theol. 158"
"Göttingen"$"4021477-1"$"Niedersächsische Staats- und Universitätsbibliothek Göttingen"$"2020450-4"$"4 Cod. Ms. theol. 162"$"4o Theol. 162"$"4° Theol. 162"$"4º Theol. 162"$"Theol. 162"$"4° Cod. Ms. theol. 162"
"Göttingen"$"4021477-1"$"Niedersächsische Staats- und Universitätsbibliothek Göttingen"$"2020450-4"$"4 Cod. Ms. theol. 163 d"$"4o Theol. 163d"$"4° Theol. 163d"$"4º Theol. 163d"$"Theol. 163d"$"Theol. 163 d"$"4° Cod. Ms. theol. 163d"$"4° Cod. Ms. theol. 163 d"
"Göttingen"$"4021477-1"$"Niedersächsische Staats- und Universitätsbibliothek Göttingen"$"2020450-4"$"4 Cod. Ms. theol. 163 h"$"4o Theol. 163h"$"4° Theol. 163h"$"4º Theol. 163h"$"Theol. 163h"$"Theol. 163 h"$"4° Cod. Ms. theol. 163h"$"4° Cod. Ms. theol. 163 h"
"Göttingen"$"4021477-1"$"Niedersächsische Staats- und Universitätsbibliothek Göttingen"$"2020450-4"$"4 Cod. Ms. theol. 166"$"4o Theol. 166"$"4° Theol. 166"$"4º Theol. 166"$"Theol. 166"$"4° Cod. Ms. theol. 166"
"Göttingen"$"4021477-1"$"Niedersächsische Staats- und Universitätsbibliothek Göttingen"$"2020450-4"$"4 Cod. Ms. theol. 171"$"4o Theol. 171"$"4° Theol. 171"$"4º Theol. 171"$"Theol. 171"$"4° Cod. Ms. theol. 171"
"Göttingen"$"4021477-1"$"Niedersächsische Staats- und Universitätsbibliothek Göttingen"$"2020450-4"$"4 Cod. Ms. theol. 172"$"4o Theol. 172"$"4° Theol. 172"$"4º Theol. 172"$"Theol. 172"$"4° Cod. Ms. theol. 172"
"Göttingen"$"4021477-1"$"Niedersächsische Staats- und Universitätsbibliothek Göttingen"$"2020450-4"$"4 Cod. Ms. theol. 176 : 1"$"4 Cod. Ms. theol. 176"$"4o Theol 176 I"$"4° Theol 176 I"$"4° Theol 176 I"$"4° Theol 176"$"4° Theol 176"$"Theol. 176 I"$"Theol. 176"$"4° Cod. Ms. theol. I"$"4° Cod. Ms. theol. 176 I"$"4° Cod. Ms. theol. 176 : I"$"Theol. 176, Bd. I"
"Göttingen"$"4021477-1"$"Niedersächsische Staats- und Universitätsbibliothek Göttingen"$"2020450-4"$"4 Cod. Ms. theol. 176 : 2"$"4 Cod. Ms. theol. 176"$"4o Theol 176 II"$"4° Theol 176 II"$"4° Theol 176 II"$"4° Theol 176"$"4° Theol 176"$"Theol. 176 II"$"Theol. 176"$"4° Cod. Ms. theol. II"$"4° Cod. Ms. theol. 176 II"$"4° Cod. Ms. theol. 176 : II"$"Theol. 176, Bd. II"
"Göttingen"$"4021477-1"$"Niedersächsische Staats- und Universitätsbibliothek Göttingen"$"2020450-4"$"4 Cod. Ms. theol. 177"$"4o Theol. 177"$"4° Theol. 177"$"4º Theol. 177"$"Theol. 177"$"4° Cod. Ms. theol. 177"
"Göttingen"$"4021477-1"$"Niedersächsische Staats- und Universitätsbibliothek Göttingen"$"2020450-4"$"4 Cod. Ms. theol. 178"$"4o Theol. 178"$"4° Theol. 178"$"4º Theol. 178"$"Theol. 178"$"4° Cod. Ms. theol. 178"
"Göttingen"$"4021477-1"$"Niedersächsische Staats- und Universitätsbibliothek Göttingen"$"2020450-4"$"4 Cod. Ms. theol. 180"$"4o Theol. 180"$"4° Theol. 180"$"4º Theol. 180"$"Theol. 180"$"4° Cod. Ms. theol. 180"
"Göttingen"$"4021477-1"$"Niedersächsische Staats- und Universitätsbibliothek Göttingen"$"2020450-4"$"4 Cod. Ms. theol. 181"$"4o Theol. 181"$"4° Theol. 181"$"4º Theol. 181"$"Theol. 181"$"4° Cod. Ms. theol. 181"
"Göttingen"$"4021477-1"$"Niedersächsische Staats- und Universitätsbibliothek Göttingen"$"2020450-4"$"4 Cod. Ms. theol. 186"$"4o Theol. 186"$"4° Theol. 186"$"4º Theol. 186"$"Theol. 186"$"4° Cod. Ms. theol. 186"
"Göttingen"$"4021477-1"$"Niedersächsische Staats- und Universitätsbibliothek Göttingen"$"2020450-4"$"4 Cod. Ms. theol. 189"$"4o Theol. 189"$"4° Theol. 189"$"4º Theol. 189"$"Theol. 189"$"4° Cod. Ms. theol. 189"
"Göttingen"$"4021477-1"$"Niedersächsische Staats- und Universitätsbibliothek Göttingen"$"2020450-4"$"4 Cod. Ms. theol. 191"$"4o Theol. 191"$"4° Theol. 191"$"4º Theol. 191"$"Theol. 191"$"4° Cod. Ms. theol. 191"
"Göttingen"$"4021477-1"$"Niedersächsische Staats- und Universitätsbibliothek Göttingen"$"2020450-4"$"4 Cod. Ms. theol. 195"$"4o Theol. 195"$"4° Theol. 195"$"4º Theol. 195"$"Theol. 195"$"4° Cod. Ms. theol. 195"
"Göttingen"$"4021477-1"$"Niedersächsische Staats- und Universitätsbibliothek Göttingen"$"2020450-4"$"4 Cod. Ms. theol. 202"$"4o Theol. 202"$"4° Theol. 202"$"4º Theol. 202"$"Theol. 202"$"4° Cod. Ms. theol. 202"
"Göttingen"$"4021477-1"$"Niedersächsische Staats- und Universitätsbibliothek Göttingen"$"2020450-4"$"4 Cod. Ms. theol. 207"$"4o Theol. 207"$"4° Theol. 207"$"4º Theol. 207"$"Theol. 207"$"4° Cod. Ms. theol. 207"
"Göttingen"$"4021477-1"$"Niedersächsische Staats- und Universitätsbibliothek Göttingen"$"2020450-4"$"4 Cod. Ms. theol. 208"$"4o Theol. 208"$"4° Theol. 208"$"4º Theol. 208"$"Theol. 208"$"4° Cod. Ms. theol. 208"
"Göttingen"$"4021477-1"$"Niedersächsische Staats- und Universitätsbibliothek Göttingen"$"2020450-4"$"4 Cod. Ms. theol. 209"$"4o Theol. 209"$"4° Theol. 209"$"4º Theol. 209"$"Theol. 209"$"4° Cod. Ms. theol. 209"
"Göttingen"$"4021477-1"$"Niedersächsische Staats- und Universitätsbibliothek Göttingen"$"2020450-4"$"4 Cod. Ms. theol. 21"$"4o Theol. 21"$"4° Theol. 21"$"4º Theol. 21"$"Theol. 21"$"4° Cod. Ms. theol. 21"
"Göttingen"$"4021477-1"$"Niedersächsische Staats- und Universitätsbibliothek Göttingen"$"2020450-4"$"4 Cod. Ms. theol. 210"$"4o Theol. 210"$"4° Theol. 210"$"4º Theol. 210"$"Theol. 210"$"4° Cod. Ms. theol. 210"
"Göttingen"$"4021477-1"$"Niedersächsische Staats- und Universitätsbibliothek Göttingen"$"2020450-4"$"4 Cod. Ms. theol. 211"$"4o Theol. 211"$"4° Theol. 211"$"4º Theol. 211"$"Theol. 211"$"4° Cod. Ms. theol. 211"
"Göttingen"$"4021477-1"$"Niedersächsische Staats- und Universitätsbibliothek Göttingen"$"2020450-4"$"4 Cod. Ms. theol. 221"$"4o Theol. 221"$"4° Theol. 221"$"4º Theol. 221"$"Theol. 221"$"4° Cod. Ms. theol. 221"
"Göttingen"$"4021477-1"$"Niedersächsische Staats- und Universitätsbibliothek Göttingen"$"2020450-4"$"4 Cod. Ms. theol. 223"$"4o Theol. 223"$"4° Theol. 223"$"4º Theol. 223"$"Theol. 223"$"4° Cod. Ms. theol. 223"
"Göttingen"$"4021477-1"$"Niedersächsische Staats- und Universitätsbibliothek Göttingen"$"2020450-4"$"4 Cod. Ms. theol. 225 f"$"4o Theol. 225f"$"4° Theol. 225f"$"4º Theol. 225f"$"Theol. 225f"$"Theol. 225 f"$"4° Cod. Ms. theol. 225f"$"4° Cod. Ms. theol. 225 f"
"Göttingen"$"4021477-1"$"Niedersächsische Staats- und Universitätsbibliothek Göttingen"$"2020450-4"$"4 Cod. Ms. theol. 227"$"4o Theol. 227"$"4° Theol. 227"$"4º Theol. 227"$"Theol. 227"$"4° Cod. Ms. theol. 227"
"Göttingen"$"4021477-1"$"Niedersächsische Staats- und Universitätsbibliothek Göttingen"$"2020450-4"$"4 Cod. Ms. theol. 227 a"$"4o Theol. 227a"$"4° Theol. 227a"$"4º Theol. 227a"$"Theol. 227a"$"Theol. 227 a"$"4° Cod. Ms. theol. 227a"$"4° Cod. Ms. theol. 227 a"
"Göttingen"$"4021477-1"$"Niedersächsische Staats- und Universitätsbibliothek Göttingen"$"2020450-4"$"4 Cod. Ms. theol. 23 Cim."$"4o Theol. 23"$"4° Theol. 23"$"4º Theol. 23"$"Theol. 23"$"4° Cod. Ms. theol. 23"$"4° Cod. Ms. theol. 23 Cim."
"Göttingen"$"4021477-1"$"Niedersächsische Staats- und Universitätsbibliothek Göttingen"$"2020450-4"$"4 Cod. Ms. theol. 238"$"4o Theol. 238"$"4° Theol. 238"$"4º Theol. 238"$"Theol. 238"$"4° Cod. Ms. theol. 238"
"Göttingen"$"4021477-1"$"Niedersächsische Staats- und Universitätsbibliothek Göttingen"$"2020450-4"$"4 Cod. Ms. theol. 239"$"4o Theol. 239"$"4° Theol. 239"$"4º Theol. 239"$"Theol. 239"$"4° Cod. Ms. theol. 239"
"Göttingen"$"4021477-1"$"Niedersächsische Staats- und Universitätsbibliothek Göttingen"$"2020450-4"$"4 Cod. Ms. theol. 241"$"4o Theol. 241"$"4° Theol. 241"$"4º Theol. 241"$"Theol. 241"$"4° Cod. Ms. theol. 241"
"Göttingen"$"4021477-1"$"Niedersächsische Staats- und Universitätsbibliothek Göttingen"$"2020450-4"$"4 Cod. Ms. theol. 245"$"4o Theol. 245"$"4° Theol. 245"$"4º Theol. 245"$"Theol. 245"$"4° Cod. Ms. theol. 245"
"Göttingen"$"4021477-1"$"Niedersächsische Staats- und Universitätsbibliothek Göttingen"$"2020450-4"$"4 Cod. Ms. theol. 246"$"4o Theol. 246"$"4° Theol. 246"$"4º Theol. 246"$"Theol. 246"$"4° Cod. Ms. theol. 246"
"Göttingen"$"4021477-1"$"Niedersächsische Staats- und Universitätsbibliothek Göttingen"$"2020450-4"$"4 Cod. Ms. theol. 247"$"4o Theol. 247"$"4° Theol. 247"$"4º Theol. 247"$"Theol. 247"$"4° Cod. Ms. theol. 247"
"Göttingen"$"4021477-1"$"Niedersächsische Staats- und Universitätsbibliothek Göttingen"$"2020450-4"$"4 Cod. Ms. theol. 247 a"$"4o Theol. 247a"$"4° Theol. 247a"$"4º Theol. 247a"$"Theol. 247a"$"Theol. 247 a"$"4° Cod. Ms. theol. 247a"$"4° Cod. Ms. theol. 247 a"
"Göttingen"$"4021477-1"$"Niedersächsische Staats- und Universitätsbibliothek Göttingen"$"2020450-4"$"4 Cod. Ms. theol. 256 d"$"4o Theol. 256d"$"4° Theol. 256d"$"4º Theol. 256d"$"Theol. 256d"$"Theol. 256 d"$"4° Cod. Ms. theol. 256d"$"4° Cod. Ms. theol. 256 d"
"Göttingen"$"4021477-1"$"Niedersächsische Staats- und Universitätsbibliothek Göttingen"$"2020450-4"$"4 Cod. Ms. theol. 261 c"$"4o Theol. 261c"$"4° Theol. 261c"$"4º Theol. 261c"$"Theol. 261c"$"Theol. 261 c"$"4° Cod. Ms. theol. 261c"$"4° Cod. Ms. theol. 261 c"
"Göttingen"$"4021477-1"$"Niedersächsische Staats- und Universitätsbibliothek Göttingen"$"2020450-4"$"4 Cod. Ms. theol. 264 m"$"4o Theol. 264m"$"4° Theol. 264m"$"4º Theol. 264m"$"Theol. 264m"$"Theol. 264 m"$"4° Cod. Ms. theol. 264m"$"4° Cod. Ms. theol. 264 m"
"Göttingen"$"4021477-1"$"Niedersächsische Staats- und Universitätsbibliothek Göttingen"$"2020450-4"$"4 Cod. Ms. theol. 265 i"$"4o Theol. 265i"$"4° Theol. 265i"$"4º Theol. 265i"$"Theol. 265i"$"Theol. 265 i"$"4° Cod. Ms. theol. 265i"$"4° Cod. Ms. theol. 265 i"
"Göttingen"$"4021477-1"$"Niedersächsische Staats- und Universitätsbibliothek Göttingen"$"2020450-4"$"4 Cod. Ms. theol. 28 Cim."$"4o Theol. 28"$"4° Theol. 28"$"4º Theol. 28"$"Theol. 28"$"4° Cod. Ms. theol. 28"$"4° Cod. Ms. theol. 28 Cim."
"Göttingen"$"4021477-1"$"Niedersächsische Staats- und Universitätsbibliothek Göttingen"$"2020450-4"$"4 Cod. Ms. theol. 282"$"4o Theol. 282"$"4° Theol. 282"$"4º Theol. 282"$"Theol. 282"$"4° Cod. Ms. theol. 282"
"Göttingen"$"4021477-1"$"Niedersächsische Staats- und Universitätsbibliothek Göttingen"$"2020450-4"$"4 Cod. Ms. theol. 301"$"4o Theol. 301"$"4° Theol. 301"$"4º Theol. 301"$"Theol. 301"$"4° Cod. Ms. theol. 301"
"Göttingen"$"4021477-1"$"Niedersächsische Staats- und Universitätsbibliothek Göttingen"$"2020450-4"$"4 Cod. Ms. theol. 302"$"4o Theol. 302"$"4° Theol. 302"$"4º Theol. 302"$"Theol. 302"$"4° Cod. Ms. theol. 302"
"Göttingen"$"4021477-1"$"Niedersächsische Staats- und Universitätsbibliothek Göttingen"$"2020450-4"$"4 Cod. Ms. theol. 303"$"4o Theol. 303"$"4° Theol. 303"$"4º Theol. 303"$"Theol. 303"$"4° Cod. Ms. theol. 303"
"Göttingen"$"4021477-1"$"Niedersächsische Staats- und Universitätsbibliothek Göttingen"$"2020450-4"$"4 Cod. Ms. theol. 306"$"4o Theol. 306"$"4° Theol. 306"$"4º Theol. 306"$"Theol. 306"$"4° Cod. Ms. theol. 306"
"Göttingen"$"4021477-1"$"Niedersächsische Staats- und Universitätsbibliothek Göttingen"$"2020450-4"$"4 Cod. Ms. theol. 314"$"4o Theol. 314"$"4° Theol. 314"$"4º Theol. 314"$"Theol. 314"$"4° Cod. Ms. theol. 314"
"Göttingen"$"4021477-1"$"Niedersächsische Staats- und Universitätsbibliothek Göttingen"$"2020450-4"$"4 Cod. Ms. theol. 317"$"4o Theol. 317"$"4° Theol. 317"$"4º Theol. 317"$"Theol. 317"$"4° Cod. Ms. theol. 317"
"Göttingen"$"4021477-1"$"Niedersächsische Staats- und Universitätsbibliothek Göttingen"$"2020450-4"$"4 Cod. Ms. theol. 33"$"4o Theol. 33"$"4° Theol. 33"$"4º Theol. 33"$"Theol. 33"$"4° Cod. Ms. theol. 33"
"Göttingen"$"4021477-1"$"Niedersächsische Staats- und Universitätsbibliothek Göttingen"$"2020450-4"$"4 Cod. Ms. theol. 37 Cim."$"4o Theol. 37"$"4° Theol. 37"$"4º Theol. 37"$"Theol. 37"$"4° Cod. Ms. theol. 37"$"4° Cod. Ms. theol. 37 Cim."
"Göttingen"$"4021477-1"$"Niedersächsische Staats- und Universitätsbibliothek Göttingen"$"2020450-4"$"4 Cod. Ms. theol. 49"$"4o Theol. 49"$"4° Theol. 49"$"4º Theol. 49"$"Theol. 49"$"4° Cod. Ms. theol. 49"
"Göttingen"$"4021477-1"$"Niedersächsische Staats- und Universitätsbibliothek Göttingen"$"2020450-4"$"4 Cod. Ms. theol. 50"$"4o Theol. 50"$"4° Theol. 50"$"4º Theol. 50"$"Theol. 50"$"4° Cod. Ms. theol. 50"
"Göttingen"$"4021477-1"$"Niedersächsische Staats- und Universitätsbibliothek Göttingen"$"2020450-4"$"4 Cod. Ms. theol. 51"$"4o Theol. 51"$"4° Theol. 51"$"4º Theol. 51"$"Theol. 51"$"4° Cod. Ms. theol. 51"
"Göttingen"$"4021477-1"$"Niedersächsische Staats- und Universitätsbibliothek Göttingen"$"2020450-4"$"4 Cod. Ms. theol. 60 : 1"$"4 Cod. Ms. theol. 60"$"4o Theol 60 I"$"4° Theol 60 I"$"4° Theol 60 I"$"4° Theol 60"$"4° Theol 60"$"Theol. 60 I"$"Theol. 60"$"4° Cod. Ms. theol. I"$"4° Cod. Ms. theol. 60 I"$"4° Cod. Ms. theol. 60 : I"$"Theol. 60, Bd. I"
"Göttingen"$"4021477-1"$"Niedersächsische Staats- und Universitätsbibliothek Göttingen"$"2020450-4"$"4 Cod. Ms. theol. 60 : 2"$"4 Cod. Ms. theol. 60"$"4o Theol 60 II"$"4° Theol 60 II"$"4° Theol 60 II"$"4° Theol 60"$"4° Theol 60"$"Theol. 60 II"$"Theol. 60"$"4° Cod. Ms. theol. II"$"4° Cod. Ms. theol. 60 II"$"4° Cod. Ms. theol. 60 : II"$"Theol. 60, Bd. II"
"Göttingen"$"4021477-1"$"Niedersächsische Staats- und Universitätsbibliothek Göttingen"$"2020450-4"$"4 Cod. Ms. theol. 69"$"4o Theol. 69"$"4° Theol. 69"$"4º Theol. 69"$"Theol. 69"$"4° Cod. Ms. theol. 69"
"Göttingen"$"4021477-1"$"Niedersächsische Staats- und Universitätsbibliothek Göttingen"$"2020450-4"$"4 Cod. Ms. theol. 70"$"4o Theol. 70"$"4° Theol. 70"$"4º Theol. 70"$"Theol. 70"$"4° Cod. Ms. theol. 70"
"Göttingen"$"4021477-1"$"Niedersächsische Staats- und Universitätsbibliothek Göttingen"$"2020450-4"$"4 Cod. Ms. theol. 73"$"4o Theol. 73"$"4° Theol. 73"$"4º Theol. 73"$"Theol. 73"$"4° Cod. Ms. theol. 73"
"Göttingen"$"4021477-1"$"Niedersächsische Staats- und Universitätsbibliothek Göttingen"$"2020450-4"$"4 Cod. Ms. theol. 78"$"4o Theol. 78"$"4° Theol. 78"$"4º Theol. 78"$"Theol. 78"$"4° Cod. Ms. theol. 78"
"Göttingen"$"4021477-1"$"Niedersächsische Staats- und Universitätsbibliothek Göttingen"$"2020450-4"$"4 Cod. Ms. theol. 81"$"4o Theol. 81"$"4° Theol. 81"$"4º Theol. 81"$"Theol. 81"$"4° Cod. Ms. theol. 81"
"Göttingen"$"4021477-1"$"Niedersächsische Staats- und Universitätsbibliothek Göttingen"$"2020450-4"$"4 Cod. Ms. theol. 86"$"4o Theol. 86"$"4° Theol. 86"$"4º Theol. 86"$"Theol. 86"$"4° Cod. Ms. theol. 86"
"Göttingen"$"4021477-1"$"Niedersächsische Staats- und Universitätsbibliothek Göttingen"$"2020450-4"$"4 Cod. Ms. theol. 89"$"4o Theol. 89"$"4° Theol. 89"$"4º Theol. 89"$"Theol. 89"$"4° Cod. Ms. theol. 89"
"Göttingen"$"4021477-1"$"Niedersächsische Staats- und Universitätsbibliothek Göttingen"$"2020450-4"$"4 Cod. Ms. theol. 90 e"$"4o Theol. 90e"$"4° Theol. 90e"$"4º Theol. 90e"$"Theol. 90e"$"Theol. 90 e"$"4° Cod. Ms. theol. 90e"$"4° Cod. Ms. theol. 90 e"
"Göttingen"$"4021477-1"$"Niedersächsische Staats- und Universitätsbibliothek Göttingen"$"2020450-4"$"4 Cod. Ms. theol. 92"$"4o Theol. 92"$"4° Theol. 92"$"4º Theol. 92"$"Theol. 92"$"4° Cod. Ms. theol. 92"
"Göttingen"$"4021477-1"$"Niedersächsische Staats- und Universitätsbibliothek Göttingen"$"2020450-4"$"4 Cod. Ms. theol. 93"$"4o Theol. 93"$"4° Theol. 93"$"4º Theol. 93"$"Theol. 93"$"4° Cod. Ms. theol. 93"
"Göttingen"$"4021477-1"$"Niedersächsische Staats- und Universitätsbibliothek Göttingen"$"2020450-4"$"4 Cod. Ms. theol. 98"$"4o Theol. 98"$"4° Theol. 98"$"4º Theol. 98"$"Theol. 98"$"4° Cod. Ms. theol. 98"
"Göttingen"$"4021477-1"$"Niedersächsische Staats- und Universitätsbibliothek Göttingen"$"2020450-4"$"4 Cod. Ms. theol. 99"$"4o Theol. 99"$"4° Theol. 99"$"4º Theol. 99"$"Theol. 99"$"4° Cod. Ms. theol. 99"
"Göttingen"$"4021477-1"$"Niedersächsische Staats- und Universitätsbibliothek Göttingen"$"2020450-4"$"8 Cod. Ms. hist. 109"$"8o Hist. 109"$"8° Hist. 109"$"8º Hist. 109"$"Hist. 109"$"Histor. 109"$"8° Cod. Ms. hist. 109"
"Göttingen"$"4021477-1"$"Niedersächsische Staats- und Universitätsbibliothek Göttingen"$"2020450-4"$"8 Cod. Ms. hist. 123"$"8o Hist. 123"$"8° Hist. 123"$"8º Hist. 123"$"Hist. 123"$"Histor. 123"$"8° Cod. Ms. hist. 123"
"Göttingen"$"4021477-1"$"Niedersächsische Staats- und Universitätsbibliothek Göttingen"$"2020450-4"$"8 Cod. Ms. hist. 126"$"8o Hist. 126"$"8° Hist. 126"$"8º Hist. 126"$"Hist. 126"$"Histor. 126"$"8° Cod. Ms. hist. 126"
"Göttingen"$"4021477-1"$"Niedersächsische Staats- und Universitätsbibliothek Göttingen"$"2020450-4"$"8 Cod. Ms. hist. 129"$"8o Hist. 129"$"8° Hist. 129"$"8º Hist. 129"$"Hist. 129"$"Histor. 129"$"8° Cod. Ms. hist. 129"
"Göttingen"$"4021477-1"$"Niedersächsische Staats- und Universitätsbibliothek Göttingen"$"2020450-4"$"8 Cod. Ms. hist. 134"$"8o Hist. 134"$"8° Hist. 134"$"8º Hist. 134"$"Hist. 134"$"Histor. 134"$"8° Cod. Ms. hist. 134"
"Göttingen"$"4021477-1"$"Niedersächsische Staats- und Universitätsbibliothek Göttingen"$"2020450-4"$"8 Cod. Ms. hist. 144"$"8o Hist. 144"$"8° Hist. 144"$"8º Hist. 144"$"Hist. 144"$"Histor. 144"$"8° Cod. Ms. hist. 144"
"Göttingen"$"4021477-1"$"Niedersächsische Staats- und Universitätsbibliothek Göttingen"$"2020450-4"$"8 Cod. Ms. hist. 147"$"8o Hist. 147"$"8° Hist. 147"$"8º Hist. 147"$"Hist. 147"$"Histor. 147"$"8° Cod. Ms. hist. 147"
"Göttingen"$"4021477-1"$"Niedersächsische Staats- und Universitätsbibliothek Göttingen"$"2020450-4"$"8 Cod. Ms. hist. 15"$"8o Hist. 15"$"8° Hist. 15"$"8º Hist. 15"$"Hist. 15"$"Histor. 15"$"8° Cod. Ms. hist. 15"
"Göttingen"$"4021477-1"$"Niedersächsische Staats- und Universitätsbibliothek Göttingen"$"2020450-4"$"8 Cod. Ms. hist. 155"$"8o Hist. 155"$"8° Hist. 155"$"8º Hist. 155"$"Hist. 155"$"Histor. 155"$"8° Cod. Ms. hist. 155"
"Göttingen"$"4021477-1"$"Niedersächsische Staats- und Universitätsbibliothek Göttingen"$"2020450-4"$"8 Cod. Ms. hist. 156"$"8o Hist. 156"$"8° Hist. 156"$"8º Hist. 156"$"Hist. 156"$"Histor. 156"$"8° Cod. Ms. hist. 156"
"Göttingen"$"4021477-1"$"Niedersächsische Staats- und Universitätsbibliothek Göttingen"$"2020450-4"$"8 Cod. Ms. hist. 158"$"8o Hist. 158"$"8° Hist. 158"$"8º Hist. 158"$"Hist. 158"$"Histor. 158"$"8° Cod. Ms. hist. 158"
"Göttingen"$"4021477-1"$"Niedersächsische Staats- und Universitätsbibliothek Göttingen"$"2020450-4"$"8 Cod. Ms. hist. 173"$"8o Hist. 173"$"8° Hist. 173"$"8º Hist. 173"$"Hist. 173"$"Histor. 173"$"8° Cod. Ms. hist. 173"
"Göttingen"$"4021477-1"$"Niedersächsische Staats- und Universitätsbibliothek Göttingen"$"2020450-4"$"8 Cod. Ms. hist. 193"$"8o Hist. 193"$"8° Hist. 193"$"8º Hist. 193"$"Hist. 193"$"Histor. 193"$"8° Cod. Ms. hist. 193"
"Göttingen"$"4021477-1"$"Niedersächsische Staats- und Universitätsbibliothek Göttingen"$"2020450-4"$"8 Cod. Ms. hist. 195"$"8o Hist. 195"$"8° Hist. 195"$"8º Hist. 195"$"Hist. 195"$"Histor. 195"$"8° Cod. Ms. hist. 195"
"Göttingen"$"4021477-1"$"Niedersächsische Staats- und Universitätsbibliothek Göttingen"$"2020450-4"$"8 Cod. Ms. hist. 20"$"8o Hist. 20"$"8° Hist. 20"$"8º Hist. 20"$"Hist. 20"$"Histor. 20"$"8° Cod. Ms. hist. 20"
"Göttingen"$"4021477-1"$"Niedersächsische Staats- und Universitätsbibliothek Göttingen"$"2020450-4"$"8 Cod. Ms. hist. 200"$"8o Hist. 200"$"8° Hist. 200"$"8º Hist. 200"$"Hist. 200"$"Histor. 200"$"8° Cod. Ms. hist. 200"
"Göttingen"$"4021477-1"$"Niedersächsische Staats- und Universitätsbibliothek Göttingen"$"2020450-4"$"8 Cod. Ms. hist. 201"$"8o Hist. 201"$"8° Hist. 201"$"8º Hist. 201"$"Hist. 201"$"Histor. 201"$"8° Cod. Ms. hist. 201"
"Göttingen"$"4021477-1"$"Niedersächsische Staats- und Universitätsbibliothek Göttingen"$"2020450-4"$"8 Cod. Ms. hist. 209 i"$"8o Hist. 209i"$"8° Hist. 209i"$"8º Hist. 209i"$"Hist. 209i"$"Hist. 209 i"$"Histor. 209i"$"Histor. 209 i"$"8° Cod. Ms. hist. 209i"$"8° Cod. Ms. hist. 209 i"
"Göttingen"$"4021477-1"$"Niedersächsische Staats- und Universitätsbibliothek Göttingen"$"2020450-4"$"8 Cod. Ms. hist. 212"$"8o Hist. 212"$"8° Hist. 212"$"8º Hist. 212"$"Hist. 212"$"Histor. 212"$"8° Cod. Ms. hist. 212"
"Göttingen"$"4021477-1"$"Niedersächsische Staats- und Universitätsbibliothek Göttingen"$"2020450-4"$"8 Cod. Ms. hist. 220 Cim."$"8o Hist. 220"$"8° Hist. 220"$"8º Hist. 220"$"Hist. 220"$"Histor. 220"$"8° Cod. Ms. hist. 220 Cim."$"8° Cod. Ms. hist. 220"$"8 Cod. Ms. hist. 220"
"Göttingen"$"4021477-1"$"Niedersächsische Staats- und Universitätsbibliothek Göttingen"$"2020450-4"$"8 Cod. Ms. hist. 235"$"8o Hist. 235"$"8° Hist. 235"$"8º Hist. 235"$"Hist. 235"$"Histor. 235"$"8° Cod. Ms. hist. 235"
"Göttingen"$"4021477-1"$"Niedersächsische Staats- und Universitätsbibliothek Göttingen"$"2020450-4"$"8 Cod. Ms. hist. 237"$"8o Hist. 237"$"8° Hist. 237"$"8º Hist. 237"$"Hist. 237"$"Histor. 237"$"8° Cod. Ms. hist. 237"
"Göttingen"$"4021477-1"$"Niedersächsische Staats- und Universitätsbibliothek Göttingen"$"2020450-4"$"8 Cod. Ms. hist. 256"$"8o Hist. 256"$"8° Hist. 256"$"8º Hist. 256"$"Hist. 256"$"Histor. 256"$"8° Cod. Ms. hist. 256"
"Göttingen"$"4021477-1"$"Niedersächsische Staats- und Universitätsbibliothek Göttingen"$"2020450-4"$"8 Cod. Ms. hist. 258"$"8o Hist. 258"$"8° Hist. 258"$"8º Hist. 258"$"Hist. 258"$"Histor. 258"$"8° Cod. Ms. hist. 258"
"Göttingen"$"4021477-1"$"Niedersächsische Staats- und Universitätsbibliothek Göttingen"$"2020450-4"$"8 Cod. Ms. hist. 259"$"8o Hist. 259"$"8° Hist. 259"$"8º Hist. 259"$"Hist. 259"$"Histor. 259"$"8° Cod. Ms. hist. 259"
"Göttingen"$"4021477-1"$"Niedersächsische Staats- und Universitätsbibliothek Göttingen"$"2020450-4"$"8 Cod. Ms. hist. 264"$"8o Hist. 264"$"8° Hist. 264"$"8º Hist. 264"$"Hist. 264"$"Histor. 264"$"8° Cod. Ms. hist. 264"
"Göttingen"$"4021477-1"$"Niedersächsische Staats- und Universitätsbibliothek Göttingen"$"2020450-4"$"8 Cod. Ms. hist. 276"$"8o Hist. 276"$"8° Hist. 276"$"8º Hist. 276"$"Hist. 276"$"Histor. 276"$"8° Cod. Ms. hist. 276"
"Göttingen"$"4021477-1"$"Niedersächsische Staats- und Universitätsbibliothek Göttingen"$"2020450-4"$"8 Cod. Ms. hist. 288"$"8o Hist. 288"$"8° Hist. 288"$"8º Hist. 288"$"Hist. 288"$"Histor. 288"$"8° Cod. Ms. hist. 288"
"Göttingen"$"4021477-1"$"Niedersächsische Staats- und Universitätsbibliothek Göttingen"$"2020450-4"$"8 Cod. Ms. hist. 321"$"8o Hist. 321"$"8° Hist. 321"$"8º Hist. 321"$"Hist. 321"$"Histor. 321"$"8° Cod. Ms. hist. 321"
"Göttingen"$"4021477-1"$"Niedersächsische Staats- und Universitätsbibliothek Göttingen"$"2020450-4"$"8 Cod. Ms. hist. 322"$"8o Hist. 322"$"8° Hist. 322"$"8º Hist. 322"$"Hist. 322"$"Histor. 322"$"8° Cod. Ms. hist. 322"
"Göttingen"$"4021477-1"$"Niedersächsische Staats- und Universitätsbibliothek Göttingen"$"2020450-4"$"8 Cod. Ms. hist. 327"$"8o Hist. 327"$"8° Hist. 327"$"8º Hist. 327"$"Hist. 327"$"Histor. 327"$"8° Cod. Ms. hist. 327"
"Göttingen"$"4021477-1"$"Niedersächsische Staats- und Universitätsbibliothek Göttingen"$"2020450-4"$"8 Cod. Ms. hist. 329"$"8o Hist. 329"$"8° Hist. 329"$"8º Hist. 329"$"Hist. 329"$"Histor. 329"$"8° Cod. Ms. hist. 329"
"Göttingen"$"4021477-1"$"Niedersächsische Staats- und Universitätsbibliothek Göttingen"$"2020450-4"$"8 Cod. Ms. hist. 333"$"8o Hist. 333"$"8° Hist. 333"$"8º Hist. 333"$"Hist. 333"$"Histor. 333"$"8° Cod. Ms. hist. 333"
"Göttingen"$"4021477-1"$"Niedersächsische Staats- und Universitätsbibliothek Göttingen"$"2020450-4"$"8 Cod. Ms. hist. 335"$"8o Hist. 335"$"8° Hist. 335"$"8º Hist. 335"$"Hist. 335"$"Histor. 335"$"8° Cod. Ms. hist. 335"
"Göttingen"$"4021477-1"$"Niedersächsische Staats- und Universitätsbibliothek Göttingen"$"2020450-4"$"8 Cod. Ms. hist. 35"$"8o Hist. 35"$"8° Hist. 35"$"8º Hist. 35"$"Hist. 35"$"Histor. 35"$"8° Cod. Ms. hist. 35"
"Göttingen"$"4021477-1"$"Niedersächsische Staats- und Universitätsbibliothek Göttingen"$"2020450-4"$"8 Cod. Ms. hist. 364"$"8o Hist. 364"$"8° Hist. 364"$"8º Hist. 364"$"Hist. 364"$"Histor. 364"$"8° Cod. Ms. hist. 364"
"Göttingen"$"4021477-1"$"Niedersächsische Staats- und Universitätsbibliothek Göttingen"$"2020450-4"$"8 Cod. Ms. hist. 37"$"8o Hist. 37"$"8° Hist. 37"$"8º Hist. 37"$"Hist. 37"$"Histor. 37"$"8° Cod. Ms. hist. 37"
"Göttingen"$"4021477-1"$"Niedersächsische Staats- und Universitätsbibliothek Göttingen"$"2020450-4"$"8 Cod. Ms. hist. 387"$"8o Hist. 387"$"8° Hist. 387"$"8º Hist. 387"$"Hist. 387"$"Histor. 387"$"8° Cod. Ms. hist. 387"
"Göttingen"$"4021477-1"$"Niedersächsische Staats- und Universitätsbibliothek Göttingen"$"2020450-4"$"8 Cod. Ms. hist. 39"$"8o Hist. 39"$"8° Hist. 39"$"8º Hist. 39"$"Hist. 39"$"Histor. 39"$"8° Cod. Ms. hist. 39"
"Göttingen"$"4021477-1"$"Niedersächsische Staats- und Universitätsbibliothek Göttingen"$"2020450-4"$"8 Cod. Ms. hist. 39 z"$"8o Hist. 39z"$"8° Hist. 39z"$"8º Hist. 39z"$"Hist. 39z"$"Hist. 39 z"$"Histor. 39z"$"Histor. 39 z"$"8° Cod. Ms. hist. 39z"$"8° Cod. Ms. hist. 39 z"
"Göttingen"$"4021477-1"$"Niedersächsische Staats- und Universitätsbibliothek Göttingen"$"2020450-4"$"8 Cod. Ms. hist. 40"$"8o Hist. 40"$"8° Hist. 40"$"8º Hist. 40"$"Hist. 40"$"Histor. 40"$"8° Cod. Ms. hist. 40"
"Göttingen"$"4021477-1"$"Niedersächsische Staats- und Universitätsbibliothek Göttingen"$"2020450-4"$"8 Cod. Ms. hist. 408"$"8o Hist. 408"$"8° Hist. 408"$"8º Hist. 408"$"Hist. 408"$"Histor. 408"$"8° Cod. Ms. hist. 408"
"Göttingen"$"4021477-1"$"Niedersächsische Staats- und Universitätsbibliothek Göttingen"$"2020450-4"$"8 Cod. Ms. hist. 41"$"8o Hist. 41"$"8° Hist. 41"$"8º Hist. 41"$"Hist. 41"$"Histor. 41"$"8° Cod. Ms. hist. 41"
"Göttingen"$"4021477-1"$"Niedersächsische Staats- und Universitätsbibliothek Göttingen"$"2020450-4"$"8 Cod. Ms. hist. 435"$"8o Hist. 435"$"8° Hist. 435"$"8º Hist. 435"$"Hist. 435"$"Histor. 435"$"8° Cod. Ms. hist. 435"
"Göttingen"$"4021477-1"$"Niedersächsische Staats- und Universitätsbibliothek Göttingen"$"2020450-4"$"8 Cod. Ms. hist. 446"$"8o Hist. 446"$"8° Hist. 446"$"8º Hist. 446"$"Hist. 446"$"Histor. 446"$"8° Cod. Ms. hist. 446"
"Göttingen"$"4021477-1"$"Niedersächsische Staats- und Universitätsbibliothek Göttingen"$"2020450-4"$"8 Cod. Ms. hist. 449"$"8o Hist. 449"$"8° Hist. 449"$"8º Hist. 449"$"Hist. 449"$"Histor. 449"$"8° Cod. Ms. hist. 449"
"Göttingen"$"4021477-1"$"Niedersächsische Staats- und Universitätsbibliothek Göttingen"$"2020450-4"$"8 Cod. Ms. hist. 465"$"8o Hist. 465"$"8° Hist. 465"$"8º Hist. 465"$"Hist. 465"$"Histor. 465"$"8° Cod. Ms. hist. 465"
"Göttingen"$"4021477-1"$"Niedersächsische Staats- und Universitätsbibliothek Göttingen"$"2020450-4"$"8 Cod. Ms. hist. 466"$"8o Hist. 466"$"8° Hist. 466"$"8º Hist. 466"$"Hist. 466"$"Histor. 466"$"8° Cod. Ms. hist. 466"
"Göttingen"$"4021477-1"$"Niedersächsische Staats- und Universitätsbibliothek Göttingen"$"2020450-4"$"8 Cod. Ms. hist. 467"$"8o Hist. 467"$"8° Hist. 467"$"8º Hist. 467"$"Hist. 467"$"Histor. 467"$"8° Cod. Ms. hist. 467"
"Göttingen"$"4021477-1"$"Niedersächsische Staats- und Universitätsbibliothek Göttingen"$"2020450-4"$"8 Cod. Ms. hist. 470"$"8o Hist. 470"$"8° Hist. 470"$"8º Hist. 470"$"Hist. 470"$"Histor. 470"$"8° Cod. Ms. hist. 470"
"Göttingen"$"4021477-1"$"Niedersächsische Staats- und Universitätsbibliothek Göttingen"$"2020450-4"$"8 Cod. Ms. hist. 484"$"8o Hist. 484"$"8° Hist. 484"$"8º Hist. 484"$"Hist. 484"$"Histor. 484"$"8° Cod. Ms. hist. 484"
"Göttingen"$"4021477-1"$"Niedersächsische Staats- und Universitätsbibliothek Göttingen"$"2020450-4"$"8 Cod. Ms. hist. 484 f"$"8o Hist. 484f"$"8° Hist. 484f"$"8º Hist. 484f"$"Hist. 484f"$"Hist. 484 f"$"Histor. 484f"$"Histor. 484 f"$"8° Cod. Ms. hist. 484f"$"8° Cod. Ms. hist. 484 f"
"Göttingen"$"4021477-1"$"Niedersächsische Staats- und Universitätsbibliothek Göttingen"$"2020450-4"$"8 Cod. Ms. hist. 487"$"8o Hist. 487"$"8° Hist. 487"$"8º Hist. 487"$"Hist. 487"$"Histor. 487"$"8° Cod. Ms. hist. 487"
"Göttingen"$"4021477-1"$"Niedersächsische Staats- und Universitätsbibliothek Göttingen"$"2020450-4"$"8 Cod. Ms. hist. 489"$"8o Hist. 489"$"8° Hist. 489"$"8º Hist. 489"$"Hist. 489"$"Histor. 489"$"8° Cod. Ms. hist. 489"
"Göttingen"$"4021477-1"$"Niedersächsische Staats- und Universitätsbibliothek Göttingen"$"2020450-4"$"8 Cod. Ms. hist. 49"$"8o Hist. 49"$"8° Hist. 49"$"8º Hist. 49"$"Hist. 49"$"Histor. 49"$"8° Cod. Ms. hist. 49"
"Göttingen"$"4021477-1"$"Niedersächsische Staats- und Universitätsbibliothek Göttingen"$"2020450-4"$"8 Cod. Ms. hist. 49 f"$"8o Hist. 49f"$"8° Hist. 49f"$"8º Hist. 49f"$"Hist. 49f"$"Hist. 49 f"$"Histor. 49f"$"Histor. 49 f"$"8° Cod. Ms. hist. 49f"$"8° Cod. Ms. hist. 49 f"
"Göttingen"$"4021477-1"$"Niedersächsische Staats- und Universitätsbibliothek Göttingen"$"2020450-4"$"8 Cod. Ms. hist. 494"$"8o Hist. 494"$"8° Hist. 494"$"8º Hist. 494"$"Hist. 494"$"Histor. 494"$"8° Cod. Ms. hist. 494"
"Göttingen"$"4021477-1"$"Niedersächsische Staats- und Universitätsbibliothek Göttingen"$"2020450-4"$"8 Cod. Ms. hist. 495"$"8o Hist. 495"$"8° Hist. 495"$"8º Hist. 495"$"Hist. 495"$"Histor. 495"$"8° Cod. Ms. hist. 495"
"Göttingen"$"4021477-1"$"Niedersächsische Staats- und Universitätsbibliothek Göttingen"$"2020450-4"$"8 Cod. Ms. hist. 496"$"8o Hist. 496"$"8° Hist. 496"$"8º Hist. 496"$"Hist. 496"$"Histor. 496"$"8° Cod. Ms. hist. 496"
"Göttingen"$"4021477-1"$"Niedersächsische Staats- und Universitätsbibliothek Göttingen"$"2020450-4"$"8 Cod. Ms. hist. 497"$"8o Hist. 497"$"8° Hist. 497"$"8º Hist. 497"$"Hist. 497"$"Histor. 497"$"8° Cod. Ms. hist. 497"
"Göttingen"$"4021477-1"$"Niedersächsische Staats- und Universitätsbibliothek Göttingen"$"2020450-4"$"8 Cod. Ms. hist. 498"$"8o Hist. 498"$"8° Hist. 498"$"8º Hist. 498"$"Hist. 498"$"Histor. 498"$"8° Cod. Ms. hist. 498"
"Göttingen"$"4021477-1"$"Niedersächsische Staats- und Universitätsbibliothek Göttingen"$"2020450-4"$"8 Cod. Ms. hist. 499"$"8o Hist. 499"$"8° Hist. 499"$"8º Hist. 499"$"Hist. 499"$"Histor. 499"$"8° Cod. Ms. hist. 499"
"Göttingen"$"4021477-1"$"Niedersächsische Staats- und Universitätsbibliothek Göttingen"$"2020450-4"$"8 Cod. Ms. hist. 500"$"8o Hist. 500"$"8° Hist. 500"$"8º Hist. 500"$"Hist. 500"$"Histor. 500"$"8° Cod. Ms. hist. 500"
"Göttingen"$"4021477-1"$"Niedersächsische Staats- und Universitätsbibliothek Göttingen"$"2020450-4"$"8 Cod. Ms. hist. 501"$"8o Hist. 501"$"8° Hist. 501"$"8º Hist. 501"$"Hist. 501"$"Histor. 501"$"8° Cod. Ms. hist. 501"
"Göttingen"$"4021477-1"$"Niedersächsische Staats- und Universitätsbibliothek Göttingen"$"2020450-4"$"8 Cod. Ms. hist. 507"$"8o Hist. 507"$"8° Hist. 507"$"8º Hist. 507"$"Hist. 507"$"Histor. 507"$"8° Cod. Ms. hist. 507"
"Göttingen"$"4021477-1"$"Niedersächsische Staats- und Universitätsbibliothek Göttingen"$"2020450-4"$"8 Cod. Ms. hist. 510"$"8o Hist. 510"$"8° Hist. 510"$"8º Hist. 510"$"Hist. 510"$"Histor. 510"$"8° Cod. Ms. hist. 510"
"Göttingen"$"4021477-1"$"Niedersächsische Staats- und Universitätsbibliothek Göttingen"$"2020450-4"$"8 Cod. Ms. hist. 514"$"8o Hist. 514"$"8° Hist. 514"$"8º Hist. 514"$"Hist. 514"$"Histor. 514"$"8° Cod. Ms. hist. 514"
"Göttingen"$"4021477-1"$"Niedersächsische Staats- und Universitätsbibliothek Göttingen"$"2020450-4"$"8 Cod. Ms. hist. 516"$"8o Hist. 516"$"8° Hist. 516"$"8º Hist. 516"$"Hist. 516"$"Histor. 516"$"8° Cod. Ms. hist. 516"
"Göttingen"$"4021477-1"$"Niedersächsische Staats- und Universitätsbibliothek Göttingen"$"2020450-4"$"8 Cod. Ms. hist. 518"$"8o Hist. 518"$"8° Hist. 518"$"8º Hist. 518"$"Hist. 518"$"Histor. 518"$"8° Cod. Ms. hist. 518"
"Göttingen"$"4021477-1"$"Niedersächsische Staats- und Universitätsbibliothek Göttingen"$"2020450-4"$"8 Cod. Ms. hist. 524"$"8o Hist. 524"$"8° Hist. 524"$"8º Hist. 524"$"Hist. 524"$"Histor. 524"$"8° Cod. Ms. hist. 524"
"Göttingen"$"4021477-1"$"Niedersächsische Staats- und Universitätsbibliothek Göttingen"$"2020450-4"$"8 Cod. Ms. hist. 529"$"8o Hist. 529"$"8° Hist. 529"$"8º Hist. 529"$"Hist. 529"$"Histor. 529"$"8° Cod. Ms. hist. 529"
"Göttingen"$"4021477-1"$"Niedersächsische Staats- und Universitätsbibliothek Göttingen"$"2020450-4"$"8 Cod. Ms. hist. 55"$"8o Hist. 55"$"8° Hist. 55"$"8º Hist. 55"$"Hist. 55"$"Histor. 55"$"8° Cod. Ms. hist. 55"
"Göttingen"$"4021477-1"$"Niedersächsische Staats- und Universitätsbibliothek Göttingen"$"2020450-4"$"8 Cod. Ms. hist. 554"$"8o Hist. 554"$"8° Hist. 554"$"8º Hist. 554"$"Hist. 554"$"Histor. 554"$"8° Cod. Ms. hist. 554"
"Göttingen"$"4021477-1"$"Niedersächsische Staats- und Universitätsbibliothek Göttingen"$"2020450-4"$"8 Cod. Ms. hist. 555"$"8o Hist. 555"$"8° Hist. 555"$"8º Hist. 555"$"Hist. 555"$"Histor. 555"$"8° Cod. Ms. hist. 555"
"Göttingen"$"4021477-1"$"Niedersächsische Staats- und Universitätsbibliothek Göttingen"$"2020450-4"$"8 Cod. Ms. hist. 56 : 1"$"8 Cod. Ms. hist. 56"$"8o Hist. 56 I"$"8° Hist. 56 I"$"8° Hist. 56 I"$"8° Hist. 56"$"8° Hist. 56"$"Hist. 56 I"$"Histor. 56 I"$"Hist. 56"$"Histor. 56"$"8° Cod. Ms. hist. 56"$"8° Cod. Ms. hist. 56 I"$"8° Cod. Ms. hist. 56 : 1"$"Hist. 56, Bd. 1"$"Histor. 56, Bd. 1"$"Hist. 56, Bd. I"$"Histor. 56, Bd. I"$"8 Cod. Ms. hist. 56 : I"$"8 Cod. Ms. hist. 56 : Bd. I"
"Göttingen"$"4021477-1"$"Niedersächsische Staats- und Universitätsbibliothek Göttingen"$"2020450-4"$"8 Cod. Ms. hist. 56 : 2"$"8 Cod. Ms. hist. 56"$"8o Hist. 56 II"$"8° Hist. 56 II"$"8° Hist. 56 II"$"8° Hist. 56"$"8° Hist. 56"$"Hist. 56 II"$"Histor. 56 II"$"Hist. 56"$"Histor. 56"$"8° Cod. Ms. hist. 56"$"8° Cod. Ms. hist. 56 II"$"8° Cod. Ms. hist. 56 : 2"$"Hist. 56, Bd. 2"$"Histor. 56, Bd. 2"$"Hist. 56, Bd. II"$"Histor. 56, Bd. II"$"8 Cod. Ms. hist. 56 : II"$"8 Cod. Ms. hist. 56 : Bd. II"
"Göttingen"$"4021477-1"$"Niedersächsische Staats- und Universitätsbibliothek Göttingen"$"2020450-4"$"8 Cod. Ms. hist. 572"$"8o Hist. 572"$"8° Hist. 572"$"8º Hist. 572"$"Hist. 572"$"Histor. 572"$"8° Cod. Ms. hist. 572"
"Göttingen"$"4021477-1"$"Niedersächsische Staats- und Universitätsbibliothek Göttingen"$"2020450-4"$"8 Cod. Ms. hist. 584"$"8o Hist. 584"$"8° Hist. 584"$"8º Hist. 584"$"Hist. 584"$"Histor. 584"$"8° Cod. Ms. hist. 584"
"Göttingen"$"4021477-1"$"Niedersächsische Staats- und Universitätsbibliothek Göttingen"$"2020450-4"$"8 Cod. Ms. hist. 590"$"8o Hist. 590"$"8° Hist. 590"$"8º Hist. 590"$"Hist. 590"$"Histor. 590"$"8° Cod. Ms. hist. 590"
"Göttingen"$"4021477-1"$"Niedersächsische Staats- und Universitätsbibliothek Göttingen"$"2020450-4"$"8 Cod. Ms. hist. 592"$"8o Hist. 592"$"8° Hist. 592"$"8º Hist. 592"$"Hist. 592"$"Histor. 592"$"8° Cod. Ms. hist. 592"
"Göttingen"$"4021477-1"$"Niedersächsische Staats- und Universitätsbibliothek Göttingen"$"2020450-4"$"8 Cod. Ms. hist. 60"$"8o Hist. 60"$"8° Hist. 60"$"8º Hist. 60"$"Hist. 60"$"Histor. 60"$"8° Cod. Ms. hist. 60"
"Göttingen"$"4021477-1"$"Niedersächsische Staats- und Universitätsbibliothek Göttingen"$"2020450-4"$"8 Cod. Ms. hist. 606"$"8o Hist. 606"$"8° Hist. 606"$"8º Hist. 606"$"Hist. 606"$"Histor. 606"$"8° Cod. Ms. hist. 606"
"Göttingen"$"4021477-1"$"Niedersächsische Staats- und Universitätsbibliothek Göttingen"$"2020450-4"$"8 Cod. Ms. hist. 609"$"8o Hist. 609"$"8° Hist. 609"$"8º Hist. 609"$"Hist. 609"$"Histor. 609"$"8° Cod. Ms. hist. 609"
"Göttingen"$"4021477-1"$"Niedersächsische Staats- und Universitätsbibliothek Göttingen"$"2020450-4"$"8 Cod. Ms. hist. 611"$"8o Hist. 611"$"8° Hist. 611"$"8º Hist. 611"$"Hist. 611"$"Histor. 611"$"8° Cod. Ms. hist. 611"
"Göttingen"$"4021477-1"$"Niedersächsische Staats- und Universitätsbibliothek Göttingen"$"2020450-4"$"8 Cod. Ms. hist. 613"$"8o Hist. 613"$"8° Hist. 613"$"8º Hist. 613"$"Hist. 613"$"Histor. 613"$"8° Cod. Ms. hist. 613"
"Göttingen"$"4021477-1"$"Niedersächsische Staats- und Universitätsbibliothek Göttingen"$"2020450-4"$"8 Cod. Ms. hist. 619"$"8o Hist. 619"$"8° Hist. 619"$"8º Hist. 619"$"Hist. 619"$"Histor. 619"$"8° Cod. Ms. hist. 619"
"Göttingen"$"4021477-1"$"Niedersächsische Staats- und Universitätsbibliothek Göttingen"$"2020450-4"$"8 Cod. Ms. hist. 62"$"8o Hist. 62"$"8° Hist. 62"$"8º Hist. 62"$"Hist. 62"$"Histor. 62"$"8° Cod. Ms. hist. 62"
"Göttingen"$"4021477-1"$"Niedersächsische Staats- und Universitätsbibliothek Göttingen"$"2020450-4"$"8 Cod. Ms. hist. 622"$"8o Hist. 622"$"8° Hist. 622"$"8º Hist. 622"$"Hist. 622"$"Histor. 622"$"8° Cod. Ms. hist. 622"
"Göttingen"$"4021477-1"$"Niedersächsische Staats- und Universitätsbibliothek Göttingen"$"2020450-4"$"8 Cod. Ms. hist. 625"$"8o Hist. 625"$"8° Hist. 625"$"8º Hist. 625"$"Hist. 625"$"Histor. 625"$"8° Cod. Ms. hist. 625"
"Göttingen"$"4021477-1"$"Niedersächsische Staats- und Universitätsbibliothek Göttingen"$"2020450-4"$"8 Cod. Ms. hist. 63"$"8o Hist. 63"$"8° Hist. 63"$"8º Hist. 63"$"Hist. 63"$"Histor. 63"$"8° Cod. Ms. hist. 63"
"Göttingen"$"4021477-1"$"Niedersächsische Staats- und Universitätsbibliothek Göttingen"$"2020450-4"$"8 Cod. Ms. hist. 632"$"8o Hist. 632"$"8° Hist. 632"$"8º Hist. 632"$"Hist. 632"$"Histor. 632"$"8° Cod. Ms. hist. 632"
"Göttingen"$"4021477-1"$"Niedersächsische Staats- und Universitätsbibliothek Göttingen"$"2020450-4"$"8 Cod. Ms. hist. 634"$"8o Hist. 634"$"8° Hist. 634"$"8º Hist. 634"$"Hist. 634"$"Histor. 634"$"8° Cod. Ms. hist. 634"
"Göttingen"$"4021477-1"$"Niedersächsische Staats- und Universitätsbibliothek Göttingen"$"2020450-4"$"8 Cod. Ms. hist. 635"$"8o Hist. 635"$"8° Hist. 635"$"8º Hist. 635"$"Hist. 635"$"Histor. 635"$"8° Cod. Ms. hist. 635"
"Göttingen"$"4021477-1"$"Niedersächsische Staats- und Universitätsbibliothek Göttingen"$"2020450-4"$"8 Cod. Ms. hist. 661"$"8o Hist. 661"$"8° Hist. 661"$"8º Hist. 661"$"Hist. 661"$"Histor. 661"$"8° Cod. Ms. hist. 661"
"Göttingen"$"4021477-1"$"Niedersächsische Staats- und Universitätsbibliothek Göttingen"$"2020450-4"$"8 Cod. Ms. hist. 67"$"8o Hist. 67"$"8° Hist. 67"$"8º Hist. 67"$"Hist. 67"$"Histor. 67"$"8° Cod. Ms. hist. 67"
"Göttingen"$"4021477-1"$"Niedersächsische Staats- und Universitätsbibliothek Göttingen"$"2020450-4"$"8 Cod. Ms. hist. 68"$"8o Hist. 68"$"8° Hist. 68"$"8º Hist. 68"$"Hist. 68"$"Histor. 68"$"8° Cod. Ms. hist. 68"
"Göttingen"$"4021477-1"$"Niedersächsische Staats- und Universitätsbibliothek Göttingen"$"2020450-4"$"8 Cod. Ms. hist. 750"$"8o Hist. 750"$"8° Hist. 750"$"8º Hist. 750"$"Hist. 750"$"Histor. 750"$"8° Cod. Ms. hist. 750"
"Göttingen"$"4021477-1"$"Niedersächsische Staats- und Universitätsbibliothek Göttingen"$"2020450-4"$"8 Cod. Ms. hist. 751"$"8o Hist. 751"$"8° Hist. 751"$"8º Hist. 751"$"Hist. 751"$"Histor. 751"$"8° Cod. Ms. hist. 751"
"Göttingen"$"4021477-1"$"Niedersächsische Staats- und Universitätsbibliothek Göttingen"$"2020450-4"$"8 Cod. Ms. hist. 752"$"8o Hist. 752"$"8° Hist. 752"$"8º Hist. 752"$"Hist. 752"$"Histor. 752"$"8° Cod. Ms. hist. 752"
"Göttingen"$"4021477-1"$"Niedersächsische Staats- und Universitätsbibliothek Göttingen"$"2020450-4"$"8 Cod. Ms. hist. 753"$"8o Hist. 753"$"8° Hist. 753"$"8º Hist. 753"$"Hist. 753"$"Histor. 753"$"8° Cod. Ms. hist. 753"
"Göttingen"$"4021477-1"$"Niedersächsische Staats- und Universitätsbibliothek Göttingen"$"2020450-4"$"8 Cod. Ms. hist. 754"$"8o Hist. 754"$"8° Hist. 754"$"8º Hist. 754"$"Hist. 754"$"Histor. 754"$"8° Cod. Ms. hist. 754"
"Göttingen"$"4021477-1"$"Niedersächsische Staats- und Universitätsbibliothek Göttingen"$"2020450-4"$"8 Cod. Ms. hist. 755"$"8o Hist. 755"$"8° Hist. 755"$"8º Hist. 755"$"Hist. 755"$"Histor. 755"$"8° Cod. Ms. hist. 755"
"Göttingen"$"4021477-1"$"Niedersächsische Staats- und Universitätsbibliothek Göttingen"$"2020450-4"$"8 Cod. Ms. hist. 756"$"8o Hist. 756"$"8° Hist. 756"$"8º Hist. 756"$"Hist. 756"$"Histor. 756"$"8° Cod. Ms. hist. 756"
"Göttingen"$"4021477-1"$"Niedersächsische Staats- und Universitätsbibliothek Göttingen"$"2020450-4"$"8 Cod. Ms. hist. 768"$"8o Hist. 768"$"8° Hist. 768"$"8º Hist. 768"$"Hist. 768"$"Histor. 768"$"8° Cod. Ms. hist. 768"
"Göttingen"$"4021477-1"$"Niedersächsische Staats- und Universitätsbibliothek Göttingen"$"2020450-4"$"8 Cod. Ms. hist. 769 Cim."$"8o Hist. 769"$"8° Hist. 769"$"8º Hist. 769"$"Hist. 769"$"Histor. 769"$"8° Cod. Ms. hist. 769 Cim."$"8° Cod. Ms. hist. 769"$"8 Cod. Ms. hist. 769"
"Göttingen"$"4021477-1"$"Niedersächsische Staats- und Universitätsbibliothek Göttingen"$"2020450-4"$"8 Cod. Ms. hist. 770"$"8o Hist. 770"$"8° Hist. 770"$"8º Hist. 770"$"Hist. 770"$"Histor. 770"$"8° Cod. Ms. hist. 770"
"Göttingen"$"4021477-1"$"Niedersächsische Staats- und Universitätsbibliothek Göttingen"$"2020450-4"$"8 Cod. Ms. hist. 772"$"8o Hist. 772"$"8° Hist. 772"$"8º Hist. 772"$"Hist. 772"$"Histor. 772"$"8° Cod. Ms. hist. 772"
"Göttingen"$"4021477-1"$"Niedersächsische Staats- und Universitätsbibliothek Göttingen"$"2020450-4"$"8 Cod. Ms. hist. 773"$"8o Hist. 773"$"8° Hist. 773"$"8º Hist. 773"$"Hist. 773"$"Histor. 773"$"8° Cod. Ms. hist. 773"
"Göttingen"$"4021477-1"$"Niedersächsische Staats- und Universitätsbibliothek Göttingen"$"2020450-4"$"8 Cod. Ms. hist. 775"$"8o Hist. 775"$"8° Hist. 775"$"8º Hist. 775"$"Hist. 775"$"Histor. 775"$"8° Cod. Ms. hist. 775"
"Göttingen"$"4021477-1"$"Niedersächsische Staats- und Universitätsbibliothek Göttingen"$"2020450-4"$"8 Cod. Ms. hist. 777"$"8o Hist. 777"$"8° Hist. 777"$"8º Hist. 777"$"Hist. 777"$"Histor. 777"$"8° Cod. Ms. hist. 777"
"Göttingen"$"4021477-1"$"Niedersächsische Staats- und Universitätsbibliothek Göttingen"$"2020450-4"$"8 Cod. Ms. hist. 778"$"8o Hist. 778"$"8° Hist. 778"$"8º Hist. 778"$"Hist. 778"$"Histor. 778"$"8° Cod. Ms. hist. 778"
"Göttingen"$"4021477-1"$"Niedersächsische Staats- und Universitätsbibliothek Göttingen"$"2020450-4"$"8 Cod. Ms. hist. 779"$"8o Hist. 779"$"8° Hist. 779"$"8º Hist. 779"$"Hist. 779"$"Histor. 779"$"8° Cod. Ms. hist. 779"
"Göttingen"$"4021477-1"$"Niedersächsische Staats- und Universitätsbibliothek Göttingen"$"2020450-4"$"8 Cod. Ms. hist. 78"$"8o Hist. 78"$"8° Hist. 78"$"8º Hist. 78"$"Hist. 78"$"Histor. 78"$"8° Cod. Ms. hist. 78"
"Göttingen"$"4021477-1"$"Niedersächsische Staats- und Universitätsbibliothek Göttingen"$"2020450-4"$"8 Cod. Ms. hist. 78 a"$"8o Hist. 78a"$"8° Hist. 78a"$"8º Hist. 78a"$"Hist. 78a"$"Hist. 78 a"$"Histor. 78a"$"Histor. 78 a"$"8° Cod. Ms. hist. 78a"$"8° Cod. Ms. hist. 78 a"
"Göttingen"$"4021477-1"$"Niedersächsische Staats- und Universitätsbibliothek Göttingen"$"2020450-4"$"8 Cod. Ms. hist. 780"$"8o Hist. 780"$"8° Hist. 780"$"8º Hist. 780"$"Hist. 780"$"Histor. 780"$"8° Cod. Ms. hist. 780"
"Göttingen"$"4021477-1"$"Niedersächsische Staats- und Universitätsbibliothek Göttingen"$"2020450-4"$"8 Cod. Ms. hist. 783"$"8o Hist. 783"$"8° Hist. 783"$"8º Hist. 783"$"Hist. 783"$"Histor. 783"$"8° Cod. Ms. hist. 783"
"Göttingen"$"4021477-1"$"Niedersächsische Staats- und Universitätsbibliothek Göttingen"$"2020450-4"$"8 Cod. Ms. hist. 789 o"$"8o Hist. 789o"$"8° Hist. 789o"$"8º Hist. 789o"$"Hist. 789o"$"Hist. 789 o"$"Histor. 789o"$"Histor. 789 o"$"8° Cod. Ms. hist. 789o"$"8° Cod. Ms. hist. 789 o"
"Göttingen"$"4021477-1"$"Niedersächsische Staats- und Universitätsbibliothek Göttingen"$"2020450-4"$"8 Cod. Ms. hist. 79"$"8o Hist. 79"$"8° Hist. 79"$"8º Hist. 79"$"Hist. 79"$"Histor. 79"$"8° Cod. Ms. hist. 79"
"Göttingen"$"4021477-1"$"Niedersächsische Staats- und Universitätsbibliothek Göttingen"$"2020450-4"$"8 Cod. Ms. hist. 800 e"$"8o Hist. 800e"$"8° Hist. 800e"$"8º Hist. 800e"$"Hist. 800e"$"Hist. 800 e"$"Histor. 800e"$"Histor. 800 e"$"8° Cod. Ms. hist. 800e"$"8° Cod. Ms. hist. 800 e"
"Göttingen"$"4021477-1"$"Niedersächsische Staats- und Universitätsbibliothek Göttingen"$"2020450-4"$"8 Cod. Ms. hist. 803"$"8o Hist. 803"$"8° Hist. 803"$"8º Hist. 803"$"Hist. 803"$"Histor. 803"$"8° Cod. Ms. hist. 803"
"Göttingen"$"4021477-1"$"Niedersächsische Staats- und Universitätsbibliothek Göttingen"$"2020450-4"$"8 Cod. Ms. hist. 807"$"8o Hist. 807"$"8° Hist. 807"$"8º Hist. 807"$"Hist. 807"$"Histor. 807"$"8° Cod. Ms. hist. 807"
"Göttingen"$"4021477-1"$"Niedersächsische Staats- und Universitätsbibliothek Göttingen"$"2020450-4"$"8 Cod. Ms. hist. 82"$"8o Hist. 82"$"8° Hist. 82"$"8º Hist. 82"$"Hist. 82"$"Histor. 82"$"8° Cod. Ms. hist. 82"
"Göttingen"$"4021477-1"$"Niedersächsische Staats- und Universitätsbibliothek Göttingen"$"2020450-4"$"8 Cod. Ms. hist. 822"$"8o Hist. 822"$"8° Hist. 822"$"8º Hist. 822"$"Hist. 822"$"Histor. 822"$"8° Cod. Ms. hist. 822"
"Göttingen"$"4021477-1"$"Niedersächsische Staats- und Universitätsbibliothek Göttingen"$"2020450-4"$"8 Cod. Ms. hist. 823 i"$"8o Hist. 823i"$"8° Hist. 823i"$"8º Hist. 823i"$"Hist. 823i"$"Hist. 823 i"$"Histor. 823i"$"Histor. 823 i"$"8° Cod. Ms. hist. 823i"$"8° Cod. Ms. hist. 823 i"
"Göttingen"$"4021477-1"$"Niedersächsische Staats- und Universitätsbibliothek Göttingen"$"2020450-4"$"8 Cod. Ms. hist. 824"$"8o Hist. 824"$"8° Hist. 824"$"8º Hist. 824"$"Hist. 824"$"Histor. 824"$"8° Cod. Ms. hist. 824"
"Göttingen"$"4021477-1"$"Niedersächsische Staats- und Universitätsbibliothek Göttingen"$"2020450-4"$"8 Cod. Ms. hist. 825"$"8o Hist. 825"$"8° Hist. 825"$"8º Hist. 825"$"Hist. 825"$"Histor. 825"$"8° Cod. Ms. hist. 825"
"Göttingen"$"4021477-1"$"Niedersächsische Staats- und Universitätsbibliothek Göttingen"$"2020450-4"$"8 Cod. Ms. hist. 827"$"8o Hist. 827"$"8° Hist. 827"$"8º Hist. 827"$"Hist. 827"$"Histor. 827"$"8° Cod. Ms. hist. 827"
"Göttingen"$"4021477-1"$"Niedersächsische Staats- und Universitätsbibliothek Göttingen"$"2020450-4"$"8 Cod. Ms. hist. 828 : 1"$"8 Cod. Ms. hist. 828"$"8o Hist. 828 I"$"8° Hist. 828 I"$"8° Hist. 828 I"$"8° Hist. 828"$"8° Hist. 828"$"Hist. 828 I"$"Histor. 828 I"$"Hist. 828"$"Histor. 828"$"8° Cod. Ms. hist. 828"$"8° Cod. Ms. hist. 828 I"$"8° Cod. Ms. hist. 828 : 1"$"Hist. 828, Bd. 1"$"Histor. 828, Bd. 1"
"Göttingen"$"4021477-1"$"Niedersächsische Staats- und Universitätsbibliothek Göttingen"$"2020450-4"$"8 Cod. Ms. hist. 828 : 2"$"8 Cod. Ms. hist. 828"$"8o Hist. 828 II"$"8° Hist. 828 II"$"8° Hist. 828 II"$"8° Hist. 828"$"8° Hist. 828"$"Hist. 828 II"$"Histor. 828 II"$"Hist. 828"$"Histor. 828"$"8° Cod. Ms. hist. 828"$"8° Cod. Ms. hist. 828 II"$"8° Cod. Ms. hist. 828 : 2"$"Hist. 828, Bd. 2"$"Histor. 828, Bd. 2"
"Göttingen"$"4021477-1"$"Niedersächsische Staats- und Universitätsbibliothek Göttingen"$"2020450-4"$"8 Cod. Ms. hist. 831"$"8o Hist. 831"$"8° Hist. 831"$"8º Hist. 831"$"Hist. 831"$"Histor. 831"$"8° Cod. Ms. hist. 831"
"Göttingen"$"4021477-1"$"Niedersächsische Staats- und Universitätsbibliothek Göttingen"$"2020450-4"$"8 Cod. Ms. hist. 832"$"8o Hist. 832"$"8° Hist. 832"$"8º Hist. 832"$"Hist. 832"$"Histor. 832"$"8° Cod. Ms. hist. 832"
"Göttingen"$"4021477-1"$"Niedersächsische Staats- und Universitätsbibliothek Göttingen"$"2020450-4"$"8 Cod. Ms. hist. 833"$"8o Hist. 833"$"8° Hist. 833"$"8º Hist. 833"$"Hist. 833"$"Histor. 833"$"8° Cod. Ms. hist. 833"
"Göttingen"$"4021477-1"$"Niedersächsische Staats- und Universitätsbibliothek Göttingen"$"2020450-4"$"8 Cod. Ms. hist. 841"$"8o Hist. 841"$"8° Hist. 841"$"8º Hist. 841"$"Hist. 841"$"Histor. 841"$"8° Cod. Ms. hist. 841"
"Göttingen"$"4021477-1"$"Niedersächsische Staats- und Universitätsbibliothek Göttingen"$"2020450-4"$"8 Cod. Ms. hist. 843"$"8o Hist. 843"$"8° Hist. 843"$"8º Hist. 843"$"Hist. 843"$"Histor. 843"$"8° Cod. Ms. hist. 843"
"Göttingen"$"4021477-1"$"Niedersächsische Staats- und Universitätsbibliothek Göttingen"$"2020450-4"$"8 Cod. Ms. hist. 845"$"8o Hist. 845"$"8° Hist. 845"$"8º Hist. 845"$"Hist. 845"$"Histor. 845"$"8° Cod. Ms. hist. 845"
"Göttingen"$"4021477-1"$"Niedersächsische Staats- und Universitätsbibliothek Göttingen"$"2020450-4"$"8 Cod. Ms. hist. 86"$"8o Hist. 86"$"8° Hist. 86"$"8º Hist. 86"$"Hist. 86"$"Histor. 86"$"8° Cod. Ms. hist. 86"
"Göttingen"$"4021477-1"$"Niedersächsische Staats- und Universitätsbibliothek Göttingen"$"2020450-4"$"8 Cod. Ms. hist. 91"$"8o Hist. 91"$"8° Hist. 91"$"8º Hist. 91"$"Hist. 91"$"Histor. 91"$"8° Cod. Ms. hist. 91"
"Göttingen"$"4021477-1"$"Niedersächsische Staats- und Universitätsbibliothek Göttingen"$"2020450-4"$"8 Cod. Ms. hist. 93"$"8o Hist. 93"$"8° Hist. 93"$"8º Hist. 93"$"Hist. 93"$"Histor. 93"$"8° Cod. Ms. hist. 93"
"Göttingen"$"4021477-1"$"Niedersächsische Staats- und Universitätsbibliothek Göttingen"$"2020450-4"$"8 Cod. Ms. hist. 94"$"8o Hist. 94"$"8° Hist. 94"$"8º Hist. 94"$"Hist. 94"$"Histor. 94"$"8° Cod. Ms. hist. 94"
"Göttingen"$"4021477-1"$"Niedersächsische Staats- und Universitätsbibliothek Göttingen"$"2020450-4"$"8 Cod. Ms. hist. 96"$"8o Hist. 96"$"8° Hist. 96"$"8º Hist. 96"$"Hist. 96"$"Histor. 96"$"8° Cod. Ms. hist. 96"
"Göttingen"$"4021477-1"$"Niedersächsische Staats- und Universitätsbibliothek Göttingen"$"2020450-4"$"8 Cod. Ms. hist. 96 c"$"8o Hist. 96c"$"8° Hist. 96c"$"8º Hist. 96c"$"Hist. 96c"$"Hist. 96 c"$"Histor. 96c"$"Histor. 96 c"$"8° Cod. Ms. hist. 96c"$"8° Cod. Ms. hist. 96 c"
"Göttingen"$"4021477-1"$"Niedersächsische Staats- und Universitätsbibliothek Göttingen"$"2020450-4"$"8 Cod. Ms. hist. 96 g"$"8o Hist. 96g"$"8° Hist. 96g"$"8º Hist. 96g"$"Hist. 96g"$"Hist. 96 g"$"Histor. 96g"$"Histor. 96 g"$"8° Cod. Ms. hist. 96g"$"8° Cod. Ms. hist. 96 g"
"Göttingen"$"4021477-1"$"Niedersächsische Staats- und Universitätsbibliothek Göttingen"$"2020450-4"$"8 Cod. Ms. hist. 96 i"$"8o Hist. 96i"$"8° Hist. 96i"$"8º Hist. 96i"$"Hist. 96i"$"Hist. 96 i"$"Histor. 96i"$"Histor. 96 i"$"8° Cod. Ms. hist. 96i"$"8° Cod. Ms. hist. 96 i"
"Göttingen"$"4021477-1"$"Niedersächsische Staats- und Universitätsbibliothek Göttingen"$"2020450-4"$"8 Cod. Ms. hist. 97"$"8o Hist. 97"$"8° Hist. 97"$"8º Hist. 97"$"Hist. 97"$"Histor. 97"$"8° Cod. Ms. hist. 97"
"Göttingen"$"4021477-1"$"Niedersächsische Staats- und Universitätsbibliothek Göttingen"$"2020450-4"$"8 Cod. Ms. hist. nat. 1"$"8o Hist. nat. 1"$"8° Hist. nat. 1"$"8º Hist. nat. 1"$"Hist. nat. 1"$"8° Cod. Ms. hist. nat. 1"
"Göttingen"$"4021477-1"$"Niedersächsische Staats- und Universitätsbibliothek Göttingen"$"2020450-4"$"8 Cod. Ms. hist. nat. 10"$"8o Hist. nat. 10"$"8° Hist. nat. 10"$"8º Hist. nat. 10"$"Hist. nat. 10"$"8° Cod. Ms. hist. nat. 10"
"Göttingen"$"4021477-1"$"Niedersächsische Staats- und Universitätsbibliothek Göttingen"$"2020450-4"$"8 Cod. Ms. hist. nat. 100"$"8o Hist. nat. 100"$"8° Hist. nat. 100"$"8º Hist. nat. 100"$"Hist. nat. 100"$"8° Cod. Ms. hist. nat. 100"
"Göttingen"$"4021477-1"$"Niedersächsische Staats- und Universitätsbibliothek Göttingen"$"2020450-4"$"8 Cod. Ms. hist. nat. 105"$"8o Hist. nat. 105"$"8° Hist. nat. 105"$"8º Hist. nat. 105"$"Hist. nat. 105"$"8° Cod. Ms. hist. nat. 105"
"Göttingen"$"4021477-1"$"Niedersächsische Staats- und Universitätsbibliothek Göttingen"$"2020450-4"$"8 Cod. Ms. hist. nat. 105 k"$"8o Hist. nat. 105k"$"8° Hist. nat. 105k"$"8º Hist. nat. 105k"$"Hist. nat. 105k"$"Hist. nat. 105 k"$"8° Cod. Ms. hist. nat. 105k"$"8° Cod. Ms. hist. nat. 105 k"
"Göttingen"$"4021477-1"$"Niedersächsische Staats- und Universitätsbibliothek Göttingen"$"2020450-4"$"8 Cod. Ms. hist. nat. 106"$"8o Hist. nat. 106"$"8° Hist. nat. 106"$"8º Hist. nat. 106"$"Hist. nat. 106"$"8° Cod. Ms. hist. nat. 106"
"Göttingen"$"4021477-1"$"Niedersächsische Staats- und Universitätsbibliothek Göttingen"$"2020450-4"$"8 Cod. Ms. hist. nat. 11"$"8o Hist. nat. 11"$"8° Hist. nat. 11"$"8º Hist. nat. 11"$"Hist. nat. 11"$"8° Cod. Ms. hist. nat. 11"
"Göttingen"$"4021477-1"$"Niedersächsische Staats- und Universitätsbibliothek Göttingen"$"2020450-4"$"8 Cod. Ms. hist. nat. 14"$"8o Hist. nat. 14"$"8° Hist. nat. 14"$"8º Hist. nat. 14"$"Hist. nat. 14"$"8° Cod. Ms. hist. nat. 14"
"Göttingen"$"4021477-1"$"Niedersächsische Staats- und Universitätsbibliothek Göttingen"$"2020450-4"$"8 Cod. Ms. hist. nat. 16"$"8o Hist. nat. 16"$"8° Hist. nat. 16"$"8º Hist. nat. 16"$"Hist. nat. 16"$"8° Cod. Ms. hist. nat. 16"
"Göttingen"$"4021477-1"$"Niedersächsische Staats- und Universitätsbibliothek Göttingen"$"2020450-4"$"8 Cod. Ms. hist. nat. 17"$"8o Hist. nat. 17"$"8° Hist. nat. 17"$"8º Hist. nat. 17"$"Hist. nat. 17"$"8° Cod. Ms. hist. nat. 17"
"Göttingen"$"4021477-1"$"Niedersächsische Staats- und Universitätsbibliothek Göttingen"$"2020450-4"$"8 Cod. Ms. hist. nat. 18"$"8o Hist. nat. 18"$"8° Hist. nat. 18"$"8º Hist. nat. 18"$"Hist. nat. 18"$"8° Cod. Ms. hist. nat. 18"
"Göttingen"$"4021477-1"$"Niedersächsische Staats- und Universitätsbibliothek Göttingen"$"2020450-4"$"8 Cod. Ms. hist. nat. 19 : 1"$"8 Cod. Ms. hist. nat. 19"$"8o Hist. nat. 19 I"$"8° Hist. nat. 19 I"$"8° Hist. nat. 19 I"$"8° Hist. nat. 19"$"8° Hist. nat. 19"$"Hist. nat. 19 I"$"Hist. nat. 19"$"8° Cod. Ms. hist. nat. 19"$"8° Cod. Ms. hist. nat. 19 I"$"8° Cod. Ms. hist. nat. 19 : 1"$"Hist. nat. 19, Bd. 1"
"Göttingen"$"4021477-1"$"Niedersächsische Staats- und Universitätsbibliothek Göttingen"$"2020450-4"$"8 Cod. Ms. hist. nat. 19 : 2"$"8 Cod. Ms. hist. nat. 19"$"8o Hist. nat. 19 II"$"8° Hist. nat. 19 II"$"8° Hist. nat. 19 II"$"8° Hist. nat. 19"$"8° Hist. nat. 19"$"Hist. nat. 19 II"$"Hist. nat. 19"$"8° Cod. Ms. hist. nat. 19"$"8° Cod. Ms. hist. nat. 19 II"$"8° Cod. Ms. hist. nat. 19 : 2"$"Hist. nat. 19, Bd. 2"
"Göttingen"$"4021477-1"$"Niedersächsische Staats- und Universitätsbibliothek Göttingen"$"2020450-4"$"8 Cod. Ms. hist. nat. 2"$"8o Hist. Nat. 2"$"8° Hist. Nat. 2"$"8º Hist. Nat. 2"$"Hist. Nat. 2"$"8° Cod. Ms. hist. nat. 2"
"Göttingen"$"4021477-1"$"Niedersächsische Staats- und Universitätsbibliothek Göttingen"$"2020450-4"$"8 Cod. Ms. hist. nat. 21"$"8o Hist. nat. 21"$"8° Hist. nat. 21"$"8º Hist. nat. 21"$"Hist. nat. 21"$"8° Cod. Ms. hist. nat. 21"
"Göttingen"$"4021477-1"$"Niedersächsische Staats- und Universitätsbibliothek Göttingen"$"2020450-4"$"8 Cod. Ms. hist. nat. 24"$"8o Hist. nat. 24"$"8° Hist. nat. 24"$"8º Hist. nat. 24"$"Hist. nat. 24"$"8° Cod. Ms. hist. nat. 24"
"Göttingen"$"4021477-1"$"Niedersächsische Staats- und Universitätsbibliothek Göttingen"$"2020450-4"$"8 Cod. Ms. hist. nat. 25"$"8o Hist. nat. 25"$"8° Hist. nat. 25"$"8º Hist. nat. 25"$"Hist. nat. 25"$"8° Cod. Ms. hist. nat. 25"
"Göttingen"$"4021477-1"$"Niedersächsische Staats- und Universitätsbibliothek Göttingen"$"2020450-4"$"8 Cod. Ms. hist. nat. 26"$"8o Hist. nat. 26"$"8° Hist. nat. 26"$"8º Hist. nat. 26"$"Hist. nat. 26"$"8° Cod. Ms. hist. nat. 26"
"Göttingen"$"4021477-1"$"Niedersächsische Staats- und Universitätsbibliothek Göttingen"$"2020450-4"$"8 Cod. Ms. hist. nat. 27"$"8o Hist. nat. 27"$"8° Hist. nat. 27"$"8º Hist. nat. 27"$"Hist. nat. 27"$"8° Cod. Ms. hist. nat. 27"
"Göttingen"$"4021477-1"$"Niedersächsische Staats- und Universitätsbibliothek Göttingen"$"2020450-4"$"8 Cod. Ms. hist. nat. 29"$"8o Hist. nat. 29"$"8° Hist. nat. 29"$"8º Hist. nat. 29"$"Hist. nat. 29"$"8° Cod. Ms. hist. nat. 29"
"Göttingen"$"4021477-1"$"Niedersächsische Staats- und Universitätsbibliothek Göttingen"$"2020450-4"$"8 Cod. Ms. hist. nat. 30"$"8o Hist. nat. 30"$"8° Hist. nat. 30"$"8º Hist. nat. 30"$"Hist. nat. 30"$"8° Cod. Ms. hist. nat. 30"
"Göttingen"$"4021477-1"$"Niedersächsische Staats- und Universitätsbibliothek Göttingen"$"2020450-4"$"8 Cod. Ms. hist. nat. 31"$"8o Hist. nat. 31"$"8° Hist. nat. 31"$"8º Hist. nat. 31"$"Hist. nat. 31"$"8° Cod. Ms. hist. nat. 31"
"Göttingen"$"4021477-1"$"Niedersächsische Staats- und Universitätsbibliothek Göttingen"$"2020450-4"$"8 Cod. Ms. hist. nat. 33"$"8o Hist. nat. 33"$"8° Hist. nat. 33"$"8º Hist. nat. 33"$"Hist. nat. 33"$"8° Cod. Ms. hist. nat. 33"
"Göttingen"$"4021477-1"$"Niedersächsische Staats- und Universitätsbibliothek Göttingen"$"2020450-4"$"8 Cod. Ms. hist. nat. 34"$"8o Hist. nat. 34"$"8° Hist. nat. 34"$"8º Hist. nat. 34"$"Hist. nat. 34"$"8° Cod. Ms. hist. nat. 34"
"Göttingen"$"4021477-1"$"Niedersächsische Staats- und Universitätsbibliothek Göttingen"$"2020450-4"$"8 Cod. Ms. hist. nat. 36"$"8o Hist. nat. 36"$"8° Hist. nat. 36"$"8º Hist. nat. 36"$"Hist. nat. 36"$"8° Cod. Ms. hist. nat. 36"
"Göttingen"$"4021477-1"$"Niedersächsische Staats- und Universitätsbibliothek Göttingen"$"2020450-4"$"8 Cod. Ms. hist. nat. 37"$"8o Hist. nat. 37"$"8° Hist. nat. 37"$"8º Hist. nat. 37"$"Hist. nat. 37"$"8° Cod. Ms. hist. nat. 37"
"Göttingen"$"4021477-1"$"Niedersächsische Staats- und Universitätsbibliothek Göttingen"$"2020450-4"$"8 Cod. Ms. hist. nat. 38"$"8o Hist. nat. 38"$"8° Hist. nat. 38"$"8º Hist. nat. 38"$"Hist. nat. 38"$"8° Cod. Ms. hist. nat. 38"
"Göttingen"$"4021477-1"$"Niedersächsische Staats- und Universitätsbibliothek Göttingen"$"2020450-4"$"8 Cod. Ms. hist. nat. 41 Cim."$"8o Hist. nat. 41"$"8° Hist. nat. 41"$"8º Hist. nat. 41"$"Hist. nat. 41"$"8° Cod. Ms. hist. nat. 41"$"8° Cod. Ms. hist. nat. 41 Cim."
"Göttingen"$"4021477-1"$"Niedersächsische Staats- und Universitätsbibliothek Göttingen"$"2020450-4"$"8 Cod. Ms. hist. nat. 44 a"$"8o Hist. nat. 44a"$"8° Hist. nat. 44a"$"8º Hist. nat. 44a"$"Hist. nat. 44a"$"Hist. nat. 44 a"$"8° Cod. Ms. hist. nat. 44a"$"8° Cod. Ms. hist. nat. 44 a"
"Göttingen"$"4021477-1"$"Niedersächsische Staats- und Universitätsbibliothek Göttingen"$"2020450-4"$"8 Cod. Ms. hist. nat. 45"$"8o Hist. nat. 45"$"8° Hist. nat. 45"$"8º Hist. nat. 45"$"Hist. nat. 45"$"8° Cod. Ms. hist. nat. 45"
"Göttingen"$"4021477-1"$"Niedersächsische Staats- und Universitätsbibliothek Göttingen"$"2020450-4"$"8 Cod. Ms. hist. nat. 46"$"8o Hist. nat. 46"$"8° Hist. nat. 46"$"8º Hist. nat. 46"$"Hist. nat. 46"$"8° Cod. Ms. hist. nat. 46"
"Göttingen"$"4021477-1"$"Niedersächsische Staats- und Universitätsbibliothek Göttingen"$"2020450-4"$"8 Cod. Ms. hist. nat. 47"$"8o Hist. nat. 47"$"8° Hist. nat. 47"$"8º Hist. nat. 47"$"Hist. nat. 47"$"8° Cod. Ms. hist. nat. 47"
"Göttingen"$"4021477-1"$"Niedersächsische Staats- und Universitätsbibliothek Göttingen"$"2020450-4"$"8 Cod. Ms. hist. nat. 48"$"8o Hist. nat. 48"$"8° Hist. nat. 48"$"8º Hist. nat. 48"$"Hist. nat. 48"$"8° Cod. Ms. hist. nat. 48"
"Göttingen"$"4021477-1"$"Niedersächsische Staats- und Universitätsbibliothek Göttingen"$"2020450-4"$"8 Cod. Ms. hist. nat. 49"$"8o Hist. nat. 49"$"8° Hist. nat. 49"$"8º Hist. nat. 49"$"Hist. nat. 49"$"8° Cod. Ms. hist. nat. 49"
"Göttingen"$"4021477-1"$"Niedersächsische Staats- und Universitätsbibliothek Göttingen"$"2020450-4"$"8 Cod. Ms. hist. nat. 49 h"$"8o Hist. nat. 49h"$"8° Hist. nat. 49h"$"8º Hist. nat. 49h"$"Hist. nat. 49h"$"Hist. nat. 49 h"$"8° Cod. Ms. hist. nat. 49h"$"8° Cod. Ms. hist. nat. 49 h"
"Göttingen"$"4021477-1"$"Niedersächsische Staats- und Universitätsbibliothek Göttingen"$"2020450-4"$"8 Cod. Ms. hist. nat. 50 h"$"8o Hist. nat. 50h"$"8° Hist. nat. 50h"$"8º Hist. nat. 50h"$"Hist. nat. 50h"$"Hist. nat. 50 h"$"8° Cod. Ms. hist. nat. 50h"$"8° Cod. Ms. hist. nat. 50 h"
"Göttingen"$"4021477-1"$"Niedersächsische Staats- und Universitätsbibliothek Göttingen"$"2020450-4"$"8 Cod. Ms. hist. nat. 52"$"8o Hist. nat. 52"$"8° Hist. nat. 52"$"8º Hist. nat. 52"$"Hist. nat. 52"$"8° Cod. Ms. hist. nat. 52"
"Göttingen"$"4021477-1"$"Niedersächsische Staats- und Universitätsbibliothek Göttingen"$"2020450-4"$"8 Cod. Ms. hist. nat. 53"$"8o Hist. nat. 53"$"8° Hist. nat. 53"$"8º Hist. nat. 53"$"Hist. nat. 53"$"8° Cod. Ms. hist. nat. 53"
"Göttingen"$"4021477-1"$"Niedersächsische Staats- und Universitätsbibliothek Göttingen"$"2020450-4"$"8 Cod. Ms. hist. nat. 54"$"8o Hist. nat. 54"$"8° Hist. nat. 54"$"8º Hist. nat. 54"$"Hist. nat. 54"$"8° Cod. Ms. hist. nat. 54"
"Göttingen"$"4021477-1"$"Niedersächsische Staats- und Universitätsbibliothek Göttingen"$"2020450-4"$"8 Cod. Ms. hist. nat. 55"$"8o Hist. nat. 55"$"8° Hist. nat. 55"$"8º Hist. nat. 55"$"Hist. nat. 55"$"8° Cod. Ms. hist. nat. 55"
"Göttingen"$"4021477-1"$"Niedersächsische Staats- und Universitätsbibliothek Göttingen"$"2020450-4"$"8 Cod. Ms. hist. nat. 57 : 1"$"8 Cod. Ms. hist. nat. 57"$"8o Hist. nat. 57 I"$"8° Hist. nat. 57 I"$"8° Hist. nat. 57 I"$"8° Hist. nat. 57"$"8° Hist. nat. 57"$"Hist. nat. 57 I"$"Hist. nat. 57"$"8° Cod. Ms. hist. nat. 57"$"8° Cod. Ms. hist. nat. 57 I"$"8° Cod. Ms. hist. nat. 57 : 1"$"Hist. nat. 57, Bd. 1"
"Göttingen"$"4021477-1"$"Niedersächsische Staats- und Universitätsbibliothek Göttingen"$"2020450-4"$"8 Cod. Ms. hist. nat. 57 : 2"$"8 Cod. Ms. hist. nat. 57"$"8o Hist. nat. 57 II"$"8° Hist. nat. 57 II"$"8° Hist. nat. 57 II"$"8° Hist. nat. 57"$"8° Hist. nat. 57"$"Hist. nat. 57 II"$"Hist. nat. 57"$"8° Cod. Ms. hist. nat. 57"$"8° Cod. Ms. hist. nat. 57 II"$"8° Cod. Ms. hist. nat. 57 : 2"$"Hist. nat. 57, Bd. 2"
"Göttingen"$"4021477-1"$"Niedersächsische Staats- und Universitätsbibliothek Göttingen"$"2020450-4"$"8 Cod. Ms. hist. nat. 57 : 3"$"8 Cod. Ms. hist. nat. 57"$"8o Hist. nat. 57 III"$"8° Hist. nat. 57 III"$"8° Hist. nat. 57 III"$"8° Hist. nat. 57"$"8° Hist. nat. 57"$"Hist. nat. 57 III"$"Hist. nat. 57"$"8° Cod. Ms. hist. nat. 57"$"8° Cod. Ms. hist. nat. 57 III"$"8° Cod. Ms. hist. nat. 57 : 3"$"Hist. nat. 57, Bd. 3"
"Göttingen"$"4021477-1"$"Niedersächsische Staats- und Universitätsbibliothek Göttingen"$"2020450-4"$"8 Cod. Ms. hist. nat. 57 : 4"$"8 Cod. Ms. hist. nat. 57"$"8o Hist. nat. 57 IV"$"8° Hist. nat. 57 IV"$"8° Hist. nat. 57 IV"$"8° Hist. nat. 57"$"8° Hist. nat. 57"$"Hist. nat. 57 IV"$"Hist. nat. 57"$"8° Cod. Ms. hist. nat. 57"$"8° Cod. Ms. hist. nat. 57 IV"$"8° Cod. Ms. hist. nat. 57 : 4"$"Hist. nat. 57, Bd. 4"
"Göttingen"$"4021477-1"$"Niedersächsische Staats- und Universitätsbibliothek Göttingen"$"2020450-4"$"8 Cod. Ms. hist. nat. 6"$"8o Hist. nat. 6"$"8° Hist. nat. 6"$"8º Hist. nat. 6"$"Hist. nat. 6"$"8° Cod. Ms. hist. nat. 6"
"Göttingen"$"4021477-1"$"Niedersächsische Staats- und Universitätsbibliothek Göttingen"$"2020450-4"$"8 Cod. Ms. hist. nat. 60 : 1"$"8 Cod. Ms. hist. nat. 60"$"8o Hist. nat. 60 I"$"8° Hist. nat. 60 I"$"8° Hist. nat. 60 I"$"8° Hist. nat. 60"$"8° Hist. nat. 60"$"Hist. nat. 60 I"$"Hist. nat. 60"$"8° Cod. Ms. hist. nat. 60"$"8° Cod. Ms. hist. nat. 60 I"$"8° Cod. Ms. hist. nat. 60 : 1"$"Hist. nat. 60, Bd. 1"
"Göttingen"$"4021477-1"$"Niedersächsische Staats- und Universitätsbibliothek Göttingen"$"2020450-4"$"8 Cod. Ms. hist. nat. 60 : 2"$"8 Cod. Ms. hist. nat. 60"$"8o Hist. nat. 60 II"$"8° Hist. nat. 60 II"$"8° Hist. nat. 60 II"$"8° Hist. nat. 60"$"8° Hist. nat. 60"$"Hist. nat. 60 II"$"Hist. nat. 60"$"8° Cod. Ms. hist. nat. 60"$"8° Cod. Ms. hist. nat. 60 II"$"8° Cod. Ms. hist. nat. 60 : 2"$"Hist. nat. 60, Bd. 2"
"Göttingen"$"4021477-1"$"Niedersächsische Staats- und Universitätsbibliothek Göttingen"$"2020450-4"$"8 Cod. Ms. hist. nat. 60 : 3"$"8 Cod. Ms. hist. nat. 60"$"8o Hist. nat. 60 III"$"8° Hist. nat. 60 III"$"8° Hist. nat. 60 III"$"8° Hist. nat. 60"$"8° Hist. nat. 60"$"Hist. nat. 60 III"$"Hist. nat. 60"$"8° Cod. Ms. hist. nat. 60"$"8° Cod. Ms. hist. nat. 60 III"$"8° Cod. Ms. hist. nat. 60 : 3"$"Hist. nat. 60, Bd. 3"
"Göttingen"$"4021477-1"$"Niedersächsische Staats- und Universitätsbibliothek Göttingen"$"2020450-4"$"8 Cod. Ms. hist. nat. 60 : 4"$"8 Cod. Ms. hist. nat. 60"$"8o Hist. nat. 60 IV"$"8° Hist. nat. 60 IV"$"8° Hist. nat. 60 IV"$"8° Hist. nat. 60"$"8° Hist. nat. 60"$"Hist. nat. 60 IV"$"Hist. nat. 60"$"8° Cod. Ms. hist. nat. 60"$"8° Cod. Ms. hist. nat. 60 IV"$"8° Cod. Ms. hist. nat. 60 : 4"$"Hist. nat. 60, Bd. 4"
"Göttingen"$"4021477-1"$"Niedersächsische Staats- und Universitätsbibliothek Göttingen"$"2020450-4"$"8 Cod. Ms. hist. nat. 60 : 5"$"8 Cod. Ms. hist. nat. 60"$"8o Hist. nat. 60 V"$"8° Hist. nat. 60 V"$"8° Hist. nat. 60 V"$"8° Hist. nat. 60"$"8° Hist. nat. 60"$"Hist. nat. 60 V"$"Hist. nat. 60"$"8° Cod. Ms. hist. nat. 60"$"8° Cod. Ms. hist. nat. 60 V"$"8° Cod. Ms. hist. nat. 60 : 5"$"Hist. nat. 60, Bd. 5"
"Göttingen"$"4021477-1"$"Niedersächsische Staats- und Universitätsbibliothek Göttingen"$"2020450-4"$"8 Cod. Ms. hist. nat. 61 : 1"$"8 Cod. Ms. hist. nat. 61"$"8o Hist. nat. 61 I"$"8° Hist. nat. 61 I"$"8° Hist. nat. 61 I"$"8° Hist. nat. 61"$"8° Hist. nat. 61"$"Hist. nat. 61 I"$"Hist. nat. 61"$"8° Cod. Ms. hist. nat. 61"$"8° Cod. Ms. hist. nat. 61 I"$"8° Cod. Ms. hist. nat. 61 : 1"$"Hist. nat. 61, Bd. 1"
"Göttingen"$"4021477-1"$"Niedersächsische Staats- und Universitätsbibliothek Göttingen"$"2020450-4"$"8 Cod. Ms. hist. nat. 61 : 10"$"8 Cod. Ms. hist. nat. 61"$"8o Hist. nat. 61 X"$"8° Hist. nat. 61 X"$"8° Hist. nat. 61 X"$"8° Hist. nat. 61"$"8° Hist. nat. 61"$"Hist. nat. 61 X"$"Hist. nat. 61"$"8° Cod. Ms. hist. nat. 61"$"8° Cod. Ms. hist. nat. 61 X"$"8° Cod. Ms. hist. nat. 61 : 10"$"Hist. nat. 61, Bd. 10"
"Göttingen"$"4021477-1"$"Niedersächsische Staats- und Universitätsbibliothek Göttingen"$"2020450-4"$"8 Cod. Ms. hist. nat. 61 : 11"$"8 Cod. Ms. hist. nat. 61"$"8o Hist. nat. 61 XI"$"8° Hist. nat. 61 XI"$"8° Hist. nat. 61 XI"$"8° Hist. nat. 61"$"8° Hist. nat. 61"$"Hist. nat. 61 XI"$"Hist. nat. 61"$"8° Cod. Ms. hist. nat. 61"$"8° Cod. Ms. hist. nat. 61 XI"$"8° Cod. Ms. hist. nat. 61 : 11"$"Hist. nat. 61, Bd. 11"
"Göttingen"$"4021477-1"$"Niedersächsische Staats- und Universitätsbibliothek Göttingen"$"2020450-4"$"8 Cod. Ms. hist. nat. 61 : 12"$"8 Cod. Ms. hist. nat. 61"$"8o Hist. nat. 61 XII"$"8° Hist. nat. 61 XII"$"8° Hist. nat. 61 XII"$"8° Hist. nat. 61"$"8° Hist. nat. 61"$"Hist. nat. 61 XII"$"Hist. nat. 61"$"8° Cod. Ms. hist. nat. 61"$"8° Cod. Ms. hist. nat. 61 XII"$"8° Cod. Ms. hist. nat. 61 : 12"$"Hist. nat. 61, Bd. 12"
"Göttingen"$"4021477-1"$"Niedersächsische Staats- und Universitätsbibliothek Göttingen"$"2020450-4"$"8 Cod. Ms. hist. nat. 61 : 2"$"8 Cod. Ms. hist. nat. 61"$"8o Hist. nat. 61 II"$"8° Hist. nat. 61 II"$"8° Hist. nat. 61 II"$"8° Hist. nat. 61"$"8° Hist. nat. 61"$"Hist. nat. 61 II"$"Hist. nat. 61"$"8° Cod. Ms. hist. nat. 61"$"8° Cod. Ms. hist. nat. 61 II"$"8° Cod. Ms. hist. nat. 61 : 2"$"Hist. nat. 61, Bd. 2"
"Göttingen"$"4021477-1"$"Niedersächsische Staats- und Universitätsbibliothek Göttingen"$"2020450-4"$"8 Cod. Ms. hist. nat. 61 : 3"$"8 Cod. Ms. hist. nat. 61"$"8o Hist. nat. 61 III"$"8° Hist. nat. 61 III"$"8° Hist. nat. 61 III"$"8° Hist. nat. 61"$"8° Hist. nat. 61"$"Hist. nat. 61 III"$"Hist. nat. 61"$"8° Cod. Ms. hist. nat. 61"$"8° Cod. Ms. hist. nat. 61 III"$"8° Cod. Ms. hist. nat. 61 : 3"$"Hist. nat. 61, Bd. 3"
"Göttingen"$"4021477-1"$"Niedersächsische Staats- und Universitätsbibliothek Göttingen"$"2020450-4"$"8 Cod. Ms. hist. nat. 61 : 4"$"8 Cod. Ms. hist. nat. 61"$"8o Hist. nat. 61 IV"$"8° Hist. nat. 61 IV"$"8° Hist. nat. 61 IV"$"8° Hist. nat. 61"$"8° Hist. nat. 61"$"Hist. nat. 61 IV"$"Hist. nat. 61"$"8° Cod. Ms. hist. nat. 61"$"8° Cod. Ms. hist. nat. 61 IV"$"8° Cod. Ms. hist. nat. 61 : 4"$"Hist. nat. 61, Bd. 4"
"Göttingen"$"4021477-1"$"Niedersächsische Staats- und Universitätsbibliothek Göttingen"$"2020450-4"$"8 Cod. Ms. hist. nat. 61 : 5"$"8 Cod. Ms. hist. nat. 61"$"8o Hist. nat. 61 V"$"8° Hist. nat. 61 V"$"8° Hist. nat. 61 V"$"8° Hist. nat. 61"$"8° Hist. nat. 61"$"Hist. nat. 61 V"$"Hist. nat. 61"$"8° Cod. Ms. hist. nat. 61"$"8° Cod. Ms. hist. nat. 61 V"$"8° Cod. Ms. hist. nat. 61 : 5"$"Hist. nat. 61, Bd. 5"
"Göttingen"$"4021477-1"$"Niedersächsische Staats- und Universitätsbibliothek Göttingen"$"2020450-4"$"8 Cod. Ms. hist. nat. 61 : 6"$"8 Cod. Ms. hist. nat. 61"$"8o Hist. nat. 61 VI"$"8° Hist. nat. 61 VI"$"8° Hist. nat. 61 VI"$"8° Hist. nat. 61"$"8° Hist. nat. 61"$"Hist. nat. 61 VI"$"Hist. nat. 61"$"8° Cod. Ms. hist. nat. 61"$"8° Cod. Ms. hist. nat. 61 VI"$"8° Cod. Ms. hist. nat. 61 : 6"$"Hist. nat. 61, Bd. 6"
"Göttingen"$"4021477-1"$"Niedersächsische Staats- und Universitätsbibliothek Göttingen"$"2020450-4"$"8 Cod. Ms. hist. nat. 61 : 7"$"8 Cod. Ms. hist. nat. 61"$"8o Hist. nat. 61 VII"$"8° Hist. nat. 61 VII"$"8° Hist. nat. 61 VII"$"8° Hist. nat. 61"$"8° Hist. nat. 61"$"Hist. nat. 61 VII"$"Hist. nat. 61"$"8° Cod. Ms. hist. nat. 61"$"8° Cod. Ms. hist. nat. 61 VII"$"8° Cod. Ms. hist. nat. 61 : 7"$"Hist. nat. 61, Bd. 7"
"Göttingen"$"4021477-1"$"Niedersächsische Staats- und Universitätsbibliothek Göttingen"$"2020450-4"$"8 Cod. Ms. hist. nat. 61 : 8"$"8 Cod. Ms. hist. nat. 61"$"8o Hist. nat. 61 VIII"$"8° Hist. nat. 61 VIII"$"8° Hist. nat. 61 VIII"$"8° Hist. nat. 61"$"8° Hist. nat. 61"$"Hist. nat. 61 VIII"$"Hist. nat. 61"$"8° Cod. Ms. hist. nat. 61"$"8° Cod. Ms. hist. nat. 61 VIII"$"8° Cod. Ms. hist. nat. 61 : 8"$"Hist. nat. 61, Bd. 8"
"Göttingen"$"4021477-1"$"Niedersächsische Staats- und Universitätsbibliothek Göttingen"$"2020450-4"$"8 Cod. Ms. hist. nat. 61 : 9"$"8 Cod. Ms. hist. nat. 61"$"8o Hist. nat. 61 IX"$"8° Hist. nat. 61 IX"$"8° Hist. nat. 61 IX"$"8° Hist. nat. 61"$"8° Hist. nat. 61"$"Hist. nat. 61 IX"$"Hist. nat. 61"$"8° Cod. Ms. hist. nat. 61"$"8° Cod. Ms. hist. nat. 61 IX"$"8° Cod. Ms. hist. nat. 61 : 9"$"Hist. nat. 61, Bd. 9"
"Göttingen"$"4021477-1"$"Niedersächsische Staats- und Universitätsbibliothek Göttingen"$"2020450-4"$"8 Cod. Ms. hist. nat. 7"$"8o Hist. nat. 7"$"8° Hist. nat. 7"$"8º Hist. nat. 7"$"Hist. nat. 7"$"8° Cod. Ms. hist. nat. 7"
"Göttingen"$"4021477-1"$"Niedersächsische Staats- und Universitätsbibliothek Göttingen"$"2020450-4"$"8 Cod. Ms. hist. nat. 75 Cim."$"8o Hist. nat 75"$"8° Hist. nat 75"$"8º Hist. nat 75"$"Hist. nat. 75"$"8° Cod. Ms. hist. nat. 75"$"8° Cod. Ms. hist. nat. 75 Cim."
"Göttingen"$"4021477-1"$"Niedersächsische Staats- und Universitätsbibliothek Göttingen"$"2020450-4"$"8 Cod. Ms. hist. nat. 77"$"8o Hist. nat. 77"$"8° Hist. nat. 77"$"8º Hist. nat. 77"$"Hist. nat. 77"$"8° Cod. Ms. hist. nat. 77"
"Göttingen"$"4021477-1"$"Niedersächsische Staats- und Universitätsbibliothek Göttingen"$"2020450-4"$"8 Cod. Ms. hist. nat. 8"$"8o Hist. nat. 8"$"8° Hist. nat. 8"$"8º Hist. nat. 8"$"Hist. nat. 8"$"8° Cod. Ms. hist. nat. 8"
"Göttingen"$"4021477-1"$"Niedersächsische Staats- und Universitätsbibliothek Göttingen"$"2020450-4"$"8 Cod. Ms. hist. nat. 80 : 1"$"8 Cod. Ms. hist. nat. 80"$"8o Hist. nat 80 I"$"8° Hist. nat 80 I"$"8° Hist. nat 80 I"$"8° Hist. nat 80"$"8° Hist. nat 80"$"Hist. nat. 80 I"$"Hist. nat. 80"$"8° Cod. Ms. hist. nat. I"$"8° Cod. Ms. hist. nat. 80 I"$"8° Cod. Ms. hist. nat. 80 : I"$"Hist. nat. 80, Bd. I"
"Göttingen"$"4021477-1"$"Niedersächsische Staats- und Universitätsbibliothek Göttingen"$"2020450-4"$"8 Cod. Ms. hist. nat. 80 : 2"$"8 Cod. Ms. hist. nat. 80"$"8o Hist. nat 80 II"$"8° Hist. nat 80 II"$"8° Hist. nat 80 II"$"8° Hist. nat 80"$"8° Hist. nat 80"$"Hist. nat. 80 II"$"Hist. nat. 80"$"8° Cod. Ms. hist. nat. II"$"8° Cod. Ms. hist. nat. 80 II"$"8° Cod. Ms. hist. nat. 80 : II"$"Hist. nat. 80, Bd. II"
"Göttingen"$"4021477-1"$"Niedersächsische Staats- und Universitätsbibliothek Göttingen"$"2020450-4"$"8 Cod. Ms. hist. nat. 80 : 3"$"8 Cod. Ms. hist. nat. 80"$"8o Hist. nat 80 III"$"8° Hist. nat 80 III"$"8° Hist. nat 80 III"$"8° Hist. nat 80"$"8° Hist. nat 80"$"Hist. nat. 80 III"$"Hist. nat. 80"$"8° Cod. Ms. hist. nat. III"$"8° Cod. Ms. hist. nat. 80 III"$"8° Cod. Ms. hist. nat. 80 : III"$"Hist. nat. 80, Bd. III"
"Göttingen"$"4021477-1"$"Niedersächsische Staats- und Universitätsbibliothek Göttingen"$"2020450-4"$"8 Cod. Ms. hist. nat. 83"$"8o Hist. nat. 83"$"8° Hist. nat. 83"$"8º Hist. nat. 83"$"Hist. nat. 83"$"8° Cod. Ms. hist. nat. 83"
"Göttingen"$"4021477-1"$"Niedersächsische Staats- und Universitätsbibliothek Göttingen"$"2020450-4"$"8 Cod. Ms. hist. nat. 9"$"8o Hist. nat. 9"$"8° Hist. nat. 9"$"8º Hist. nat. 9"$"Hist. nat. 9"$"8° Cod. Ms. hist. nat. 9"
"Göttingen"$"4021477-1"$"Niedersächsische Staats- und Universitätsbibliothek Göttingen"$"2020450-4"$"8 Cod. Ms. hist. nat. 96"$"8o Hist. nat. 96"$"8° Hist. nat. 96"$"8º Hist. nat. 96"$"Hist. nat. 96"$"8° Cod. Ms. hist. nat. 96"
"Göttingen"$"4021477-1"$"Niedersächsische Staats- und Universitätsbibliothek Göttingen"$"2020450-4"$"8 Cod. Ms. hist. nat. 97"$"8o Hist. nat. 97"$"8° Hist. nat. 97"$"8º Hist. nat. 97"$"Hist. nat. 97"$"8° Cod. Ms. hist. nat. 97"
"Göttingen"$"4021477-1"$"Niedersächsische Staats- und Universitätsbibliothek Göttingen"$"2020450-4"$"8 Cod. Ms. hist. nat. 98"$"8o Hist. nat. 98"$"8° Hist. nat. 98"$"8º Hist. nat. 98"$"Hist. nat. 98"$"8° Cod. Ms. hist. nat. 98"
"Göttingen"$"4021477-1"$"Niedersächsische Staats- und Universitätsbibliothek Göttingen"$"2020450-4"$"8 Cod. Ms. Luneb. 102"$"8o Luneb. 102"$"8° Luneb. 102"$"8º Luneb. 102"$"Luneb. 102"$"8° Cod. Ms. Luneb. 102"
"Göttingen"$"4021477-1"$"Niedersächsische Staats- und Universitätsbibliothek Göttingen"$"2020450-4"$"8 Cod. Ms. Luneb. 103"$"8o Luneb. 103"$"8° Luneb. 103"$"8º Luneb. 103"$"Luneb. 103"$"8° Cod. Ms. Luneb. 103"
"Göttingen"$"4021477-1"$"Niedersächsische Staats- und Universitätsbibliothek Göttingen"$"2020450-4"$"8 Cod. Ms. Luneb. 108"$"8o Luneb. 108"$"8° Luneb. 108"$"8º Luneb. 108"$"Luneb. 108"$"8° Cod. Ms. Luneb. 108"
"Göttingen"$"4021477-1"$"Niedersächsische Staats- und Universitätsbibliothek Göttingen"$"2020450-4"$"8 Cod. Ms. Luneb. 109"$"8o Luneb. 109"$"8° Luneb. 109"$"8º Luneb. 109"$"Luneb. 109"$"8° Cod. Ms. Luneb. 109"
"Göttingen"$"4021477-1"$"Niedersächsische Staats- und Universitätsbibliothek Göttingen"$"2020450-4"$"8 Cod. Ms. Luneb. 110"$"8o Luneb. 110"$"8° Luneb. 110"$"8º Luneb. 110"$"Luneb. 110"$"8° Cod. Ms. Luneb. 110"
"Göttingen"$"4021477-1"$"Niedersächsische Staats- und Universitätsbibliothek Göttingen"$"2020450-4"$"8 Cod. Ms. Luneb. 111"$"8o Luneb. 111"$"8° Luneb. 111"$"8º Luneb. 111"$"Luneb. 111"$"8° Cod. Ms. Luneb. 111"
"Göttingen"$"4021477-1"$"Niedersächsische Staats- und Universitätsbibliothek Göttingen"$"2020450-4"$"8 Cod. Ms. Luneb. 113"$"8o Luneb. 113"$"8° Luneb. 113"$"8º Luneb. 113"$"Luneb. 113"$"8° Cod. Ms. Luneb. 113"
"Göttingen"$"4021477-1"$"Niedersächsische Staats- und Universitätsbibliothek Göttingen"$"2020450-4"$"8 Cod. Ms. Luneb. 114"$"8o Luneb. 114"$"8° Luneb. 114"$"8º Luneb. 114"$"Luneb. 114"$"8° Cod. Ms. Luneb. 114"
"Göttingen"$"4021477-1"$"Niedersächsische Staats- und Universitätsbibliothek Göttingen"$"2020450-4"$"8 Cod. Ms. Luneb. 115"$"8o Luneb. 115"$"8° Luneb. 115"$"8º Luneb. 115"$"Luneb. 115"$"8° Cod. Ms. Luneb. 115"
"Göttingen"$"4021477-1"$"Niedersächsische Staats- und Universitätsbibliothek Göttingen"$"2020450-4"$"8 Cod. Ms. Luneb. 117"$"8o Luneb. 117"$"8° Luneb. 117"$"8º Luneb. 117"$"Luneb. 117"$"8° Cod. Ms. Luneb. 117"
"Göttingen"$"4021477-1"$"Niedersächsische Staats- und Universitätsbibliothek Göttingen"$"2020450-4"$"8 Cod. Ms. Luneb. 118 : 1"$"8 Cod. Ms. Luneb. 118"$"8o Luneb 118 I"$"8° Luneb 118 I"$"8° Luneb 118 I"$"8° Luneb 118"$"8° Luneb 118"$"Luneb. 118 I"$"Luneb. 118"$"8° Cod. Ms. Luneb. I"$"8° Cod. Ms. Luneb. 118 I"$"8° Cod. Ms. Luneb. 118 : I"$"Luneb. 118, Bd. I"
"Göttingen"$"4021477-1"$"Niedersächsische Staats- und Universitätsbibliothek Göttingen"$"2020450-4"$"8 Cod. Ms. Luneb. 118 : 2"$"8 Cod. Ms. Luneb. 118"$"8o Luneb 118 II"$"8° Luneb 118 II"$"8° Luneb 118 II"$"8° Luneb 118"$"8° Luneb 118"$"Luneb. 118 II"$"Luneb. 118"$"8° Cod. Ms. Luneb. II"$"8° Cod. Ms. Luneb. 118 II"$"8° Cod. Ms. Luneb. 118 : II"$"Luneb. 118, Bd. II"
"Göttingen"$"4021477-1"$"Niedersächsische Staats- und Universitätsbibliothek Göttingen"$"2020450-4"$"8 Cod. Ms. Luneb. 118 : 3"$"8 Cod. Ms. Luneb. 118"$"8o Luneb 118 III"$"8° Luneb 118 III"$"8° Luneb 118 III"$"8° Luneb 118"$"8° Luneb 118"$"Luneb. 118 III"$"Luneb. 118"$"8° Cod. Ms. Luneb. III"$"8° Cod. Ms. Luneb. 118 III"$"8° Cod. Ms. Luneb. 118 : III"$"Luneb. 118, Bd. III"
"Göttingen"$"4021477-1"$"Niedersächsische Staats- und Universitätsbibliothek Göttingen"$"2020450-4"$"8 Cod. Ms. Luneb. 121"$"8o Luneb. 121"$"8° Luneb. 121"$"8º Luneb. 121"$"Luneb. 121"$"8° Cod. Ms. Luneb. 121"
"Göttingen"$"4021477-1"$"Niedersächsische Staats- und Universitätsbibliothek Göttingen"$"2020450-4"$"8 Cod. Ms. Luneb. 65"$"8o Luneb. 65"$"8° Luneb. 65"$"8º Luneb. 65"$"Luneb. 65"$"8° Cod. Ms. Luneb. 65"
"Göttingen"$"4021477-1"$"Niedersächsische Staats- und Universitätsbibliothek Göttingen"$"2020450-4"$"8 Cod. Ms. Luneb. 66"$"8o Luneb. 66"$"8° Luneb. 66"$"8º Luneb. 66"$"Luneb. 66"$"8° Cod. Ms. Luneb. 66"
"Göttingen"$"4021477-1"$"Niedersächsische Staats- und Universitätsbibliothek Göttingen"$"2020450-4"$"8 Cod. Ms. Luneb. 68"$"8o Luneb. 68"$"8° Luneb. 68"$"8º Luneb. 68"$"Luneb. 68"$"8° Cod. Ms. Luneb. 68"
"Göttingen"$"4021477-1"$"Niedersächsische Staats- und Universitätsbibliothek Göttingen"$"2020450-4"$"8 Cod. Ms. Luneb. 69"$"8o Luneb. 69"$"8° Luneb. 69"$"8º Luneb. 69"$"Luneb. 69"$"8° Cod. Ms. Luneb. 69"
"Göttingen"$"4021477-1"$"Niedersächsische Staats- und Universitätsbibliothek Göttingen"$"2020450-4"$"8 Cod. Ms. Luneb. 70"$"8o Luneb. 70"$"8° Luneb. 70"$"8º Luneb. 70"$"Luneb. 70"$"8° Cod. Ms. Luneb. 70"
"Göttingen"$"4021477-1"$"Niedersächsische Staats- und Universitätsbibliothek Göttingen"$"2020450-4"$"8 Cod. Ms. Luneb. 71"$"8o Luneb. 71"$"8° Luneb. 71"$"8º Luneb. 71"$"Luneb. 71"$"8° Cod. Ms. Luneb. 71"
"Göttingen"$"4021477-1"$"Niedersächsische Staats- und Universitätsbibliothek Göttingen"$"2020450-4"$"8 Cod. Ms. Luneb. 72"$"8o Luneb. 72"$"8° Luneb. 72"$"8º Luneb. 72"$"Luneb. 72"$"8° Cod. Ms. Luneb. 72"
"Göttingen"$"4021477-1"$"Niedersächsische Staats- und Universitätsbibliothek Göttingen"$"2020450-4"$"8 Cod. Ms. Luneb. 73"$"8o Luneb. 73"$"8° Luneb. 73"$"8º Luneb. 73"$"Luneb. 73"$"8° Cod. Ms. Luneb. 73"
"Göttingen"$"4021477-1"$"Niedersächsische Staats- und Universitätsbibliothek Göttingen"$"2020450-4"$"8 Cod. Ms. Luneb. 74"$"8o Luneb. 74"$"8° Luneb. 74"$"8º Luneb. 74"$"Luneb. 74"$"8° Cod. Ms. Luneb. 74"
"Göttingen"$"4021477-1"$"Niedersächsische Staats- und Universitätsbibliothek Göttingen"$"2020450-4"$"8 Cod. Ms. Luneb. 75"$"8o Luneb. 75"$"8° Luneb. 75"$"8º Luneb. 75"$"Luneb. 75"$"8° Cod. Ms. Luneb. 75"
"Göttingen"$"4021477-1"$"Niedersächsische Staats- und Universitätsbibliothek Göttingen"$"2020450-4"$"8 Cod. Ms. Luneb. 76"$"8o Luneb. 76"$"8° Luneb. 76"$"8º Luneb. 76"$"Luneb. 76"$"8° Cod. Ms. Luneb. 76"
"Göttingen"$"4021477-1"$"Niedersächsische Staats- und Universitätsbibliothek Göttingen"$"2020450-4"$"8 Cod. Ms. Luneb. 78"$"8o Luneb. 78"$"8° Luneb. 78"$"8º Luneb. 78"$"Luneb. 78"$"8° Cod. Ms. Luneb. 78"
"Göttingen"$"4021477-1"$"Niedersächsische Staats- und Universitätsbibliothek Göttingen"$"2020450-4"$"8 Cod. Ms. Luneb. 79"$"8o Luneb. 79"$"8° Luneb. 79"$"8º Luneb. 79"$"Luneb. 79"$"8° Cod. Ms. Luneb. 79"
"Göttingen"$"4021477-1"$"Niedersächsische Staats- und Universitätsbibliothek Göttingen"$"2020450-4"$"8 Cod. Ms. Luneb. 81"$"8o Luneb. 81"$"8° Luneb. 81"$"8º Luneb. 81"$"Luneb. 81"$"8° Cod. Ms. Luneb. 81"
"Göttingen"$"4021477-1"$"Niedersächsische Staats- und Universitätsbibliothek Göttingen"$"2020450-4"$"8 Cod. Ms. Luneb. 82"$"8o Luneb. 82"$"8° Luneb. 82"$"8º Luneb. 82"$"Luneb. 82"$"8° Cod. Ms. Luneb. 82"
"Göttingen"$"4021477-1"$"Niedersächsische Staats- und Universitätsbibliothek Göttingen"$"2020450-4"$"8 Cod. Ms. Luneb. 83"$"8o Luneb. 83"$"8° Luneb. 83"$"8º Luneb. 83"$"Luneb. 83"$"8° Cod. Ms. Luneb. 83"
"Göttingen"$"4021477-1"$"Niedersächsische Staats- und Universitätsbibliothek Göttingen"$"2020450-4"$"8 Cod. Ms. Luneb. 84"$"8o Luneb. 84"$"8° Luneb. 84"$"8º Luneb. 84"$"Luneb. 84"$"8° Cod. Ms. Luneb. 84"
"Göttingen"$"4021477-1"$"Niedersächsische Staats- und Universitätsbibliothek Göttingen"$"2020450-4"$"8 Cod. Ms. Luneb. 85"$"8o Luneb. 85"$"8° Luneb. 85"$"8º Luneb. 85"$"Luneb. 85"$"8° Cod. Ms. Luneb. 85"
"Göttingen"$"4021477-1"$"Niedersächsische Staats- und Universitätsbibliothek Göttingen"$"2020450-4"$"8 Cod. Ms. Luneb. 86"$"8o Luneb. 86"$"8° Luneb. 86"$"8º Luneb. 86"$"Luneb. 86"$"8° Cod. Ms. Luneb. 86"
"Göttingen"$"4021477-1"$"Niedersächsische Staats- und Universitätsbibliothek Göttingen"$"2020450-4"$"8 Cod. Ms. Luneb. 87"$"8o Luneb. 87"$"8° Luneb. 87"$"8º Luneb. 87"$"Luneb. 87"$"8° Cod. Ms. Luneb. 87"
"Göttingen"$"4021477-1"$"Niedersächsische Staats- und Universitätsbibliothek Göttingen"$"2020450-4"$"8 Cod. Ms. Luneb. 96"$"8o Luneb. 96"$"8° Luneb. 96"$"8º Luneb. 96"$"Luneb. 96"$"8° Cod. Ms. Luneb. 96"
"Göttingen"$"4021477-1"$"Niedersächsische Staats- und Universitätsbibliothek Göttingen"$"2020450-4"$"8 Cod. Ms. Luneb. 99"$"8o Luneb. 99"$"8° Luneb. 99"$"8º Luneb. 99"$"Luneb. 99"$"8° Cod. Ms. Luneb. 99"
"Göttingen"$"4021477-1"$"Niedersächsische Staats- und Universitätsbibliothek Göttingen"$"2020450-4"$"8 Cod. Ms. theol. 19"$"8o Theol. 19"$"8° Theol. 19"$"8º Theol. 19"$"Theol. 19"$"8° Cod. Ms. theol. 19"
"Göttingen"$"4021477-1"$"Niedersächsische Staats- und Universitätsbibliothek Göttingen"$"2020450-4"$"8 Cod. Ms. theol. 103"$"8o Theol. 103"$"8° Theol. 103"$"8º Theol. 103"$"Theol. 103"$"8° Cod. Ms. theol. 103"
"Göttingen"$"4021477-1"$"Niedersächsische Staats- und Universitätsbibliothek Göttingen"$"2020450-4"$"8 Cod. Ms. theol. 105"$"8o Theol. 105"$"8° Theol. 105"$"8º Theol. 105"$"Theol. 105"$"8° Cod. Ms. theol. 105"
"Göttingen"$"4021477-1"$"Niedersächsische Staats- und Universitätsbibliothek Göttingen"$"2020450-4"$"8 Cod. Ms. theol. 107"$"8o Theol. 107"$"8° Theol. 107"$"8º Theol. 107"$"Theol. 107"$"8° Cod. Ms. theol. 107"
"Göttingen"$"4021477-1"$"Niedersächsische Staats- und Universitätsbibliothek Göttingen"$"2020450-4"$"8 Cod. Ms. theol. 108"$"8o Theol. 108"$"8° Theol. 108"$"8º Theol. 108"$"Theol. 108"$"8° Cod. Ms. theol. 108"
"Göttingen"$"4021477-1"$"Niedersächsische Staats- und Universitätsbibliothek Göttingen"$"2020450-4"$"8 Cod. Ms. theol. 109"$"8o Theol. 109"$"8° Theol. 109"$"8º Theol. 109"$"Theol. 109"$"8° Cod. Ms. theol. 109"
"Göttingen"$"4021477-1"$"Niedersächsische Staats- und Universitätsbibliothek Göttingen"$"2020450-4"$"8 Cod. Ms. theol. 109 b"$"8o Theol. 109b"$"8° Theol. 109b"$"8º Theol. 109b"$"Theol. 109b"$"Theol. 109 b"$"8° Cod. Ms. theol. 109b"$"8° Cod. Ms. theol. 109 b"
"Göttingen"$"4021477-1"$"Niedersächsische Staats- und Universitätsbibliothek Göttingen"$"2020450-4"$"8 Cod. Ms. theol. 111"$"8o Theol. 111"$"8° Theol. 111"$"8º Theol. 111"$"Theol. 111"$"8° Cod. Ms. theol. 111"
"Göttingen"$"4021477-1"$"Niedersächsische Staats- und Universitätsbibliothek Göttingen"$"2020450-4"$"8 Cod. Ms. theol. 112"$"8o Theol. 112"$"8° Theol. 112"$"8º Theol. 112"$"Theol. 112"$"8° Cod. Ms. theol. 112"
"Göttingen"$"4021477-1"$"Niedersächsische Staats- und Universitätsbibliothek Göttingen"$"2020450-4"$"8 Cod. Ms. theol. 114"$"8o Theol. 114"$"8° Theol. 114"$"8º Theol. 114"$"Theol. 114"$"8° Cod. Ms. theol. 114"
"Göttingen"$"4021477-1"$"Niedersächsische Staats- und Universitätsbibliothek Göttingen"$"2020450-4"$"8 Cod. Ms. theol. 116"$"8o Theol. 116"$"8° Theol. 116"$"8º Theol. 116"$"Theol. 116"$"8° Cod. Ms. theol. 116"
"Göttingen"$"4021477-1"$"Niedersächsische Staats- und Universitätsbibliothek Göttingen"$"2020450-4"$"8 Cod. Ms. theol. 125"$"8o Theol. 125"$"8° Theol. 125"$"8º Theol. 125"$"Theol. 125"$"8° Cod. Ms. theol. 125"
"Göttingen"$"4021477-1"$"Niedersächsische Staats- und Universitätsbibliothek Göttingen"$"2020450-4"$"8 Cod. Ms. theol. 129"$"8o Theol. 129"$"8° Theol. 129"$"8º Theol. 129"$"Theol. 129"$"8° Cod. Ms. theol. 129"
"Göttingen"$"4021477-1"$"Niedersächsische Staats- und Universitätsbibliothek Göttingen"$"2020450-4"$"8 Cod. Ms. theol. 130"$"8o Theol. 130"$"8° Theol. 130"$"8º Theol. 130"$"Theol. 130"$"8° Cod. Ms. theol. 130"
"Göttingen"$"4021477-1"$"Niedersächsische Staats- und Universitätsbibliothek Göttingen"$"2020450-4"$"8 Cod. Ms. theol. 131"$"8o Theol. 131"$"8° Theol. 131"$"8º Theol. 131"$"Theol. 131"$"8° Cod. Ms. theol. 131"
"Göttingen"$"4021477-1"$"Niedersächsische Staats- und Universitätsbibliothek Göttingen"$"2020450-4"$"8 Cod. Ms. theol. 132"$"8o Theol. 132"$"8° Theol. 132"$"8º Theol. 132"$"Theol. 132"$"8° Cod. Ms. theol. 132"
"Göttingen"$"4021477-1"$"Niedersächsische Staats- und Universitätsbibliothek Göttingen"$"2020450-4"$"8 Cod. Ms. theol. 137"$"8o Theol. 137"$"8° Theol. 137"$"8º Theol. 137"$"Theol. 137"$"8° Cod. Ms. theol. 137"
"Göttingen"$"4021477-1"$"Niedersächsische Staats- und Universitätsbibliothek Göttingen"$"2020450-4"$"8 Cod. Ms. theol. 141"$"8o Theol. 141"$"8° Theol. 141"$"8º Theol. 141"$"Theol. 141"$"8° Cod. Ms. theol. 141"
"Göttingen"$"4021477-1"$"Niedersächsische Staats- und Universitätsbibliothek Göttingen"$"2020450-4"$"8 Cod. Ms. theol. 145"$"8o Theol. 145"$"8° Theol. 145"$"8º Theol. 145"$"Theol. 145"$"8° Cod. Ms. theol. 145"
"Göttingen"$"4021477-1"$"Niedersächsische Staats- und Universitätsbibliothek Göttingen"$"2020450-4"$"8 Cod. Ms. theol. 146"$"8o Theol. 146"$"8° Theol. 146"$"8º Theol. 146"$"Theol. 146"$"8° Cod. Ms. theol. 146"
"Göttingen"$"4021477-1"$"Niedersächsische Staats- und Universitätsbibliothek Göttingen"$"2020450-4"$"8 Cod. Ms. theol. 150"$"8o Theol. 150"$"8° Theol. 150"$"8º Theol. 150"$"Theol. 150"$"8° Cod. Ms. theol. 150"
"Göttingen"$"4021477-1"$"Niedersächsische Staats- und Universitätsbibliothek Göttingen"$"2020450-4"$"8 Cod. Ms. theol. 154"$"8o Theol. 154"$"8° Theol. 154"$"8º Theol. 154"$"Theol. 154"$"8° Cod. Ms. theol. 154"
"Göttingen"$"4021477-1"$"Niedersächsische Staats- und Universitätsbibliothek Göttingen"$"2020450-4"$"8 Cod. Ms. theol. 156"$"8o Theol. 156"$"8° Theol. 156"$"8º Theol. 156"$"Theol. 156"$"8° Cod. Ms. theol. 156"
"Göttingen"$"4021477-1"$"Niedersächsische Staats- und Universitätsbibliothek Göttingen"$"2020450-4"$"8 Cod. Ms. theol. 156 a"$"8o Theol. 156a"$"8° Theol. 156a"$"8º Theol. 156a"$"Theol. 156a"$"Theol. 156 a"$"8° Cod. Ms. theol. 156a"$"8° Cod. Ms. theol. 156 a"
"Göttingen"$"4021477-1"$"Niedersächsische Staats- und Universitätsbibliothek Göttingen"$"2020450-4"$"8 Cod. Ms. theol. 156 c"$"8o Theol. 156c"$"8° Theol. 156c"$"8º Theol. 156c"$"Theol. 156c"$"Theol. 156 c"$"8° Cod. Ms. theol. 156c"$"8° Cod. Ms. theol. 156 c"
"Göttingen"$"4021477-1"$"Niedersächsische Staats- und Universitätsbibliothek Göttingen"$"2020450-4"$"8 Cod. Ms. theol. 156 h"$"8o Theol. 156h"$"8° Theol. 156h"$"8º Theol. 156h"$"Theol. 156h"$"Theol. 156 h"$"8° Cod. Ms. theol. 156h"$"8° Cod. Ms. theol. 156 h"
"Göttingen"$"4021477-1"$"Niedersächsische Staats- und Universitätsbibliothek Göttingen"$"2020450-4"$"8 Cod. Ms. theol. 159"$"8o Theol. 159"$"8° Theol. 159"$"8º Theol. 159"$"Theol. 159"$"8° Cod. Ms. theol. 159"
"Göttingen"$"4021477-1"$"Niedersächsische Staats- und Universitätsbibliothek Göttingen"$"2020450-4"$"8 Cod. Ms. theol. 163"$"8o Theol. 163"$"8° Theol. 163"$"8º Theol. 163"$"Theol. 163"$"8° Cod. Ms. theol. 163"
"Göttingen"$"4021477-1"$"Niedersächsische Staats- und Universitätsbibliothek Göttingen"$"2020450-4"$"8 Cod. Ms. theol. 163 m : 1"$"8 Cod. Ms. theol. 163 m"$"8o Theol. 163m I"$"8° Theol. 163m I"$"8° Theol. 163m I"$"8° Theol. 163m"$"8° Theol. 163m"$"Theol. 163m I"$"Theol. 163m"$"Theol. 163 m"$"8° Cod. Ms. theol. 163m"$"8° Cod. Ms. theol. 163 m"$"8° Cod. Ms. theol. 163m I"$"8° Cod. Ms. theol. 163 m I"$"8° Cod. Ms. theol. 163m : 1"$"8° Cod. Ms. theol. 163 m : 1"$"8 Cod. Ms. theol. 163m : 1"$"Theol. 163 m, Bd. 1"$"Theol. 163 m, Bd. I"$"8 Cod. Ms. theol. 163 m : I"$"8 Cod. Ms. theol. 163 m : Bd. I"
"Göttingen"$"4021477-1"$"Niedersächsische Staats- und Universitätsbibliothek Göttingen"$"2020450-4"$"8 Cod. Ms. theol. 163 m : 2"$"8 Cod. Ms. theol. 163 m"$"8o Theol. 163m II"$"8° Theol. 163m II"$"8° Theol. 163m II"$"8° Theol. 163m"$"8° Theol. 163m"$"Theol. 163m II"$"Theol. 163m"$"Theol. 163 m"$"8° Cod. Ms. theol. 163m"$"8° Cod. Ms. theol. 163 m"$"8° Cod. Ms. theol. 163m II"$"8° Cod. Ms. theol. 163 m II"$"8° Cod. Ms. theol. 163m : 2"$"8° Cod. Ms. theol. 163 m : 2"$"8 Cod. Ms. theol. 163m : 2"$"Theol. 163 m, Bd. 2"$"Theol. 163 m, Bd. II"$"8 Cod. Ms. theol. 163 m : II"$"8 Cod. Ms. theol. 163 m : Bd. II"
"Göttingen"$"4021477-1"$"Niedersächsische Staats- und Universitätsbibliothek Göttingen"$"2020450-4"$"8 Cod. Ms. theol. 163 m : 3"$"8 Cod. Ms. theol. 163 m"$"8o Theol. 163m III"$"8° Theol. 163m III"$"8° Theol. 163m III"$"8° Theol. 163m"$"8° Theol. 163m"$"Theol. 163m III"$"Theol. 163m"$"Theol. 163 m"$"8° Cod. Ms. theol. 163m"$"8° Cod. Ms. theol. 163 m"$"8° Cod. Ms. theol. 163m III"$"8° Cod. Ms. theol. 163 m III"$"8° Cod. Ms. theol. 163m : 3"$"8° Cod. Ms. theol. 163 m : 3"$"8 Cod. Ms. theol. 163m : 3"$"Theol. 163 m, Bd. 3"$"Theol. 163 m, Bd. III"$"8 Cod. Ms. theol. 163 m : III"$"8 Cod. Ms. theol. 163 m : Bd. III"
"Göttingen"$"4021477-1"$"Niedersächsische Staats- und Universitätsbibliothek Göttingen"$"2020450-4"$"8 Cod. Ms. theol. 164"$"8o Theol. 164"$"8° Theol. 164"$"8º Theol. 164"$"Theol. 164"$"8° Cod. Ms. theol. 164"
"Göttingen"$"4021477-1"$"Niedersächsische Staats- und Universitätsbibliothek Göttingen"$"2020450-4"$"8 Cod. Ms. theol. 167"$"8o Theol. 167"$"8° Theol. 167"$"8º Theol. 167"$"Theol. 167"$"8° Cod. Ms. theol. 167"
"Göttingen"$"4021477-1"$"Niedersächsische Staats- und Universitätsbibliothek Göttingen"$"2020450-4"$"8 Cod. Ms. theol. 168"$"8o Theol. 168"$"8° Theol. 168"$"8º Theol. 168"$"Theol. 168"$"8° Cod. Ms. theol. 168"
"Göttingen"$"4021477-1"$"Niedersächsische Staats- und Universitätsbibliothek Göttingen"$"2020450-4"$"8 Cod. Ms. theol. 183"$"8o Theol. 183"$"8° Theol. 183"$"8º Theol. 183"$"Theol. 183"$"8° Cod. Ms. theol. 183"
"Göttingen"$"4021477-1"$"Niedersächsische Staats- und Universitätsbibliothek Göttingen"$"2020450-4"$"8 Cod. Ms. theol. 184"$"8o Theol. 184"$"8° Theol. 184"$"8º Theol. 184"$"Theol. 184"$"8° Cod. Ms. theol. 184"
"Göttingen"$"4021477-1"$"Niedersächsische Staats- und Universitätsbibliothek Göttingen"$"2020450-4"$"8 Cod. Ms. theol. 186 a"$"8o Theol. 186a"$"8° Theol. 186a"$"8º Theol. 186a"$"Theol. 186a"$"Theol. 186 a"$"8° Cod. Ms. theol. 186a"$"8° Cod. Ms. theol. 186 a"
"Göttingen"$"4021477-1"$"Niedersächsische Staats- und Universitätsbibliothek Göttingen"$"2020450-4"$"8 Cod. Ms. theol. 187"$"8o Theol. 187"$"8° Theol. 187"$"8º Theol. 187"$"Theol. 187"$"8° Cod. Ms. theol. 187"
"Göttingen"$"4021477-1"$"Niedersächsische Staats- und Universitätsbibliothek Göttingen"$"2020450-4"$"8 Cod. Ms. theol. 188"$"8o Theol. 188"$"8° Theol. 188"$"8º Theol. 188"$"Theol. 188"$"8° Cod. Ms. theol. 188"
"Göttingen"$"4021477-1"$"Niedersächsische Staats- und Universitätsbibliothek Göttingen"$"2020450-4"$"8 Cod. Ms. theol. 190"$"8o Theol. 190"$"8° Theol. 190"$"8º Theol. 190"$"Theol. 190"$"8° Cod. Ms. theol. 190"
"Göttingen"$"4021477-1"$"Niedersächsische Staats- und Universitätsbibliothek Göttingen"$"2020450-4"$"8 Cod. Ms. theol. 193"$"8o Theol. 193"$"8° Theol. 193"$"8º Theol. 193"$"Theol. 193"$"8° Cod. Ms. theol. 193"
"Göttingen"$"4021477-1"$"Niedersächsische Staats- und Universitätsbibliothek Göttingen"$"2020450-4"$"8 Cod. Ms. theol. 194"$"8o Theol. 194"$"8° Theol. 194"$"8º Theol. 194"$"Theol. 194"$"8° Cod. Ms. theol. 194"
"Göttingen"$"4021477-1"$"Niedersächsische Staats- und Universitätsbibliothek Göttingen"$"2020450-4"$"8 Cod. Ms. theol. 196"$"8o Theol. 196"$"8° Theol. 196"$"8º Theol. 196"$"Theol. 196"$"8° Cod. Ms. theol. 196"
"Göttingen"$"4021477-1"$"Niedersächsische Staats- und Universitätsbibliothek Göttingen"$"2020450-4"$"8 Cod. Ms. theol. 198"$"8o Theol. 198"$"8° Theol. 198"$"8º Theol. 198"$"Theol. 198"$"8° Cod. Ms. theol. 198"
"Göttingen"$"4021477-1"$"Niedersächsische Staats- und Universitätsbibliothek Göttingen"$"2020450-4"$"8 Cod. Ms. theol. 2 Cim."$"8o Theol. 2"$"8° Theol. 2"$"8º Theol. 2"$"Theol. 2"$"8° Cod. Ms. theol. 2"$"8° Cod. Ms. theol. 2 Cim."
"Göttingen"$"4021477-1"$"Niedersächsische Staats- und Universitätsbibliothek Göttingen"$"2020450-4"$"8 Cod. Ms. theol. 200 i"$"8o Theol. 200i"$"8° Theol. 200i"$"8º Theol. 200i"$"Theol. 200i"$"Theol. 200 i"$"8° Cod. Ms. theol. 200i"$"8° Cod. Ms. theol. 200 i"
"Göttingen"$"4021477-1"$"Niedersächsische Staats- und Universitätsbibliothek Göttingen"$"2020450-4"$"8 Cod. Ms. theol. 203"$"8o Theol. 203"$"8° Theol. 203"$"8º Theol. 203"$"Theol. 203"$"8° Cod. Ms. theol. 203"
"Göttingen"$"4021477-1"$"Niedersächsische Staats- und Universitätsbibliothek Göttingen"$"2020450-4"$"8 Cod. Ms. theol. 205"$"8o Theol. 205"$"8° Theol. 205"$"8º Theol. 205"$"Theol. 205"$"8° Cod. Ms. theol. 205"
"Göttingen"$"4021477-1"$"Niedersächsische Staats- und Universitätsbibliothek Göttingen"$"2020450-4"$"8 Cod. Ms. theol. 206"$"8o Theol. 206"$"8° Theol. 206"$"8º Theol. 206"$"Theol. 206"$"8° Cod. Ms. theol. 206"
"Göttingen"$"4021477-1"$"Niedersächsische Staats- und Universitätsbibliothek Göttingen"$"2020450-4"$"8 Cod. Ms. theol. 212"$"8o Theol. 212"$"8° Theol. 212"$"8º Theol. 212"$"Theol. 212"$"8° Cod. Ms. theol. 212"
"Göttingen"$"4021477-1"$"Niedersächsische Staats- und Universitätsbibliothek Göttingen"$"2020450-4"$"8 Cod. Ms. theol. 212 b"$"8o Theol. 212b"$"8° Theol. 212b"$"8º Theol. 212b"$"Theol. 212b"$"Theol. 212 b"$"8° Cod. Ms. theol. 212b"$"8° Cod. Ms. theol. 212 b"
"Göttingen"$"4021477-1"$"Niedersächsische Staats- und Universitätsbibliothek Göttingen"$"2020450-4"$"8 Cod. Ms. theol. 213"$"8o Theol. 213"$"8° Theol. 213"$"8º Theol. 213"$"Theol. 213"$"8° Cod. Ms. theol. 213"
"Göttingen"$"4021477-1"$"Niedersächsische Staats- und Universitätsbibliothek Göttingen"$"2020450-4"$"8 Cod. Ms. theol. 216"$"8o Theol. 216"$"8° Theol. 216"$"8º Theol. 216"$"Theol. 216"$"8° Cod. Ms. theol. 216"
"Göttingen"$"4021477-1"$"Niedersächsische Staats- und Universitätsbibliothek Göttingen"$"2020450-4"$"8 Cod. Ms. theol. 217 Cim."$"8o Theol. 217"$"8° Theol. 217"$"8º Theol. 217"$"Theol. 217"$"8° Cod. Ms. theol. 217"$"8° Cod. Ms. theol. 217 Cim."
"Göttingen"$"4021477-1"$"Niedersächsische Staats- und Universitätsbibliothek Göttingen"$"2020450-4"$"8 Cod. Ms. theol. 218"$"8o Theol. 218"$"8° Theol. 218"$"8º Theol. 218"$"Theol. 218"$"8° Cod. Ms. theol. 218"
"Göttingen"$"4021477-1"$"Niedersächsische Staats- und Universitätsbibliothek Göttingen"$"2020450-4"$"8 Cod. Ms. theol. 219"$"8o Theol. 219"$"8° Theol. 219"$"8º Theol. 219"$"Theol. 219"$"8° Cod. Ms. theol. 219"
"Göttingen"$"4021477-1"$"Niedersächsische Staats- und Universitätsbibliothek Göttingen"$"2020450-4"$"8 Cod. Ms. theol. 220"$"8o Theol. 220"$"8° Theol. 220"$"8º Theol. 220"$"Theol. 220"$"8° Cod. Ms. theol. 220"
"Göttingen"$"4021477-1"$"Niedersächsische Staats- und Universitätsbibliothek Göttingen"$"2020450-4"$"8 Cod. Ms. theol. 222"$"8o Theol. 222"$"8° Theol. 222"$"8º Theol. 222"$"Theol. 222"$"8° Cod. Ms. theol. 222"
"Göttingen"$"4021477-1"$"Niedersächsische Staats- und Universitätsbibliothek Göttingen"$"2020450-4"$"8 Cod. Ms. theol. 225"$"8o Theol. 225"$"8° Theol. 225"$"8º Theol. 225"$"Theol. 225"$"8° Cod. Ms. theol. 225"
"Göttingen"$"4021477-1"$"Niedersächsische Staats- und Universitätsbibliothek Göttingen"$"2020450-4"$"8 Cod. Ms. theol. 225 c"$"8o Theol. 225c"$"8° Theol. 225c"$"8º Theol. 225c"$"Theol. 225c"$"Theol. 225 c"$"8° Cod. Ms. theol. 225c"$"8° Cod. Ms. theol. 225 c"
"Göttingen"$"4021477-1"$"Niedersächsische Staats- und Universitätsbibliothek Göttingen"$"2020450-4"$"8 Cod. Ms. theol. 228"$"8o Theol. 228"$"8° Theol. 228"$"8º Theol. 228"$"Theol. 228"$"8° Cod. Ms. theol. 228"
"Göttingen"$"4021477-1"$"Niedersächsische Staats- und Universitätsbibliothek Göttingen"$"2020450-4"$"8 Cod. Ms. theol. 229"$"8o Theol. 229"$"8° Theol. 229"$"8º Theol. 229"$"Theol. 229"$"8° Cod. Ms. theol. 229"
"Göttingen"$"4021477-1"$"Niedersächsische Staats- und Universitätsbibliothek Göttingen"$"2020450-4"$"8 Cod. Ms. theol. 230"$"8o Theol. 230"$"8° Theol. 230"$"8º Theol. 230"$"Theol. 230"$"8° Cod. Ms. theol. 230"
"Göttingen"$"4021477-1"$"Niedersächsische Staats- und Universitätsbibliothek Göttingen"$"2020450-4"$"8 Cod. Ms. theol. 230 a"$"8o Theol. 230a"$"8° Theol. 230a"$"8º Theol. 230a"$"Theol. 230a"$"Theol. 230 a"$"8° Cod. Ms. theol. 230a"$"8° Cod. Ms. theol. 230 a"
"Göttingen"$"4021477-1"$"Niedersächsische Staats- und Universitätsbibliothek Göttingen"$"2020450-4"$"8 Cod. Ms. theol. 232"$"8o Theol. 232"$"8° Theol. 232"$"8º Theol. 232"$"Theol. 232"$"8° Cod. Ms. theol. 232"
"Göttingen"$"4021477-1"$"Niedersächsische Staats- und Universitätsbibliothek Göttingen"$"2020450-4"$"8 Cod. Ms. theol. 232 a Cim."$"8o Theol. 232a"$"8° Theol. 232a"$"8º Theol. 232a"$"Theol. 232a"$"Theol. 232 a"$"8° Cod. Ms. theol. 232 a Cim."$"8° Cod. Ms. theol. 232a Cim."$"8 Cod. Ms. theol. 232a"$"8 Cod. Ms. theol. 232 a"$"8 Cod. Ms. theol. 232a Cim."$"8° Cod. Ms. theol. 232a"$"8° Cod. Ms. theol. 232 a"
"Göttingen"$"4021477-1"$"Niedersächsische Staats- und Universitätsbibliothek Göttingen"$"2020450-4"$"8 Cod. Ms. theol. 233"$"8o Theol. 233"$"8° Theol. 233"$"8º Theol. 233"$"Theol. 233"$"8° Cod. Ms. theol. 233"
"Göttingen"$"4021477-1"$"Niedersächsische Staats- und Universitätsbibliothek Göttingen"$"2020450-4"$"8 Cod. Ms. theol. 234"$"8o Theol. 234"$"8° Theol. 234"$"8º Theol. 234"$"Theol. 234"$"8° Cod. Ms. theol. 234"
"Göttingen"$"4021477-1"$"Niedersächsische Staats- und Universitätsbibliothek Göttingen"$"2020450-4"$"8 Cod. Ms. theol. 235"$"8o Theol. 235"$"8° Theol. 235"$"8º Theol. 235"$"Theol. 235"$"8° Cod. Ms. theol. 235"
"Göttingen"$"4021477-1"$"Niedersächsische Staats- und Universitätsbibliothek Göttingen"$"2020450-4"$"8 Cod. Ms. theol. 235 a Cim."$"8o Theol. 235a"$"8° Theol. 235a"$"8º Theol. 235a"$"Theol. 235a"$"Theol. 235 a"$"8° Cod. Ms. theol. 235 a Cim."$"8° Cod. Ms. theol. 235a Cim."$"8 Cod. Ms. theol. 235a"$"8 Cod. Ms. theol. 235 a"$"8 Cod. Ms. theol. 235a Cim."$"8° Cod. Ms. theol. 235a"$"8° Cod. Ms. theol. 235 a"
"Göttingen"$"4021477-1"$"Niedersächsische Staats- und Universitätsbibliothek Göttingen"$"2020450-4"$"8 Cod. Ms. theol. 235 c"$"8o Theol. 235c"$"8° Theol. 235c"$"8º Theol. 235c"$"Theol. 235c"$"Theol. 235 c"$"8° Cod. Ms. theol. 235c"$"8° Cod. Ms. theol. 235 c"
"Göttingen"$"4021477-1"$"Niedersächsische Staats- und Universitätsbibliothek Göttingen"$"2020450-4"$"8 Cod. Ms. theol. 236"$"8o Theol. 236"$"8° Theol. 236"$"8º Theol. 236"$"Theol. 236"$"8° Cod. Ms. theol. 236"
"Göttingen"$"4021477-1"$"Niedersächsische Staats- und Universitätsbibliothek Göttingen"$"2020450-4"$"8 Cod. Ms. theol. 237"$"8o Theol. 237"$"8° Theol. 237"$"8º Theol. 237"$"Theol. 237"$"8° Cod. Ms. theol. 237"
"Göttingen"$"4021477-1"$"Niedersächsische Staats- und Universitätsbibliothek Göttingen"$"2020450-4"$"8 Cod. Ms. theol. 240"$"8o Theol. 240"$"8° Theol. 240"$"8º Theol. 240"$"Theol. 240"$"8° Cod. Ms. theol. 240"
"Göttingen"$"4021477-1"$"Niedersächsische Staats- und Universitätsbibliothek Göttingen"$"2020450-4"$"8 Cod. Ms. theol. 242 i"$"8o Theol. 242i"$"8° Theol. 242i"$"8º Theol. 242i"$"Theol. 242i"$"Theol. 242 i"$"8° Cod. Ms. theol. 242i"$"8° Cod. Ms. theol. 242 i"
"Göttingen"$"4021477-1"$"Niedersächsische Staats- und Universitätsbibliothek Göttingen"$"2020450-4"$"8 Cod. Ms. theol. 244"$"8o Theol. 244"$"8° Theol. 244"$"8º Theol. 244"$"Theol. 244"$"8° Cod. Ms. theol. 244"
"Göttingen"$"4021477-1"$"Niedersächsische Staats- und Universitätsbibliothek Göttingen"$"2020450-4"$"8 Cod. Ms. theol. 253"$"8o Theol. 253"$"8° Theol. 253"$"8º Theol. 253"$"Theol. 253"$"8° Cod. Ms. theol. 253"
"Göttingen"$"4021477-1"$"Niedersächsische Staats- und Universitätsbibliothek Göttingen"$"2020450-4"$"8 Cod. Ms. theol. 255"$"8o Theol. 255"$"8° Theol. 255"$"8º Theol. 255"$"Theol. 255"$"8° Cod. Ms. theol. 255"
"Göttingen"$"4021477-1"$"Niedersächsische Staats- und Universitätsbibliothek Göttingen"$"2020450-4"$"8 Cod. Ms. theol. 256"$"8o Theol. 256"$"8° Theol. 256"$"8º Theol. 256"$"Theol. 256"$"8° Cod. Ms. theol. 256"
"Göttingen"$"4021477-1"$"Niedersächsische Staats- und Universitätsbibliothek Göttingen"$"2020450-4"$"8 Cod. Ms. theol. 256 b"$"8o Theol. 256b"$"8° Theol. 256b"$"8º Theol. 256b"$"Theol. 256b"$"Theol. 256 b"$"8° Cod. Ms. theol. 256b"$"8° Cod. Ms. theol. 256 b"
"Göttingen"$"4021477-1"$"Niedersächsische Staats- und Universitätsbibliothek Göttingen"$"2020450-4"$"8 Cod. Ms. theol. 256 e"$"8o Theol. 256e"$"8° Theol. 256e"$"8º Theol. 256e"$"Theol. 256e"$"Theol. 256 e"$"8° Cod. Ms. theol. 256e"$"8° Cod. Ms. theol. 256 e"
"Göttingen"$"4021477-1"$"Niedersächsische Staats- und Universitätsbibliothek Göttingen"$"2020450-4"$"8 Cod. Ms. theol. 256 f"$"8o Theol. 256f"$"8° Theol. 256f"$"8º Theol. 256f"$"Theol. 256f"$"Theol. 256 f"$"8° Cod. Ms. theol. 256f"$"8° Cod. Ms. theol. 256 f"
"Göttingen"$"4021477-1"$"Niedersächsische Staats- und Universitätsbibliothek Göttingen"$"2020450-4"$"8 Cod. Ms. theol. 257"$"8o Theol. 257"$"8° Theol. 257"$"8º Theol. 257"$"Theol. 257"$"8° Cod. Ms. theol. 257"
"Göttingen"$"4021477-1"$"Niedersächsische Staats- und Universitätsbibliothek Göttingen"$"2020450-4"$"8 Cod. Ms. theol. 259"$"8o Theol. 259"$"8° Theol. 259"$"8º Theol. 259"$"Theol. 259"$"8° Cod. Ms. theol. 259"
"Göttingen"$"4021477-1"$"Niedersächsische Staats- und Universitätsbibliothek Göttingen"$"2020450-4"$"8 Cod. Ms. theol. 260"$"8o Theol. 260"$"8° Theol. 260"$"8º Theol. 260"$"Theol. 260"$"8° Cod. Ms. theol. 260"
"Göttingen"$"4021477-1"$"Niedersächsische Staats- und Universitätsbibliothek Göttingen"$"2020450-4"$"8 Cod. Ms. theol. 260 i"$"8o Theol. 260i"$"8° Theol. 260i"$"8º Theol. 260i"$"Theol. 260i"$"Theol. 260 i"$"8° Cod. Ms. theol. 260i"$"8° Cod. Ms. theol. 260 i"
"Göttingen"$"4021477-1"$"Niedersächsische Staats- und Universitätsbibliothek Göttingen"$"2020450-4"$"8 Cod. Ms. theol. 261"$"8o Theol. 261"$"8° Theol. 261"$"8º Theol. 261"$"Theol. 261"$"8° Cod. Ms. theol. 261"
"Göttingen"$"4021477-1"$"Niedersächsische Staats- und Universitätsbibliothek Göttingen"$"2020450-4"$"8 Cod. Ms. theol. 262"$"8o Theol. 262"$"8° Theol. 262"$"8º Theol. 262"$"Theol. 262"$"8° Cod. Ms. theol. 262"
"Göttingen"$"4021477-1"$"Niedersächsische Staats- und Universitätsbibliothek Göttingen"$"2020450-4"$"8 Cod. Ms. theol. 263"$"8o Theol. 263"$"8° Theol. 263"$"8º Theol. 263"$"Theol. 263"$"8° Cod. Ms. theol. 263"
"Göttingen"$"4021477-1"$"Niedersächsische Staats- und Universitätsbibliothek Göttingen"$"2020450-4"$"8 Cod. Ms. theol. 264"$"8o Theol. 264"$"8° Theol. 264"$"8º Theol. 264"$"Theol. 264"$"8° Cod. Ms. theol. 264"
"Göttingen"$"4021477-1"$"Niedersächsische Staats- und Universitätsbibliothek Göttingen"$"2020450-4"$"8 Cod. Ms. theol. 265"$"8o Theol. 265"$"8° Theol. 265"$"8º Theol. 265"$"Theol. 265"$"8° Cod. Ms. theol. 265"
"Göttingen"$"4021477-1"$"Niedersächsische Staats- und Universitätsbibliothek Göttingen"$"2020450-4"$"8 Cod. Ms. theol. 268"$"8o Theol. 268"$"8° Theol. 268"$"8º Theol. 268"$"Theol. 268"$"8° Cod. Ms. theol. 268"
"Göttingen"$"4021477-1"$"Niedersächsische Staats- und Universitätsbibliothek Göttingen"$"2020450-4"$"8 Cod. Ms. theol. 269"$"8o Theol. 269"$"8° Theol. 269"$"8º Theol. 269"$"Theol. 269"$"8° Cod. Ms. theol. 269"
"Göttingen"$"4021477-1"$"Niedersächsische Staats- und Universitätsbibliothek Göttingen"$"2020450-4"$"8 Cod. Ms. theol. 272 : 1"$"8 Cod. Ms. theol. 272"$"8o Theol 272 I"$"8° Theol 272 I"$"8° Theol 272 I"$"8° Theol 272"$"8° Theol 272"$"Theol. 272 I"$"Theol. 272"$"8° Cod. Ms. theol. I"$"8° Cod. Ms. theol. 272 I"$"8° Cod. Ms. theol. 272 : I"$"Theol. 272, Bd. I"
"Göttingen"$"4021477-1"$"Niedersächsische Staats- und Universitätsbibliothek Göttingen"$"2020450-4"$"8 Cod. Ms. theol. 272 : 2"$"8 Cod. Ms. theol. 272"$"8o Theol 272 II"$"8° Theol 272 II"$"8° Theol 272 II"$"8° Theol 272"$"8° Theol 272"$"Theol. 272 II"$"Theol. 272"$"8° Cod. Ms. theol. II"$"8° Cod. Ms. theol. 272 II"$"8° Cod. Ms. theol. 272 : II"$"Theol. 272, Bd. II"
"Göttingen"$"4021477-1"$"Niedersächsische Staats- und Universitätsbibliothek Göttingen"$"2020450-4"$"8 Cod. Ms. theol. 272 : 3"$"8 Cod. Ms. theol. 272"$"8o Theol 272 III"$"8° Theol 272 III"$"8° Theol 272 III"$"8° Theol 272"$"8° Theol 272"$"Theol. 272 III"$"Theol. 272"$"8° Cod. Ms. theol. III"$"8° Cod. Ms. theol. 272 III"$"8° Cod. Ms. theol. 272 : III"$"Theol. 272, Bd. III"
"Göttingen"$"4021477-1"$"Niedersächsische Staats- und Universitätsbibliothek Göttingen"$"2020450-4"$"8 Cod. Ms. theol. 272 : 4"$"8 Cod. Ms. theol. 272"$"8o Theol 272 IV"$"8° Theol 272 IV"$"8° Theol 272 IV"$"8° Theol 272"$"8° Theol 272"$"Theol. 272 IV"$"Theol. 272"$"8° Cod. Ms. theol. IV"$"8° Cod. Ms. theol. 272 IV"$"8° Cod. Ms. theol. 272 : IV"$"Theol. 272, Bd. IV"
"Göttingen"$"4021477-1"$"Niedersächsische Staats- und Universitätsbibliothek Göttingen"$"2020450-4"$"8 Cod. Ms. theol. 275"$"8o Theol. 275"$"8° Theol. 275"$"8º Theol. 275"$"Theol. 275"$"8° Cod. Ms. theol. 275"
"Göttingen"$"4021477-1"$"Niedersächsische Staats- und Universitätsbibliothek Göttingen"$"2020450-4"$"8 Cod. Ms. theol. 278"$"8o Theol. 278"$"8° Theol. 278"$"8º Theol. 278"$"Theol. 278"$"8° Cod. Ms. theol. 278"
"Göttingen"$"4021477-1"$"Niedersächsische Staats- und Universitätsbibliothek Göttingen"$"2020450-4"$"8 Cod. Ms. theol. 280"$"8o Theol. 280"$"8° Theol. 280"$"8º Theol. 280"$"Theol. 280"$"8° Cod. Ms. theol. 280"
"Göttingen"$"4021477-1"$"Niedersächsische Staats- und Universitätsbibliothek Göttingen"$"2020450-4"$"8 Cod. Ms. theol. 283"$"8o Theol. 283"$"8° Theol. 283"$"8º Theol. 283"$"Theol. 283"$"8° Cod. Ms. theol. 283"
"Göttingen"$"4021477-1"$"Niedersächsische Staats- und Universitätsbibliothek Göttingen"$"2020450-4"$"8 Cod. Ms. theol. 283 m"$"8o Theol. 283m"$"8° Theol. 283m"$"8º Theol. 283m"$"Theol. 283m"$"Theol. 283 m"$"8° Cod. Ms. theol. 283m"$"8° Cod. Ms. theol. 283 m"
"Göttingen"$"4021477-1"$"Niedersächsische Staats- und Universitätsbibliothek Göttingen"$"2020450-4"$"8 Cod. Ms. theol. 284"$"8o Theol. 284"$"8° Theol. 284"$"8º Theol. 284"$"Theol. 284"$"8° Cod. Ms. theol. 284"
"Göttingen"$"4021477-1"$"Niedersächsische Staats- und Universitätsbibliothek Göttingen"$"2020450-4"$"8 Cod. Ms. theol. 286 Cim."$"8o Theol 286"$"8° Theol 286"$"8º Theol 286"$"Theol. 286"$"8° Cod. Ms. theol. 286"$"8° Cod. Ms. theol. 286 Cim."
"Göttingen"$"4021477-1"$"Niedersächsische Staats- und Universitätsbibliothek Göttingen"$"2020450-4"$"8 Cod. Ms. theol. 287"$"8o Theol. 287"$"8° Theol. 287"$"8º Theol. 287"$"Theol. 287"$"8° Cod. Ms. theol. 287"
"Göttingen"$"4021477-1"$"Niedersächsische Staats- und Universitätsbibliothek Göttingen"$"2020450-4"$"8 Cod. Ms. theol. 288"$"8o Theol. 288"$"8° Theol. 288"$"8º Theol. 288"$"Theol. 288"$"8° Cod. Ms. theol. 288"
"Göttingen"$"4021477-1"$"Niedersächsische Staats- und Universitätsbibliothek Göttingen"$"2020450-4"$"8 Cod. Ms. theol. 289"$"8o Theol. 289"$"8° Theol. 289"$"8º Theol. 289"$"Theol. 289"$"8° Cod. Ms. theol. 289"
"Göttingen"$"4021477-1"$"Niedersächsische Staats- und Universitätsbibliothek Göttingen"$"2020450-4"$"8 Cod. Ms. theol. 29 Cim."$"8o Theol. 29"$"8° Theol. 29"$"8º Theol. 29"$"Theol. 29"$"8° Cod. Ms. theol. 29"$"8° Cod. Ms. theol. 29 Cim."
"Göttingen"$"4021477-1"$"Niedersächsische Staats- und Universitätsbibliothek Göttingen"$"2020450-4"$"8 Cod. Ms. theol. 291"$"8o Theol. 291"$"8° Theol. 291"$"8º Theol. 291"$"Theol. 291"$"8° Cod. Ms. theol. 291"
"Göttingen"$"4021477-1"$"Niedersächsische Staats- und Universitätsbibliothek Göttingen"$"2020450-4"$"8 Cod. Ms. theol. 298"$"8o Theol. 298"$"8° Theol. 298"$"8º Theol. 298"$"Theol. 298"$"8° Cod. Ms. theol. 298"
"Göttingen"$"4021477-1"$"Niedersächsische Staats- und Universitätsbibliothek Göttingen"$"2020450-4"$"8 Cod. Ms. theol. 3 Cim."$"8o Theol. 3"$"8° Theol. 3"$"8º Theol. 3"$"Theol. 3"$"8° Cod. Ms. theol. 3"$"8° Cod. Ms. theol. 3 Cim."
"Göttingen"$"4021477-1"$"Niedersächsische Staats- und Universitätsbibliothek Göttingen"$"2020450-4"$"8 Cod. Ms. theol. 304"$"8o Theol. 304"$"8° Theol. 304"$"8º Theol. 304"$"Theol. 304"$"8° Cod. Ms. theol. 304"
"Göttingen"$"4021477-1"$"Niedersächsische Staats- und Universitätsbibliothek Göttingen"$"2020450-4"$"8 Cod. Ms. theol. 305"$"8o Theol. 305"$"8° Theol. 305"$"8º Theol. 305"$"Theol. 305"$"8° Cod. Ms. theol. 305"
"Göttingen"$"4021477-1"$"Niedersächsische Staats- und Universitätsbibliothek Göttingen"$"2020450-4"$"8 Cod. Ms. theol. 307"$"8o Theol. 307"$"8° Theol. 307"$"8º Theol. 307"$"Theol. 307"$"8° Cod. Ms. theol. 307"
"Göttingen"$"4021477-1"$"Niedersächsische Staats- und Universitätsbibliothek Göttingen"$"2020450-4"$"8 Cod. Ms. theol. 310"$"8o Theol. 310"$"8° Theol. 310"$"8º Theol. 310"$"Theol. 310"$"8° Cod. Ms. theol. 310"
"Göttingen"$"4021477-1"$"Niedersächsische Staats- und Universitätsbibliothek Göttingen"$"2020450-4"$"8 Cod. Ms. theol. 311"$"8o Theol. 311"$"8° Theol. 311"$"8º Theol. 311"$"Theol. 311"$"8° Cod. Ms. theol. 311"
"Göttingen"$"4021477-1"$"Niedersächsische Staats- und Universitätsbibliothek Göttingen"$"2020450-4"$"8 Cod. Ms. theol. 316"$"8o Theol. 316"$"8° Theol. 316"$"8º Theol. 316"$"Theol. 316"$"8° Cod. Ms. theol. 316"
"Göttingen"$"4021477-1"$"Niedersächsische Staats- und Universitätsbibliothek Göttingen"$"2020450-4"$"8 Cod. Ms. theol. 4 Cim."$"8o Theol. 4"$"8° Theol. 4"$"8º Theol. 4"$"Theol. 4"$"8° Cod. Ms. theol. 4"$"8° Cod. Ms. theol. 4 Cim."
"Göttingen"$"4021477-1"$"Niedersächsische Staats- und Universitätsbibliothek Göttingen"$"2020450-4"$"8 Cod. Ms. theol. 43"$"8o Theol. 43"$"8° Theol. 43"$"8º Theol. 43"$"Theol. 43"$"8° Cod. Ms. theol. 43"
"Göttingen"$"4021477-1"$"Niedersächsische Staats- und Universitätsbibliothek Göttingen"$"2020450-4"$"8 Cod. Ms. theol. 47"$"8o Theol. 47"$"8° Theol. 47"$"8º Theol. 47"$"Theol. 47"$"8° Cod. Ms. theol. 47"
"Göttingen"$"4021477-1"$"Niedersächsische Staats- und Universitätsbibliothek Göttingen"$"2020450-4"$"8 Cod. Ms. theol. 5 Cim."$"8o Theol. 5"$"8° Theol. 5"$"8º Theol. 5"$"Theol. 5"$"8° Cod. Ms. theol. 5"$"8° Cod. Ms. theol. 5 Cim."
"Göttingen"$"4021477-1"$"Niedersächsische Staats- und Universitätsbibliothek Göttingen"$"2020450-4"$"8 Cod. Ms. theol. 52"$"8o Theol. 52"$"8° Theol. 52"$"8º Theol. 52"$"Theol. 52"$"8° Cod. Ms. theol. 52"
"Göttingen"$"4021477-1"$"Niedersächsische Staats- und Universitätsbibliothek Göttingen"$"2020450-4"$"8 Cod. Ms. theol. 61"$"8o Theol. 61"$"8° Theol. 61"$"8º Theol. 61"$"Theol. 61"$"8° Cod. Ms. theol. 61"
"Göttingen"$"4021477-1"$"Niedersächsische Staats- und Universitätsbibliothek Göttingen"$"2020450-4"$"8 Cod. Ms. theol. 62"$"8o Theol. 62"$"8° Theol. 62"$"8º Theol. 62"$"Theol. 62"$"8° Cod. Ms. theol. 62"
"Göttingen"$"4021477-1"$"Niedersächsische Staats- und Universitätsbibliothek Göttingen"$"2020450-4"$"8 Cod. Ms. theol. 64"$"8o Theol. 64"$"8° Theol. 64"$"8º Theol. 64"$"Theol. 64"$"8° Cod. Ms. theol. 64"
"Göttingen"$"4021477-1"$"Niedersächsische Staats- und Universitätsbibliothek Göttingen"$"2020450-4"$"8 Cod. Ms. theol. 65"$"8o Theol. 65"$"8° Theol. 65"$"8º Theol. 65"$"Theol. 65"$"8° Cod. Ms. theol. 65"
"Göttingen"$"4021477-1"$"Niedersächsische Staats- und Universitätsbibliothek Göttingen"$"2020450-4"$"8 Cod. Ms. theol. 67"$"8o Theol. 67"$"8° Theol. 67"$"8º Theol. 67"$"Theol. 67"$"8° Cod. Ms. theol. 67"
"Göttingen"$"4021477-1"$"Niedersächsische Staats- und Universitätsbibliothek Göttingen"$"2020450-4"$"8 Cod. Ms. theol. 68"$"8o Theol. 68"$"8° Theol. 68"$"8º Theol. 68"$"Theol. 68"$"8° Cod. Ms. theol. 68"
"Göttingen"$"4021477-1"$"Niedersächsische Staats- und Universitätsbibliothek Göttingen"$"2020450-4"$"8 Cod. Ms. theol. 68 a"$"8o Theol. 68a"$"8° Theol. 68a"$"8º Theol. 68a"$"Theol. 68a"$"Theol. 68 a"$"8° Cod. Ms. theol. 68a"$"8° Cod. Ms. theol. 68 a"
"Göttingen"$"4021477-1"$"Niedersächsische Staats- und Universitätsbibliothek Göttingen"$"2020450-4"$"8 Cod. Ms. theol. 68 b"$"8o Theol. 68b"$"8° Theol. 68b"$"8º Theol. 68b"$"Theol. 68b"$"Theol. 68 b"$"8° Cod. Ms. theol. 68b"$"8° Cod. Ms. theol. 68 b"
"Göttingen"$"4021477-1"$"Niedersächsische Staats- und Universitätsbibliothek Göttingen"$"2020450-4"$"8 Cod. Ms. theol. 71"$"8o Theol. 71"$"8° Theol. 71"$"8º Theol. 71"$"Theol. 71"$"8° Cod. Ms. theol. 71"
"Göttingen"$"4021477-1"$"Niedersächsische Staats- und Universitätsbibliothek Göttingen"$"2020450-4"$"8 Cod. Ms. theol. 72"$"8o Theol. 72"$"8° Theol. 72"$"8º Theol. 72"$"Theol. 72"$"8° Cod. Ms. theol. 72"
"Göttingen"$"4021477-1"$"Niedersächsische Staats- und Universitätsbibliothek Göttingen"$"2020450-4"$"8 Cod. Ms. theol. 74"$"8o Theol. 74"$"8° Theol. 74"$"8º Theol. 74"$"Theol. 74"$"8° Cod. Ms. theol. 74"
"Göttingen"$"4021477-1"$"Niedersächsische Staats- und Universitätsbibliothek Göttingen"$"2020450-4"$"8 Cod. Ms. theol. 77"$"8o Theol. 77"$"8° Theol. 77"$"8º Theol. 77"$"Theol. 77"$"8° Cod. Ms. theol. 77"
"Göttingen"$"4021477-1"$"Niedersächsische Staats- und Universitätsbibliothek Göttingen"$"2020450-4"$"8 Cod. Ms. theol. 79"$"8o Theol. 79"$"8° Theol. 79"$"8º Theol. 79"$"Theol. 79"$"8° Cod. Ms. theol. 79"
"Göttingen"$"4021477-1"$"Niedersächsische Staats- und Universitätsbibliothek Göttingen"$"2020450-4"$"8 Cod. Ms. theol. 80"$"8o Theol. 80"$"8° Theol. 80"$"8º Theol. 80"$"Theol. 80"$"8° Cod. Ms. theol. 80"
"Göttingen"$"4021477-1"$"Niedersächsische Staats- und Universitätsbibliothek Göttingen"$"2020450-4"$"8 Cod. Ms. theol. 84"$"8o Theol. 84"$"8° Theol. 84"$"8º Theol. 84"$"Theol. 84"$"8° Cod. Ms. theol. 84"
"Göttingen"$"4021477-1"$"Niedersächsische Staats- und Universitätsbibliothek Göttingen"$"2020450-4"$"8 Cod. Ms. theol. 85"$"8o Theol. 85"$"8° Theol. 85"$"8º Theol. 85"$"Theol. 85"$"8° Cod. Ms. theol. 85"
"Göttingen"$"4021477-1"$"Niedersächsische Staats- und Universitätsbibliothek Göttingen"$"2020450-4"$"8 Cod. Ms. theol. 87"$"8o Theol. 87"$"8° Theol. 87"$"8º Theol. 87"$"Theol. 87"$"8° Cod. Ms. theol. 87"
"Göttingen"$"4021477-1"$"Niedersächsische Staats- und Universitätsbibliothek Göttingen"$"2020450-4"$"8 Cod. Ms. theol. 88"$"8o Theol. 88"$"8° Theol. 88"$"8º Theol. 88"$"Theol. 88"$"8° Cod. Ms. theol. 88"
"Göttingen"$"4021477-1"$"Niedersächsische Staats- und Universitätsbibliothek Göttingen"$"2020450-4"$"8 Cod. Ms. theol. 90"$"8o Theol. 90"$"8° Theol. 90"$"8º Theol. 90"$"Theol. 90"$"8° Cod. Ms. theol. 90"
"Göttingen"$"4021477-1"$"Niedersächsische Staats- und Universitätsbibliothek Göttingen"$"2020450-4"$"8 Cod. Ms. theol. 90 k"$"8o Theol. 90k"$"8° Theol. 90k"$"8º Theol. 90k"$"Theol. 90k"$"Theol. 90 k"$"8° Cod. Ms. theol. 90k"$"8° Cod. Ms. theol. 90 k"
"Göttingen"$"4021477-1"$"Niedersächsische Staats- und Universitätsbibliothek Göttingen"$"2020450-4"$"8 Cod. Ms. theol. 94"$"8o Theol. 94"$"8° Theol. 94"$"8º Theol. 94"$"Theol. 94"$"8° Cod. Ms. theol. 94"
"Göttingen"$"4021477-1"$"Niedersächsische Staats- und Universitätsbibliothek Göttingen"$"2020450-4"$"8 Cod. Ms. theol. 95"$"8o Theol. 95"$"8° Theol. 95"$"8º Theol. 95"$"Theol. 95"$"8° Cod. Ms. theol. 95"
"Göttingen"$"4021477-1"$"Niedersächsische Staats- und Universitätsbibliothek Göttingen"$"2020450-4"$"8 Cod. Ms. theol. 96"$"8o Theol. 96"$"8° Theol. 96"$"8º Theol. 96"$"Theol. 96"$"8° Cod. Ms. theol. 96"
"Göttingen"$"4021477-1"$"Niedersächsische Staats- und Universitätsbibliothek Göttingen"$"2020450-4"$"8 Cod. Ms. theol. 97"$"8o Theol. 97"$"8° Theol. 97"$"8º Theol. 97"$"Theol. 97"$"8° Cod. Ms. theol. 97"
"Göttingen"$"4021477-1"$"Niedersächsische Staats- und Universitätsbibliothek Göttingen"$"2020450-4"$"Cod. Ms. Mapp. 1"$"Mapp. 1"
"Göttingen"$"4021477-1"$"Niedersächsische Staats- und Universitätsbibliothek Göttingen"$"2020450-4"$"Cod. Ms. Mapp. 10"$"Mapp. 10"
"Göttingen"$"4021477-1"$"Niedersächsische Staats- und Universitätsbibliothek Göttingen"$"2020450-4"$"Cod. Ms. Mapp. 11"$"Mapp. 11"
"Göttingen"$"4021477-1"$"Niedersächsische Staats- und Universitätsbibliothek Göttingen"$"2020450-4"$"Cod. Ms. Mapp. 12"$"Mapp. 12"
"Göttingen"$"4021477-1"$"Niedersächsische Staats- und Universitätsbibliothek Göttingen"$"2020450-4"$"Cod. Ms. Mapp. 13"$"Mapp. 13"
"Göttingen"$"4021477-1"$"Niedersächsische Staats- und Universitätsbibliothek Göttingen"$"2020450-4"$"Cod. Ms. Mapp. 14"$"Mapp. 14"
"Göttingen"$"4021477-1"$"Niedersächsische Staats- und Universitätsbibliothek Göttingen"$"2020450-4"$"Cod. Ms. Mapp. 15"$"Mapp. 15"
"Göttingen"$"4021477-1"$"Niedersächsische Staats- und Universitätsbibliothek Göttingen"$"2020450-4"$"Cod. Ms. Mapp. 16"$"Mapp. 16"
"Göttingen"$"4021477-1"$"Niedersächsische Staats- und Universitätsbibliothek Göttingen"$"2020450-4"$"Cod. Ms. Mapp. 17"$"Mapp. 17"
"Göttingen"$"4021477-1"$"Niedersächsische Staats- und Universitätsbibliothek Göttingen"$"2020450-4"$"Cod. Ms. Mapp. 18"$"Mapp. 18"
"Göttingen"$"4021477-1"$"Niedersächsische Staats- und Universitätsbibliothek Göttingen"$"2020450-4"$"Cod. Ms. Mapp. 19"$"Mapp. 19"
"Göttingen"$"4021477-1"$"Niedersächsische Staats- und Universitätsbibliothek Göttingen"$"2020450-4"$"Cod. Ms. Mapp. 2"$"Mapp. 2"
"Göttingen"$"4021477-1"$"Niedersächsische Staats- und Universitätsbibliothek Göttingen"$"2020450-4"$"Cod. Ms. Mapp. 20"$"Mapp. 20"
"Göttingen"$"4021477-1"$"Niedersächsische Staats- und Universitätsbibliothek Göttingen"$"2020450-4"$"Cod. Ms. Mapp. 21"$"Mapp. 21"
"Göttingen"$"4021477-1"$"Niedersächsische Staats- und Universitätsbibliothek Göttingen"$"2020450-4"$"Cod. Ms. Mapp. 22"$"Mapp. 22"
"Göttingen"$"4021477-1"$"Niedersächsische Staats- und Universitätsbibliothek Göttingen"$"2020450-4"$"Cod. Ms. Mapp. 23"$"Mapp. 23"
"Göttingen"$"4021477-1"$"Niedersächsische Staats- und Universitätsbibliothek Göttingen"$"2020450-4"$"Cod. Ms. Mapp. 24"$"Mapp. 24"
"Göttingen"$"4021477-1"$"Niedersächsische Staats- und Universitätsbibliothek Göttingen"$"2020450-4"$"Cod. Ms. Mapp. 26"$"Mapp. 26"
"Göttingen"$"4021477-1"$"Niedersächsische Staats- und Universitätsbibliothek Göttingen"$"2020450-4"$"Cod. Ms. Mapp. 27"$"Mapp. 27"
"Göttingen"$"4021477-1"$"Niedersächsische Staats- und Universitätsbibliothek Göttingen"$"2020450-4"$"Cod. Ms. Mapp. 28"$"Mapp. 28"
"Göttingen"$"4021477-1"$"Niedersächsische Staats- und Universitätsbibliothek Göttingen"$"2020450-4"$"Cod. Ms. Mapp. 29"$"Mapp. 29"
"Göttingen"$"4021477-1"$"Niedersächsische Staats- und Universitätsbibliothek Göttingen"$"2020450-4"$"Cod. Ms. Mapp. 3"$"Mapp. 3"
"Göttingen"$"4021477-1"$"Niedersächsische Staats- und Universitätsbibliothek Göttingen"$"2020450-4"$"Cod. Ms. Mapp. 30"$"Mapp. 30"
"Göttingen"$"4021477-1"$"Niedersächsische Staats- und Universitätsbibliothek Göttingen"$"2020450-4"$"Cod. Ms. Mapp. 31"$"Mapp. 31"
"Göttingen"$"4021477-1"$"Niedersächsische Staats- und Universitätsbibliothek Göttingen"$"2020450-4"$"Cod. Ms. Mapp. 32"$"Mapp. 32"
"Göttingen"$"4021477-1"$"Niedersächsische Staats- und Universitätsbibliothek Göttingen"$"2020450-4"$"Cod. Ms. Mapp. 33"$"Mapp. 33"
"Göttingen"$"4021477-1"$"Niedersächsische Staats- und Universitätsbibliothek Göttingen"$"2020450-4"$"Cod. Ms. Mapp. 4"$"Mapp. 4"
"Göttingen"$"4021477-1"$"Niedersächsische Staats- und Universitätsbibliothek Göttingen"$"2020450-4"$"Cod. Ms. Mapp. 5"$"Mapp. 5"
"Göttingen"$"4021477-1"$"Niedersächsische Staats- und Universitätsbibliothek Göttingen"$"2020450-4"$"Cod. Ms. Mapp. 6"$"Mapp. 6"
"Göttingen"$"4021477-1"$"Niedersächsische Staats- und Universitätsbibliothek Göttingen"$"2020450-4"$"Cod. Ms. Mapp. 7"$"Mapp. 7"
"Göttingen"$"4021477-1"$"Niedersächsische Staats- und Universitätsbibliothek Göttingen"$"2020450-4"$"Cod. Ms. Mapp. 8"$"Mapp. 8"
"Göttingen"$"4021477-1"$"Niedersächsische Staats- und Universitätsbibliothek Göttingen"$"2020450-4"$"Cod. Ms. Mapp. 9"$"Mapp. 9"
"Göttingen"$"4021477-1"$"Niedersächsische Staats- und Universitätsbibliothek Göttingen"$"2020450-4"$"gr. 2 Cod. Ms. hist. nat. 92"$"2 Cod. Ms. hist. nat. 92"$"2o Hist. nat. 92"$"2° Hist. nat. 92"$"2º Hist. nat. 92"$"Hist. nat. 92"$"2° Cod. Ms. hist. nat. 92"
"Göttingen"$"4021477-1"$"Niedersächsische Staats- und Universitätsbibliothek Göttingen"$"2020450-4"$"gr. 2 Cod. Ms. hist. nat. 93"$"2 Cod. Ms. hist. nat. 93"$"2o Hist. nat. 93"$"2° Hist. nat. 93"$"2º Hist. nat. 93"$"Hist. nat. 93"$"2° Cod. Ms. hist. nat. 93"
"Göttingen"$"4021477-1"$"Niedersächsische Staats- und Universitätsbibliothek Göttingen"$"2020450-4"$"gr. 2 Cod. Ms. hist. nat. 94 : 10"$"2 Cod. Ms. hist. nat. 94 : 10"$"2 Cod. Ms. hist. nat. 94"$"2o Histor. nat 94 X"$"2° Histor. nat 94 X"$"2° Histor. nat 94 X"$"2° Histor. nat 94"$"2° Histor. nat 94"$"Histor. nat. 94 X"$"Histor. nat. 94"$"2° Cod. Ms. hist. nat. X"$"2° Cod. Ms. hist. nat. 94 X"$"2° Cod. Ms. hist. nat. 94 : X"$"Histor. nat. 94, Bd. X"
"Göttingen"$"4021477-1"$"Niedersächsische Staats- und Universitätsbibliothek Göttingen"$"2020450-4"$"gr. 2 Cod. Ms. hist. nat. 94 : 12"$"2 Cod. Ms. hist. nat. 94 : 12"$"2 Cod. Ms. hist. nat. 94"$"2o Histor. nat 94 XII"$"2° Histor. nat 94 XII"$"2° Histor. nat 94 XII"$"2° Histor. nat 94"$"2° Histor. nat 94"$"Histor. nat. 94 XII"$"Histor. nat. 94"$"2° Cod. Ms. hist. nat. XII"$"2° Cod. Ms. hist. nat. 94 XII"$"2° Cod. Ms. hist. nat. 94 : XII"$"Histor. nat. 94, Bd. XII"
"Göttingen"$"4021477-1"$"Niedersächsische Staats- und Universitätsbibliothek Göttingen"$"2020450-4"$"gr. 2 Cod. Ms. hist. nat. 94 : 14"$"2 Cod. Ms. hist. nat. 94 : 14"$"2 Cod. Ms. hist. nat. 94"$"2o Histor. nat 94 XIV"$"2° Histor. nat 94 XIV"$"2° Histor. nat 94 XIV"$"2° Histor. nat 94"$"2° Histor. nat 94"$"Histor. nat. 94 XIV"$"Histor. nat. 94"$"2° Cod. Ms. hist. nat. XIV"$"2° Cod. Ms. hist. nat. 94 XIV"$"2° Cod. Ms. hist. nat. 94 : XIV"$"Histor. nat. 94, Bd. XIV"
"Göttingen"$"4021477-1"$"Niedersächsische Staats- und Universitätsbibliothek Göttingen"$"2020450-4"$"gr. 2 Cod. Ms. hist. nat. 94 : 15"$"2 Cod. Ms. hist. nat. 94 : 15"$"2 Cod. Ms. hist. nat. 94"$"2o Histor. nat 94 XV"$"2° Histor. nat 94 XV"$"2° Histor. nat 94 XV"$"2° Histor. nat 94"$"2° Histor. nat 94"$"Histor. nat. 94 XV"$"Histor. nat. 94"$"2° Cod. Ms. hist. nat. XV"$"2° Cod. Ms. hist. nat. 94 XV"$"2° Cod. Ms. hist. nat. 94 : XV"$"Histor. nat. 94, Bd. XV"
"Göttingen"$"4021477-1"$"Niedersächsische Staats- und Universitätsbibliothek Göttingen"$"2020450-4"$"gr. 2 Cod. Ms. hist. nat. 94 : 16"$"2 Cod. Ms. hist. nat. 94 : 16"$"2 Cod. Ms. hist. nat. 94"$"2o Histor. nat 94 XVI"$"2° Histor. nat 94 XVI"$"2° Histor. nat 94 XVI"$"2° Histor. nat 94"$"2° Histor. nat 94"$"Histor. nat. 94 XVI"$"Histor. nat. 94"$"2° Cod. Ms. hist. nat. XVI"$"2° Cod. Ms. hist. nat. 94 XVI"$"2° Cod. Ms. hist. nat. 94 : XVI"$"Histor. nat. 94, Bd. XVI"
"Göttingen"$"4021477-1"$"Niedersächsische Staats- und Universitätsbibliothek Göttingen"$"2020450-4"$"gr. 2 Cod. Ms. hist. nat. 94 : 18"$"2 Cod. Ms. hist. nat. 94 : 18"$"2 Cod. Ms. hist. nat. 94"$"2o Histor. nat 94 XVIII"$"2° Histor. nat 94 XVIII"$"2° Histor. nat 94 XVIII"$"2° Histor. nat 94"$"2° Histor. nat 94"$"Histor. nat. 94 XVIII"$"Histor. nat. 94"$"2° Cod. Ms. hist. nat. XVIII"$"2° Cod. Ms. hist. nat. 94 XVIII"$"2° Cod. Ms. hist. nat. 94 : XVIII"$"Histor. nat. 94, Bd. XVIII"
"Göttingen"$"4021477-1"$"Niedersächsische Staats- und Universitätsbibliothek Göttingen"$"2020450-4"$"gr. 2 Cod. Ms. hist. nat. 94 : 19"$"2 Cod. Ms. hist. nat. 94 : 19"$"2 Cod. Ms. hist. nat. 94"$"2o Histor. nat 94 XIX"$"2° Histor. nat 94 XIX"$"2° Histor. nat 94 XIX"$"2° Histor. nat 94"$"2° Histor. nat 94"$"Histor. nat. 94 XIX"$"Histor. nat. 94"$"2° Cod. Ms. hist. nat. XIX"$"2° Cod. Ms. hist. nat. 94 XIX"$"2° Cod. Ms. hist. nat. 94 : XIX"$"Histor. nat. 94, Bd. XIX"
"Göttingen"$"4021477-1"$"Niedersächsische Staats- und Universitätsbibliothek Göttingen"$"2020450-4"$"gr. 2 Cod. Ms. hist. nat. 94 : 20"$"2 Cod. Ms. hist. nat. 94 : 20"$"2 Cod. Ms. hist. nat. 94"$"2o Histor. nat 94 XX"$"2° Histor. nat 94 XX"$"2° Histor. nat 94 XX"$"2° Histor. nat 94"$"2° Histor. nat 94"$"Histor. nat. 94 XX"$"Histor. nat. 94"$"2° Cod. Ms. hist. nat. XX"$"2° Cod. Ms. hist. nat. 94 XX"$"2° Cod. Ms. hist. nat. 94 : XX"$"Histor. nat. 94, Bd. XX"
"Göttingen"$"4021477-1"$"Niedersächsische Staats- und Universitätsbibliothek Göttingen"$"2020450-4"$"gr. 2 Cod. Ms. hist. nat. 94 : 21"$"2 Cod. Ms. hist. nat. 94 : 21"$"2 Cod. Ms. hist. nat. 94"$"2o Histor. nat 94 XXI"$"2° Histor. nat 94 XXI"$"2° Histor. nat 94 XXI"$"2° Histor. nat 94"$"2° Histor. nat 94"$"Histor. nat. 94 XXI"$"Histor. nat. 94"$"2° Cod. Ms. hist. nat. XXI"$"2° Cod. Ms. hist. nat. 94 XXI"$"2° Cod. Ms. hist. nat. 94 : XXI"$"Histor. nat. 94, Bd. XXI"
"Göttingen"$"4021477-1"$"Niedersächsische Staats- und Universitätsbibliothek Göttingen"$"2020450-4"$"gr. 2 Cod. Ms. hist. nat. 94 : 4"$"2 Cod. Ms. hist. nat. 94 : 4"$"2 Cod. Ms. hist. nat. 94"$"2o Histor. nat 94 IV"$"2° Histor. nat 94 IV"$"2° Histor. nat 94 IV"$"2° Histor. nat 94"$"2° Histor. nat 94"$"Histor. nat. 94 IV"$"Histor. nat. 94"$"2° Cod. Ms. hist. nat. IV"$"2° Cod. Ms. hist. nat. 94 IV"$"2° Cod. Ms. hist. nat. 94 : IV"$"Histor. nat. 94, Bd. IV"
"Göttingen"$"4021477-1"$"Niedersächsische Staats- und Universitätsbibliothek Göttingen"$"2020450-4"$"gr. 2 Cod. Ms. hist. nat. 94 : 5"$"2 Cod. Ms. hist. nat. 94 : 5"$"2 Cod. Ms. hist. nat. 94"$"2o Histor. nat 94 V"$"2° Histor. nat 94 V"$"2° Histor. nat 94 V"$"2° Histor. nat 94"$"2° Histor. nat 94"$"Histor. nat. 94 V"$"Histor. nat. 94"$"2° Cod. Ms. hist. nat. V"$"2° Cod. Ms. hist. nat. 94 V"$"2° Cod. Ms. hist. nat. 94 : V"$"Histor. nat. 94, Bd. V"
"Göttingen"$"4021477-1"$"Niedersächsische Staats- und Universitätsbibliothek Göttingen"$"2020450-4"$"gr. 2 Cod. Ms. hist. nat. 94 : 6"$"2 Cod. Ms. hist. nat. 94 : 6"$"2 Cod. Ms. hist. nat. 94"$"2o Histor. nat 94 VI"$"2° Histor. nat 94 VI"$"2° Histor. nat 94 VI"$"2° Histor. nat 94"$"2° Histor. nat 94"$"Histor. nat. 94 VI"$"Histor. nat. 94"$"2° Cod. Ms. hist. nat. VI"$"2° Cod. Ms. hist. nat. 94 VI"$"2° Cod. Ms. hist. nat. 94 : VI"$"Histor. nat. 94, Bd. VI"
"Göttingen"$"4021477-1"$"Niedersächsische Staats- und Universitätsbibliothek Göttingen"$"2020450-4"$"gr. 2 Cod. Ms. hist. nat. 94 : 7"$"2 Cod. Ms. hist. nat. 94 : 7"$"2 Cod. Ms. hist. nat. 94"$"2o Histor. nat 94 VII"$"2° Histor. nat 94 VII"$"2° Histor. nat 94 VII"$"2° Histor. nat 94"$"2° Histor. nat 94"$"Histor. nat. 94 VII"$"Histor. nat. 94"$"2° Cod. Ms. hist. nat. VII"$"2° Cod. Ms. hist. nat. 94 VII"$"2° Cod. Ms. hist. nat. 94 : VII"$"Histor. nat. 94, Bd. VII"
"Göttingen"$"4021477-1"$"Niedersächsische Staats- und Universitätsbibliothek Göttingen"$"2020450-4"$"gr. 2 Cod. Ms. hist. nat. 94 : 8"$"2 Cod. Ms. hist. nat. 94 : 8"$"2 Cod. Ms. hist. nat. 94"$"2o Histor. nat 94 VIII"$"2° Histor. nat 94 VIII"$"2° Histor. nat 94 VIII"$"2° Histor. nat 94"$"2° Histor. nat 94"$"Histor. nat. 94 VIII"$"Histor. nat. 94"$"2° Cod. Ms. hist. nat. VIII"$"2° Cod. Ms. hist. nat. 94 VIII"$"2° Cod. Ms. hist. nat. 94 : VIII"$"Histor. nat. 94, Bd. VIII"
"Göttingen"$"4021477-1"$"Niedersächsische Staats- und Universitätsbibliothek Göttingen"$"2020450-4"$"gr. 2 Cod. Ms. hist. nat. 94 : 9"$"2 Cod. Ms. hist. nat. 94 : 9"$"2 Cod. Ms. hist. nat. 94"$"2o Histor. nat 94 IX"$"2° Histor. nat 94 IX"$"2° Histor. nat 94 IX"$"2° Histor. nat 94"$"2° Histor. nat 94"$"Histor. nat. 94 IX"$"Histor. nat. 94"$"2° Cod. Ms. hist. nat. IX"$"2° Cod. Ms. hist. nat. 94 IX"$"2° Cod. Ms. hist. nat. 94 : IX"$"Histor. nat. 94, Bd. IX"
"Göttingen"$"4021477-1"$"Niedersächsische Staats- und Universitätsbibliothek Göttingen"$"2020450-4"$"gr. 2 Cod. Ms. theol. 226"$"2 Cod. Ms. theol. 226"$"2o Theol. 226"$"2° Theol. 226"$"2º Theol. 226"$"Theol. 226"$"2° Cod. Ms. theol. 226"
"Göttingen"$"4021477-1"$"Niedersächsische Staats- und Universitätsbibliothek Göttingen"$"2020450-4"$"gr. 2 Cod. Ms. theol. 7"$"2 Cod. Ms. theol. 7"$"2o Theol. 7"$"2° Theol. 7"$"2º Theol. 7"$"Theol. 7"$"2° Cod. Ms. theol. 7"
