"1"$"Cgm 1263"$"https://api.digitale-sammlungen.de/iiif/presentation/v2/bsb00161977/manifest"$"https://mdz-nbn-resolving.de/urn:nbn:de:bvb:12-bsb00161977-2"$"https://api.digitale-sammlungen.de/iiif/image/v2/bsb00161977_00003/full/280,/0/default.jpg"$"Komplett"$"Original"$"Standard"$"Einzelseite"$"2025"$"2025"$"Bayerische Staatsbibliothek"$"https://d-nb.info/gnd/2031351-2"$"München"$"https://d-nb.info/gnd/4127793-4"$"Bayerische Staatsbibliothek"$"https://d-nb.info/gnd/2031351-2"$"München"$"https://d-nb.info/gnd/4127793-4"
"2"$"Cgm 2213(1"$"https://api.digitale-sammlungen.de/iiif/presentation/v2/bsb00160219/manifest"$"https://mdz-nbn-resolving.de/urn:nbn:de:bvb:12-bsb00160219-7"$"https://api.digitale-sammlungen.de/iiif/image/v2/bsb00160219_00003/full/280,/0/default.jpg"$"Komplett"$"Original"$"Standard"$"Einzelseite"$"2025"$"2025"$"Bayerische Staatsbibliothek"$"https://d-nb.info/gnd/2031351-2"$"München"$"https://d-nb.info/gnd/4127793-4"$"Bayerische Staatsbibliothek"$"https://d-nb.info/gnd/2031351-2"$"München"$"https://d-nb.info/gnd/4127793-4"
"3"$"Cgm 2213(16"$"https://api.digitale-sammlungen.de/iiif/presentation/v2/bsb00160256/manifest"$"https://mdz-nbn-resolving.de/urn:nbn:de:bvb:12-bsb00160256-7"$"https://api.digitale-sammlungen.de/iiif/image/v2/bsb00160256_00003/full/280,/0/default.jpg"$"Komplett"$"Original"$"Standard"$"Einzelseite"$"2025"$"2025"$"Bayerische Staatsbibliothek"$"https://d-nb.info/gnd/2031351-2"$"München"$"https://d-nb.info/gnd/4127793-4"$"Bayerische Staatsbibliothek"$"https://d-nb.info/gnd/2031351-2"$"München"$"https://d-nb.info/gnd/4127793-4"
"4"$"Cgm 2213(43"$"https://api.digitale-sammlungen.de/iiif/presentation/v2/bsb00160344/manifest"$"https://mdz-nbn-resolving.de/urn:nbn:de:bvb:12-bsb00160344-7"$"https://api.digitale-sammlungen.de/iiif/image/v2/bsb00160344_00003/full/280,/0/default.jpg"$"Komplett"$"Original"$"Standard"$"Einzelseite"$"2025"$"2025"$"Bayerische Staatsbibliothek"$"https://d-nb.info/gnd/2031351-2"$"München"$"https://d-nb.info/gnd/4127793-4"$"Bayerische Staatsbibliothek"$"https://d-nb.info/gnd/2031351-2"$"München"$"https://d-nb.info/gnd/4127793-4"
"5"$"Cgm 2213(60"$"https://api.digitale-sammlungen.de/iiif/presentation/v2/bsb00160364/manifest"$"https://mdz-nbn-resolving.de/urn:nbn:de:bvb:12-bsb00160364-7"$"https://api.digitale-sammlungen.de/iiif/image/v2/bsb00160364_00003/full/280,/0/default.jpg"$"Komplett"$"Original"$"Standard"$"Einzelseite"$"2025"$"2025"$"Bayerische Staatsbibliothek"$"https://d-nb.info/gnd/2031351-2"$"München"$"https://d-nb.info/gnd/4127793-4"$"Bayerische Staatsbibliothek"$"https://d-nb.info/gnd/2031351-2"$"München"$"https://d-nb.info/gnd/4127793-4"
"6"$"Cgm 2213(63"$"https://api.digitale-sammlungen.de/iiif/presentation/v2/bsb00160366/manifest"$"https://mdz-nbn-resolving.de/urn:nbn:de:bvb:12-bsb00160366-8"$"https://api.digitale-sammlungen.de/iiif/image/v2/bsb00160366_00003/full/280,/0/default.jpg"$"Komplett"$"Original"$"Standard"$"Einzelseite"$"2025"$"2025"$"Bayerische Staatsbibliothek"$"https://d-nb.info/gnd/2031351-2"$"München"$"https://d-nb.info/gnd/4127793-4"$"Bayerische Staatsbibliothek"$"https://d-nb.info/gnd/2031351-2"$"München"$"https://d-nb.info/gnd/4127793-4"
"7"$"Cgm 362"$"https://api.digitale-sammlungen.de/iiif/presentation/v2/bsb00160492/manifest"$"https://mdz-nbn-resolving.de/urn:nbn:de:bvb:12-bsb00160492-3"$"https://api.digitale-sammlungen.de/iiif/image/v2/bsb00160492_00003/full/280,/0/default.jpg"$"Komplett"$"Original"$"Standard"$"Einzelseite"$"2025"$"2025"$"Bayerische Staatsbibliothek"$"https://d-nb.info/gnd/2031351-2"$"München"$"https://d-nb.info/gnd/4127793-4"$"Bayerische Staatsbibliothek"$"https://d-nb.info/gnd/2031351-2"$"München"$"https://d-nb.info/gnd/4127793-4"
"8"$"Cgm 4233"$"https://api.digitale-sammlungen.de/iiif/presentation/v2/bsb00161663/manifest"$"https://mdz-nbn-resolving.de/urn:nbn:de:bvb:12-bsb00161663-2"$"https://api.digitale-sammlungen.de/iiif/image/v2/bsb00161663_00003/full/280,/0/default.jpg"$"Komplett"$"Reproduktion"$"Graustufen"$"Einzelseite"$"2025"$"2025"$"Bayerische Staatsbibliothek"$"https://d-nb.info/gnd/2031351-2"$"München"$"https://d-nb.info/gnd/4127793-4"$"Bayerische Staatsbibliothek"$"https://d-nb.info/gnd/2031351-2"$"München"$"https://d-nb.info/gnd/4127793-4"
"9"$"Cgm 5248(2,II"$""$"https://mdz-nbn-resolving.de/urn:nbn:de:bvb:12-bsb00161492-8"$""$"Komplett"$"Reproduktion"$"Graustufen"$"Einzelseite"$"2025"$"2025"$"Bayerische Staatsbibliothek"$"https://d-nb.info/gnd/2031351-2"$"München"$"https://d-nb.info/gnd/4127793-4"$"Bayerische Staatsbibliothek"$"https://d-nb.info/gnd/2031351-2"$"München"$"https://d-nb.info/gnd/4127793-4"
"10"$"Cgm 5248(2,III"$"https://api.digitale-sammlungen.de/iiif/presentation/v2/bsb00161493/manifest"$"https://mdz-nbn-resolving.de/urn:nbn:de:bvb:12-bsb00161493-3"$"https://api.digitale-sammlungen.de/iiif/image/v2/bsb00161493_00003/full/280,/0/default.jpg"$"Komplett"$"Reproduktion"$"Graustufen"$"Einzelseite"$"2025"$"2025"$"Bayerische Staatsbibliothek"$"https://d-nb.info/gnd/2031351-2"$"München"$"https://d-nb.info/gnd/4127793-4"$"Bayerische Staatsbibliothek"$"https://d-nb.info/gnd/2031351-2"$"München"$"https://d-nb.info/gnd/4127793-4"
"11"$"Cgm 7386"$"https://api.digitale-sammlungen.de/iiif/presentation/v2/bsb00160654/manifest"$"https://mdz-nbn-resolving.de/urn:nbn:de:bvb:12-bsb00160654-7"$"https://api.digitale-sammlungen.de/iiif/image/v2/bsb00160654_00003/full/280,/0/default.jpg"$"Komplett"$"Original"$"Standard"$"Einzelseite"$"2025"$"2025"$"Bayerische Staatsbibliothek"$"https://d-nb.info/gnd/2031351-2"$"München"$"https://d-nb.info/gnd/4127793-4"$"Bayerische Staatsbibliothek"$"https://d-nb.info/gnd/2031351-2"$"München"$"https://d-nb.info/gnd/4127793-4"
"12"$"Cgm 7387"$"https://api.digitale-sammlungen.de/iiif/presentation/v2/bsb00160655/manifest"$"https://mdz-nbn-resolving.de/urn:nbn:de:bvb:12-bsb00160655-2"$"https://api.digitale-sammlungen.de/iiif/image/v2/bsb00160655_00003/full/280,/0/default.jpg"$"Komplett"$"Original"$"Standard"$"Einzelseite"$"2025"$"2025"$"Bayerische Staatsbibliothek"$"https://d-nb.info/gnd/2031351-2"$"München"$"https://d-nb.info/gnd/4127793-4"$"Bayerische Staatsbibliothek"$"https://d-nb.info/gnd/2031351-2"$"München"$"https://d-nb.info/gnd/4127793-4"
"13"$"Cgm 7387 a(1"$"https://api.digitale-sammlungen.de/iiif/presentation/v2/bsb00160656/manifest"$"https://mdz-nbn-resolving.de/urn:nbn:de:bvb:12-bsb00160656-8"$"https://api.digitale-sammlungen.de/iiif/image/v2/bsb00160656_00003/full/280,/0/default.jpg"$"Komplett"$"Original"$"Standard"$"Einzelseite"$"2025"$"2025"$"Bayerische Staatsbibliothek"$"https://d-nb.info/gnd/2031351-2"$"München"$"https://d-nb.info/gnd/4127793-4"$"Bayerische Staatsbibliothek"$"https://d-nb.info/gnd/2031351-2"$"München"$"https://d-nb.info/gnd/4127793-4"
"14"$"Cgm 7387 a(2"$"https://api.digitale-sammlungen.de/iiif/presentation/v2/bsb00160657/manifest"$"https://mdz-nbn-resolving.de/urn:nbn:de:bvb:12-bsb00160657-3"$"https://api.digitale-sammlungen.de/iiif/image/v2/bsb00160657_00003/full/280,/0/default.jpg"$"Komplett"$"Original"$"Standard"$"Einzelseite"$"2025"$"2025"$"Bayerische Staatsbibliothek"$"https://d-nb.info/gnd/2031351-2"$"München"$"https://d-nb.info/gnd/4127793-4"$"Bayerische Staatsbibliothek"$"https://d-nb.info/gnd/2031351-2"$"München"$"https://d-nb.info/gnd/4127793-4"
"15"$"Cgm 8064 z"$"https://api.digitale-sammlungen.de/iiif/presentation/v2/bsb00160658/manifest"$"https://mdz-nbn-resolving.de/urn:nbn:de:bvb:12-bsb00160658-8"$"https://api.digitale-sammlungen.de/iiif/image/v2/bsb00160658_00003/full/280,/0/default.jpg"$"Komplett"$"Original"$"Standard"$"Einzelseite"$"2025"$"2025"$"Bayerische Staatsbibliothek"$"https://d-nb.info/gnd/2031351-2"$"München"$"https://d-nb.info/gnd/4127793-4"$"Bayerische Staatsbibliothek"$"https://d-nb.info/gnd/2031351-2"$"München"$"https://d-nb.info/gnd/4127793-4"
"16"$"Cgm 8065"$"https://api.digitale-sammlungen.de/iiif/presentation/v2/bsb00160659/manifest"$"https://mdz-nbn-resolving.de/urn:nbn:de:bvb:12-bsb00160659-9"$"https://api.digitale-sammlungen.de/iiif/image/v2/bsb00160659_00003/full/280,/0/default.jpg"$"Komplett"$"Original"$"Standard"$"Einzelseite"$"2025"$"2025"$"Bayerische Staatsbibliothek"$"https://d-nb.info/gnd/2031351-2"$"München"$"https://d-nb.info/gnd/4127793-4"$"Bayerische Staatsbibliothek"$"https://d-nb.info/gnd/2031351-2"$"München"$"https://d-nb.info/gnd/4127793-4"
"17"$"Cgm 8066"$"https://api.digitale-sammlungen.de/iiif/presentation/v2/bsb00160660/manifest"$"https://mdz-nbn-resolving.de/urn:nbn:de:bvb:12-bsb00160660-1"$"https://api.digitale-sammlungen.de/iiif/image/v2/bsb00160660_00003/full/280,/0/default.jpg"$"Komplett"$"Original"$"Standard"$"Einzelseite"$"2025"$"2025"$"Bayerische Staatsbibliothek"$"https://d-nb.info/gnd/2031351-2"$"München"$"https://d-nb.info/gnd/4127793-4"$"Bayerische Staatsbibliothek"$"https://d-nb.info/gnd/2031351-2"$"München"$"https://d-nb.info/gnd/4127793-4"
"18"$"Cgm 8067"$"https://api.digitale-sammlungen.de/iiif/presentation/v2/bsb00160661/manifest"$"https://mdz-nbn-resolving.de/urn:nbn:de:bvb:12-bsb00160661-6"$"https://api.digitale-sammlungen.de/iiif/image/v2/bsb00160661_00003/full/280,/0/default.jpg"$"Komplett"$"Original"$"Standard"$"Einzelseite"$"2025"$"2025"$"Bayerische Staatsbibliothek"$"https://d-nb.info/gnd/2031351-2"$"München"$"https://d-nb.info/gnd/4127793-4"$"Bayerische Staatsbibliothek"$"https://d-nb.info/gnd/2031351-2"$"München"$"https://d-nb.info/gnd/4127793-4"
"19"$"Cgm 8068"$"https://api.digitale-sammlungen.de/iiif/presentation/v2/bsb00160662/manifest"$"https://mdz-nbn-resolving.de/urn:nbn:de:bvb:12-bsb00160662-2"$"https://api.digitale-sammlungen.de/iiif/image/v2/bsb00160662_00003/full/280,/0/default.jpg"$"Komplett"$"Original"$"Standard"$"Einzelseite"$"2025"$"2025"$"Bayerische Staatsbibliothek"$"https://d-nb.info/gnd/2031351-2"$"München"$"https://d-nb.info/gnd/4127793-4"$"Bayerische Staatsbibliothek"$"https://d-nb.info/gnd/2031351-2"$"München"$"https://d-nb.info/gnd/4127793-4"
"20"$"Cgm 8069"$"https://api.digitale-sammlungen.de/iiif/presentation/v2/bsb00160663/manifest"$"https://mdz-nbn-resolving.de/urn:nbn:de:bvb:12-bsb00160663-7"$"https://api.digitale-sammlungen.de/iiif/image/v2/bsb00160663_00003/full/280,/0/default.jpg"$"Komplett"$"Original"$"Standard"$"Einzelseite"$"2025"$"2025"$"Bayerische Staatsbibliothek"$"https://d-nb.info/gnd/2031351-2"$"München"$"https://d-nb.info/gnd/4127793-4"$"Bayerische Staatsbibliothek"$"https://d-nb.info/gnd/2031351-2"$"München"$"https://d-nb.info/gnd/4127793-4"
"21"$"Cgm 8070"$"https://api.digitale-sammlungen.de/iiif/presentation/v2/bsb00160664/manifest"$"https://mdz-nbn-resolving.de/urn:nbn:de:bvb:12-bsb00160664-2"$"https://api.digitale-sammlungen.de/iiif/image/v2/bsb00160664_00003/full/280,/0/default.jpg"$"Komplett"$"Original"$"Standard"$"Einzelseite"$"2025"$"2025"$"Bayerische Staatsbibliothek"$"https://d-nb.info/gnd/2031351-2"$"München"$"https://d-nb.info/gnd/4127793-4"$"Bayerische Staatsbibliothek"$"https://d-nb.info/gnd/2031351-2"$"München"$"https://d-nb.info/gnd/4127793-4"
"22"$"Cgm 910"$"https://api.digitale-sammlungen.de/iiif/presentation/v2/bsb00161337/manifest"$"https://mdz-nbn-resolving.de/urn:nbn:de:bvb:12-bsb00161337-2"$"https://api.digitale-sammlungen.de/iiif/image/v2/bsb00161337_00003/full/280,/0/default.jpg"$"Komplett"$"Reproduktion"$"Graustufen"$"Einzelseite"$"2025"$"2025"$"Bayerische Staatsbibliothek"$"https://d-nb.info/gnd/2031351-2"$"München"$"https://d-nb.info/gnd/4127793-4"$"Bayerische Staatsbibliothek"$"https://d-nb.info/gnd/2031351-2"$"München"$"https://d-nb.info/gnd/4127793-4"
"23"$"Cgm 9566(1"$"https://api.digitale-sammlungen.de/iiif/presentation/v2/bsb00159998/manifest"$"https://mdz-nbn-resolving.de/urn:nbn:de:bvb:12-bsb00159998-7"$"https://api.digitale-sammlungen.de/iiif/image/v2/bsb00159998_00003/full/280,/0/default.jpg"$"Komplett"$"Original"$"Standard"$"Einzelseite"$"2024"$"2024"$"Bayerische Staatsbibliothek"$"https://d-nb.info/gnd/2031351-2"$"München"$"https://d-nb.info/gnd/4127793-4"$"Bayerische Staatsbibliothek"$"https://d-nb.info/gnd/2031351-2"$"München"$"https://d-nb.info/gnd/4127793-4"
"24"$"Clm 11029"$"https://api.digitale-sammlungen.de/iiif/presentation/v2/bsb00160620/manifest"$"https://mdz-nbn-resolving.de/urn:nbn:de:bvb:12-bsb00160620-0"$"https://api.digitale-sammlungen.de/iiif/image/v2/bsb00160620_00003/full/280,/0/default.jpg"$"Komplett"$"Original"$"Standard"$"Einzelseite"$"2025"$"2025"$"Bayerische Staatsbibliothek"$"https://d-nb.info/gnd/2031351-2"$"München"$"https://d-nb.info/gnd/4127793-4"$"Bayerische Staatsbibliothek"$"https://d-nb.info/gnd/2031351-2"$"München"$"https://d-nb.info/gnd/4127793-4"
"25"$"Clm 11338"$"https://api.digitale-sammlungen.de/iiif/presentation/v2/bsb00161794/manifest"$"https://mdz-nbn-resolving.de/urn:nbn:de:bvb:12-bsb00161794-4"$"https://api.digitale-sammlungen.de/iiif/image/v2/bsb00161794_00003/full/280,/0/default.jpg"$"Komplett"$"Reproduktion"$"Graustufen"$"Einzelseite"$"2025"$"2025"$"Bayerische Staatsbibliothek"$"https://d-nb.info/gnd/2031351-2"$"München"$"https://d-nb.info/gnd/4127793-4"$"Bayerische Staatsbibliothek"$"https://d-nb.info/gnd/2031351-2"$"München"$"https://d-nb.info/gnd/4127793-4"
"26"$"Clm 14052"$"https://api.digitale-sammlungen.de/iiif/presentation/v2/bsb00159069/manifest"$"https://mdz-nbn-resolving.de/urn:nbn:de:bvb:12-bsb00159069-1"$"https://api.digitale-sammlungen.de/iiif/image/v2/bsb00159069_00003/full/280,/0/default.jpg"$"Komplett"$"Original"$"Standard"$"Einzelseite"$"2025"$"2025"$"Bayerische Staatsbibliothek"$"https://d-nb.info/gnd/2031351-2"$"München"$"https://d-nb.info/gnd/4127793-4"$"Bayerische Staatsbibliothek"$"https://d-nb.info/gnd/2031351-2"$"München"$"https://d-nb.info/gnd/4127793-4"
"27"$"Clm 14167"$"https://api.digitale-sammlungen.de/iiif/presentation/v2/bsb00157407/manifest"$"https://mdz-nbn-resolving.de/urn:nbn:de:bvb:12-bsb00157407-7"$"https://api.digitale-sammlungen.de/iiif/image/v2/bsb00157407_00003/full/280,/0/default.jpg"$"Komplett"$"Original"$"Standard"$"Einzelseite"$"2025"$"2025"$"Bayerische Staatsbibliothek"$"https://d-nb.info/gnd/2031351-2"$"München"$"https://d-nb.info/gnd/4127793-4"$"Bayerische Staatsbibliothek"$"https://d-nb.info/gnd/2031351-2"$"München"$"https://d-nb.info/gnd/4127793-4"
"28"$"Clm 14272"$"https://api.digitale-sammlungen.de/iiif/presentation/v2/bsb00161430/manifest"$"https://mdz-nbn-resolving.de/urn:nbn:de:bvb:12-bsb00161430-0"$"https://api.digitale-sammlungen.de/iiif/image/v2/bsb00161430_00003/full/280,/0/default.jpg"$"Komplett"$"Original"$"Standard"$"Einzelseite"$"2025"$"2025"$"Bayerische Staatsbibliothek"$"https://d-nb.info/gnd/2031351-2"$"München"$"https://d-nb.info/gnd/4127793-4"$"Bayerische Staatsbibliothek"$"https://d-nb.info/gnd/2031351-2"$"München"$"https://d-nb.info/gnd/4127793-4"
"29"$"Clm 14357"$"https://api.digitale-sammlungen.de/iiif/presentation/v2/bsb00160613/manifest"$"https://mdz-nbn-resolving.de/urn:nbn:de:bvb:12-bsb00160613-1"$"https://api.digitale-sammlungen.de/iiif/image/v2/bsb00160613_00003/full/280,/0/default.jpg"$"Komplett"$"Original"$"Standard"$"Einzelseite"$"2025"$"2025"$"Bayerische Staatsbibliothek"$"https://d-nb.info/gnd/2031351-2"$"München"$"https://d-nb.info/gnd/4127793-4"$"Bayerische Staatsbibliothek"$"https://d-nb.info/gnd/2031351-2"$"München"$"https://d-nb.info/gnd/4127793-4"
"30"$"Clm 14363"$"https://api.digitale-sammlungen.de/iiif/presentation/v2/bsb00160614/manifest"$"https://mdz-nbn-resolving.de/urn:nbn:de:bvb:12-bsb00160614-6"$"https://api.digitale-sammlungen.de/iiif/image/v2/bsb00160614_00003/full/280,/0/default.jpg"$"Komplett"$"Original"$"Standard"$"Einzelseite"$"2025"$"2025"$"Bayerische Staatsbibliothek"$"https://d-nb.info/gnd/2031351-2"$"München"$"https://d-nb.info/gnd/4127793-4"$"Bayerische Staatsbibliothek"$"https://d-nb.info/gnd/2031351-2"$"München"$"https://d-nb.info/gnd/4127793-4"
"31"$"Clm 14436"$"https://api.digitale-sammlungen.de/iiif/presentation/v2/bsb00160615/manifest"$"https://mdz-nbn-resolving.de/urn:nbn:de:bvb:12-bsb00160615-2"$"https://api.digitale-sammlungen.de/iiif/image/v2/bsb00160615_00003/full/280,/0/default.jpg"$"Komplett"$"Original"$"Standard"$"Einzelseite"$"2025"$"2025"$"Bayerische Staatsbibliothek"$"https://d-nb.info/gnd/2031351-2"$"München"$"https://d-nb.info/gnd/4127793-4"$"Bayerische Staatsbibliothek"$"https://d-nb.info/gnd/2031351-2"$"München"$"https://d-nb.info/gnd/4127793-4"
"32"$"Clm 14439"$"https://api.digitale-sammlungen.de/iiif/presentation/v2/bsb00160616/manifest"$"https://mdz-nbn-resolving.de/urn:nbn:de:bvb:12-bsb00160616-7"$"https://api.digitale-sammlungen.de/iiif/image/v2/bsb00160616_00003/full/280,/0/default.jpg"$"Komplett"$"Original"$"Standard"$"Einzelseite"$"2025"$"2025"$"Bayerische Staatsbibliothek"$"https://d-nb.info/gnd/2031351-2"$"München"$"https://d-nb.info/gnd/4127793-4"$"Bayerische Staatsbibliothek"$"https://d-nb.info/gnd/2031351-2"$"München"$"https://d-nb.info/gnd/4127793-4"
"33"$"Clm 14470"$""$"https://mdz-nbn-resolving.de/urn:nbn:de:bvb:12-bsb00160617-2"$""$"Komplett"$"Original"$"Standard"$"Einzelseite"$"2025"$"2025"$"Bayerische Staatsbibliothek"$"https://d-nb.info/gnd/2031351-2"$"München"$"https://d-nb.info/gnd/4127793-4"$"Bayerische Staatsbibliothek"$"https://d-nb.info/gnd/2031351-2"$"München"$"https://d-nb.info/gnd/4127793-4"
"34"$"Clm 14484"$"https://api.digitale-sammlungen.de/iiif/presentation/v2/bsb00160619/manifest"$"https://mdz-nbn-resolving.de/urn:nbn:de:bvb:12-bsb00160619-8"$"https://api.digitale-sammlungen.de/iiif/image/v2/bsb00160619_00003/full/280,/0/default.jpg"$"Komplett"$"Original"$"Standard"$"Einzelseite"$"2025"$"2025"$"Bayerische Staatsbibliothek"$"https://d-nb.info/gnd/2031351-2"$"München"$"https://d-nb.info/gnd/4127793-4"$"Bayerische Staatsbibliothek"$"https://d-nb.info/gnd/2031351-2"$"München"$"https://d-nb.info/gnd/4127793-4"
"35"$"Clm 14633"$"https://api.digitale-sammlungen.de/iiif/presentation/v2/bsb00161406/manifest"$"https://mdz-nbn-resolving.de/urn:nbn:de:bvb:12-bsb00161406-6"$"https://api.digitale-sammlungen.de/iiif/image/v2/bsb00161406_00003/full/280,/0/default.jpg"$"Komplett"$"Original"$"Standard"$"Einzelseite"$"2025"$"2025"$"Bayerische Staatsbibliothek"$"https://d-nb.info/gnd/2031351-2"$"München"$"https://d-nb.info/gnd/4127793-4"$"Bayerische Staatsbibliothek"$"https://d-nb.info/gnd/2031351-2"$"München"$"https://d-nb.info/gnd/4127793-4"
"36"$"Clm 14642"$"https://api.digitale-sammlungen.de/iiif/presentation/v2/bsb00161408/manifest"$"https://mdz-nbn-resolving.de/urn:nbn:de:bvb:12-bsb00161408-7"$"https://api.digitale-sammlungen.de/iiif/image/v2/bsb00161408_00003/full/280,/0/default.jpg"$"Komplett"$"Original"$"Standard"$"Einzelseite"$"2025"$"2025"$"Bayerische Staatsbibliothek"$"https://d-nb.info/gnd/2031351-2"$"München"$"https://d-nb.info/gnd/4127793-4"$"Bayerische Staatsbibliothek"$"https://d-nb.info/gnd/2031351-2"$"München"$"https://d-nb.info/gnd/4127793-4"
"37"$"Clm 14644"$"https://api.digitale-sammlungen.de/iiif/presentation/v2/bsb00161409/manifest"$"https://mdz-nbn-resolving.de/urn:nbn:de:bvb:12-bsb00161409-7"$"https://api.digitale-sammlungen.de/iiif/image/v2/bsb00161409_00003/full/280,/0/default.jpg"$"Komplett"$"Original"$"Standard"$"Einzelseite"$"2025"$"2025"$"Bayerische Staatsbibliothek"$"https://d-nb.info/gnd/2031351-2"$"München"$"https://d-nb.info/gnd/4127793-4"$"Bayerische Staatsbibliothek"$"https://d-nb.info/gnd/2031351-2"$"München"$"https://d-nb.info/gnd/4127793-4"
"38"$"Clm 14649"$"https://api.digitale-sammlungen.de/iiif/presentation/v2/bsb00161410/manifest"$"https://mdz-nbn-resolving.de/urn:nbn:de:bvb:12-bsb00161410-0"$"https://api.digitale-sammlungen.de/iiif/image/v2/bsb00161410_00003/full/280,/0/default.jpg"$"Komplett"$"Original"$"Standard"$"Einzelseite"$"2025"$"2025"$"Bayerische Staatsbibliothek"$"https://d-nb.info/gnd/2031351-2"$"München"$"https://d-nb.info/gnd/4127793-4"$"Bayerische Staatsbibliothek"$"https://d-nb.info/gnd/2031351-2"$"München"$"https://d-nb.info/gnd/4127793-4"
"39"$"Clm 14665"$"https://api.digitale-sammlungen.de/iiif/presentation/v2/bsb00161412/manifest"$"https://mdz-nbn-resolving.de/urn:nbn:de:bvb:12-bsb00161412-0"$"https://api.digitale-sammlungen.de/iiif/image/v2/bsb00161412_00003/full/280,/0/default.jpg"$"Komplett"$"Original"$"Standard"$"Einzelseite"$"2025"$"2025"$"Bayerische Staatsbibliothek"$"https://d-nb.info/gnd/2031351-2"$"München"$"https://d-nb.info/gnd/4127793-4"$"Bayerische Staatsbibliothek"$"https://d-nb.info/gnd/2031351-2"$"München"$"https://d-nb.info/gnd/4127793-4"
"40"$"Clm 14667"$"https://api.digitale-sammlungen.de/iiif/presentation/v2/bsb00161413/manifest"$"https://mdz-nbn-resolving.de/urn:nbn:de:bvb:12-bsb00161413-6"$"https://api.digitale-sammlungen.de/iiif/image/v2/bsb00161413_00003/full/280,/0/default.jpg"$"Komplett"$"Original"$"Standard"$"Einzelseite"$"2025"$"2025"$"Bayerische Staatsbibliothek"$"https://d-nb.info/gnd/2031351-2"$"München"$"https://d-nb.info/gnd/4127793-4"$"Bayerische Staatsbibliothek"$"https://d-nb.info/gnd/2031351-2"$"München"$"https://d-nb.info/gnd/4127793-4"
"41"$"Clm 14684"$"https://api.digitale-sammlungen.de/iiif/presentation/v2/bsb00161415/manifest"$"https://mdz-nbn-resolving.de/urn:nbn:de:bvb:12-bsb00161415-6"$"https://api.digitale-sammlungen.de/iiif/image/v2/bsb00161415_00003/full/280,/0/default.jpg"$"Komplett"$"Original"$"Standard"$"Einzelseite"$"2025"$"2025"$"Bayerische Staatsbibliothek"$"https://d-nb.info/gnd/2031351-2"$"München"$"https://d-nb.info/gnd/4127793-4"$"Bayerische Staatsbibliothek"$"https://d-nb.info/gnd/2031351-2"$"München"$"https://d-nb.info/gnd/4127793-4"
"42"$"Clm 15142"$"https://api.digitale-sammlungen.de/iiif/presentation/v2/bsb00161494/manifest"$"https://mdz-nbn-resolving.de/urn:nbn:de:bvb:12-bsb00161494-9"$"https://api.digitale-sammlungen.de/iiif/image/v2/bsb00161494_00003/full/280,/0/default.jpg"$"Komplett"$"Reproduktion"$"Graustufen"$"Einzelseite"$"2025"$"2025"$"Bayerische Staatsbibliothek"$"https://d-nb.info/gnd/2031351-2"$"München"$"https://d-nb.info/gnd/4127793-4"$"Bayerische Staatsbibliothek"$"https://d-nb.info/gnd/2031351-2"$"München"$"https://d-nb.info/gnd/4127793-4"
"43"$"Clm 17273"$"https://api.digitale-sammlungen.de/iiif/presentation/v2/bsb00160604/manifest"$"https://mdz-nbn-resolving.de/urn:nbn:de:bvb:12-bsb00160604-1"$"https://api.digitale-sammlungen.de/iiif/image/v2/bsb00160604_00003/full/280,/0/default.jpg"$"Komplett"$"Original"$"Standard"$"Einzelseite"$"2025"$"2025"$"Bayerische Staatsbibliothek"$"https://d-nb.info/gnd/2031351-2"$"München"$"https://d-nb.info/gnd/4127793-4"$"Bayerische Staatsbibliothek"$"https://d-nb.info/gnd/2031351-2"$"München"$"https://d-nb.info/gnd/4127793-4"
"44"$"Clm 17285"$"https://api.digitale-sammlungen.de/iiif/presentation/v2/bsb00161976/manifest"$"https://mdz-nbn-resolving.de/urn:nbn:de:bvb:12-bsb00161976-6"$"https://api.digitale-sammlungen.de/iiif/image/v2/bsb00161976_00003/full/280,/0/default.jpg"$"Komplett"$"Original"$"Standard"$"Einzelseite"$"2025"$"2025"$"Bayerische Staatsbibliothek"$"https://d-nb.info/gnd/2031351-2"$"München"$"https://d-nb.info/gnd/4127793-4"$"Bayerische Staatsbibliothek"$"https://d-nb.info/gnd/2031351-2"$"München"$"https://d-nb.info/gnd/4127793-4"
"45"$"Clm 17500"$"https://api.digitale-sammlungen.de/iiif/presentation/v2/bsb00160730/manifest"$"https://mdz-nbn-resolving.de/urn:nbn:de:bvb:12-bsb00160730-0"$"https://api.digitale-sammlungen.de/iiif/image/v2/bsb00160730_00003/full/280,/0/default.jpg"$"Komplett"$"Original"$"Standard"$"Einzelseite"$"2025"$"2025"$"Bayerische Staatsbibliothek"$"https://d-nb.info/gnd/2031351-2"$"München"$"https://d-nb.info/gnd/4127793-4"$"Bayerische Staatsbibliothek"$"https://d-nb.info/gnd/2031351-2"$"München"$"https://d-nb.info/gnd/4127793-4"
"46"$"Clm 18190"$"https://api.digitale-sammlungen.de/iiif/presentation/v2/bsb00161975/manifest"$"https://mdz-nbn-resolving.de/urn:nbn:de:bvb:12-bsb00161975-1"$"https://api.digitale-sammlungen.de/iiif/image/v2/bsb00161975_00003/full/280,/0/default.jpg"$"Komplett"$"Original"$"Standard"$"Einzelseite"$"2025"$"2025"$"Bayerische Staatsbibliothek"$"https://d-nb.info/gnd/2031351-2"$"München"$"https://d-nb.info/gnd/4127793-4"$"Bayerische Staatsbibliothek"$"https://d-nb.info/gnd/2031351-2"$"München"$"https://d-nb.info/gnd/4127793-4"
"47"$"Clm 23001"$"https://api.digitale-sammlungen.de/iiif/presentation/v2/bsb00160029/manifest"$"https://mdz-nbn-resolving.de/urn:nbn:de:bvb:12-bsb00160029-2"$"https://api.digitale-sammlungen.de/iiif/image/v2/bsb00160029_00003/full/280,/0/default.jpg"$"Komplett"$"Reproduktion"$"Graustufen"$"Einzelseite"$"2024"$"2024"$"Bayerische Staatsbibliothek"$"https://d-nb.info/gnd/2031351-2"$"München"$"https://d-nb.info/gnd/4127793-4"$"Bayerische Staatsbibliothek"$"https://d-nb.info/gnd/2031351-2"$"München"$"https://d-nb.info/gnd/4127793-4"
"48"$"Clm 23022"$"https://api.digitale-sammlungen.de/iiif/presentation/v2/bsb00160030/manifest"$"https://mdz-nbn-resolving.de/urn:nbn:de:bvb:12-bsb00160030-5"$"https://api.digitale-sammlungen.de/iiif/image/v2/bsb00160030_00003/full/280,/0/default.jpg"$"Komplett"$"Reproduktion"$"Graustufen"$"Einzelseite"$"2024"$"2024"$"Bayerische Staatsbibliothek"$"https://d-nb.info/gnd/2031351-2"$"München"$"https://d-nb.info/gnd/4127793-4"$"Bayerische Staatsbibliothek"$"https://d-nb.info/gnd/2031351-2"$"München"$"https://d-nb.info/gnd/4127793-4"
"49"$"Clm 23026"$"https://api.digitale-sammlungen.de/iiif/presentation/v2/bsb00160031/manifest"$"https://mdz-nbn-resolving.de/urn:nbn:de:bvb:12-bsb00160031-0"$"https://api.digitale-sammlungen.de/iiif/image/v2/bsb00160031_00003/full/280,/0/default.jpg"$"Komplett"$"Reproduktion"$"Graustufen"$"Einzelseite"$"2024"$"2024"$"Bayerische Staatsbibliothek"$"https://d-nb.info/gnd/2031351-2"$"München"$"https://d-nb.info/gnd/4127793-4"$"Bayerische Staatsbibliothek"$"https://d-nb.info/gnd/2031351-2"$"München"$"https://d-nb.info/gnd/4127793-4"
"50"$"Clm 23052"$"https://api.digitale-sammlungen.de/iiif/presentation/v2/bsb00160033/manifest"$"https://mdz-nbn-resolving.de/urn:nbn:de:bvb:12-bsb00160033-1"$"https://api.digitale-sammlungen.de/iiif/image/v2/bsb00160033_00003/full/280,/0/default.jpg"$"Komplett"$"Reproduktion"$"Graustufen"$"Einzelseite"$"2024"$"2024"$"Bayerische Staatsbibliothek"$"https://d-nb.info/gnd/2031351-2"$"München"$"https://d-nb.info/gnd/4127793-4"$"Bayerische Staatsbibliothek"$"https://d-nb.info/gnd/2031351-2"$"München"$"https://d-nb.info/gnd/4127793-4"
"51"$"Clm 23054"$"https://api.digitale-sammlungen.de/iiif/presentation/v2/bsb00160034/manifest"$"https://mdz-nbn-resolving.de/urn:nbn:de:bvb:12-bsb00160034-6"$"https://api.digitale-sammlungen.de/iiif/image/v2/bsb00160034_00003/full/280,/0/default.jpg"$"Komplett"$"Reproduktion"$"Graustufen"$"Einzelseite"$"2024"$"2024"$"Bayerische Staatsbibliothek"$"https://d-nb.info/gnd/2031351-2"$"München"$"https://d-nb.info/gnd/4127793-4"$"Bayerische Staatsbibliothek"$"https://d-nb.info/gnd/2031351-2"$"München"$"https://d-nb.info/gnd/4127793-4"
"52"$"Clm 23063"$"https://api.digitale-sammlungen.de/iiif/presentation/v2/bsb00160035/manifest"$"https://mdz-nbn-resolving.de/urn:nbn:de:bvb:12-bsb00160035-1"$"https://api.digitale-sammlungen.de/iiif/image/v2/bsb00160035_00003/full/280,/0/default.jpg"$"Komplett"$"Reproduktion"$"Graustufen"$"Einzelseite"$"2024"$"2024"$"Bayerische Staatsbibliothek"$"https://d-nb.info/gnd/2031351-2"$"München"$"https://d-nb.info/gnd/4127793-4"$"Bayerische Staatsbibliothek"$"https://d-nb.info/gnd/2031351-2"$"München"$"https://d-nb.info/gnd/4127793-4"
"53"$"Clm 23064"$"https://api.digitale-sammlungen.de/iiif/presentation/v2/bsb00160036/manifest"$"https://mdz-nbn-resolving.de/urn:nbn:de:bvb:12-bsb00160036-7"$"https://api.digitale-sammlungen.de/iiif/image/v2/bsb00160036_00003/full/280,/0/default.jpg"$"Komplett"$"Reproduktion"$"Graustufen"$"Einzelseite"$"2024"$"2024"$"Bayerische Staatsbibliothek"$"https://d-nb.info/gnd/2031351-2"$"München"$"https://d-nb.info/gnd/4127793-4"$"Bayerische Staatsbibliothek"$"https://d-nb.info/gnd/2031351-2"$"München"$"https://d-nb.info/gnd/4127793-4"
"54"$"Clm 23065"$"https://api.digitale-sammlungen.de/iiif/presentation/v2/bsb00160037/manifest"$"https://mdz-nbn-resolving.de/urn:nbn:de:bvb:12-bsb00160037-2"$"https://api.digitale-sammlungen.de/iiif/image/v2/bsb00160037_00003/full/280,/0/default.jpg"$"Komplett"$"Reproduktion"$"Graustufen"$"Einzelseite"$"2024"$"2024"$"Bayerische Staatsbibliothek"$"https://d-nb.info/gnd/2031351-2"$"München"$"https://d-nb.info/gnd/4127793-4"$"Bayerische Staatsbibliothek"$"https://d-nb.info/gnd/2031351-2"$"München"$"https://d-nb.info/gnd/4127793-4"
"55"$"Clm 23070"$"https://api.digitale-sammlungen.de/iiif/presentation/v2/bsb00160039/manifest"$"https://mdz-nbn-resolving.de/urn:nbn:de:bvb:12-bsb00160039-7"$"https://api.digitale-sammlungen.de/iiif/image/v2/bsb00160039_00003/full/280,/0/default.jpg"$"Komplett"$"Reproduktion"$"Graustufen"$"Einzelseite"$"2024"$"2024"$"Bayerische Staatsbibliothek"$"https://d-nb.info/gnd/2031351-2"$"München"$"https://d-nb.info/gnd/4127793-4"$"Bayerische Staatsbibliothek"$"https://d-nb.info/gnd/2031351-2"$"München"$"https://d-nb.info/gnd/4127793-4"
"56"$"Clm 23121"$"https://api.digitale-sammlungen.de/iiif/presentation/v2/bsb00160040/manifest"$"https://mdz-nbn-resolving.de/urn:nbn:de:bvb:12-bsb00160040-0"$"https://api.digitale-sammlungen.de/iiif/image/v2/bsb00160040_00003/full/280,/0/default.jpg"$"Komplett"$"Reproduktion"$"Graustufen"$"Einzelseite"$"2024"$"2024"$"Bayerische Staatsbibliothek"$"https://d-nb.info/gnd/2031351-2"$"München"$"https://d-nb.info/gnd/4127793-4"$"Bayerische Staatsbibliothek"$"https://d-nb.info/gnd/2031351-2"$"München"$"https://d-nb.info/gnd/4127793-4"
"57"$"Clm 23152"$"https://api.digitale-sammlungen.de/iiif/presentation/v2/bsb00160041/manifest"$"https://mdz-nbn-resolving.de/urn:nbn:de:bvb:12-bsb00160041-5"$"https://api.digitale-sammlungen.de/iiif/image/v2/bsb00160041_00003/full/280,/0/default.jpg"$"Komplett"$"Reproduktion"$"Graustufen"$"Einzelseite"$"2025"$"2025"$"Bayerische Staatsbibliothek"$"https://d-nb.info/gnd/2031351-2"$"München"$"https://d-nb.info/gnd/4127793-4"$"Bayerische Staatsbibliothek"$"https://d-nb.info/gnd/2031351-2"$"München"$"https://d-nb.info/gnd/4127793-4"
"58"$"Clm 23181"$"https://api.digitale-sammlungen.de/iiif/presentation/v2/bsb00160042/manifest"$"https://mdz-nbn-resolving.de/urn:nbn:de:bvb:12-bsb00160042-1"$"https://api.digitale-sammlungen.de/iiif/image/v2/bsb00160042_00003/full/280,/0/default.jpg"$"Komplett"$"Reproduktion"$"Graustufen"$"Einzelseite"$"2024"$"2024"$"Bayerische Staatsbibliothek"$"https://d-nb.info/gnd/2031351-2"$"München"$"https://d-nb.info/gnd/4127793-4"$"Bayerische Staatsbibliothek"$"https://d-nb.info/gnd/2031351-2"$"München"$"https://d-nb.info/gnd/4127793-4"
"59"$"Clm 23232"$"https://api.digitale-sammlungen.de/iiif/presentation/v2/bsb00160043/manifest"$"https://mdz-nbn-resolving.de/urn:nbn:de:bvb:12-bsb00160043-6"$"https://api.digitale-sammlungen.de/iiif/image/v2/bsb00160043_00003/full/280,/0/default.jpg"$"Komplett"$"Reproduktion"$"Graustufen"$"Einzelseite"$"2024"$"2024"$"Bayerische Staatsbibliothek"$"https://d-nb.info/gnd/2031351-2"$"München"$"https://d-nb.info/gnd/4127793-4"$"Bayerische Staatsbibliothek"$"https://d-nb.info/gnd/2031351-2"$"München"$"https://d-nb.info/gnd/4127793-4"
"60"$"Clm 23270"$"https://api.digitale-sammlungen.de/iiif/presentation/v2/bsb00160045/manifest"$"https://mdz-nbn-resolving.de/urn:nbn:de:bvb:12-bsb00160045-7"$"https://api.digitale-sammlungen.de/iiif/image/v2/bsb00160045_00003/full/280,/0/default.jpg"$"Komplett"$"Reproduktion"$"Graustufen"$"Einzelseite"$"2025"$"2025"$"Bayerische Staatsbibliothek"$"https://d-nb.info/gnd/2031351-2"$"München"$"https://d-nb.info/gnd/4127793-4"$"Bayerische Staatsbibliothek"$"https://d-nb.info/gnd/2031351-2"$"München"$"https://d-nb.info/gnd/4127793-4"
"61"$"Clm 23275"$"https://api.digitale-sammlungen.de/iiif/presentation/v2/bsb00161417/manifest"$"https://mdz-nbn-resolving.de/urn:nbn:de:bvb:12-bsb00161417-7"$"https://api.digitale-sammlungen.de/iiif/image/v2/bsb00161417_00003/full/280,/0/default.jpg"$"Komplett"$"Reproduktion"$"Graustufen"$"Einzelseite"$"2025"$"2025"$"Bayerische Staatsbibliothek"$"https://d-nb.info/gnd/2031351-2"$"München"$"https://d-nb.info/gnd/4127793-4"$"Bayerische Staatsbibliothek"$"https://d-nb.info/gnd/2031351-2"$"München"$"https://d-nb.info/gnd/4127793-4"
"62"$"Clm 23285"$"https://api.digitale-sammlungen.de/iiif/presentation/v2/bsb00160046/manifest"$"https://mdz-nbn-resolving.de/urn:nbn:de:bvb:12-bsb00160046-2"$"https://api.digitale-sammlungen.de/iiif/image/v2/bsb00160046_00003/full/280,/0/default.jpg"$"Komplett"$"Reproduktion"$"Graustufen"$"Einzelseite"$"2024"$"2024"$"Bayerische Staatsbibliothek"$"https://d-nb.info/gnd/2031351-2"$"München"$"https://d-nb.info/gnd/4127793-4"$"Bayerische Staatsbibliothek"$"https://d-nb.info/gnd/2031351-2"$"München"$"https://d-nb.info/gnd/4127793-4"
"63"$"Clm 23372"$"https://api.digitale-sammlungen.de/iiif/presentation/v2/bsb00160051/manifest"$"https://mdz-nbn-resolving.de/urn:nbn:de:bvb:12-bsb00160051-0"$"https://api.digitale-sammlungen.de/iiif/image/v2/bsb00160051_00003/full/280,/0/default.jpg"$"Komplett"$"Reproduktion"$"Graustufen"$"Einzelseite"$"2024"$"2024"$"Bayerische Staatsbibliothek"$"https://d-nb.info/gnd/2031351-2"$"München"$"https://d-nb.info/gnd/4127793-4"$"Bayerische Staatsbibliothek"$"https://d-nb.info/gnd/2031351-2"$"München"$"https://d-nb.info/gnd/4127793-4"
"64"$"Clm 23381"$"https://api.digitale-sammlungen.de/iiif/presentation/v2/bsb00160052/manifest"$"https://mdz-nbn-resolving.de/urn:nbn:de:bvb:12-bsb00160052-6"$"https://api.digitale-sammlungen.de/iiif/image/v2/bsb00160052_00003/full/280,/0/default.jpg"$"Komplett"$"Reproduktion"$"Graustufen"$"Einzelseite"$"2024"$"2024"$"Bayerische Staatsbibliothek"$"https://d-nb.info/gnd/2031351-2"$"München"$"https://d-nb.info/gnd/4127793-4"$"Bayerische Staatsbibliothek"$"https://d-nb.info/gnd/2031351-2"$"München"$"https://d-nb.info/gnd/4127793-4"
"65"$"Clm 23383"$"https://api.digitale-sammlungen.de/iiif/presentation/v2/bsb00160053/manifest"$"https://mdz-nbn-resolving.de/urn:nbn:de:bvb:12-bsb00160053-1"$"https://api.digitale-sammlungen.de/iiif/image/v2/bsb00160053_00003/full/280,/0/default.jpg"$"Komplett"$"Reproduktion"$"Graustufen"$"Einzelseite"$"2024"$"2024"$"Bayerische Staatsbibliothek"$"https://d-nb.info/gnd/2031351-2"$"München"$"https://d-nb.info/gnd/4127793-4"$"Bayerische Staatsbibliothek"$"https://d-nb.info/gnd/2031351-2"$"München"$"https://d-nb.info/gnd/4127793-4"
"66"$"Clm 23386"$"https://api.digitale-sammlungen.de/iiif/presentation/v2/bsb00160054/manifest"$"https://mdz-nbn-resolving.de/urn:nbn:de:bvb:12-bsb00160054-6"$"https://api.digitale-sammlungen.de/iiif/image/v2/bsb00160054_00003/full/280,/0/default.jpg"$"Komplett"$"Reproduktion"$"Graustufen"$"Einzelseite"$"2025"$"2025"$"Bayerische Staatsbibliothek"$"https://d-nb.info/gnd/2031351-2"$"München"$"https://d-nb.info/gnd/4127793-4"$"Bayerische Staatsbibliothek"$"https://d-nb.info/gnd/2031351-2"$"München"$"https://d-nb.info/gnd/4127793-4"
"67"$"Clm 23390"$"https://api.digitale-sammlungen.de/iiif/presentation/v2/bsb00160055/manifest"$"https://mdz-nbn-resolving.de/urn:nbn:de:bvb:12-bsb00160055-2"$"https://api.digitale-sammlungen.de/iiif/image/v2/bsb00160055_00003/full/280,/0/default.jpg"$"Komplett"$"Reproduktion"$"Graustufen"$"Einzelseite"$"2024"$"2024"$"Bayerische Staatsbibliothek"$"https://d-nb.info/gnd/2031351-2"$"München"$"https://d-nb.info/gnd/4127793-4"$"Bayerische Staatsbibliothek"$"https://d-nb.info/gnd/2031351-2"$"München"$"https://d-nb.info/gnd/4127793-4"
"68"$"Clm 23412"$"https://api.digitale-sammlungen.de/iiif/presentation/v2/bsb00160057/manifest"$"https://mdz-nbn-resolving.de/urn:nbn:de:bvb:12-bsb00160057-2"$"https://api.digitale-sammlungen.de/iiif/image/v2/bsb00160057_00003/full/280,/0/default.jpg"$"Komplett"$"Reproduktion"$"Graustufen"$"Einzelseite"$"2024"$"2024"$"Bayerische Staatsbibliothek"$"https://d-nb.info/gnd/2031351-2"$"München"$"https://d-nb.info/gnd/4127793-4"$"Bayerische Staatsbibliothek"$"https://d-nb.info/gnd/2031351-2"$"München"$"https://d-nb.info/gnd/4127793-4"
"69"$"Clm 23413"$"https://api.digitale-sammlungen.de/iiif/presentation/v2/bsb00160058/manifest"$"https://mdz-nbn-resolving.de/urn:nbn:de:bvb:12-bsb00160058-8"$"https://api.digitale-sammlungen.de/iiif/image/v2/bsb00160058_00003/full/280,/0/default.jpg"$"Komplett"$"Reproduktion"$"Graustufen"$"Einzelseite"$"2024"$"2024"$"Bayerische Staatsbibliothek"$"https://d-nb.info/gnd/2031351-2"$"München"$"https://d-nb.info/gnd/4127793-4"$"Bayerische Staatsbibliothek"$"https://d-nb.info/gnd/2031351-2"$"München"$"https://d-nb.info/gnd/4127793-4"
"70"$"Clm 23413 a"$"https://api.digitale-sammlungen.de/iiif/presentation/v2/bsb00161416/manifest"$"https://mdz-nbn-resolving.de/urn:nbn:de:bvb:12-bsb00161416-2"$"https://api.digitale-sammlungen.de/iiif/image/v2/bsb00161416_00003/full/280,/0/default.jpg"$"Komplett"$"Reproduktion"$"Graustufen"$"Einzelseite"$"2025"$"2025"$"Bayerische Staatsbibliothek"$"https://d-nb.info/gnd/2031351-2"$"München"$"https://d-nb.info/gnd/4127793-4"$"Bayerische Staatsbibliothek"$"https://d-nb.info/gnd/2031351-2"$"München"$"https://d-nb.info/gnd/4127793-4"
"71"$"Clm 23416"$"https://api.digitale-sammlungen.de/iiif/presentation/v2/bsb00160059/manifest"$"https://mdz-nbn-resolving.de/urn:nbn:de:bvb:12-bsb00160059-8"$"https://api.digitale-sammlungen.de/iiif/image/v2/bsb00160059_00003/full/280,/0/default.jpg"$"Komplett"$"Reproduktion"$"Graustufen"$"Einzelseite"$"2025"$"2025"$"Bayerische Staatsbibliothek"$"https://d-nb.info/gnd/2031351-2"$"München"$"https://d-nb.info/gnd/4127793-4"$"Bayerische Staatsbibliothek"$"https://d-nb.info/gnd/2031351-2"$"München"$"https://d-nb.info/gnd/4127793-4"
"72"$"Clm 23432"$"https://api.digitale-sammlungen.de/iiif/presentation/v2/bsb00160060/manifest"$"https://mdz-nbn-resolving.de/urn:nbn:de:bvb:12-bsb00160060-0"$"https://api.digitale-sammlungen.de/iiif/image/v2/bsb00160060_00003/full/280,/0/default.jpg"$"Komplett"$"Reproduktion"$"Graustufen"$"Einzelseite"$"2025"$"2025"$"Bayerische Staatsbibliothek"$"https://d-nb.info/gnd/2031351-2"$"München"$"https://d-nb.info/gnd/4127793-4"$"Bayerische Staatsbibliothek"$"https://d-nb.info/gnd/2031351-2"$"München"$"https://d-nb.info/gnd/4127793-4"
"73"$"Clm 23435"$"https://api.digitale-sammlungen.de/iiif/presentation/v2/bsb00160061/manifest"$"https://mdz-nbn-resolving.de/urn:nbn:de:bvb:12-bsb00160061-6"$"https://api.digitale-sammlungen.de/iiif/image/v2/bsb00160061_00003/full/280,/0/default.jpg"$"Komplett"$"Reproduktion"$"Graustufen"$"Einzelseite"$"2025"$"2025"$"Bayerische Staatsbibliothek"$"https://d-nb.info/gnd/2031351-2"$"München"$"https://d-nb.info/gnd/4127793-4"$"Bayerische Staatsbibliothek"$"https://d-nb.info/gnd/2031351-2"$"München"$"https://d-nb.info/gnd/4127793-4"
"74"$"Clm 23436"$"https://api.digitale-sammlungen.de/iiif/presentation/v2/bsb00160062/manifest"$"https://mdz-nbn-resolving.de/urn:nbn:de:bvb:12-bsb00160062-1"$"https://api.digitale-sammlungen.de/iiif/image/v2/bsb00160062_00003/full/280,/0/default.jpg"$"Komplett"$"Reproduktion"$"Graustufen"$"Einzelseite"$"2024"$"2024"$"Bayerische Staatsbibliothek"$"https://d-nb.info/gnd/2031351-2"$"München"$"https://d-nb.info/gnd/4127793-4"$"Bayerische Staatsbibliothek"$"https://d-nb.info/gnd/2031351-2"$"München"$"https://d-nb.info/gnd/4127793-4"
"75"$"Clm 23448"$"https://api.digitale-sammlungen.de/iiif/presentation/v2/bsb00160063/manifest"$"https://mdz-nbn-resolving.de/urn:nbn:de:bvb:12-bsb00160063-6"$"https://api.digitale-sammlungen.de/iiif/image/v2/bsb00160063_00003/full/280,/0/default.jpg"$"Komplett"$"Reproduktion"$"Graustufen"$"Einzelseite"$"2024"$"2024"$"Bayerische Staatsbibliothek"$"https://d-nb.info/gnd/2031351-2"$"München"$"https://d-nb.info/gnd/4127793-4"$"Bayerische Staatsbibliothek"$"https://d-nb.info/gnd/2031351-2"$"München"$"https://d-nb.info/gnd/4127793-4"
"76"$"Clm 23456"$"https://api.digitale-sammlungen.de/iiif/presentation/v2/bsb00160065/manifest"$"https://mdz-nbn-resolving.de/urn:nbn:de:bvb:12-bsb00160065-7"$"https://api.digitale-sammlungen.de/iiif/image/v2/bsb00160065_00003/full/280,/0/default.jpg"$"Komplett"$"Reproduktion"$"Graustufen"$"Einzelseite"$"2025"$"2025"$"Bayerische Staatsbibliothek"$"https://d-nb.info/gnd/2031351-2"$"München"$"https://d-nb.info/gnd/4127793-4"$"Bayerische Staatsbibliothek"$"https://d-nb.info/gnd/2031351-2"$"München"$"https://d-nb.info/gnd/4127793-4"
"77"$"Clm 23457"$"https://api.digitale-sammlungen.de/iiif/presentation/v2/bsb00160067/manifest"$"https://mdz-nbn-resolving.de/urn:nbn:de:bvb:12-bsb00160067-8"$"https://api.digitale-sammlungen.de/iiif/image/v2/bsb00160067_00003/full/280,/0/default.jpg"$"Komplett"$"Reproduktion"$"Graustufen"$"Einzelseite"$"2024"$"2024"$"Bayerische Staatsbibliothek"$"https://d-nb.info/gnd/2031351-2"$"München"$"https://d-nb.info/gnd/4127793-4"$"Bayerische Staatsbibliothek"$"https://d-nb.info/gnd/2031351-2"$"München"$"https://d-nb.info/gnd/4127793-4"
"78"$"Clm 23474"$"https://api.digitale-sammlungen.de/iiif/presentation/v2/bsb00160070/manifest"$"https://mdz-nbn-resolving.de/urn:nbn:de:bvb:12-bsb00160070-6"$"https://api.digitale-sammlungen.de/iiif/image/v2/bsb00160070_00003/full/280,/0/default.jpg"$"Komplett"$"Reproduktion"$"Graustufen"$"Einzelseite"$"2024"$"2024"$"Bayerische Staatsbibliothek"$"https://d-nb.info/gnd/2031351-2"$"München"$"https://d-nb.info/gnd/4127793-4"$"Bayerische Staatsbibliothek"$"https://d-nb.info/gnd/2031351-2"$"München"$"https://d-nb.info/gnd/4127793-4"
"79"$"Clm 23478"$"https://api.digitale-sammlungen.de/iiif/presentation/v2/bsb00160073/manifest"$"https://mdz-nbn-resolving.de/urn:nbn:de:bvb:12-bsb00160073-2"$"https://api.digitale-sammlungen.de/iiif/image/v2/bsb00160073_00003/full/280,/0/default.jpg"$"Komplett"$"Reproduktion"$"Graustufen"$"Einzelseite"$"2024"$"2024"$"Bayerische Staatsbibliothek"$"https://d-nb.info/gnd/2031351-2"$"München"$"https://d-nb.info/gnd/4127793-4"$"Bayerische Staatsbibliothek"$"https://d-nb.info/gnd/2031351-2"$"München"$"https://d-nb.info/gnd/4127793-4"
"80"$"Clm 23479"$"https://api.digitale-sammlungen.de/iiif/presentation/v2/bsb00160074/manifest"$"https://mdz-nbn-resolving.de/urn:nbn:de:bvb:12-bsb00160074-7"$"https://api.digitale-sammlungen.de/iiif/image/v2/bsb00160074_00003/full/280,/0/default.jpg"$"Komplett"$"Reproduktion"$"Graustufen"$"Einzelseite"$"2024"$"2024"$"Bayerische Staatsbibliothek"$"https://d-nb.info/gnd/2031351-2"$"München"$"https://d-nb.info/gnd/4127793-4"$"Bayerische Staatsbibliothek"$"https://d-nb.info/gnd/2031351-2"$"München"$"https://d-nb.info/gnd/4127793-4"
"81"$"Clm 23480"$"https://api.digitale-sammlungen.de/iiif/presentation/v2/bsb00160075/manifest"$"https://mdz-nbn-resolving.de/urn:nbn:de:bvb:12-bsb00160075-2"$"https://api.digitale-sammlungen.de/iiif/image/v2/bsb00160075_00003/full/280,/0/default.jpg"$"Komplett"$"Reproduktion"$"Graustufen"$"Einzelseite"$"2024"$"2024"$"Bayerische Staatsbibliothek"$"https://d-nb.info/gnd/2031351-2"$"München"$"https://d-nb.info/gnd/4127793-4"$"Bayerische Staatsbibliothek"$"https://d-nb.info/gnd/2031351-2"$"München"$"https://d-nb.info/gnd/4127793-4"
"82"$"Clm 23500"$"https://api.digitale-sammlungen.de/iiif/presentation/v2/bsb00160076/manifest"$"https://mdz-nbn-resolving.de/urn:nbn:de:bvb:12-bsb00160076-8"$"https://api.digitale-sammlungen.de/iiif/image/v2/bsb00160076_00003/full/280,/0/default.jpg"$"Komplett"$"Reproduktion"$"Graustufen"$"Einzelseite"$"2024"$"2024"$"Bayerische Staatsbibliothek"$"https://d-nb.info/gnd/2031351-2"$"München"$"https://d-nb.info/gnd/4127793-4"$"Bayerische Staatsbibliothek"$"https://d-nb.info/gnd/2031351-2"$"München"$"https://d-nb.info/gnd/4127793-4"
"83"$"Clm 23501"$"https://api.digitale-sammlungen.de/iiif/presentation/v2/bsb00160077/manifest"$"https://mdz-nbn-resolving.de/urn:nbn:de:bvb:12-bsb00160077-3"$"https://api.digitale-sammlungen.de/iiif/image/v2/bsb00160077_00003/full/280,/0/default.jpg"$"Komplett"$"Reproduktion"$"Graustufen"$"Einzelseite"$"2024"$"2024"$"Bayerische Staatsbibliothek"$"https://d-nb.info/gnd/2031351-2"$"München"$"https://d-nb.info/gnd/4127793-4"$"Bayerische Staatsbibliothek"$"https://d-nb.info/gnd/2031351-2"$"München"$"https://d-nb.info/gnd/4127793-4"
"84"$"Clm 23504"$"https://api.digitale-sammlungen.de/iiif/presentation/v2/bsb00160078/manifest"$"https://mdz-nbn-resolving.de/urn:nbn:de:bvb:12-bsb00160078-8"$"https://api.digitale-sammlungen.de/iiif/image/v2/bsb00160078_00003/full/280,/0/default.jpg"$"Komplett"$"Reproduktion"$"Graustufen"$"Einzelseite"$"2024"$"2024"$"Bayerische Staatsbibliothek"$"https://d-nb.info/gnd/2031351-2"$"München"$"https://d-nb.info/gnd/4127793-4"$"Bayerische Staatsbibliothek"$"https://d-nb.info/gnd/2031351-2"$"München"$"https://d-nb.info/gnd/4127793-4"
"85"$"Clm 23511"$"https://api.digitale-sammlungen.de/iiif/presentation/v2/bsb00160079/manifest"$"https://mdz-nbn-resolving.de/urn:nbn:de:bvb:12-bsb00160079-8"$"https://api.digitale-sammlungen.de/iiif/image/v2/bsb00160079_00003/full/280,/0/default.jpg"$"Komplett"$"Reproduktion"$"Graustufen"$"Einzelseite"$"2025"$"2025"$"Bayerische Staatsbibliothek"$"https://d-nb.info/gnd/2031351-2"$"München"$"https://d-nb.info/gnd/4127793-4"$"Bayerische Staatsbibliothek"$"https://d-nb.info/gnd/2031351-2"$"München"$"https://d-nb.info/gnd/4127793-4"
"86"$"Clm 23512"$"https://api.digitale-sammlungen.de/iiif/presentation/v2/bsb00160080/manifest"$"https://mdz-nbn-resolving.de/urn:nbn:de:bvb:12-bsb00160080-1"$"https://api.digitale-sammlungen.de/iiif/image/v2/bsb00160080_00003/full/280,/0/default.jpg"$"Komplett"$"Reproduktion"$"Graustufen"$"Einzelseite"$"2024"$"2024"$"Bayerische Staatsbibliothek"$"https://d-nb.info/gnd/2031351-2"$"München"$"https://d-nb.info/gnd/4127793-4"$"Bayerische Staatsbibliothek"$"https://d-nb.info/gnd/2031351-2"$"München"$"https://d-nb.info/gnd/4127793-4"
"87"$"Clm 23530"$"https://api.digitale-sammlungen.de/iiif/presentation/v2/bsb00160082/manifest"$"https://mdz-nbn-resolving.de/urn:nbn:de:bvb:12-bsb00160082-1"$"https://api.digitale-sammlungen.de/iiif/image/v2/bsb00160082_00003/full/280,/0/default.jpg"$"Komplett"$"Reproduktion"$"Graustufen"$"Einzelseite"$"2024"$"2024"$"Bayerische Staatsbibliothek"$"https://d-nb.info/gnd/2031351-2"$"München"$"https://d-nb.info/gnd/4127793-4"$"Bayerische Staatsbibliothek"$"https://d-nb.info/gnd/2031351-2"$"München"$"https://d-nb.info/gnd/4127793-4"
"88"$"Clm 23538"$"https://api.digitale-sammlungen.de/iiif/presentation/v2/bsb00160083/manifest"$"https://mdz-nbn-resolving.de/urn:nbn:de:bvb:12-bsb00160083-7"$"https://api.digitale-sammlungen.de/iiif/image/v2/bsb00160083_00003/full/280,/0/default.jpg"$"Komplett"$"Reproduktion"$"Graustufen"$"Einzelseite"$"2024"$"2024"$"Bayerische Staatsbibliothek"$"https://d-nb.info/gnd/2031351-2"$"München"$"https://d-nb.info/gnd/4127793-4"$"Bayerische Staatsbibliothek"$"https://d-nb.info/gnd/2031351-2"$"München"$"https://d-nb.info/gnd/4127793-4"
"89"$"Clm 23553"$"https://api.digitale-sammlungen.de/iiif/presentation/v2/bsb00160084/manifest"$"https://mdz-nbn-resolving.de/urn:nbn:de:bvb:12-bsb00160084-2"$"https://api.digitale-sammlungen.de/iiif/image/v2/bsb00160084_00003/full/280,/0/default.jpg"$"Komplett"$"Reproduktion"$"Graustufen"$"Einzelseite"$"2024"$"2024"$"Bayerische Staatsbibliothek"$"https://d-nb.info/gnd/2031351-2"$"München"$"https://d-nb.info/gnd/4127793-4"$"Bayerische Staatsbibliothek"$"https://d-nb.info/gnd/2031351-2"$"München"$"https://d-nb.info/gnd/4127793-4"
"90"$"Clm 23558"$"https://api.digitale-sammlungen.de/iiif/presentation/v2/bsb00160085/manifest"$"https://mdz-nbn-resolving.de/urn:nbn:de:bvb:12-bsb00160085-7"$"https://api.digitale-sammlungen.de/iiif/image/v2/bsb00160085_00003/full/280,/0/default.jpg"$"Komplett"$"Reproduktion"$"Graustufen"$"Einzelseite"$"2024"$"2024"$"Bayerische Staatsbibliothek"$"https://d-nb.info/gnd/2031351-2"$"München"$"https://d-nb.info/gnd/4127793-4"$"Bayerische Staatsbibliothek"$"https://d-nb.info/gnd/2031351-2"$"München"$"https://d-nb.info/gnd/4127793-4"
"91"$"Clm 23577"$"https://api.digitale-sammlungen.de/iiif/presentation/v2/bsb00160086/manifest"$"https://mdz-nbn-resolving.de/urn:nbn:de:bvb:12-bsb00160086-3"$"https://api.digitale-sammlungen.de/iiif/image/v2/bsb00160086_00003/full/280,/0/default.jpg"$"Komplett"$"Reproduktion"$"Graustufen"$"Einzelseite"$"2025"$"2025"$"Bayerische Staatsbibliothek"$"https://d-nb.info/gnd/2031351-2"$"München"$"https://d-nb.info/gnd/4127793-4"$"Bayerische Staatsbibliothek"$"https://d-nb.info/gnd/2031351-2"$"München"$"https://d-nb.info/gnd/4127793-4"
"92"$"Clm 23578"$"https://api.digitale-sammlungen.de/iiif/presentation/v2/bsb00160087/manifest"$"https://mdz-nbn-resolving.de/urn:nbn:de:bvb:12-bsb00160087-8"$"https://api.digitale-sammlungen.de/iiif/image/v2/bsb00160087_00003/full/280,/0/default.jpg"$"Komplett"$"Reproduktion"$"Graustufen"$"Einzelseite"$"2024"$"2024"$"Bayerische Staatsbibliothek"$"https://d-nb.info/gnd/2031351-2"$"München"$"https://d-nb.info/gnd/4127793-4"$"Bayerische Staatsbibliothek"$"https://d-nb.info/gnd/2031351-2"$"München"$"https://d-nb.info/gnd/4127793-4"
"93"$"Clm 23579"$"https://api.digitale-sammlungen.de/iiif/presentation/v2/bsb00160088/manifest"$"https://mdz-nbn-resolving.de/urn:nbn:de:bvb:12-bsb00160088-3"$"https://api.digitale-sammlungen.de/iiif/image/v2/bsb00160088_00003/full/280,/0/default.jpg"$"Komplett"$"Reproduktion"$"Graustufen"$"Einzelseite"$"2025"$"2025"$"Bayerische Staatsbibliothek"$"https://d-nb.info/gnd/2031351-2"$"München"$"https://d-nb.info/gnd/4127793-4"$"Bayerische Staatsbibliothek"$"https://d-nb.info/gnd/2031351-2"$"München"$"https://d-nb.info/gnd/4127793-4"
"94"$"Clm 23584"$"https://api.digitale-sammlungen.de/iiif/presentation/v2/bsb00160089/manifest"$"https://mdz-nbn-resolving.de/urn:nbn:de:bvb:12-bsb00160089-4"$"https://api.digitale-sammlungen.de/iiif/image/v2/bsb00160089_00003/full/280,/0/default.jpg"$"Komplett"$"Reproduktion"$"Graustufen"$"Einzelseite"$"2024"$"2024"$"Bayerische Staatsbibliothek"$"https://d-nb.info/gnd/2031351-2"$"München"$"https://d-nb.info/gnd/4127793-4"$"Bayerische Staatsbibliothek"$"https://d-nb.info/gnd/2031351-2"$"München"$"https://d-nb.info/gnd/4127793-4"
"95"$"Clm 23590"$"https://api.digitale-sammlungen.de/iiif/presentation/v2/bsb00160090/manifest"$"https://mdz-nbn-resolving.de/urn:nbn:de:bvb:12-bsb00160090-1"$"https://api.digitale-sammlungen.de/iiif/image/v2/bsb00160090_00003/full/280,/0/default.jpg"$"Komplett"$"Reproduktion"$"Graustufen"$"Einzelseite"$"2025"$"2025"$"Bayerische Staatsbibliothek"$"https://d-nb.info/gnd/2031351-2"$"München"$"https://d-nb.info/gnd/4127793-4"$"Bayerische Staatsbibliothek"$"https://d-nb.info/gnd/2031351-2"$"München"$"https://d-nb.info/gnd/4127793-4"
"96"$"Clm 23606"$"https://api.digitale-sammlungen.de/iiif/presentation/v2/bsb00160091/manifest"$"https://mdz-nbn-resolving.de/urn:nbn:de:bvb:12-bsb00160091-7"$"https://api.digitale-sammlungen.de/iiif/image/v2/bsb00160091_00003/full/280,/0/default.jpg"$"Komplett"$"Reproduktion"$"Graustufen"$"Einzelseite"$"2024"$"2024"$"Bayerische Staatsbibliothek"$"https://d-nb.info/gnd/2031351-2"$"München"$"https://d-nb.info/gnd/4127793-4"$"Bayerische Staatsbibliothek"$"https://d-nb.info/gnd/2031351-2"$"München"$"https://d-nb.info/gnd/4127793-4"
"97"$"Clm 23613"$"https://api.digitale-sammlungen.de/iiif/presentation/v2/bsb00160092/manifest"$"https://mdz-nbn-resolving.de/urn:nbn:de:bvb:12-bsb00160092-2"$"https://api.digitale-sammlungen.de/iiif/image/v2/bsb00160092_00003/full/280,/0/default.jpg"$"Komplett"$"Reproduktion"$"Graustufen"$"Einzelseite"$"2024"$"2024"$"Bayerische Staatsbibliothek"$"https://d-nb.info/gnd/2031351-2"$"München"$"https://d-nb.info/gnd/4127793-4"$"Bayerische Staatsbibliothek"$"https://d-nb.info/gnd/2031351-2"$"München"$"https://d-nb.info/gnd/4127793-4"
"98"$"Clm 23615"$"https://api.digitale-sammlungen.de/iiif/presentation/v2/bsb00160093/manifest"$"https://mdz-nbn-resolving.de/urn:nbn:de:bvb:12-bsb00160093-8"$"https://api.digitale-sammlungen.de/iiif/image/v2/bsb00160093_00003/full/280,/0/default.jpg"$"Komplett"$"Reproduktion"$"Graustufen"$"Einzelseite"$"2025"$"2025"$"Bayerische Staatsbibliothek"$"https://d-nb.info/gnd/2031351-2"$"München"$"https://d-nb.info/gnd/4127793-4"$"Bayerische Staatsbibliothek"$"https://d-nb.info/gnd/2031351-2"$"München"$"https://d-nb.info/gnd/4127793-4"
"99"$"Clm 23620"$"https://api.digitale-sammlungen.de/iiif/presentation/v2/bsb00160095/manifest"$"https://mdz-nbn-resolving.de/urn:nbn:de:bvb:12-bsb00160095-9"$"https://api.digitale-sammlungen.de/iiif/image/v2/bsb00160095_00003/full/280,/0/default.jpg"$"Komplett"$"Reproduktion"$"Graustufen"$"Einzelseite"$"2024"$"2024"$"Bayerische Staatsbibliothek"$"https://d-nb.info/gnd/2031351-2"$"München"$"https://d-nb.info/gnd/4127793-4"$"Bayerische Staatsbibliothek"$"https://d-nb.info/gnd/2031351-2"$"München"$"https://d-nb.info/gnd/4127793-4"
"100"$"Clm 23647"$"https://api.digitale-sammlungen.de/iiif/presentation/v2/bsb00160096/manifest"$"https://mdz-nbn-resolving.de/urn:nbn:de:bvb:12-bsb00160096-4"$"https://api.digitale-sammlungen.de/iiif/image/v2/bsb00160096_00003/full/280,/0/default.jpg"$"Komplett"$"Reproduktion"$"Graustufen"$"Einzelseite"$"2024"$"2024"$"Bayerische Staatsbibliothek"$"https://d-nb.info/gnd/2031351-2"$"München"$"https://d-nb.info/gnd/4127793-4"$"Bayerische Staatsbibliothek"$"https://d-nb.info/gnd/2031351-2"$"München"$"https://d-nb.info/gnd/4127793-4"
"101"$"Clm 23648"$"https://api.digitale-sammlungen.de/iiif/presentation/v2/bsb00160097/manifest"$"https://mdz-nbn-resolving.de/urn:nbn:de:bvb:12-bsb00160097-0"$"https://api.digitale-sammlungen.de/iiif/image/v2/bsb00160097_00003/full/280,/0/default.jpg"$"Komplett"$"Reproduktion"$"Graustufen"$"Einzelseite"$"2024"$"2024"$"Bayerische Staatsbibliothek"$"https://d-nb.info/gnd/2031351-2"$"München"$"https://d-nb.info/gnd/4127793-4"$"Bayerische Staatsbibliothek"$"https://d-nb.info/gnd/2031351-2"$"München"$"https://d-nb.info/gnd/4127793-4"
"102"$"Clm 23649"$"https://api.digitale-sammlungen.de/iiif/presentation/v2/bsb00160098/manifest"$"https://mdz-nbn-resolving.de/urn:nbn:de:bvb:12-bsb00160098-5"$"https://api.digitale-sammlungen.de/iiif/image/v2/bsb00160098_00003/full/280,/0/default.jpg"$"Komplett"$"Reproduktion"$"Graustufen"$"Einzelseite"$"2024"$"2024"$"Bayerische Staatsbibliothek"$"https://d-nb.info/gnd/2031351-2"$"München"$"https://d-nb.info/gnd/4127793-4"$"Bayerische Staatsbibliothek"$"https://d-nb.info/gnd/2031351-2"$"München"$"https://d-nb.info/gnd/4127793-4"
"103"$"Clm 23656"$"https://api.digitale-sammlungen.de/iiif/presentation/v2/bsb00160100/manifest"$"https://mdz-nbn-resolving.de/urn:nbn:de:bvb:12-bsb00160100-4"$"https://api.digitale-sammlungen.de/iiif/image/v2/bsb00160100_00003/full/280,/0/default.jpg"$"Komplett"$"Reproduktion"$"Graustufen"$"Einzelseite"$"2024"$"2024"$"Bayerische Staatsbibliothek"$"https://d-nb.info/gnd/2031351-2"$"München"$"https://d-nb.info/gnd/4127793-4"$"Bayerische Staatsbibliothek"$"https://d-nb.info/gnd/2031351-2"$"München"$"https://d-nb.info/gnd/4127793-4"
"104"$"Clm 23689"$"https://api.digitale-sammlungen.de/iiif/presentation/v2/bsb00160101/manifest"$"https://mdz-nbn-resolving.de/urn:nbn:de:bvb:12-bsb00160101-9"$"https://api.digitale-sammlungen.de/iiif/image/v2/bsb00160101_00003/full/280,/0/default.jpg"$"Komplett"$"Reproduktion"$"Graustufen"$"Einzelseite"$"2025"$"2025"$"Bayerische Staatsbibliothek"$"https://d-nb.info/gnd/2031351-2"$"München"$"https://d-nb.info/gnd/4127793-4"$"Bayerische Staatsbibliothek"$"https://d-nb.info/gnd/2031351-2"$"München"$"https://d-nb.info/gnd/4127793-4"
"105"$"Clm 23701"$"https://api.digitale-sammlungen.de/iiif/presentation/v2/bsb00160102/manifest"$"https://mdz-nbn-resolving.de/urn:nbn:de:bvb:12-bsb00160102-5"$"https://api.digitale-sammlungen.de/iiif/image/v2/bsb00160102_00003/full/280,/0/default.jpg"$"Komplett"$"Reproduktion"$"Graustufen"$"Einzelseite"$"2024"$"2024"$"Bayerische Staatsbibliothek"$"https://d-nb.info/gnd/2031351-2"$"München"$"https://d-nb.info/gnd/4127793-4"$"Bayerische Staatsbibliothek"$"https://d-nb.info/gnd/2031351-2"$"München"$"https://d-nb.info/gnd/4127793-4"
"106"$"Clm 23709"$"https://api.digitale-sammlungen.de/iiif/presentation/v2/bsb00160103/manifest"$"https://mdz-nbn-resolving.de/urn:nbn:de:bvb:12-bsb00160103-0"$"https://api.digitale-sammlungen.de/iiif/image/v2/bsb00160103_00003/full/280,/0/default.jpg"$"Komplett"$"Reproduktion"$"Graustufen"$"Einzelseite"$"2025"$"2025"$"Bayerische Staatsbibliothek"$"https://d-nb.info/gnd/2031351-2"$"München"$"https://d-nb.info/gnd/4127793-4"$"Bayerische Staatsbibliothek"$"https://d-nb.info/gnd/2031351-2"$"München"$"https://d-nb.info/gnd/4127793-4"
"107"$"Clm 23711"$"https://api.digitale-sammlungen.de/iiif/presentation/v2/bsb00160104/manifest"$"https://mdz-nbn-resolving.de/urn:nbn:de:bvb:12-bsb00160104-5"$"https://api.digitale-sammlungen.de/iiif/image/v2/bsb00160104_00003/full/280,/0/default.jpg"$"Komplett"$"Reproduktion"$"Graustufen"$"Einzelseite"$"2025"$"2025"$"Bayerische Staatsbibliothek"$"https://d-nb.info/gnd/2031351-2"$"München"$"https://d-nb.info/gnd/4127793-4"$"Bayerische Staatsbibliothek"$"https://d-nb.info/gnd/2031351-2"$"München"$"https://d-nb.info/gnd/4127793-4"
"108"$"Clm 23724"$"https://api.digitale-sammlungen.de/iiif/presentation/v2/bsb00160106/manifest"$"https://mdz-nbn-resolving.de/urn:nbn:de:bvb:12-bsb00160106-6"$"https://api.digitale-sammlungen.de/iiif/image/v2/bsb00160106_00003/full/280,/0/default.jpg"$"Komplett"$"Reproduktion"$"Graustufen"$"Einzelseite"$"2024"$"2024"$"Bayerische Staatsbibliothek"$"https://d-nb.info/gnd/2031351-2"$"München"$"https://d-nb.info/gnd/4127793-4"$"Bayerische Staatsbibliothek"$"https://d-nb.info/gnd/2031351-2"$"München"$"https://d-nb.info/gnd/4127793-4"
"109"$"Clm 23725"$"https://api.digitale-sammlungen.de/iiif/presentation/v2/bsb00160107/manifest"$"https://mdz-nbn-resolving.de/urn:nbn:de:bvb:12-bsb00160107-1"$"https://api.digitale-sammlungen.de/iiif/image/v2/bsb00160107_00003/full/280,/0/default.jpg"$"Komplett"$"Reproduktion"$"Graustufen"$"Einzelseite"$"2024"$"2024"$"Bayerische Staatsbibliothek"$"https://d-nb.info/gnd/2031351-2"$"München"$"https://d-nb.info/gnd/4127793-4"$"Bayerische Staatsbibliothek"$"https://d-nb.info/gnd/2031351-2"$"München"$"https://d-nb.info/gnd/4127793-4"
"110"$"Clm 23728"$"https://api.digitale-sammlungen.de/iiif/presentation/v2/bsb00160108/manifest"$"https://mdz-nbn-resolving.de/urn:nbn:de:bvb:12-bsb00160108-7"$"https://api.digitale-sammlungen.de/iiif/image/v2/bsb00160108_00003/full/280,/0/default.jpg"$"Komplett"$"Reproduktion"$"Graustufen"$"Einzelseite"$"2024"$"2024"$"Bayerische Staatsbibliothek"$"https://d-nb.info/gnd/2031351-2"$"München"$"https://d-nb.info/gnd/4127793-4"$"Bayerische Staatsbibliothek"$"https://d-nb.info/gnd/2031351-2"$"München"$"https://d-nb.info/gnd/4127793-4"
"111"$"Clm 23736"$"https://api.digitale-sammlungen.de/iiif/presentation/v2/bsb00160278/manifest"$"https://mdz-nbn-resolving.de/urn:nbn:de:bvb:12-bsb00160278-8"$"https://api.digitale-sammlungen.de/iiif/image/v2/bsb00160278_00003/full/280,/0/default.jpg"$"Komplett"$"Reproduktion"$"Graustufen"$"Einzelseite"$"2024"$"2024"$"Bayerische Staatsbibliothek"$"https://d-nb.info/gnd/2031351-2"$"München"$"https://d-nb.info/gnd/4127793-4"$"Bayerische Staatsbibliothek"$"https://d-nb.info/gnd/2031351-2"$"München"$"https://d-nb.info/gnd/4127793-4"
"112"$"Clm 23751"$"https://api.digitale-sammlungen.de/iiif/presentation/v2/bsb00160279/manifest"$"https://mdz-nbn-resolving.de/urn:nbn:de:bvb:12-bsb00160279-9"$"https://api.digitale-sammlungen.de/iiif/image/v2/bsb00160279_00003/full/280,/0/default.jpg"$"Komplett"$"Reproduktion"$"Graustufen"$"Einzelseite"$"2024"$"2024"$"Bayerische Staatsbibliothek"$"https://d-nb.info/gnd/2031351-2"$"München"$"https://d-nb.info/gnd/4127793-4"$"Bayerische Staatsbibliothek"$"https://d-nb.info/gnd/2031351-2"$"München"$"https://d-nb.info/gnd/4127793-4"
"113"$"Clm 23755"$"https://api.digitale-sammlungen.de/iiif/presentation/v2/bsb00160280/manifest"$"https://mdz-nbn-resolving.de/urn:nbn:de:bvb:12-bsb00160280-1"$"https://api.digitale-sammlungen.de/iiif/image/v2/bsb00160280_00003/full/280,/0/default.jpg"$"Komplett"$"Reproduktion"$"Graustufen"$"Einzelseite"$"2024"$"2024"$"Bayerische Staatsbibliothek"$"https://d-nb.info/gnd/2031351-2"$"München"$"https://d-nb.info/gnd/4127793-4"$"Bayerische Staatsbibliothek"$"https://d-nb.info/gnd/2031351-2"$"München"$"https://d-nb.info/gnd/4127793-4"
"114"$"Clm 23757"$"https://api.digitale-sammlungen.de/iiif/presentation/v2/bsb00160281/manifest"$"https://mdz-nbn-resolving.de/urn:nbn:de:bvb:12-bsb00160281-6"$"https://api.digitale-sammlungen.de/iiif/image/v2/bsb00160281_00003/full/280,/0/default.jpg"$"Komplett"$"Reproduktion"$"Graustufen"$"Einzelseite"$"2025"$"2025"$"Bayerische Staatsbibliothek"$"https://d-nb.info/gnd/2031351-2"$"München"$"https://d-nb.info/gnd/4127793-4"$"Bayerische Staatsbibliothek"$"https://d-nb.info/gnd/2031351-2"$"München"$"https://d-nb.info/gnd/4127793-4"
"115"$"Clm 23781"$"https://api.digitale-sammlungen.de/iiif/presentation/v2/bsb00160282/manifest"$"https://mdz-nbn-resolving.de/urn:nbn:de:bvb:12-bsb00160282-2"$"https://api.digitale-sammlungen.de/iiif/image/v2/bsb00160282_00003/full/280,/0/default.jpg"$"Komplett"$"Reproduktion"$"Graustufen"$"Einzelseite"$"2025"$"2025"$"Bayerische Staatsbibliothek"$"https://d-nb.info/gnd/2031351-2"$"München"$"https://d-nb.info/gnd/4127793-4"$"Bayerische Staatsbibliothek"$"https://d-nb.info/gnd/2031351-2"$"München"$"https://d-nb.info/gnd/4127793-4"
"116"$"Clm 23788"$"https://api.digitale-sammlungen.de/iiif/presentation/v2/bsb00160283/manifest"$"https://mdz-nbn-resolving.de/urn:nbn:de:bvb:12-bsb00160283-7"$"https://api.digitale-sammlungen.de/iiif/image/v2/bsb00160283_00003/full/280,/0/default.jpg"$"Komplett"$"Reproduktion"$"Graustufen"$"Einzelseite"$"2025"$"2025"$"Bayerische Staatsbibliothek"$"https://d-nb.info/gnd/2031351-2"$"München"$"https://d-nb.info/gnd/4127793-4"$"Bayerische Staatsbibliothek"$"https://d-nb.info/gnd/2031351-2"$"München"$"https://d-nb.info/gnd/4127793-4"
"117"$"Clm 23796"$"https://api.digitale-sammlungen.de/iiif/presentation/v2/bsb00160284/manifest"$"https://mdz-nbn-resolving.de/urn:nbn:de:bvb:12-bsb00160284-2"$"https://api.digitale-sammlungen.de/iiif/image/v2/bsb00160284_00003/full/280,/0/default.jpg"$"Komplett"$"Reproduktion"$"Graustufen"$"Einzelseite"$"2025"$"2025"$"Bayerische Staatsbibliothek"$"https://d-nb.info/gnd/2031351-2"$"München"$"https://d-nb.info/gnd/4127793-4"$"Bayerische Staatsbibliothek"$"https://d-nb.info/gnd/2031351-2"$"München"$"https://d-nb.info/gnd/4127793-4"
"118"$"Clm 23799"$"https://api.digitale-sammlungen.de/iiif/presentation/v2/bsb00160285/manifest"$"https://mdz-nbn-resolving.de/urn:nbn:de:bvb:12-bsb00160285-8"$"https://api.digitale-sammlungen.de/iiif/image/v2/bsb00160285_00003/full/280,/0/default.jpg"$"Komplett"$"Reproduktion"$"Graustufen"$"Einzelseite"$"2025"$"2025"$"Bayerische Staatsbibliothek"$"https://d-nb.info/gnd/2031351-2"$"München"$"https://d-nb.info/gnd/4127793-4"$"Bayerische Staatsbibliothek"$"https://d-nb.info/gnd/2031351-2"$"München"$"https://d-nb.info/gnd/4127793-4"
"119"$"Clm 23817"$"https://api.digitale-sammlungen.de/iiif/presentation/v2/bsb00160286/manifest"$"https://mdz-nbn-resolving.de/urn:nbn:de:bvb:12-bsb00160286-3"$"https://api.digitale-sammlungen.de/iiif/image/v2/bsb00160286_00003/full/280,/0/default.jpg"$"Komplett"$"Reproduktion"$"Graustufen"$"Einzelseite"$"2025"$"2025"$"Bayerische Staatsbibliothek"$"https://d-nb.info/gnd/2031351-2"$"München"$"https://d-nb.info/gnd/4127793-4"$"Bayerische Staatsbibliothek"$"https://d-nb.info/gnd/2031351-2"$"München"$"https://d-nb.info/gnd/4127793-4"
"120"$"Clm 23818"$"https://api.digitale-sammlungen.de/iiif/presentation/v2/bsb00160287/manifest"$"https://mdz-nbn-resolving.de/urn:nbn:de:bvb:12-bsb00160287-8"$"https://api.digitale-sammlungen.de/iiif/image/v2/bsb00160287_00003/full/280,/0/default.jpg"$"Komplett"$"Reproduktion"$"Graustufen"$"Einzelseite"$"2025"$"2025"$"Bayerische Staatsbibliothek"$"https://d-nb.info/gnd/2031351-2"$"München"$"https://d-nb.info/gnd/4127793-4"$"Bayerische Staatsbibliothek"$"https://d-nb.info/gnd/2031351-2"$"München"$"https://d-nb.info/gnd/4127793-4"
"121"$"Clm 23820"$"https://api.digitale-sammlungen.de/iiif/presentation/v2/bsb00160288/manifest"$"https://mdz-nbn-resolving.de/urn:nbn:de:bvb:12-bsb00160288-4"$"https://api.digitale-sammlungen.de/iiif/image/v2/bsb00160288_00003/full/280,/0/default.jpg"$"Komplett"$"Reproduktion"$"Graustufen"$"Einzelseite"$"2025"$"2025"$"Bayerische Staatsbibliothek"$"https://d-nb.info/gnd/2031351-2"$"München"$"https://d-nb.info/gnd/4127793-4"$"Bayerische Staatsbibliothek"$"https://d-nb.info/gnd/2031351-2"$"München"$"https://d-nb.info/gnd/4127793-4"
"122"$"Clm 23828"$"https://api.digitale-sammlungen.de/iiif/presentation/v2/bsb00160289/manifest"$"https://mdz-nbn-resolving.de/urn:nbn:de:bvb:12-bsb00160289-4"$"https://api.digitale-sammlungen.de/iiif/image/v2/bsb00160289_00003/full/280,/0/default.jpg"$"Komplett"$"Reproduktion"$"Graustufen"$"Einzelseite"$"2025"$"2025"$"Bayerische Staatsbibliothek"$"https://d-nb.info/gnd/2031351-2"$"München"$"https://d-nb.info/gnd/4127793-4"$"Bayerische Staatsbibliothek"$"https://d-nb.info/gnd/2031351-2"$"München"$"https://d-nb.info/gnd/4127793-4"
"123"$"Clm 23839"$"https://api.digitale-sammlungen.de/iiif/presentation/v2/bsb00160290/manifest"$"https://mdz-nbn-resolving.de/urn:nbn:de:bvb:12-bsb00160290-2"$"https://api.digitale-sammlungen.de/iiif/image/v2/bsb00160290_00003/full/280,/0/default.jpg"$"Komplett"$"Reproduktion"$"Graustufen"$"Einzelseite"$"2025"$"2025"$"Bayerische Staatsbibliothek"$"https://d-nb.info/gnd/2031351-2"$"München"$"https://d-nb.info/gnd/4127793-4"$"Bayerische Staatsbibliothek"$"https://d-nb.info/gnd/2031351-2"$"München"$"https://d-nb.info/gnd/4127793-4"
"124"$"Clm 23846"$"https://api.digitale-sammlungen.de/iiif/presentation/v2/bsb00160291/manifest"$"https://mdz-nbn-resolving.de/urn:nbn:de:bvb:12-bsb00160291-7"$"https://api.digitale-sammlungen.de/iiif/image/v2/bsb00160291_00003/full/280,/0/default.jpg"$"Komplett"$"Reproduktion"$"Graustufen"$"Einzelseite"$"2025"$"2025"$"Bayerische Staatsbibliothek"$"https://d-nb.info/gnd/2031351-2"$"München"$"https://d-nb.info/gnd/4127793-4"$"Bayerische Staatsbibliothek"$"https://d-nb.info/gnd/2031351-2"$"München"$"https://d-nb.info/gnd/4127793-4"
"125"$"Clm 23850"$"https://api.digitale-sammlungen.de/iiif/presentation/v2/bsb00160292/manifest"$"https://mdz-nbn-resolving.de/urn:nbn:de:bvb:12-bsb00160292-3"$"https://api.digitale-sammlungen.de/iiif/image/v2/bsb00160292_00003/full/280,/0/default.jpg"$"Komplett"$"Reproduktion"$"Graustufen"$"Einzelseite"$"2025"$"2025"$"Bayerische Staatsbibliothek"$"https://d-nb.info/gnd/2031351-2"$"München"$"https://d-nb.info/gnd/4127793-4"$"Bayerische Staatsbibliothek"$"https://d-nb.info/gnd/2031351-2"$"München"$"https://d-nb.info/gnd/4127793-4"
"126"$"Clm 23851"$"https://api.digitale-sammlungen.de/iiif/presentation/v2/bsb00160293/manifest"$"https://mdz-nbn-resolving.de/urn:nbn:de:bvb:12-bsb00160293-8"$"https://api.digitale-sammlungen.de/iiif/image/v2/bsb00160293_00003/full/280,/0/default.jpg"$"Komplett"$"Reproduktion"$"Graustufen"$"Einzelseite"$"2025"$"2025"$"Bayerische Staatsbibliothek"$"https://d-nb.info/gnd/2031351-2"$"München"$"https://d-nb.info/gnd/4127793-4"$"Bayerische Staatsbibliothek"$"https://d-nb.info/gnd/2031351-2"$"München"$"https://d-nb.info/gnd/4127793-4"
"127"$"Clm 23856"$"https://api.digitale-sammlungen.de/iiif/presentation/v2/bsb00160294/manifest"$"https://mdz-nbn-resolving.de/urn:nbn:de:bvb:12-bsb00160294-3"$"https://api.digitale-sammlungen.de/iiif/image/v2/bsb00160294_00003/full/280,/0/default.jpg"$"Komplett"$"Reproduktion"$"Graustufen"$"Einzelseite"$"2025"$"2025"$"Bayerische Staatsbibliothek"$"https://d-nb.info/gnd/2031351-2"$"München"$"https://d-nb.info/gnd/4127793-4"$"Bayerische Staatsbibliothek"$"https://d-nb.info/gnd/2031351-2"$"München"$"https://d-nb.info/gnd/4127793-4"
"128"$"Clm 23863"$"https://api.digitale-sammlungen.de/iiif/presentation/v2/bsb00160295/manifest"$"https://mdz-nbn-resolving.de/urn:nbn:de:bvb:12-bsb00160295-9"$"https://api.digitale-sammlungen.de/iiif/image/v2/bsb00160295_00003/full/280,/0/default.jpg"$"Komplett"$"Reproduktion"$"Graustufen"$"Einzelseite"$"2025"$"2025"$"Bayerische Staatsbibliothek"$"https://d-nb.info/gnd/2031351-2"$"München"$"https://d-nb.info/gnd/4127793-4"$"Bayerische Staatsbibliothek"$"https://d-nb.info/gnd/2031351-2"$"München"$"https://d-nb.info/gnd/4127793-4"
"129"$"Clm 23871"$"https://api.digitale-sammlungen.de/iiif/presentation/v2/bsb00160296/manifest"$"https://mdz-nbn-resolving.de/urn:nbn:de:bvb:12-bsb00160296-4"$"https://api.digitale-sammlungen.de/iiif/image/v2/bsb00160296_00003/full/280,/0/default.jpg"$"Komplett"$"Reproduktion"$"Graustufen"$"Einzelseite"$"2025"$"2025"$"Bayerische Staatsbibliothek"$"https://d-nb.info/gnd/2031351-2"$"München"$"https://d-nb.info/gnd/4127793-4"$"Bayerische Staatsbibliothek"$"https://d-nb.info/gnd/2031351-2"$"München"$"https://d-nb.info/gnd/4127793-4"
"130"$"Clm 23878"$"https://api.digitale-sammlungen.de/iiif/presentation/v2/bsb00160297/manifest"$"https://mdz-nbn-resolving.de/urn:nbn:de:bvb:12-bsb00160297-0"$"https://api.digitale-sammlungen.de/iiif/image/v2/bsb00160297_00003/full/280,/0/default.jpg"$"Komplett"$"Reproduktion"$"Graustufen"$"Einzelseite"$"2025"$"2025"$"Bayerische Staatsbibliothek"$"https://d-nb.info/gnd/2031351-2"$"München"$"https://d-nb.info/gnd/4127793-4"$"Bayerische Staatsbibliothek"$"https://d-nb.info/gnd/2031351-2"$"München"$"https://d-nb.info/gnd/4127793-4"
"131"$"Clm 23882"$"https://api.digitale-sammlungen.de/iiif/presentation/v2/bsb00160298/manifest"$"https://mdz-nbn-resolving.de/urn:nbn:de:bvb:12-bsb00160298-5"$"https://api.digitale-sammlungen.de/iiif/image/v2/bsb00160298_00003/full/280,/0/default.jpg"$"Komplett"$"Reproduktion"$"Graustufen"$"Einzelseite"$"2025"$"2025"$"Bayerische Staatsbibliothek"$"https://d-nb.info/gnd/2031351-2"$"München"$"https://d-nb.info/gnd/4127793-4"$"Bayerische Staatsbibliothek"$"https://d-nb.info/gnd/2031351-2"$"München"$"https://d-nb.info/gnd/4127793-4"
"132"$"Clm 23883"$"https://api.digitale-sammlungen.de/iiif/presentation/v2/bsb00160299/manifest"$"https://mdz-nbn-resolving.de/urn:nbn:de:bvb:12-bsb00160299-5"$"https://api.digitale-sammlungen.de/iiif/image/v2/bsb00160299_00003/full/280,/0/default.jpg"$"Komplett"$"Reproduktion"$"Graustufen"$"Einzelseite"$"2025"$"2025"$"Bayerische Staatsbibliothek"$"https://d-nb.info/gnd/2031351-2"$"München"$"https://d-nb.info/gnd/4127793-4"$"Bayerische Staatsbibliothek"$"https://d-nb.info/gnd/2031351-2"$"München"$"https://d-nb.info/gnd/4127793-4"
"133"$"Clm 23885"$"https://api.digitale-sammlungen.de/iiif/presentation/v2/bsb00160300/manifest"$"https://mdz-nbn-resolving.de/urn:nbn:de:bvb:12-bsb00160300-4"$"https://api.digitale-sammlungen.de/iiif/image/v2/bsb00160300_00003/full/280,/0/default.jpg"$"Komplett"$"Reproduktion"$"Graustufen"$"Einzelseite"$"2025"$"2025"$"Bayerische Staatsbibliothek"$"https://d-nb.info/gnd/2031351-2"$"München"$"https://d-nb.info/gnd/4127793-4"$"Bayerische Staatsbibliothek"$"https://d-nb.info/gnd/2031351-2"$"München"$"https://d-nb.info/gnd/4127793-4"
"134"$"Clm 23891"$"https://api.digitale-sammlungen.de/iiif/presentation/v2/bsb00160301/manifest"$"https://mdz-nbn-resolving.de/urn:nbn:de:bvb:12-bsb00160301-0"$"https://api.digitale-sammlungen.de/iiif/image/v2/bsb00160301_00003/full/280,/0/default.jpg"$"Komplett"$"Reproduktion"$"Graustufen"$"Einzelseite"$"2025"$"2025"$"Bayerische Staatsbibliothek"$"https://d-nb.info/gnd/2031351-2"$"München"$"https://d-nb.info/gnd/4127793-4"$"Bayerische Staatsbibliothek"$"https://d-nb.info/gnd/2031351-2"$"München"$"https://d-nb.info/gnd/4127793-4"
"135"$"Clm 23892"$"https://api.digitale-sammlungen.de/iiif/presentation/v2/bsb00160302/manifest"$"https://mdz-nbn-resolving.de/urn:nbn:de:bvb:12-bsb00160302-5"$"https://api.digitale-sammlungen.de/iiif/image/v2/bsb00160302_00003/full/280,/0/default.jpg"$"Komplett"$"Reproduktion"$"Graustufen"$"Einzelseite"$"2025"$"2025"$"Bayerische Staatsbibliothek"$"https://d-nb.info/gnd/2031351-2"$"München"$"https://d-nb.info/gnd/4127793-4"$"Bayerische Staatsbibliothek"$"https://d-nb.info/gnd/2031351-2"$"München"$"https://d-nb.info/gnd/4127793-4"
"136"$"Clm 23894"$"https://api.digitale-sammlungen.de/iiif/presentation/v2/bsb00160303/manifest"$"https://mdz-nbn-resolving.de/urn:nbn:de:bvb:12-bsb00160303-0"$"https://api.digitale-sammlungen.de/iiif/image/v2/bsb00160303_00003/full/280,/0/default.jpg"$"Komplett"$"Reproduktion"$"Graustufen"$"Einzelseite"$"2025"$"2025"$"Bayerische Staatsbibliothek"$"https://d-nb.info/gnd/2031351-2"$"München"$"https://d-nb.info/gnd/4127793-4"$"Bayerische Staatsbibliothek"$"https://d-nb.info/gnd/2031351-2"$"München"$"https://d-nb.info/gnd/4127793-4"
"137"$"Clm 23907"$"https://api.digitale-sammlungen.de/iiif/presentation/v2/bsb00160304/manifest"$"https://mdz-nbn-resolving.de/urn:nbn:de:bvb:12-bsb00160304-6"$"https://api.digitale-sammlungen.de/iiif/image/v2/bsb00160304_00003/full/280,/0/default.jpg"$"Komplett"$"Reproduktion"$"Graustufen"$"Einzelseite"$"2025"$"2025"$"Bayerische Staatsbibliothek"$"https://d-nb.info/gnd/2031351-2"$"München"$"https://d-nb.info/gnd/4127793-4"$"Bayerische Staatsbibliothek"$"https://d-nb.info/gnd/2031351-2"$"München"$"https://d-nb.info/gnd/4127793-4"
"138"$"Clm 23912"$"https://api.digitale-sammlungen.de/iiif/presentation/v2/bsb00160305/manifest"$"https://mdz-nbn-resolving.de/urn:nbn:de:bvb:12-bsb00160305-1"$"https://api.digitale-sammlungen.de/iiif/image/v2/bsb00160305_00003/full/280,/0/default.jpg"$"Komplett"$"Reproduktion"$"Graustufen"$"Einzelseite"$"2025"$"2025"$"Bayerische Staatsbibliothek"$"https://d-nb.info/gnd/2031351-2"$"München"$"https://d-nb.info/gnd/4127793-4"$"Bayerische Staatsbibliothek"$"https://d-nb.info/gnd/2031351-2"$"München"$"https://d-nb.info/gnd/4127793-4"
"139"$"Clm 23947"$"https://api.digitale-sammlungen.de/iiif/presentation/v2/bsb00160306/manifest"$"https://mdz-nbn-resolving.de/urn:nbn:de:bvb:12-bsb00160306-6"$"https://api.digitale-sammlungen.de/iiif/image/v2/bsb00160306_00003/full/280,/0/default.jpg"$"Komplett"$"Reproduktion"$"Graustufen"$"Einzelseite"$"2025"$"2025"$"Bayerische Staatsbibliothek"$"https://d-nb.info/gnd/2031351-2"$"München"$"https://d-nb.info/gnd/4127793-4"$"Bayerische Staatsbibliothek"$"https://d-nb.info/gnd/2031351-2"$"München"$"https://d-nb.info/gnd/4127793-4"
"140"$"Clm 23960"$"https://api.digitale-sammlungen.de/iiif/presentation/v2/bsb00160308/manifest"$"https://mdz-nbn-resolving.de/urn:nbn:de:bvb:12-bsb00160308-7"$"https://api.digitale-sammlungen.de/iiif/image/v2/bsb00160308_00003/full/280,/0/default.jpg"$"Komplett"$"Reproduktion"$"Graustufen"$"Einzelseite"$"2025"$"2025"$"Bayerische Staatsbibliothek"$"https://d-nb.info/gnd/2031351-2"$"München"$"https://d-nb.info/gnd/4127793-4"$"Bayerische Staatsbibliothek"$"https://d-nb.info/gnd/2031351-2"$"München"$"https://d-nb.info/gnd/4127793-4"
"141"$"Clm 23973"$"https://api.digitale-sammlungen.de/iiif/presentation/v2/bsb00160310/manifest"$"https://mdz-nbn-resolving.de/urn:nbn:de:bvb:12-bsb00160310-0"$"https://api.digitale-sammlungen.de/iiif/image/v2/bsb00160310_00003/full/280,/0/default.jpg"$"Komplett"$"Reproduktion"$"Graustufen"$"Einzelseite"$"2025"$"2025"$"Bayerische Staatsbibliothek"$"https://d-nb.info/gnd/2031351-2"$"München"$"https://d-nb.info/gnd/4127793-4"$"Bayerische Staatsbibliothek"$"https://d-nb.info/gnd/2031351-2"$"München"$"https://d-nb.info/gnd/4127793-4"
"142"$"Clm 23977"$"https://api.digitale-sammlungen.de/iiif/presentation/v2/bsb00160311/manifest"$"https://mdz-nbn-resolving.de/urn:nbn:de:bvb:12-bsb00160311-5"$"https://api.digitale-sammlungen.de/iiif/image/v2/bsb00160311_00003/full/280,/0/default.jpg"$"Komplett"$"Reproduktion"$"Graustufen"$"Einzelseite"$"2025"$"2025"$"Bayerische Staatsbibliothek"$"https://d-nb.info/gnd/2031351-2"$"München"$"https://d-nb.info/gnd/4127793-4"$"Bayerische Staatsbibliothek"$"https://d-nb.info/gnd/2031351-2"$"München"$"https://d-nb.info/gnd/4127793-4"
"143"$"Clm 23989"$"https://api.digitale-sammlungen.de/iiif/presentation/v2/bsb00160312/manifest"$"https://mdz-nbn-resolving.de/urn:nbn:de:bvb:12-bsb00160312-0"$"https://api.digitale-sammlungen.de/iiif/image/v2/bsb00160312_00003/full/280,/0/default.jpg"$"Komplett"$"Reproduktion"$"Graustufen"$"Einzelseite"$"2025"$"2025"$"Bayerische Staatsbibliothek"$"https://d-nb.info/gnd/2031351-2"$"München"$"https://d-nb.info/gnd/4127793-4"$"Bayerische Staatsbibliothek"$"https://d-nb.info/gnd/2031351-2"$"München"$"https://d-nb.info/gnd/4127793-4"
"144"$"Clm 23991"$"https://api.digitale-sammlungen.de/iiif/presentation/v2/bsb00160313/manifest"$"https://mdz-nbn-resolving.de/urn:nbn:de:bvb:12-bsb00160313-6"$"https://api.digitale-sammlungen.de/iiif/image/v2/bsb00160313_00003/full/280,/0/default.jpg"$"Komplett"$"Reproduktion"$"Graustufen"$"Einzelseite"$"2025"$"2025"$"Bayerische Staatsbibliothek"$"https://d-nb.info/gnd/2031351-2"$"München"$"https://d-nb.info/gnd/4127793-4"$"Bayerische Staatsbibliothek"$"https://d-nb.info/gnd/2031351-2"$"München"$"https://d-nb.info/gnd/4127793-4"
"145"$"Clm 23993"$"https://api.digitale-sammlungen.de/iiif/presentation/v2/bsb00160314/manifest"$"https://mdz-nbn-resolving.de/urn:nbn:de:bvb:12-bsb00160314-1"$"https://api.digitale-sammlungen.de/iiif/image/v2/bsb00160314_00003/full/280,/0/default.jpg"$"Komplett"$"Reproduktion"$"Graustufen"$"Einzelseite"$"2025"$"2025"$"Bayerische Staatsbibliothek"$"https://d-nb.info/gnd/2031351-2"$"München"$"https://d-nb.info/gnd/4127793-4"$"Bayerische Staatsbibliothek"$"https://d-nb.info/gnd/2031351-2"$"München"$"https://d-nb.info/gnd/4127793-4"
"146"$"Clm 24013"$"https://api.digitale-sammlungen.de/iiif/presentation/v2/bsb00160315/manifest"$"https://mdz-nbn-resolving.de/urn:nbn:de:bvb:12-bsb00160315-6"$"https://api.digitale-sammlungen.de/iiif/image/v2/bsb00160315_00003/full/280,/0/default.jpg"$"Komplett"$"Reproduktion"$"Graustufen"$"Einzelseite"$"2025"$"2025"$"Bayerische Staatsbibliothek"$"https://d-nb.info/gnd/2031351-2"$"München"$"https://d-nb.info/gnd/4127793-4"$"Bayerische Staatsbibliothek"$"https://d-nb.info/gnd/2031351-2"$"München"$"https://d-nb.info/gnd/4127793-4"
"147"$"Clm 24019"$"https://api.digitale-sammlungen.de/iiif/presentation/v2/bsb00160334/manifest"$"https://mdz-nbn-resolving.de/urn:nbn:de:bvb:12-bsb00160334-1"$"https://api.digitale-sammlungen.de/iiif/image/v2/bsb00160334_00003/full/280,/0/default.jpg"$"Komplett"$"Reproduktion"$"Graustufen"$"Einzelseite"$"2025"$"2025"$"Bayerische Staatsbibliothek"$"https://d-nb.info/gnd/2031351-2"$"München"$"https://d-nb.info/gnd/4127793-4"$"Bayerische Staatsbibliothek"$"https://d-nb.info/gnd/2031351-2"$"München"$"https://d-nb.info/gnd/4127793-4"
"148"$"Clm 24020"$"https://api.digitale-sammlungen.de/iiif/presentation/v2/bsb00160317/manifest"$"https://mdz-nbn-resolving.de/urn:nbn:de:bvb:12-bsb00160317-7"$"https://api.digitale-sammlungen.de/iiif/image/v2/bsb00160317_00003/full/280,/0/default.jpg"$"Komplett"$"Reproduktion"$"Graustufen"$"Einzelseite"$"2025"$"2025"$"Bayerische Staatsbibliothek"$"https://d-nb.info/gnd/2031351-2"$"München"$"https://d-nb.info/gnd/4127793-4"$"Bayerische Staatsbibliothek"$"https://d-nb.info/gnd/2031351-2"$"München"$"https://d-nb.info/gnd/4127793-4"
"149"$"Clm 24022"$"https://api.digitale-sammlungen.de/iiif/presentation/v2/bsb00160318/manifest"$"https://mdz-nbn-resolving.de/urn:nbn:de:bvb:12-bsb00160318-2"$"https://api.digitale-sammlungen.de/iiif/image/v2/bsb00160318_00003/full/280,/0/default.jpg"$"Komplett"$"Reproduktion"$"Graustufen"$"Einzelseite"$"2025"$"2025"$"Bayerische Staatsbibliothek"$"https://d-nb.info/gnd/2031351-2"$"München"$"https://d-nb.info/gnd/4127793-4"$"Bayerische Staatsbibliothek"$"https://d-nb.info/gnd/2031351-2"$"München"$"https://d-nb.info/gnd/4127793-4"
"150"$"Clm 24101"$"https://api.digitale-sammlungen.de/iiif/presentation/v2/bsb00160319/manifest"$"https://mdz-nbn-resolving.de/urn:nbn:de:bvb:12-bsb00160319-2"$"https://api.digitale-sammlungen.de/iiif/image/v2/bsb00160319_00003/full/280,/0/default.jpg"$"Komplett"$"Reproduktion"$"Graustufen"$"Einzelseite"$"2025"$"2025"$"Bayerische Staatsbibliothek"$"https://d-nb.info/gnd/2031351-2"$"München"$"https://d-nb.info/gnd/4127793-4"$"Bayerische Staatsbibliothek"$"https://d-nb.info/gnd/2031351-2"$"München"$"https://d-nb.info/gnd/4127793-4"
"151"$"Clm 24104"$"https://api.digitale-sammlungen.de/iiif/presentation/v2/bsb00160320/manifest"$"https://mdz-nbn-resolving.de/urn:nbn:de:bvb:12-bsb00160320-5"$"https://api.digitale-sammlungen.de/iiif/image/v2/bsb00160320_00003/full/280,/0/default.jpg"$"Komplett"$"Reproduktion"$"Graustufen"$"Einzelseite"$"2025"$"2025"$"Bayerische Staatsbibliothek"$"https://d-nb.info/gnd/2031351-2"$"München"$"https://d-nb.info/gnd/4127793-4"$"Bayerische Staatsbibliothek"$"https://d-nb.info/gnd/2031351-2"$"München"$"https://d-nb.info/gnd/4127793-4"
"152"$"Clm 24108"$"https://api.digitale-sammlungen.de/iiif/presentation/v2/bsb00160321/manifest"$"https://mdz-nbn-resolving.de/urn:nbn:de:bvb:12-bsb00160321-0"$"https://api.digitale-sammlungen.de/iiif/image/v2/bsb00160321_00003/full/280,/0/default.jpg"$"Komplett"$"Reproduktion"$"Graustufen"$"Einzelseite"$"2025"$"2025"$"Bayerische Staatsbibliothek"$"https://d-nb.info/gnd/2031351-2"$"München"$"https://d-nb.info/gnd/4127793-4"$"Bayerische Staatsbibliothek"$"https://d-nb.info/gnd/2031351-2"$"München"$"https://d-nb.info/gnd/4127793-4"
"153"$"Clm 24111"$"https://api.digitale-sammlungen.de/iiif/presentation/v2/bsb00160322/manifest"$"https://mdz-nbn-resolving.de/urn:nbn:de:bvb:12-bsb00160322-5"$"https://api.digitale-sammlungen.de/iiif/image/v2/bsb00160322_00003/full/280,/0/default.jpg"$"Komplett"$"Reproduktion"$"Graustufen"$"Einzelseite"$"2025"$"2025"$"Bayerische Staatsbibliothek"$"https://d-nb.info/gnd/2031351-2"$"München"$"https://d-nb.info/gnd/4127793-4"$"Bayerische Staatsbibliothek"$"https://d-nb.info/gnd/2031351-2"$"München"$"https://d-nb.info/gnd/4127793-4"
"154"$"Clm 24132"$"https://api.digitale-sammlungen.de/iiif/presentation/v2/bsb00160323/manifest"$"https://mdz-nbn-resolving.de/urn:nbn:de:bvb:12-bsb00160323-1"$"https://api.digitale-sammlungen.de/iiif/image/v2/bsb00160323_00003/full/280,/0/default.jpg"$"Komplett"$"Reproduktion"$"Graustufen"$"Einzelseite"$"2025"$"2025"$"Bayerische Staatsbibliothek"$"https://d-nb.info/gnd/2031351-2"$"München"$"https://d-nb.info/gnd/4127793-4"$"Bayerische Staatsbibliothek"$"https://d-nb.info/gnd/2031351-2"$"München"$"https://d-nb.info/gnd/4127793-4"
"155"$"Clm 24164"$"https://api.digitale-sammlungen.de/iiif/presentation/v2/bsb00160324/manifest"$"https://mdz-nbn-resolving.de/urn:nbn:de:bvb:12-bsb00160324-6"$"https://api.digitale-sammlungen.de/iiif/image/v2/bsb00160324_00003/full/280,/0/default.jpg"$"Komplett"$"Reproduktion"$"Graustufen"$"Einzelseite"$"2025"$"2025"$"Bayerische Staatsbibliothek"$"https://d-nb.info/gnd/2031351-2"$"München"$"https://d-nb.info/gnd/4127793-4"$"Bayerische Staatsbibliothek"$"https://d-nb.info/gnd/2031351-2"$"München"$"https://d-nb.info/gnd/4127793-4"
"156"$"Clm 24500"$"https://api.digitale-sammlungen.de/iiif/presentation/v2/bsb00160325/manifest"$"https://mdz-nbn-resolving.de/urn:nbn:de:bvb:12-bsb00160325-1"$"https://api.digitale-sammlungen.de/iiif/image/v2/bsb00160325_00003/full/280,/0/default.jpg"$"Komplett"$"Reproduktion"$"Graustufen"$"Einzelseite"$"2025"$"2025"$"Bayerische Staatsbibliothek"$"https://d-nb.info/gnd/2031351-2"$"München"$"https://d-nb.info/gnd/4127793-4"$"Bayerische Staatsbibliothek"$"https://d-nb.info/gnd/2031351-2"$"München"$"https://d-nb.info/gnd/4127793-4"
"157"$"Clm 24504"$"https://api.digitale-sammlungen.de/iiif/presentation/v2/bsb00160326/manifest"$"https://mdz-nbn-resolving.de/urn:nbn:de:bvb:12-bsb00160326-7"$"https://api.digitale-sammlungen.de/iiif/image/v2/bsb00160326_00003/full/280,/0/default.jpg"$"Komplett"$"Reproduktion"$"Graustufen"$"Einzelseite"$"2025"$"2025"$"Bayerische Staatsbibliothek"$"https://d-nb.info/gnd/2031351-2"$"München"$"https://d-nb.info/gnd/4127793-4"$"Bayerische Staatsbibliothek"$"https://d-nb.info/gnd/2031351-2"$"München"$"https://d-nb.info/gnd/4127793-4"
"158"$"Clm 24507"$"https://api.digitale-sammlungen.de/iiif/presentation/v2/bsb00160327/manifest"$"https://mdz-nbn-resolving.de/urn:nbn:de:bvb:12-bsb00160327-2"$"https://api.digitale-sammlungen.de/iiif/image/v2/bsb00160327_00003/full/280,/0/default.jpg"$"Komplett"$"Reproduktion"$"Graustufen"$"Einzelseite"$"2025"$"2025"$"Bayerische Staatsbibliothek"$"https://d-nb.info/gnd/2031351-2"$"München"$"https://d-nb.info/gnd/4127793-4"$"Bayerische Staatsbibliothek"$"https://d-nb.info/gnd/2031351-2"$"München"$"https://d-nb.info/gnd/4127793-4"
"159"$"Clm 24509"$"https://api.digitale-sammlungen.de/iiif/presentation/v2/bsb00160328/manifest"$"https://mdz-nbn-resolving.de/urn:nbn:de:bvb:12-bsb00160328-7"$"https://api.digitale-sammlungen.de/iiif/image/v2/bsb00160328_00003/full/280,/0/default.jpg"$"Komplett"$"Reproduktion"$"Graustufen"$"Einzelseite"$"2025"$"2025"$"Bayerische Staatsbibliothek"$"https://d-nb.info/gnd/2031351-2"$"München"$"https://d-nb.info/gnd/4127793-4"$"Bayerische Staatsbibliothek"$"https://d-nb.info/gnd/2031351-2"$"München"$"https://d-nb.info/gnd/4127793-4"
"160"$"Clm 24514"$"https://api.digitale-sammlungen.de/iiif/presentation/v2/bsb00160329/manifest"$"https://mdz-nbn-resolving.de/urn:nbn:de:bvb:12-bsb00160329-8"$"https://api.digitale-sammlungen.de/iiif/image/v2/bsb00160329_00003/full/280,/0/default.jpg"$"Komplett"$"Reproduktion"$"Graustufen"$"Einzelseite"$"2025"$"2025"$"Bayerische Staatsbibliothek"$"https://d-nb.info/gnd/2031351-2"$"München"$"https://d-nb.info/gnd/4127793-4"$"Bayerische Staatsbibliothek"$"https://d-nb.info/gnd/2031351-2"$"München"$"https://d-nb.info/gnd/4127793-4"
"161"$"Clm 24519"$"https://api.digitale-sammlungen.de/iiif/presentation/v2/bsb00160330/manifest"$"https://mdz-nbn-resolving.de/urn:nbn:de:bvb:12-bsb00160330-0"$"https://api.digitale-sammlungen.de/iiif/image/v2/bsb00160330_00003/full/280,/0/default.jpg"$"Komplett"$"Reproduktion"$"Graustufen"$"Einzelseite"$"2025"$"2025"$"Bayerische Staatsbibliothek"$"https://d-nb.info/gnd/2031351-2"$"München"$"https://d-nb.info/gnd/4127793-4"$"Bayerische Staatsbibliothek"$"https://d-nb.info/gnd/2031351-2"$"München"$"https://d-nb.info/gnd/4127793-4"
"162"$"Clm 24520"$"https://api.digitale-sammlungen.de/iiif/presentation/v2/bsb00160331/manifest"$"https://mdz-nbn-resolving.de/urn:nbn:de:bvb:12-bsb00160331-5"$"https://api.digitale-sammlungen.de/iiif/image/v2/bsb00160331_00003/full/280,/0/default.jpg"$"Komplett"$"Reproduktion"$"Graustufen"$"Einzelseite"$"2025"$"2025"$"Bayerische Staatsbibliothek"$"https://d-nb.info/gnd/2031351-2"$"München"$"https://d-nb.info/gnd/4127793-4"$"Bayerische Staatsbibliothek"$"https://d-nb.info/gnd/2031351-2"$"München"$"https://d-nb.info/gnd/4127793-4"
"163"$"Clm 24522"$"https://api.digitale-sammlungen.de/iiif/presentation/v2/bsb00160332/manifest"$"https://mdz-nbn-resolving.de/urn:nbn:de:bvb:12-bsb00160332-1"$"https://api.digitale-sammlungen.de/iiif/image/v2/bsb00160332_00003/full/280,/0/default.jpg"$"Komplett"$"Reproduktion"$"Graustufen"$"Einzelseite"$"2025"$"2025"$"Bayerische Staatsbibliothek"$"https://d-nb.info/gnd/2031351-2"$"München"$"https://d-nb.info/gnd/4127793-4"$"Bayerische Staatsbibliothek"$"https://d-nb.info/gnd/2031351-2"$"München"$"https://d-nb.info/gnd/4127793-4"
"164"$"Clm 24523"$"https://api.digitale-sammlungen.de/iiif/presentation/v2/bsb00160333/manifest"$"https://mdz-nbn-resolving.de/urn:nbn:de:bvb:12-bsb00160333-6"$"https://api.digitale-sammlungen.de/iiif/image/v2/bsb00160333_00003/full/280,/0/default.jpg"$"Komplett"$"Reproduktion"$"Graustufen"$"Einzelseite"$"2025"$"2025"$"Bayerische Staatsbibliothek"$"https://d-nb.info/gnd/2031351-2"$"München"$"https://d-nb.info/gnd/4127793-4"$"Bayerische Staatsbibliothek"$"https://d-nb.info/gnd/2031351-2"$"München"$"https://d-nb.info/gnd/4127793-4"
"165"$"Clm 24525"$"https://api.digitale-sammlungen.de/iiif/presentation/v2/bsb00160777/manifest"$"https://mdz-nbn-resolving.de/urn:nbn:de:bvb:12-bsb00160777-9"$"https://api.digitale-sammlungen.de/iiif/image/v2/bsb00160777_00003/full/280,/0/default.jpg"$"Komplett"$"Original"$"Standard"$"Einzelseite"$"2025"$"2025"$"Bayerische Staatsbibliothek"$"https://d-nb.info/gnd/2031351-2"$"München"$"https://d-nb.info/gnd/4127793-4"$"Bayerische Staatsbibliothek"$"https://d-nb.info/gnd/2031351-2"$"München"$"https://d-nb.info/gnd/4127793-4"
"166"$"Clm 24527"$"https://api.digitale-sammlungen.de/iiif/presentation/v2/bsb00160778/manifest"$"https://mdz-nbn-resolving.de/urn:nbn:de:bvb:12-bsb00160778-4"$"https://api.digitale-sammlungen.de/iiif/image/v2/bsb00160778_00003/full/280,/0/default.jpg"$"Komplett"$"Reproduktion"$"Graustufen"$"Einzelseite"$"2025"$"2025"$"Bayerische Staatsbibliothek"$"https://d-nb.info/gnd/2031351-2"$"München"$"https://d-nb.info/gnd/4127793-4"$"Bayerische Staatsbibliothek"$"https://d-nb.info/gnd/2031351-2"$"München"$"https://d-nb.info/gnd/4127793-4"
"167"$"Clm 24535"$"https://api.digitale-sammlungen.de/iiif/presentation/v2/bsb00160779/manifest"$"https://mdz-nbn-resolving.de/urn:nbn:de:bvb:12-bsb00160779-4"$"https://api.digitale-sammlungen.de/iiif/image/v2/bsb00160779_00003/full/280,/0/default.jpg"$"Komplett"$"Reproduktion"$"Graustufen"$"Einzelseite"$"2025"$"2025"$"Bayerische Staatsbibliothek"$"https://d-nb.info/gnd/2031351-2"$"München"$"https://d-nb.info/gnd/4127793-4"$"Bayerische Staatsbibliothek"$"https://d-nb.info/gnd/2031351-2"$"München"$"https://d-nb.info/gnd/4127793-4"
"168"$"Clm 24536"$"https://api.digitale-sammlungen.de/iiif/presentation/v2/bsb00160780/manifest"$"https://mdz-nbn-resolving.de/urn:nbn:de:bvb:12-bsb00160780-7"$"https://api.digitale-sammlungen.de/iiif/image/v2/bsb00160780_00003/full/280,/0/default.jpg"$"Komplett"$"Reproduktion"$"Graustufen"$"Einzelseite"$"2025"$"2025"$"Bayerische Staatsbibliothek"$"https://d-nb.info/gnd/2031351-2"$"München"$"https://d-nb.info/gnd/4127793-4"$"Bayerische Staatsbibliothek"$"https://d-nb.info/gnd/2031351-2"$"München"$"https://d-nb.info/gnd/4127793-4"
"169"$"Clm 24542"$"https://api.digitale-sammlungen.de/iiif/presentation/v2/bsb00160781/manifest"$"https://mdz-nbn-resolving.de/urn:nbn:de:bvb:12-bsb00160781-2"$"https://api.digitale-sammlungen.de/iiif/image/v2/bsb00160781_00003/full/280,/0/default.jpg"$"Komplett"$"Reproduktion"$"Graustufen"$"Einzelseite"$"2025"$"2025"$"Bayerische Staatsbibliothek"$"https://d-nb.info/gnd/2031351-2"$"München"$"https://d-nb.info/gnd/4127793-4"$"Bayerische Staatsbibliothek"$"https://d-nb.info/gnd/2031351-2"$"München"$"https://d-nb.info/gnd/4127793-4"
"170"$"Clm 24546"$"https://api.digitale-sammlungen.de/iiif/presentation/v2/bsb00160782/manifest"$"https://mdz-nbn-resolving.de/urn:nbn:de:bvb:12-bsb00160782-7"$"https://api.digitale-sammlungen.de/iiif/image/v2/bsb00160782_00003/full/280,/0/default.jpg"$"Komplett"$"Reproduktion"$"Graustufen"$"Einzelseite"$"2025"$"2025"$"Bayerische Staatsbibliothek"$"https://d-nb.info/gnd/2031351-2"$"München"$"https://d-nb.info/gnd/4127793-4"$"Bayerische Staatsbibliothek"$"https://d-nb.info/gnd/2031351-2"$"München"$"https://d-nb.info/gnd/4127793-4"
"171"$"Clm 24551"$"https://api.digitale-sammlungen.de/iiif/presentation/v2/bsb00160783/manifest"$"https://mdz-nbn-resolving.de/urn:nbn:de:bvb:12-bsb00160783-3"$"https://api.digitale-sammlungen.de/iiif/image/v2/bsb00160783_00003/full/280,/0/default.jpg"$"Komplett"$"Reproduktion"$"Graustufen"$"Einzelseite"$"2025"$"2025"$"Bayerische Staatsbibliothek"$"https://d-nb.info/gnd/2031351-2"$"München"$"https://d-nb.info/gnd/4127793-4"$"Bayerische Staatsbibliothek"$"https://d-nb.info/gnd/2031351-2"$"München"$"https://d-nb.info/gnd/4127793-4"
"172"$"Clm 24552"$"https://api.digitale-sammlungen.de/iiif/presentation/v2/bsb00160784/manifest"$"https://mdz-nbn-resolving.de/urn:nbn:de:bvb:12-bsb00160784-8"$"https://api.digitale-sammlungen.de/iiif/image/v2/bsb00160784_00003/full/280,/0/default.jpg"$"Komplett"$"Reproduktion"$"Graustufen"$"Einzelseite"$"2025"$"2025"$"Bayerische Staatsbibliothek"$"https://d-nb.info/gnd/2031351-2"$"München"$"https://d-nb.info/gnd/4127793-4"$"Bayerische Staatsbibliothek"$"https://d-nb.info/gnd/2031351-2"$"München"$"https://d-nb.info/gnd/4127793-4"
"173"$"Clm 24559"$"https://api.digitale-sammlungen.de/iiif/presentation/v2/bsb00160789/manifest"$"https://mdz-nbn-resolving.de/urn:nbn:de:bvb:12-bsb00160789-9"$"https://api.digitale-sammlungen.de/iiif/image/v2/bsb00160789_00003/full/280,/0/default.jpg"$"Komplett"$"Reproduktion"$"Graustufen"$"Einzelseite"$"2025"$"2025"$"Bayerische Staatsbibliothek"$"https://d-nb.info/gnd/2031351-2"$"München"$"https://d-nb.info/gnd/4127793-4"$"Bayerische Staatsbibliothek"$"https://d-nb.info/gnd/2031351-2"$"München"$"https://d-nb.info/gnd/4127793-4"
"174"$"Clm 24561"$"https://api.digitale-sammlungen.de/iiif/presentation/v2/bsb00160790/manifest"$"https://mdz-nbn-resolving.de/urn:nbn:de:bvb:12-bsb00160790-7"$"https://api.digitale-sammlungen.de/iiif/image/v2/bsb00160790_00003/full/280,/0/default.jpg"$"Komplett"$"Reproduktion"$"Graustufen"$"Einzelseite"$"2025"$"2025"$"Bayerische Staatsbibliothek"$"https://d-nb.info/gnd/2031351-2"$"München"$"https://d-nb.info/gnd/4127793-4"$"Bayerische Staatsbibliothek"$"https://d-nb.info/gnd/2031351-2"$"München"$"https://d-nb.info/gnd/4127793-4"
"175"$"Clm 24565"$"https://api.digitale-sammlungen.de/iiif/presentation/v2/bsb00160791/manifest"$"https://mdz-nbn-resolving.de/urn:nbn:de:bvb:12-bsb00160791-3"$"https://api.digitale-sammlungen.de/iiif/image/v2/bsb00160791_00003/full/280,/0/default.jpg"$"Komplett"$"Reproduktion"$"Graustufen"$"Einzelseite"$"2025"$"2025"$"Bayerische Staatsbibliothek"$"https://d-nb.info/gnd/2031351-2"$"München"$"https://d-nb.info/gnd/4127793-4"$"Bayerische Staatsbibliothek"$"https://d-nb.info/gnd/2031351-2"$"München"$"https://d-nb.info/gnd/4127793-4"
"176"$"Clm 24566"$"https://api.digitale-sammlungen.de/iiif/presentation/v2/bsb00160792/manifest"$"https://mdz-nbn-resolving.de/urn:nbn:de:bvb:12-bsb00160792-8"$"https://api.digitale-sammlungen.de/iiif/image/v2/bsb00160792_00003/full/280,/0/default.jpg"$"Komplett"$"Reproduktion"$"Graustufen"$"Einzelseite"$"2025"$"2025"$"Bayerische Staatsbibliothek"$"https://d-nb.info/gnd/2031351-2"$"München"$"https://d-nb.info/gnd/4127793-4"$"Bayerische Staatsbibliothek"$"https://d-nb.info/gnd/2031351-2"$"München"$"https://d-nb.info/gnd/4127793-4"
"177"$"Clm 24571"$"https://api.digitale-sammlungen.de/iiif/presentation/v2/bsb00160793/manifest"$"https://mdz-nbn-resolving.de/urn:nbn:de:bvb:12-bsb00160793-4"$"https://api.digitale-sammlungen.de/iiif/image/v2/bsb00160793_00003/full/280,/0/default.jpg"$"Komplett"$"Reproduktion"$"Graustufen"$"Einzelseite"$"2025"$"2025"$"Bayerische Staatsbibliothek"$"https://d-nb.info/gnd/2031351-2"$"München"$"https://d-nb.info/gnd/4127793-4"$"Bayerische Staatsbibliothek"$"https://d-nb.info/gnd/2031351-2"$"München"$"https://d-nb.info/gnd/4127793-4"
"178"$"Clm 24576"$"https://api.digitale-sammlungen.de/iiif/presentation/v2/bsb00160794/manifest"$"https://mdz-nbn-resolving.de/urn:nbn:de:bvb:12-bsb00160794-9"$"https://api.digitale-sammlungen.de/iiif/image/v2/bsb00160794_00003/full/280,/0/default.jpg"$"Komplett"$"Reproduktion"$"Graustufen"$"Einzelseite"$"2025"$"2025"$"Bayerische Staatsbibliothek"$"https://d-nb.info/gnd/2031351-2"$"München"$"https://d-nb.info/gnd/4127793-4"$"Bayerische Staatsbibliothek"$"https://d-nb.info/gnd/2031351-2"$"München"$"https://d-nb.info/gnd/4127793-4"
"179"$"Clm 24591"$"https://api.digitale-sammlungen.de/iiif/presentation/v2/bsb00160795/manifest"$"https://mdz-nbn-resolving.de/urn:nbn:de:bvb:12-bsb00160795-4"$"https://api.digitale-sammlungen.de/iiif/image/v2/bsb00160795_00003/full/280,/0/default.jpg"$"Komplett"$"Reproduktion"$"Graustufen"$"Einzelseite"$"2025"$"2025"$"Bayerische Staatsbibliothek"$"https://d-nb.info/gnd/2031351-2"$"München"$"https://d-nb.info/gnd/4127793-4"$"Bayerische Staatsbibliothek"$"https://d-nb.info/gnd/2031351-2"$"München"$"https://d-nb.info/gnd/4127793-4"
"180"$"Clm 24649"$"https://api.digitale-sammlungen.de/iiif/presentation/v2/bsb00160796/manifest"$"https://mdz-nbn-resolving.de/urn:nbn:de:bvb:12-bsb00160796-0"$"https://api.digitale-sammlungen.de/iiif/image/v2/bsb00160796_00003/full/280,/0/default.jpg"$"Komplett"$"Reproduktion"$"Graustufen"$"Einzelseite"$"2025"$"2025"$"Bayerische Staatsbibliothek"$"https://d-nb.info/gnd/2031351-2"$"München"$"https://d-nb.info/gnd/4127793-4"$"Bayerische Staatsbibliothek"$"https://d-nb.info/gnd/2031351-2"$"München"$"https://d-nb.info/gnd/4127793-4"
"181"$"Clm 24650"$"https://api.digitale-sammlungen.de/iiif/presentation/v2/bsb00160797/manifest"$"https://mdz-nbn-resolving.de/urn:nbn:de:bvb:12-bsb00160797-5"$"https://api.digitale-sammlungen.de/iiif/image/v2/bsb00160797_00003/full/280,/0/default.jpg"$"Komplett"$"Reproduktion"$"Graustufen"$"Einzelseite"$"2025"$"2025"$"Bayerische Staatsbibliothek"$"https://d-nb.info/gnd/2031351-2"$"München"$"https://d-nb.info/gnd/4127793-4"$"Bayerische Staatsbibliothek"$"https://d-nb.info/gnd/2031351-2"$"München"$"https://d-nb.info/gnd/4127793-4"
"182"$"Clm 24657"$"https://api.digitale-sammlungen.de/iiif/presentation/v2/bsb00160798/manifest"$"https://mdz-nbn-resolving.de/urn:nbn:de:bvb:12-bsb00160798-1"$"https://api.digitale-sammlungen.de/iiif/image/v2/bsb00160798_00003/full/280,/0/default.jpg"$"Komplett"$"Reproduktion"$"Graustufen"$"Einzelseite"$"2025"$"2025"$"Bayerische Staatsbibliothek"$"https://d-nb.info/gnd/2031351-2"$"München"$"https://d-nb.info/gnd/4127793-4"$"Bayerische Staatsbibliothek"$"https://d-nb.info/gnd/2031351-2"$"München"$"https://d-nb.info/gnd/4127793-4"
"183"$"Clm 24680"$"https://api.digitale-sammlungen.de/iiif/presentation/v2/bsb00160799/manifest"$"https://mdz-nbn-resolving.de/urn:nbn:de:bvb:12-bsb00160799-0"$"https://api.digitale-sammlungen.de/iiif/image/v2/bsb00160799_00003/full/280,/0/default.jpg"$"Komplett"$"Reproduktion"$"Graustufen"$"Einzelseite"$"2025"$"2025"$"Bayerische Staatsbibliothek"$"https://d-nb.info/gnd/2031351-2"$"München"$"https://d-nb.info/gnd/4127793-4"$"Bayerische Staatsbibliothek"$"https://d-nb.info/gnd/2031351-2"$"München"$"https://d-nb.info/gnd/4127793-4"
"184"$"Clm 24681"$"https://api.digitale-sammlungen.de/iiif/presentation/v2/bsb00160800/manifest"$"https://mdz-nbn-resolving.de/urn:nbn:de:bvb:12-bsb00160800-0"$"https://api.digitale-sammlungen.de/iiif/image/v2/bsb00160800_00003/full/280,/0/default.jpg"$"Komplett"$"Reproduktion"$"Graustufen"$"Einzelseite"$"2025"$"2025"$"Bayerische Staatsbibliothek"$"https://d-nb.info/gnd/2031351-2"$"München"$"https://d-nb.info/gnd/4127793-4"$"Bayerische Staatsbibliothek"$"https://d-nb.info/gnd/2031351-2"$"München"$"https://d-nb.info/gnd/4127793-4"
"185"$"Clm 24683"$"https://api.digitale-sammlungen.de/iiif/presentation/v2/bsb00160801/manifest"$"https://mdz-nbn-resolving.de/urn:nbn:de:bvb:12-bsb00160801-5"$"https://api.digitale-sammlungen.de/iiif/image/v2/bsb00160801_00003/full/280,/0/default.jpg"$"Komplett"$"Reproduktion"$"Graustufen"$"Einzelseite"$"2025"$"2025"$"Bayerische Staatsbibliothek"$"https://d-nb.info/gnd/2031351-2"$"München"$"https://d-nb.info/gnd/4127793-4"$"Bayerische Staatsbibliothek"$"https://d-nb.info/gnd/2031351-2"$"München"$"https://d-nb.info/gnd/4127793-4"
"186"$"Clm 24727"$"https://api.digitale-sammlungen.de/iiif/presentation/v2/bsb00160802/manifest"$"https://mdz-nbn-resolving.de/urn:nbn:de:bvb:12-bsb00160802-1"$"https://api.digitale-sammlungen.de/iiif/image/v2/bsb00160802_00003/full/280,/0/default.jpg"$"Komplett"$"Reproduktion"$"Graustufen"$"Einzelseite"$"2025"$"2025"$"Bayerische Staatsbibliothek"$"https://d-nb.info/gnd/2031351-2"$"München"$"https://d-nb.info/gnd/4127793-4"$"Bayerische Staatsbibliothek"$"https://d-nb.info/gnd/2031351-2"$"München"$"https://d-nb.info/gnd/4127793-4"
"187"$"Clm 24751"$"https://api.digitale-sammlungen.de/iiif/presentation/v2/bsb00160803/manifest"$"https://mdz-nbn-resolving.de/urn:nbn:de:bvb:12-bsb00160803-6"$"https://api.digitale-sammlungen.de/iiif/image/v2/bsb00160803_00003/full/280,/0/default.jpg"$"Komplett"$"Reproduktion"$"Graustufen"$"Einzelseite"$"2025"$"2025"$"Bayerische Staatsbibliothek"$"https://d-nb.info/gnd/2031351-2"$"München"$"https://d-nb.info/gnd/4127793-4"$"Bayerische Staatsbibliothek"$"https://d-nb.info/gnd/2031351-2"$"München"$"https://d-nb.info/gnd/4127793-4"
"188"$"Clm 24756"$"https://api.digitale-sammlungen.de/iiif/presentation/v2/bsb00160804/manifest"$"https://mdz-nbn-resolving.de/urn:nbn:de:bvb:12-bsb00160804-1"$"https://api.digitale-sammlungen.de/iiif/image/v2/bsb00160804_00003/full/280,/0/default.jpg"$"Komplett"$"Reproduktion"$"Graustufen"$"Einzelseite"$"2025"$"2025"$"Bayerische Staatsbibliothek"$"https://d-nb.info/gnd/2031351-2"$"München"$"https://d-nb.info/gnd/4127793-4"$"Bayerische Staatsbibliothek"$"https://d-nb.info/gnd/2031351-2"$"München"$"https://d-nb.info/gnd/4127793-4"
"189"$"Clm 24801"$"https://api.digitale-sammlungen.de/iiif/presentation/v2/bsb00160805/manifest"$"https://mdz-nbn-resolving.de/urn:nbn:de:bvb:12-bsb00160805-7"$"https://api.digitale-sammlungen.de/iiif/image/v2/bsb00160805_00003/full/280,/0/default.jpg"$"Komplett"$"Reproduktion"$"Graustufen"$"Einzelseite"$"2025"$"2025"$"Bayerische Staatsbibliothek"$"https://d-nb.info/gnd/2031351-2"$"München"$"https://d-nb.info/gnd/4127793-4"$"Bayerische Staatsbibliothek"$"https://d-nb.info/gnd/2031351-2"$"München"$"https://d-nb.info/gnd/4127793-4"
"190"$"Clm 24807"$"https://api.digitale-sammlungen.de/iiif/presentation/v2/bsb00160806/manifest"$"https://mdz-nbn-resolving.de/urn:nbn:de:bvb:12-bsb00160806-2"$"https://api.digitale-sammlungen.de/iiif/image/v2/bsb00160806_00003/full/280,/0/default.jpg"$"Komplett"$"Reproduktion"$"Graustufen"$"Einzelseite"$"2025"$"2025"$"Bayerische Staatsbibliothek"$"https://d-nb.info/gnd/2031351-2"$"München"$"https://d-nb.info/gnd/4127793-4"$"Bayerische Staatsbibliothek"$"https://d-nb.info/gnd/2031351-2"$"München"$"https://d-nb.info/gnd/4127793-4"
"191"$"Clm 24816"$"https://api.digitale-sammlungen.de/iiif/presentation/v2/bsb00160807/manifest"$"https://mdz-nbn-resolving.de/urn:nbn:de:bvb:12-bsb00160807-7"$"https://api.digitale-sammlungen.de/iiif/image/v2/bsb00160807_00003/full/280,/0/default.jpg"$"Komplett"$"Reproduktion"$"Graustufen"$"Einzelseite"$"2025"$"2025"$"Bayerische Staatsbibliothek"$"https://d-nb.info/gnd/2031351-2"$"München"$"https://d-nb.info/gnd/4127793-4"$"Bayerische Staatsbibliothek"$"https://d-nb.info/gnd/2031351-2"$"München"$"https://d-nb.info/gnd/4127793-4"
"192"$"Clm 24836"$"https://api.digitale-sammlungen.de/iiif/presentation/v2/bsb00160809/manifest"$"https://mdz-nbn-resolving.de/urn:nbn:de:bvb:12-bsb00160809-3"$"https://api.digitale-sammlungen.de/iiif/image/v2/bsb00160809_00003/full/280,/0/default.jpg"$"Komplett"$"Reproduktion"$"Graustufen"$"Einzelseite"$"2025"$"2025"$"Bayerische Staatsbibliothek"$"https://d-nb.info/gnd/2031351-2"$"München"$"https://d-nb.info/gnd/4127793-4"$"Bayerische Staatsbibliothek"$"https://d-nb.info/gnd/2031351-2"$"München"$"https://d-nb.info/gnd/4127793-4"
"193"$"Clm 24839"$"https://api.digitale-sammlungen.de/iiif/presentation/v2/bsb00160810/manifest"$"https://mdz-nbn-resolving.de/urn:nbn:de:bvb:12-bsb00160810-5"$"https://api.digitale-sammlungen.de/iiif/image/v2/bsb00160810_00003/full/280,/0/default.jpg"$"Komplett"$"Reproduktion"$"Graustufen"$"Einzelseite"$"2025"$"2025"$"Bayerische Staatsbibliothek"$"https://d-nb.info/gnd/2031351-2"$"München"$"https://d-nb.info/gnd/4127793-4"$"Bayerische Staatsbibliothek"$"https://d-nb.info/gnd/2031351-2"$"München"$"https://d-nb.info/gnd/4127793-4"
"194"$"Clm 24844"$"https://api.digitale-sammlungen.de/iiif/presentation/v2/bsb00160811/manifest"$"https://mdz-nbn-resolving.de/urn:nbn:de:bvb:12-bsb00160811-0"$"https://api.digitale-sammlungen.de/iiif/image/v2/bsb00160811_00003/full/280,/0/default.jpg"$"Komplett"$"Reproduktion"$"Graustufen"$"Einzelseite"$"2025"$"2025"$"Bayerische Staatsbibliothek"$"https://d-nb.info/gnd/2031351-2"$"München"$"https://d-nb.info/gnd/4127793-4"$"Bayerische Staatsbibliothek"$"https://d-nb.info/gnd/2031351-2"$"München"$"https://d-nb.info/gnd/4127793-4"
"195"$"Clm 24847"$"https://api.digitale-sammlungen.de/iiif/presentation/v2/bsb00160812/manifest"$"https://mdz-nbn-resolving.de/urn:nbn:de:bvb:12-bsb00160812-6"$"https://api.digitale-sammlungen.de/iiif/image/v2/bsb00160812_00003/full/280,/0/default.jpg"$"Komplett"$"Reproduktion"$"Graustufen"$"Einzelseite"$"2025"$"2025"$"Bayerische Staatsbibliothek"$"https://d-nb.info/gnd/2031351-2"$"München"$"https://d-nb.info/gnd/4127793-4"$"Bayerische Staatsbibliothek"$"https://d-nb.info/gnd/2031351-2"$"München"$"https://d-nb.info/gnd/4127793-4"
"196"$"Clm 24848"$"https://api.digitale-sammlungen.de/iiif/presentation/v2/bsb00160813/manifest"$"https://mdz-nbn-resolving.de/urn:nbn:de:bvb:12-bsb00160813-1"$"https://api.digitale-sammlungen.de/iiif/image/v2/bsb00160813_00003/full/280,/0/default.jpg"$"Komplett"$"Reproduktion"$"Graustufen"$"Einzelseite"$"2025"$"2025"$"Bayerische Staatsbibliothek"$"https://d-nb.info/gnd/2031351-2"$"München"$"https://d-nb.info/gnd/4127793-4"$"Bayerische Staatsbibliothek"$"https://d-nb.info/gnd/2031351-2"$"München"$"https://d-nb.info/gnd/4127793-4"
"197"$"Clm 24851"$"https://api.digitale-sammlungen.de/iiif/presentation/v2/bsb00160815/manifest"$"https://mdz-nbn-resolving.de/urn:nbn:de:bvb:12-bsb00160815-2"$"https://api.digitale-sammlungen.de/iiif/image/v2/bsb00160815_00003/full/280,/0/default.jpg"$"Komplett"$"Reproduktion"$"Graustufen"$"Einzelseite"$"2025"$"2025"$"Bayerische Staatsbibliothek"$"https://d-nb.info/gnd/2031351-2"$"München"$"https://d-nb.info/gnd/4127793-4"$"Bayerische Staatsbibliothek"$"https://d-nb.info/gnd/2031351-2"$"München"$"https://d-nb.info/gnd/4127793-4"
"198"$"Clm 24857"$"https://api.digitale-sammlungen.de/iiif/presentation/v2/bsb00160816/manifest"$"https://mdz-nbn-resolving.de/urn:nbn:de:bvb:12-bsb00160816-7"$"https://api.digitale-sammlungen.de/iiif/image/v2/bsb00160816_00003/full/280,/0/default.jpg"$"Komplett"$"Reproduktion"$"Graustufen"$"Einzelseite"$"2025"$"2025"$"Bayerische Staatsbibliothek"$"https://d-nb.info/gnd/2031351-2"$"München"$"https://d-nb.info/gnd/4127793-4"$"Bayerische Staatsbibliothek"$"https://d-nb.info/gnd/2031351-2"$"München"$"https://d-nb.info/gnd/4127793-4"
"199"$"Clm 24860"$"https://api.digitale-sammlungen.de/iiif/presentation/v2/bsb00160817/manifest"$"https://mdz-nbn-resolving.de/urn:nbn:de:bvb:12-bsb00160817-2"$"https://api.digitale-sammlungen.de/iiif/image/v2/bsb00160817_00003/full/280,/0/default.jpg"$"Komplett"$"Reproduktion"$"Graustufen"$"Einzelseite"$"2025"$"2025"$"Bayerische Staatsbibliothek"$"https://d-nb.info/gnd/2031351-2"$"München"$"https://d-nb.info/gnd/4127793-4"$"Bayerische Staatsbibliothek"$"https://d-nb.info/gnd/2031351-2"$"München"$"https://d-nb.info/gnd/4127793-4"
"200"$"Clm 24861"$"https://api.digitale-sammlungen.de/iiif/presentation/v2/bsb00160818/manifest"$"https://mdz-nbn-resolving.de/urn:nbn:de:bvb:12-bsb00160818-8"$"https://api.digitale-sammlungen.de/iiif/image/v2/bsb00160818_00003/full/280,/0/default.jpg"$"Komplett"$"Reproduktion"$"Graustufen"$"Einzelseite"$"2025"$"2025"$"Bayerische Staatsbibliothek"$"https://d-nb.info/gnd/2031351-2"$"München"$"https://d-nb.info/gnd/4127793-4"$"Bayerische Staatsbibliothek"$"https://d-nb.info/gnd/2031351-2"$"München"$"https://d-nb.info/gnd/4127793-4"
"201"$"Clm 24923"$"https://api.digitale-sammlungen.de/iiif/presentation/v2/bsb00160829/manifest"$"https://mdz-nbn-resolving.de/urn:nbn:de:bvb:12-bsb00160829-3"$"https://api.digitale-sammlungen.de/iiif/image/v2/bsb00160829_00003/full/280,/0/default.jpg"$"Komplett"$"Reproduktion"$"Graustufen"$"Einzelseite"$"2025"$"2025"$"Bayerische Staatsbibliothek"$"https://d-nb.info/gnd/2031351-2"$"München"$"https://d-nb.info/gnd/4127793-4"$"Bayerische Staatsbibliothek"$"https://d-nb.info/gnd/2031351-2"$"München"$"https://d-nb.info/gnd/4127793-4"
"202"$"Clm 25110"$"https://api.digitale-sammlungen.de/iiif/presentation/v2/bsb00160850/manifest"$"https://mdz-nbn-resolving.de/urn:nbn:de:bvb:12-bsb00160850-6"$"https://api.digitale-sammlungen.de/iiif/image/v2/bsb00160850_00003/full/280,/0/default.jpg"$"Komplett"$"Reproduktion"$"Graustufen"$"Einzelseite"$"2025"$"2025"$"Bayerische Staatsbibliothek"$"https://d-nb.info/gnd/2031351-2"$"München"$"https://d-nb.info/gnd/4127793-4"$"Bayerische Staatsbibliothek"$"https://d-nb.info/gnd/2031351-2"$"München"$"https://d-nb.info/gnd/4127793-4"
"203"$"Clm 28822"$"https://api.digitale-sammlungen.de/iiif/presentation/v2/bsb00161685/manifest"$"https://mdz-nbn-resolving.de/urn:nbn:de:bvb:12-bsb00161685-3"$"https://api.digitale-sammlungen.de/iiif/image/v2/bsb00161685_00003/full/280,/0/default.jpg"$"Komplett"$"Reproduktion"$"Graustufen"$"Einzelseite"$"2025"$"2025"$"Bayerische Staatsbibliothek"$"https://d-nb.info/gnd/2031351-2"$"München"$"https://d-nb.info/gnd/4127793-4"$"Bayerische Staatsbibliothek"$"https://d-nb.info/gnd/2031351-2"$"München"$"https://d-nb.info/gnd/4127793-4"
"204"$"Clm 28845"$"https://api.digitale-sammlungen.de/iiif/presentation/v2/bsb00161689/manifest"$"https://mdz-nbn-resolving.de/urn:nbn:de:bvb:12-bsb00161689-9"$"https://api.digitale-sammlungen.de/iiif/image/v2/bsb00161689_00003/full/280,/0/default.jpg"$"Komplett"$"Reproduktion"$"Graustufen"$"Einzelseite"$"2025"$"2025"$"Bayerische Staatsbibliothek"$"https://d-nb.info/gnd/2031351-2"$"München"$"https://d-nb.info/gnd/4127793-4"$"Bayerische Staatsbibliothek"$"https://d-nb.info/gnd/2031351-2"$"München"$"https://d-nb.info/gnd/4127793-4"
"205"$"Clm 28888"$"https://api.digitale-sammlungen.de/iiif/presentation/v2/bsb00161691/manifest"$"https://mdz-nbn-resolving.de/urn:nbn:de:bvb:12-bsb00161691-3"$"https://api.digitale-sammlungen.de/iiif/image/v2/bsb00161691_00003/full/280,/0/default.jpg"$"Komplett"$"Reproduktion"$"Graustufen"$"Einzelseite"$"2025"$"2025"$"Bayerische Staatsbibliothek"$"https://d-nb.info/gnd/2031351-2"$"München"$"https://d-nb.info/gnd/4127793-4"$"Bayerische Staatsbibliothek"$"https://d-nb.info/gnd/2031351-2"$"München"$"https://d-nb.info/gnd/4127793-4"
"206"$"Clm 29202(10"$"https://api.digitale-sammlungen.de/iiif/presentation/v2/bsb00160608/manifest"$"https://mdz-nbn-resolving.de/urn:nbn:de:bvb:12-bsb00160608-2"$"https://api.digitale-sammlungen.de/iiif/image/v2/bsb00160608_00003/full/280,/0/default.jpg"$"Komplett"$"Original"$"Standard"$"Einzelseite"$"2024"$"2024"$"Bayerische Staatsbibliothek"$"https://d-nb.info/gnd/2031351-2"$"München"$"https://d-nb.info/gnd/4127793-4"$"Bayerische Staatsbibliothek"$"https://d-nb.info/gnd/2031351-2"$"München"$"https://d-nb.info/gnd/4127793-4"
"207"$"Clm 29202(5"$"https://api.digitale-sammlungen.de/iiif/presentation/v2/bsb00160611/manifest"$"https://mdz-nbn-resolving.de/urn:nbn:de:bvb:12-bsb00160611-0"$"https://api.digitale-sammlungen.de/iiif/image/v2/bsb00160611_00003/full/280,/0/default.jpg"$"Komplett"$"Original"$"Standard"$"Einzelseite"$"2024"$"2024"$"Bayerische Staatsbibliothek"$"https://d-nb.info/gnd/2031351-2"$"München"$"https://d-nb.info/gnd/4127793-4"$"Bayerische Staatsbibliothek"$"https://d-nb.info/gnd/2031351-2"$"München"$"https://d-nb.info/gnd/4127793-4"
"208"$"Clm 29202(7"$"https://api.digitale-sammlungen.de/iiif/presentation/v2/bsb00160610/manifest"$"https://mdz-nbn-resolving.de/urn:nbn:de:bvb:12-bsb00160610-5"$"https://api.digitale-sammlungen.de/iiif/image/v2/bsb00160610_00003/full/280,/0/default.jpg"$"Komplett"$"Original"$"Standard"$"Einzelseite"$"2024"$"2024"$"Bayerische Staatsbibliothek"$"https://d-nb.info/gnd/2031351-2"$"München"$"https://d-nb.info/gnd/4127793-4"$"Bayerische Staatsbibliothek"$"https://d-nb.info/gnd/2031351-2"$"München"$"https://d-nb.info/gnd/4127793-4"
"209"$"Clm 29202(8"$"https://api.digitale-sammlungen.de/iiif/presentation/v2/bsb00160609/manifest"$"https://mdz-nbn-resolving.de/urn:nbn:de:bvb:12-bsb00160609-2"$"https://api.digitale-sammlungen.de/iiif/image/v2/bsb00160609_00003/full/280,/0/default.jpg"$"Komplett"$"Original"$"Standard"$"Einzelseite"$"2024"$"2024"$"Bayerische Staatsbibliothek"$"https://d-nb.info/gnd/2031351-2"$"München"$"https://d-nb.info/gnd/4127793-4"$"Bayerische Staatsbibliothek"$"https://d-nb.info/gnd/2031351-2"$"München"$"https://d-nb.info/gnd/4127793-4"
"210"$"Clm 29220(8"$"https://api.digitale-sammlungen.de/iiif/presentation/v2/bsb00161404/manifest"$"https://mdz-nbn-resolving.de/urn:nbn:de:bvb:12-bsb00161404-6"$"https://api.digitale-sammlungen.de/iiif/image/v2/bsb00161404_00003/full/280,/0/default.jpg"$"Komplett"$"Reproduktion"$"Graustufen"$"Einzelseite"$"2025"$"2025"$"Bayerische Staatsbibliothek"$"https://d-nb.info/gnd/2031351-2"$"München"$"https://d-nb.info/gnd/4127793-4"$"Bayerische Staatsbibliothek"$"https://d-nb.info/gnd/2031351-2"$"München"$"https://d-nb.info/gnd/4127793-4"
"211"$"Clm 29469(1"$"https://api.digitale-sammlungen.de/iiif/presentation/v2/bsb00161296/manifest"$"https://mdz-nbn-resolving.de/urn:nbn:de:bvb:12-bsb00161296-9"$"https://api.digitale-sammlungen.de/iiif/image/v2/bsb00161296_00003/full/280,/0/default.jpg"$"Komplett"$"Original"$"Standard"$"Einzelseite"$"2025"$"2025"$"Bayerische Staatsbibliothek"$"https://d-nb.info/gnd/2031351-2"$"München"$"https://d-nb.info/gnd/4127793-4"$"Bayerische Staatsbibliothek"$"https://d-nb.info/gnd/2031351-2"$"München"$"https://d-nb.info/gnd/4127793-4"
"212"$"Clm 29880(33"$"https://api.digitale-sammlungen.de/iiif/presentation/v2/bsb00161423/manifest"$"https://mdz-nbn-resolving.de/urn:nbn:de:bvb:12-bsb00161423-1"$"https://api.digitale-sammlungen.de/iiif/image/v2/bsb00161423_00003/full/280,/0/default.jpg"$"Komplett"$"Original"$"Standard"$"Einzelseite"$"2025"$"2025"$"Bayerische Staatsbibliothek"$"https://d-nb.info/gnd/2031351-2"$"München"$"https://d-nb.info/gnd/4127793-4"$"Bayerische Staatsbibliothek"$"https://d-nb.info/gnd/2031351-2"$"München"$"https://d-nb.info/gnd/4127793-4"
"213"$"Clm 30001"$"https://api.digitale-sammlungen.de/iiif/presentation/v2/bsb00161669/manifest"$"https://mdz-nbn-resolving.de/urn:nbn:de:bvb:12-bsb00161669-9"$"https://api.digitale-sammlungen.de/iiif/image/v2/bsb00161669_00003/full/280,/0/default.jpg"$"Komplett"$"Reproduktion"$"Graustufen"$"Einzelseite"$"2025"$"2025"$"Bayerische Staatsbibliothek"$"https://d-nb.info/gnd/2031351-2"$"München"$"https://d-nb.info/gnd/4127793-4"$"Bayerische Staatsbibliothek"$"https://d-nb.info/gnd/2031351-2"$"München"$"https://d-nb.info/gnd/4127793-4"
"214"$"Clm 431"$"https://api.digitale-sammlungen.de/iiif/presentation/v2/bsb00160470/manifest"$"https://mdz-nbn-resolving.de/urn:nbn:de:bvb:12-bsb00160470-6"$"https://api.digitale-sammlungen.de/iiif/image/v2/bsb00160470_00003/full/280,/0/default.jpg"$"Komplett"$"Original"$"Standard"$"Einzelseite"$"2025"$"2025"$"Bayerische Staatsbibliothek"$"https://d-nb.info/gnd/2031351-2"$"München"$"https://d-nb.info/gnd/4127793-4"$"Bayerische Staatsbibliothek"$"https://d-nb.info/gnd/2031351-2"$"München"$"https://d-nb.info/gnd/4127793-4"
"215"$"Clm 4691"$"https://api.digitale-sammlungen.de/iiif/presentation/v2/bsb00160605/manifest"$"https://mdz-nbn-resolving.de/urn:nbn:de:bvb:12-bsb00160605-6"$"https://api.digitale-sammlungen.de/iiif/image/v2/bsb00160605_00003/full/280,/0/default.jpg"$"Komplett"$"Original"$"Standard"$"Einzelseite"$"2025"$"2025"$"Bayerische Staatsbibliothek"$"https://d-nb.info/gnd/2031351-2"$"München"$"https://d-nb.info/gnd/4127793-4"$"Bayerische Staatsbibliothek"$"https://d-nb.info/gnd/2031351-2"$"München"$"https://d-nb.info/gnd/4127793-4"
"216"$"Clm 5251"$"https://api.digitale-sammlungen.de/iiif/presentation/v2/bsb00161491/manifest"$"https://mdz-nbn-resolving.de/urn:nbn:de:bvb:12-bsb00161491-2"$"https://api.digitale-sammlungen.de/iiif/image/v2/bsb00161491_00003/full/280,/0/default.jpg"$"Komplett"$"Reproduktion"$"Graustufen"$"Einzelseite"$"2025"$"2025"$"Bayerische Staatsbibliothek"$"https://d-nb.info/gnd/2031351-2"$"München"$"https://d-nb.info/gnd/4127793-4"$"Bayerische Staatsbibliothek"$"https://d-nb.info/gnd/2031351-2"$"München"$"https://d-nb.info/gnd/4127793-4"
"217"$"Clm 7759"$"https://api.digitale-sammlungen.de/iiif/presentation/v2/bsb00160603/manifest"$"https://mdz-nbn-resolving.de/urn:nbn:de:bvb:12-bsb00160603-6"$"https://api.digitale-sammlungen.de/iiif/image/v2/bsb00160603_00003/full/280,/0/default.jpg"$"Komplett"$"Original"$"Standard"$"Einzelseite"$"2025"$"2025"$"Bayerische Staatsbibliothek"$"https://d-nb.info/gnd/2031351-2"$"München"$"https://d-nb.info/gnd/4127793-4"$"Bayerische Staatsbibliothek"$"https://d-nb.info/gnd/2031351-2"$"München"$"https://d-nb.info/gnd/4127793-4"
"218"$"Clm 7804"$"https://api.digitale-sammlungen.de/iiif/presentation/v2/bsb00161421/manifest"$"https://mdz-nbn-resolving.de/urn:nbn:de:bvb:12-bsb00161421-0"$"https://api.digitale-sammlungen.de/iiif/image/v2/bsb00161421_00003/full/280,/0/default.jpg"$"Komplett"$"Reproduktion"$"Graustufen"$"Einzelseite"$"2025"$"2025"$"Bayerische Staatsbibliothek"$"https://d-nb.info/gnd/2031351-2"$"München"$"https://d-nb.info/gnd/4127793-4"$"Bayerische Staatsbibliothek"$"https://d-nb.info/gnd/2031351-2"$"München"$"https://d-nb.info/gnd/4127793-4"
"219"$"Clm 7841 a"$"https://api.digitale-sammlungen.de/iiif/presentation/v2/bsb00160606/manifest"$"https://mdz-nbn-resolving.de/urn:nbn:de:bvb:12-bsb00160606-2"$"https://api.digitale-sammlungen.de/iiif/image/v2/bsb00160606_00003/full/280,/0/default.jpg"$"Komplett"$"Original"$"Standard"$"Einzelseite"$"2025"$"2025"$"Bayerische Staatsbibliothek"$"https://d-nb.info/gnd/2031351-2"$"München"$"https://d-nb.info/gnd/4127793-4"$"Bayerische Staatsbibliothek"$"https://d-nb.info/gnd/2031351-2"$"München"$"https://d-nb.info/gnd/4127793-4"
"220"$"Cod.hisp. 28"$"https://api.digitale-sammlungen.de/iiif/presentation/v2/bsb00160754/manifest"$"https://mdz-nbn-resolving.de/urn:nbn:de:bvb:12-bsb00160754-2"$"https://api.digitale-sammlungen.de/iiif/image/v2/bsb00160754_00003/full/280,/0/default.jpg"$"Komplett"$"Original"$"Standard"$"Einzelseite"$"2025"$"2025"$"Bayerische Staatsbibliothek"$"https://d-nb.info/gnd/2031351-2"$"München"$"https://d-nb.info/gnd/4127793-4"$"Bayerische Staatsbibliothek"$"https://d-nb.info/gnd/2031351-2"$"München"$"https://d-nb.info/gnd/4127793-4"
"221"$"Cod.icon. 180 rc"$"https://api.digitale-sammlungen.de/iiif/presentation/v2/bsb00160925/manifest"$"https://mdz-nbn-resolving.de/urn:nbn:de:bvb:12-bsb00160925-9"$"https://api.digitale-sammlungen.de/iiif/image/v2/bsb00160925_00002/full/280,/0/default.jpg"$"Komplett"$"Original"$"Standard"$"Einzelseite"$"2025"$"2025"$"Bayerische Staatsbibliothek"$"https://d-nb.info/gnd/2031351-2"$"München"$"https://d-nb.info/gnd/4127793-4"$"Bayerische Staatsbibliothek"$"https://d-nb.info/gnd/2031351-2"$"München"$"https://d-nb.info/gnd/4127793-4"
"222"$"Cod.icon. 180 te(1"$"https://api.digitale-sammlungen.de/iiif/presentation/v2/bsb00160494/manifest"$"https://mdz-nbn-resolving.de/urn:nbn:de:bvb:12-bsb00160494-4"$"https://api.digitale-sammlungen.de/iiif/image/v2/bsb00160494_00002/full/280,/0/default.jpg"$"Komplett"$"Original"$"Standard"$"Einzelseite"$"2024"$"2024"$"Bayerische Staatsbibliothek"$"https://d-nb.info/gnd/2031351-2"$"München"$"https://d-nb.info/gnd/4127793-4"$"Bayerische Staatsbibliothek"$"https://d-nb.info/gnd/2031351-2"$"München"$"https://d-nb.info/gnd/4127793-4"
"223"$"Cod.icon. 180 te(2"$"https://api.digitale-sammlungen.de/iiif/presentation/v2/bsb00160495/manifest"$"https://mdz-nbn-resolving.de/urn:nbn:de:bvb:12-bsb00160495-9"$"https://api.digitale-sammlungen.de/iiif/image/v2/bsb00160495_00003/full/280,/0/default.jpg"$"Komplett"$"Original"$"Standard"$"Einzelseite"$"2024"$"2024"$"Bayerische Staatsbibliothek"$"https://d-nb.info/gnd/2031351-2"$"München"$"https://d-nb.info/gnd/4127793-4"$"Bayerische Staatsbibliothek"$"https://d-nb.info/gnd/2031351-2"$"München"$"https://d-nb.info/gnd/4127793-4"